Customer ID,Name,Gender,Age,Occupation,Marital Status,"Address (City, State, Zip Code)",Age Group
CUST38610025,Sherri Hall,Male,85,Retail buyer,Married,"Hunterville, Georgia, 56333",55+
CUST67047111,Meredith Harrington,Male,85,Music tutor,Married,"Steventon, Oklahoma, 54455",55+
CUST33100217,Edward Terry,Female,85,Multimedia specialist,Divorced,"Johnsonmouth, California, 38222",55+
CUST25878496,Alyssa Vincent,Female,85,Landscape architect,Divorced,"Michaelview, New Hampshire, 68552",55+
CUST84457591,Aaron Vaughn,Male,85,"Programme researcher, broadcasting/film/video",Widowed,"Lake Kimberlyton, Colorado, 17194",55+
CUST41680621,Andrew Wilson,Other,85,Jewellery designer,Divorced,"Jessicaberg, Idaho, 76048",55+
CUST51576092,Christopher Scott,Female,85,Garment/textile technologist,Married,"Lopezchester, Mississippi, 13267",55+
CUST41476976,Amanda Greene,Female,85,Pharmacologist,Married,"Kyleberg, Maine, 65870",55+
CUST76704494,Jeffrey Thompson,Other,85,Secretary/administrator,Married,"Port Ethan, West Virginia, 93954",55+
CUST82795942,Amy Ortiz,Male,85,Medical laboratory scientific officer,Widowed,"Mindytown, Florida, 64647",55+
CUST63104430,Courtney Bryant,Male,85,Clinical psychologist,Single,"East Aliciaville, Oklahoma, 94706",55+
CUST31631183,Deborah Clark,Other,85,Plant breeder/geneticist,Single,"Christopherfort, Vermont, 97618",55+
CUST42801576,Joseph Mcintyre,Male,85,"Engineer, maintenance",Married,"Andersonport, North Carolina, 08569",55+
CUST87428356,Jill Olson,Other,85,Insurance broker,Single,"Mullenchester, Massachusetts, 03684",55+
CUST25235794,Mark Gross,Male,85,Lexicographer,Divorced,"Markfort, Connecticut, 00758",55+
CUST47935777,Jonathon Hall,Other,85,Firefighter,Divorced,"North Elizabethland, Arizona, 86329",55+
CUST02065033,Terri Diaz,Male,85,Interpreter,Married,"West Jeffrey, Arkansas, 90401",55+
CUST95531694,Melissa Hubbard,Female,85,"Editor, commissioning",Married,"Zacharyport, Georgia, 51743",55+
CUST42796193,Jennifer Ford,Male,85,Arts administrator,Single,"Jenkinston, Missouri, 28358",55+
CUST54647779,Kevin Morris,Other,85,"Designer, fashion/clothing",Divorced,"South Katherinehaven, Wisconsin, 64842",55+
CUST69542054,Debra Ruiz,Other,85,Charity officer,Widowed,"East Matthewstad, West Virginia, 21619",55+
CUST14462171,Johnathan Jones,Other,85,Midwife,Divorced,"Paulbury, North Dakota, 99699",55+
CUST74794595,Shelley Marsh,Male,85,Research scientist (life sciences),Married,"New Brenda, Louisiana, 24969",55+
CUST16037592,Elizabeth Velazquez,Other,85,"Librarian, academic",Widowed,"East Dylan, Louisiana, 74402",55+
CUST36291804,Brandon Chavez,Other,85,"Surveyor, building",Widowed,"Rhondaborough, Georgia, 09268",55+
CUST17383720,Michelle Lucero,Other,85,Customer service manager,Divorced,"West Brittany, Minnesota, 55775",55+
CUST63461471,Lori Higgins,Male,85,"Accountant, chartered certified",Married,"Kevinmouth, Idaho, 16542",55+
CUST84196195,Monica Ramirez,Other,85,Chartered public finance accountant,Widowed,"New Michael, Tennessee, 91988",55+
CUST10335621,Virginia Parrish,Female,85,Hotel manager,Divorced,"Hoffmanside, Utah, 41349",55+
CUST88078329,Dr. David Roach,Female,85,"Sales professional, IT",Divorced,"Jacksonborough, Alabama, 02052",55+
CUST24956928,Cheryl Evans,Female,85,Housing manager/officer,Single,"New Scott, Oklahoma, 88292",55+
CUST88674563,Cathy Williams,Male,85,Prison officer,Married,"Garciamouth, Georgia, 16453",55+
CUST98456806,Ryan Turner,Male,85,Energy engineer,Widowed,"East Lindaborough, Alaska, 87925",55+
CUST62417241,Sara Goodwin,Male,85,"Engineer, electrical",Single,"Lake Danielstad, Montana, 68096",55+
CUST61053077,Jordan Carroll,Male,85,Solicitor,Single,"New John, Hawaii, 13921",55+
CUST44386707,Crystal Walker,Female,85,Hospital pharmacist,Widowed,"New Rebeccatown, Wyoming, 00801",55+
CUST32700823,Candice Coleman,Male,85,Chief Executive Officer,Divorced,"Lake Deborahton, Idaho, 10209",55+
CUST61113978,Mr. Michael Lowe,Male,85,Ergonomist,Divorced,"Ashleyside, California, 66996",55+
CUST16660133,Jeremy Jones,Other,85,Ecologist,Single,"South Lisa, Oklahoma, 37186",55+
CUST20843296,Elizabeth Austin,Male,85,Immunologist,Widowed,"Williamland, Michigan, 79760",55+
CUST46205183,Rhonda Mcgrath,Female,85,Fish farm manager,Widowed,"Boonestad, Wyoming, 96489",55+
CUST54466315,Amanda Sullivan,Male,85,Plant breeder/geneticist,Divorced,"Traviston, Georgia, 42869",55+
CUST16519181,Vincent Jones,Other,85,Artist,Single,"South Alison, New Mexico, 72468",55+
CUST27984197,David Woods,Male,85,"Sales professional, IT",Divorced,"Brownville, Michigan, 08916",55+
CUST75381475,Olivia Holland,Female,85,"Engineer, energy",Married,"Jacobberg, Michigan, 71008",55+
CUST72583179,Jonathan Anderson,Female,85,Radio broadcast assistant,Widowed,"Lake Natalieville, Arkansas, 95550",55+
CUST32481898,Sandy Rodriguez,Male,85,"Designer, ceramics/pottery",Divorced,"South Blakehaven, Maryland, 63884",55+
CUST79297350,Kim Adams,Female,85,Sales promotion account executive,Divorced,"Port Kimhaven, Alabama, 24183",55+
CUST93751085,Charles Smith,Female,85,"Engineer, drilling",Divorced,"Brooksfurt, Tennessee, 73123",55+
CUST84271055,Natalie Ryan,Other,85,Farm manager,Widowed,"Sanderston, Kansas, 53694",55+
CUST37038231,Lisa Eaton,Other,85,Insurance underwriter,Married,"Mariahport, Wisconsin, 95291",55+
CUST40009068,Peter Campos,Female,85,Health promotion specialist,Widowed,"Wilsonburgh, Georgia, 64784",55+
CUST83175784,Michele Tucker,Other,85,Clinical molecular geneticist,Single,"New Luis, Oregon, 88973",55+
CUST47117667,Sara Foley,Other,85,Television production assistant,Single,"Bryanttown, Delaware, 66776",55+
CUST60571420,David Leonard,Other,85,Air broker,Single,"South Patriciaport, Louisiana, 62980",55+
CUST68444167,Pamela Newton,Other,85,Gaffer,Divorced,"Chelseachester, Oklahoma, 24442",55+
CUST03277806,Joseph Clayton,Other,85,Legal executive,Married,"Gregorytown, Wisconsin, 57161",55+
CUST80741810,Andrea Fletcher,Male,85,Marketing executive,Single,"North Courtney, South Dakota, 47869",55+
CUST05160578,Julia Robertson,Other,85,Hydrologist,Married,"Millsberg, Vermont, 97274",55+
CUST09704312,Darlene Smith,Other,85,Hydrologist,Widowed,"Port Paulaborough, North Dakota, 44502",55+
CUST86680553,Kerry Johnston,Female,85,Media planner,Married,"South Brucemouth, Arkansas, 26294",55+
CUST50406971,Peter Newman,Male,85,Cartographer,Single,"Garciamouth, Pennsylvania, 17711",55+
CUST67599187,Maria Hunt,Male,85,"Designer, furniture",Married,"Ramirezborough, West Virginia, 58008",55+
CUST91052874,John Lee,Male,85,"Teacher, early years/pre",Widowed,"Hernandezport, Texas, 53670",55+
CUST24312409,Michael Oconnell,Other,85,Pension scheme manager,Divorced,"North Gregory, Virginia, 74545",55+
CUST25301360,Jamie Evans,Male,85,Occupational hygienist,Single,"Lesliemouth, North Carolina, 26285",55+
CUST92557259,Alexander Perez,Female,85,Commissioning editor,Widowed,"Pughview, Ohio, 40104",55+
CUST85445586,Patrick Gonzales,Female,85,"Nurse, learning disability",Divorced,"New Jennifer, Arkansas, 46297",55+
CUST19811172,Laurie York,Female,85,Occupational therapist,Widowed,"Castilloville, Montana, 16747",55+
CUST78628805,Brenda Martin,Male,85,"Therapist, art",Divorced,"Juliaborough, Hawaii, 14038",55+
CUST66427411,Steve Jones,Male,85,Purchasing manager,Married,"Ballside, Wisconsin, 00812",55+
CUST01185474,Michael Thornton,Other,85,Information officer,Divorced,"Littleland, Maryland, 65564",55+
CUST83174416,Melissa Martin,Other,85,Theatre manager,Divorced,"New Alexandraberg, South Dakota, 73373",55+
CUST54951289,Kathy Garcia,Other,85,Patent examiner,Widowed,"New Kevin, Rhode Island, 89667",55+
CUST73711975,Ryan Hernandez,Other,85,Database administrator,Widowed,"New Carolynmouth, Michigan, 71786",55+
CUST07398010,Michael Patel,Female,85,"Geneticist, molecular",Married,"Port Ryanborough, Rhode Island, 18156",55+
CUST63058134,Michael Valenzuela,Other,85,Water engineer,Widowed,"Lake Shawn, Minnesota, 13014",55+
CUST39513945,Craig James,Female,85,Building control surveyor,Widowed,"Markmouth, New Hampshire, 50683",55+
CUST15377770,Erica Mullen,Other,85,Marketing executive,Divorced,"South Robert, Alaska, 00848",55+
CUST16210316,Russell Ashley,Female,85,Retail buyer,Widowed,"Lake Ryanfurt, Pennsylvania, 09563",55+
CUST48161908,Roger Brown,Male,85,Radio broadcast assistant,Divorced,"Barbaraton, Indiana, 31141",55+
CUST81075614,Nancy Horne,Male,85,Social worker,Widowed,"Lake Michaelhaven, North Carolina, 84074",55+
CUST10966489,Kimberly King,Male,85,Radiation protection practitioner,Married,"Meganmouth, Virginia, 93124",55+
CUST08594116,Carol Fritz DVM,Male,85,"Pharmacist, community",Widowed,"Ruthchester, Idaho, 18114",55+
CUST72652198,Mark Harris,Female,85,Purchasing manager,Married,"East Kelly, Kansas, 97709",55+
CUST78501377,Heather Cherry,Other,85,Chief Marketing Officer,Single,"Esparzaville, South Dakota, 90985",55+
CUST55722474,Christopher Wells,Female,85,Animal technologist,Single,"East Jillian, Michigan, 35368",55+
CUST03580384,Jessica Benitez,Other,85,Market researcher,Single,"Odonnellmouth, Illinois, 60833",55+
CUST03347028,Jason Nguyen,Male,85,Art therapist,Divorced,"Stephanieburgh, New Mexico, 12967",55+
CUST88843350,Justin Olson,Male,84,Leisure centre manager,Single,"Davidville, Vermont, 65740",55+
CUST29267997,Erica Bryant,Other,84,"Journalist, broadcasting",Divorced,"Anthonyton, Illinois, 48827",55+
CUST95998610,Jerome Manning,Other,84,"Production assistant, television",Single,"East Frankland, Nevada, 83698",55+
CUST22414349,Karen Barron,Male,84,Occupational therapist,Single,"East Johnport, Michigan, 22785",55+
CUST64137898,Alexis Conrad,Other,84,"Accountant, chartered public finance",Married,"Higginsburgh, Georgia, 03058",55+
CUST09396272,Jack Sharp,Other,84,"Investment banker, corporate",Married,"Lake Shawnshire, Vermont, 33778",55+
CUST59250399,Erica Miller,Male,84,"Administrator, education",Married,"Lindaburgh, Virginia, 36585",55+
CUST98240391,Jonathan Lewis,Male,84,"Social research officer, government",Single,"Garcialand, Ohio, 02028",55+
CUST94675748,Charles Harper,Other,84,Ship broker,Married,"Starkview, Nevada, 40039",55+
CUST72006517,Craig Brooks,Male,84,"Teacher, music",Divorced,"Greenburgh, New Hampshire, 52972",55+
CUST78378678,Jennifer Cook,Other,84,Physiotherapist,Divorced,"Williamsfort, Texas, 75548",55+
CUST77904230,Tammy Camacho,Other,84,"Engineer, civil (contracting)",Divorced,"Cassieside, Pennsylvania, 07212",55+
CUST72153561,James Fuller,Other,84,"Embryologist, clinical",Widowed,"Hayesbury, Pennsylvania, 12781",55+
CUST22875335,Albert Carter,Other,84,Product/process development scientist,Married,"Haysmouth, Washington, 46384",55+
CUST10399569,Joshua Phillips,Female,84,Newspaper journalist,Married,"Waltersstad, New Mexico, 66779",55+
CUST90777217,Kathryn Carr,Male,84,Structural engineer,Widowed,"Harrelltown, Vermont, 95213",55+
CUST79265112,Jill Richardson,Female,84,Wellsite geologist,Married,"Lake Jasmine, Louisiana, 11158",55+
CUST30669293,Charlene Singleton,Male,84,"Psychologist, occupational",Married,"North Nichole, New Jersey, 04110",55+
CUST04741452,Sarah Gonzales,Other,84,Tax inspector,Divorced,"North Bradleystad, Michigan, 16517",55+
CUST14348412,Mrs. Laurie Archer,Female,84,Chief of Staff,Divorced,"Vincentfurt, Kentucky, 36176",55+
CUST01156039,Elizabeth Heath,Other,84,Travel agency manager,Single,"South Willie, West Virginia, 09662",55+
CUST49670230,Eric Taylor,Female,84,Social worker,Married,"Osborntown, Maine, 68217",55+
CUST52047636,Ryan Osborne,Female,84,Learning disability nurse,Married,"Lake Troyside, Ohio, 92507",55+
CUST44012392,Angela Young,Male,84,Special effects artist,Widowed,"Tuckerville, Minnesota, 13432",55+
CUST62143423,Michael Waller,Female,84,"Psychologist, prison and probation services",Divorced,"North Stacy, Maryland, 93632",55+
CUST14378210,Gabriel Lane,Female,84,Theatre manager,Married,"Lake Laurie, New York, 97745",55+
CUST00931814,Jenna Padilla,Male,84,Environmental health practitioner,Single,"New Bridget, Maine, 89674",55+
CUST30994325,Randy Brown,Female,84,Tourism officer,Widowed,"New Molly, Alabama, 04397",55+
CUST61350988,Vanessa Park,Male,84,"Designer, interior/spatial",Married,"Annamouth, Idaho, 05858",55+
CUST34342899,Jay Alvarado,Other,84,"Nurse, mental health",Divorced,"West Maryville, Massachusetts, 48126",55+
CUST80962800,Robert Randall,Female,84,"Engineer, site",Divorced,"West Kathryn, South Carolina, 44210",55+
CUST04973142,Robert Sullivan,Male,84,Homeopath,Single,"Hoganberg, Maine, 82965",55+
CUST84208452,Stephen Porter,Male,84,"Engineer, drilling",Widowed,"Lake Jacobburgh, Arizona, 74997",55+
CUST66725302,Jack Bishop,Male,84,Water quality scientist,Single,"Jennifertown, Wyoming, 21267",55+
CUST33290834,Terri Edwards,Other,84,Community pharmacist,Married,"Robertside, Oklahoma, 46722",55+
CUST87912840,Kristina Adams,Female,84,Higher education careers adviser,Widowed,"New Melinda, Arkansas, 49324",55+
CUST19311557,Deborah Thompson,Other,84,Garment/textile technologist,Married,"Harrisbury, Wisconsin, 24070",55+
CUST14464152,Mark Scott,Other,84,Primary school teacher,Divorced,"North Stephen, Georgia, 92107",55+
CUST18251614,Phyllis Wong,Male,84,Materials engineer,Single,"New Lisaville, Washington, 44224",55+
CUST71794015,Joseph Walker,Male,84,Youth worker,Single,"West Caroline, Kansas, 26579",55+
CUST42676997,Trevor Gonzalez,Female,84,Control and instrumentation engineer,Divorced,"Matthewchester, Virginia, 50791",55+
CUST53497302,Rachel Leonard,Male,84,Forensic psychologist,Widowed,"Port Sheila, Georgia, 55554",55+
CUST75725514,Jeffrey Robertson,Other,84,Energy engineer,Single,"East Brentberg, Maryland, 93068",55+
CUST31384677,Sandra Bryant,Other,84,Futures trader,Single,"Houstonfurt, Nebraska, 29209",55+
CUST65020808,John Holloway,Other,84,Dietitian,Divorced,"Lake Richard, New Jersey, 73121",55+
CUST09807519,Lori Byrd,Female,84,"Teacher, secondary school",Married,"Danielsport, Arizona, 34534",55+
CUST23247917,Karen Randall,Female,84,Barrister's clerk,Married,"Tranfurt, Nebraska, 60374",55+
CUST99119446,Steven Carter,Other,84,Water engineer,Single,"New Madison, Utah, 00744",55+
CUST50669667,Brian Ho,Male,84,Advertising art director,Single,"Janetport, New York, 04178",55+
CUST63683023,Jesus Harrington,Female,84,Occupational psychologist,Single,"East Samanthastad, Nevada, 91903",55+
CUST03848250,Jordan Thompson,Female,84,Ecologist,Divorced,"North Brittneyville, Iowa, 32721",55+
CUST56846375,Bryan Bryant,Other,84,Senior tax professional/tax inspector,Divorced,"North Robertshire, Nebraska, 20799",55+
CUST50131393,Omar Martinez,Male,84,Fine artist,Single,"Cookhaven, Montana, 89517",55+
CUST38797064,Meagan Wilson,Other,84,Field trials officer,Divorced,"North Melissa, Utah, 88426",55+
CUST75417885,Chad Gomez,Other,84,Photographer,Widowed,"Wilsonport, Illinois, 09707",55+
CUST32157622,Elizabeth Davis,Female,84,Chartered loss adjuster,Married,"Christinatown, Texas, 36443",55+
CUST01158686,Julie Johnson,Female,84,Sports development officer,Married,"Taylorchester, Tennessee, 00870",55+
CUST51678763,Sarah Allen,Other,84,"Engineer, broadcasting (operations)",Divorced,"New Shawnshire, Alabama, 50728",55+
CUST30357576,Colton Hernandez,Other,84,English as a foreign language teacher,Widowed,"Ashleyfort, Florida, 07204",55+
CUST32000469,Kyle Pruitt,Female,84,Advertising art director,Widowed,"Sandraton, Florida, 38061",55+
CUST11882730,Courtney Brown,Male,84,"Conservation officer, nature",Married,"Changmouth, New York, 96910",55+
CUST99515838,Tammy Reynolds,Female,84,Scientific laboratory technician,Married,"Serranoview, Hawaii, 05878",55+
CUST37934673,Shannon Vargas,Other,84,Television floor manager,Divorced,"Paulshire, South Carolina, 35276",55+
CUST90309076,Jenna Owens,Male,84,"Civil engineer, contracting",Widowed,"Kathryntown, Washington, 81191",55+
CUST84918997,Tiffany Lane,Other,84,Research scientist (physical sciences),Widowed,"Gabrielbury, Texas, 72304",55+
CUST37044043,Lucas Erickson,Other,84,Plant breeder/geneticist,Divorced,"New Kellichester, South Carolina, 28264",55+
CUST27860794,Nicolas Harrington,Male,84,Fast food restaurant manager,Widowed,"Port Raymondborough, Missouri, 47484",55+
CUST73332147,Leslie White,Other,84,Freight forwarder,Widowed,"Sosashire, North Carolina, 47329",55+
CUST17096278,Jennifer Salazar,Other,84,"Designer, blown glass/stained glass",Widowed,"North Jamesport, New Mexico, 47989",55+
CUST42798343,Gina Walker,Other,84,Equality and diversity officer,Married,"South Blake, Nebraska, 42086",55+
CUST38334303,Ashley Johnson,Other,84,"Surveyor, building control",Married,"Castrotown, California, 71131",55+
CUST78403455,Wendy Young,Male,84,Interpreter,Widowed,"North Toddville, North Carolina, 88695",55+
CUST67080051,Susan Richmond,Other,84,"Education officer, museum",Single,"Allenshire, North Dakota, 96830",55+
CUST03843520,James Reed,Male,84,"Civil engineer, consulting",Divorced,"Davidchester, Florida, 77403",55+
CUST57815971,William Williams,Other,84,Radiation protection practitioner,Married,"Jessicatown, Illinois, 87079",55+
CUST44410921,Michelle Shields,Female,84,Management consultant,Divorced,"Cassandrahaven, Florida, 53655",55+
CUST61152485,Christopher Carroll,Male,84,Chartered loss adjuster,Widowed,"New Grant, Montana, 68884",55+
CUST26491889,Jodi Mccarthy,Female,84,Freight forwarder,Widowed,"South Rubenshire, South Carolina, 62344",55+
CUST19151898,Scott Hahn,Female,83,Immunologist,Married,"Cruzfurt, Arkansas, 21969",55+
CUST26300868,Lindsey Martin,Other,83,"Librarian, public",Divorced,"Jenkinsshire, Maine, 66503",55+
CUST39009650,Lawrence Walls,Other,83,Contracting civil engineer,Divorced,"North David, Nevada, 32991",55+
CUST00428034,Kathy Hood,Male,83,"Embryologist, clinical",Divorced,"Bowmantown, Pennsylvania, 55672",55+
CUST06030806,Sabrina Nelson,Female,83,Herpetologist,Married,"South Michelemouth, Delaware, 17779",55+
CUST74509189,Christina Stevenson,Female,83,"Surveyor, mining",Married,"North Lori, Ohio, 41520",55+
CUST22490537,Michelle Navarro,Male,83,"Surveyor, land/geomatics",Divorced,"Morrisbury, West Virginia, 78797",55+
CUST85762482,Lauren Andrade,Male,83,Industrial buyer,Widowed,"Sancheztown, Georgia, 72649",55+
CUST13466437,Melissa Evans,Other,83,Pathologist,Single,"East Annafort, Idaho, 97063",55+
CUST98849252,Amy Richardson,Other,83,Physiological scientist,Married,"Ashleyland, Tennessee, 65867",55+
CUST53702024,Marilyn Blackwell,Male,83,Adult guidance worker,Single,"Rothstad, Montana, 24586",55+
CUST18309628,Rebekah Simpson,Female,83,Ecologist,Widowed,"North Jacobberg, Oklahoma, 35743",55+
CUST48471962,Mary Fleming,Male,83,Community arts worker,Single,"Dannyland, Georgia, 87364",55+
CUST35451357,George Kim,Other,83,"Programmer, applications",Single,"Debramouth, Vermont, 67255",55+
CUST98294130,Nicholas Miller,Other,83,Insurance underwriter,Married,"Martinmouth, Maine, 88924",55+
CUST50199221,Julie Williams,Other,83,Equities trader,Single,"Port Robert, Oklahoma, 28436",55+
CUST83653327,Joseph Johnson,Other,83,Furniture conservator/restorer,Married,"West Olivia, North Carolina, 67688",55+
CUST33315844,Amber Chase,Other,83,Product/process development scientist,Married,"Port Melissachester, Vermont, 99209",55+
CUST39978791,Joseph Christensen,Other,83,Trade union research officer,Single,"New Jason, Maine, 67157",55+
CUST69145217,Jason Mcdonald,Female,83,Stage manager,Single,"Coryton, Wyoming, 60307",55+
CUST08037065,Kathryn Duncan,Male,83,Health visitor,Married,"New William, Wyoming, 41692",55+
CUST29776515,Christine Murray,Other,83,Financial manager,Single,"Victoriaton, Alabama, 30293",55+
CUST80345641,Linda Smith,Female,83,Professor Emeritus,Single,"Lake Evanton, Iowa, 85186",55+
CUST63812889,Timothy Parsons,Female,83,Management consultant,Married,"South Thomas, Alaska, 61892",55+
CUST02691181,John Lamb,Male,83,Travel agency manager,Divorced,"Bowenland, South Carolina, 64086",55+
CUST55776305,Angela Payne,Female,83,"Engineer, materials",Single,"Port Ryan, Arizona, 37508",55+
CUST29224586,Zachary Miller,Female,83,"Pharmacist, hospital",Widowed,"South Tiffanyburgh, Iowa, 43310",55+
CUST10531170,Glenn Williams,Other,83,Music tutor,Single,"West Sharon, Vermont, 22111",55+
CUST82414180,Joe Mendez,Male,83,Public house manager,Divorced,"Leemouth, Connecticut, 89083",55+
CUST82429974,Sharon Mathews,Female,83,Teaching laboratory technician,Divorced,"Smithshire, Illinois, 33094",55+
CUST86351022,Melanie Alvarez,Other,83,Tour manager,Married,"New Paulstad, Maryland, 37054",55+
CUST80178373,Lisa Davis,Male,83,"Designer, multimedia",Single,"Kennedyburgh, Wisconsin, 35072",55+
CUST51938281,Ryan Morales,Female,83,Lexicographer,Divorced,"North Richard, Kansas, 03288",55+
CUST79997262,Kathryn Lynn,Other,83,Barrister's clerk,Married,"Mccarthystad, Kentucky, 08652",55+
CUST00125540,Anna Moore,Female,83,Volunteer coordinator,Widowed,"South Robert, South Carolina, 14543",55+
CUST92797392,Lisa Chapman,Male,83,"Clinical scientist, histocompatibility and immunogenetics",Married,"Griffinborough, Florida, 63920",55+
CUST08387752,Keith Garcia,Other,83,"Designer, jewellery",Single,"Jonesberg, Montana, 97193",55+
CUST36430516,Anthony Liu,Other,83,"Scientist, physiological",Single,"Loriberg, South Carolina, 89088",55+
CUST77704326,Dennis Kelly,Other,83,Dispensing optician,Widowed,"North Dustin, Minnesota, 24696",55+
CUST12244078,Walter Smith,Female,83,Homeopath,Divorced,"Davismouth, California, 27726",55+
CUST06182214,Matthew Reyes,Female,83,Forensic psychologist,Divorced,"New Scott, North Carolina, 45917",55+
CUST92868253,Samantha Powell,Male,83,Chartered management accountant,Widowed,"East Amanda, Louisiana, 20974",55+
CUST43165625,Laura Arnold,Female,83,"Engineer, manufacturing systems",Divorced,"Garciaport, Louisiana, 93501",55+
CUST13230682,Steven Atkinson,Other,83,"Engineer, control and instrumentation",Divorced,"New Alex, Nevada, 05557",55+
CUST52995433,Sandra Miller,Male,83,"Engineer, technical sales",Single,"North Theresaport, Rhode Island, 33622",55+
CUST18830067,Matthew Davis,Male,83,Media buyer,Single,"West Davidview, Michigan, 99130",55+
CUST83061640,Rebecca Little,Female,83,"Engineer, manufacturing systems",Widowed,"Reidfort, Massachusetts, 55787",55+
CUST52600992,Mary Clark,Female,83,"Engineer, manufacturing systems",Divorced,"North Tiffanyborough, Alaska, 74078",55+
CUST11612855,Michael Sampson,Male,83,"Horticulturist, commercial",Widowed,"East Angelabury, West Virginia, 12960",55+
CUST24350764,Justin Leonard,Other,83,Art therapist,Married,"South Ashleychester, Michigan, 96790",55+
CUST48452402,Christina Love,Male,83,Music therapist,Married,"Pruittbury, Montana, 32114",55+
CUST67148945,Joshua Anderson,Male,83,Personnel officer,Divorced,"Port Tiffanyton, Colorado, 41334",55+
CUST42143167,Jacqueline Cuevas DVM,Male,83,"Doctor, general practice",Single,"New Lauren, New Mexico, 13382",55+
CUST46314807,Angela Mendez,Other,83,Software engineer,Divorced,"New Bradley, Montana, 87548",55+
CUST69260828,Linda Burns,Female,83,Special effects artist,Widowed,"South Ronaldhaven, New Jersey, 74952",55+
CUST54440441,Cynthia Gonzalez,Female,83,Drilling engineer,Widowed,"Christophermouth, West Virginia, 46972",55+
CUST02132590,Isaiah Stout,Female,83,Advertising account planner,Widowed,"Gonzalesville, Vermont, 64741",55+
CUST98530322,Dylan Thomas,Male,83,Farm manager,Widowed,"East Kayla, Wisconsin, 77067",55+
CUST11501139,Julie Guerrero,Other,83,"Designer, graphic",Divorced,"New Stevenberg, Florida, 65196",55+
CUST46021985,Jose Schaefer,Other,83,"Radiographer, therapeutic",Widowed,"Port Holly, Wyoming, 01387",55+
CUST73259919,Anthony Rice,Male,83,Exhibition designer,Single,"Dixonfort, Nevada, 59914",55+
CUST58114542,Roger Santos,Other,83,"Production designer, theatre/television/film",Single,"Boyerstad, South Carolina, 25973",55+
CUST89073515,Christina Hunter,Other,83,Museum/gallery conservator,Single,"Lauraview, Hawaii, 90337",55+
CUST76916753,Robert West,Female,83,Equities trader,Single,"Ashleybury, Wisconsin, 98415",55+
CUST88982839,Chris Smith,Other,83,"Psychotherapist, dance movement",Divorced,"West Joshua, New Jersey, 88353",55+
CUST99899672,Robert Smith,Male,83,Community development worker,Widowed,"North Jasminefurt, North Dakota, 02611",55+
CUST07524246,Virginia Smith,Male,83,"Teacher, primary school",Widowed,"Williamsborough, Michigan, 13421",55+
CUST24385886,Paul Armstrong,Female,83,Physiotherapist,Widowed,"Herrerahaven, Alabama, 94272",55+
CUST86743680,Kelly Wilkins,Other,83,Printmaker,Divorced,"Jimenezport, New York, 08637",55+
CUST21077290,Heather Erickson,Male,83,Lawyer,Divorced,"New Rachel, Colorado, 64275",55+
CUST69087477,Lauren Clayton,Male,83,Psychiatric nurse,Married,"East Roberthaven, South Dakota, 10211",55+
CUST63869214,Dominique Barnes,Male,83,"Sound technician, broadcasting/film/video",Married,"West Sarah, Arkansas, 74909",55+
CUST18587022,Kent Green,Male,83,Agricultural consultant,Single,"Port Keith, Missouri, 33690",55+
CUST50231638,Michael Lee,Female,83,Biomedical engineer,Divorced,"New Jessica, Ohio, 52759",55+
CUST98761322,Melanie Price MD,Other,83,Industrial/product designer,Married,"Coxmouth, Maine, 27763",55+
CUST25329124,Leslie Gordon,Other,83,"Nurse, children's",Divorced,"South Michelle, Illinois, 81989",55+
CUST91097788,William Luna,Male,83,Estate manager/land agent,Divorced,"Gouldmouth, South Dakota, 84338",55+
CUST45265989,Alexis Hester,Other,83,Chartered public finance accountant,Married,"Ruizberg, Wisconsin, 24104",55+
CUST66251160,Veronica Franco,Male,83,Aeronautical engineer,Married,"New Jessica, Ohio, 16282",55+
CUST64541512,Kaitlin Johnson,Male,82,"Scientist, clinical (histocompatibility and immunogenetics)",Divorced,"Susantown, Missouri, 44762",55+
CUST01363234,Robert Moore,Other,82,Clinical cytogeneticist,Divorced,"Angelicafurt, Rhode Island, 59193",55+
CUST73833398,Nicole Macdonald,Male,82,Professor Emeritus,Divorced,"Watkinsmouth, Minnesota, 48370",55+
CUST18520299,Lisa Powell,Other,82,Radio producer,Divorced,"Greenefurt, Montana, 08502",55+
CUST80748135,Thomas Sloan,Other,82,Office manager,Divorced,"North Alexa, New York, 10352",55+
CUST39213094,Chad Jacobson,Male,82,Air broker,Widowed,"Hillhaven, Alaska, 50441",55+
CUST90523448,Patricia Stephens,Female,82,Hydrographic surveyor,Married,"New Traci, Washington, 53186",55+
CUST24118417,Philip Figueroa,Male,82,"Clinical scientist, histocompatibility and immunogenetics",Married,"Davidshire, North Dakota, 24402",55+
CUST26422741,Connie Briggs,Male,82,Call centre manager,Single,"Port Christopher, Idaho, 55120",55+
CUST18176345,Alyssa Cox,Other,82,Firefighter,Divorced,"Susanview, Nevada, 57793",55+
CUST12401788,Austin Navarro,Male,82,Radio broadcast assistant,Divorced,"Stanleyport, Virginia, 38867",55+
CUST74670785,Lisa Barnes,Other,82,Advertising account executive,Widowed,"Isaachaven, Virginia, 39857",55+
CUST19141323,Derek Fox,Male,82,Sports development officer,Divorced,"Lake Philip, New Mexico, 74406",55+
CUST49933353,David Mack,Other,82,Claims inspector/assessor,Widowed,"Silvaborough, Oklahoma, 83537",55+
CUST83165552,Nicholas Brown,Other,82,"Production assistant, television",Single,"Port Craig, Hawaii, 18934",55+
CUST29412829,Todd Baker,Other,82,Telecommunications researcher,Widowed,"Castillostad, Vermont, 63324",55+
CUST11178327,John Robles,Male,82,Barista,Single,"Danielleton, Nebraska, 93083",55+
CUST61872797,Stephanie Floyd,Other,82,"Engineer, civil (consulting)",Divorced,"Port Calebstad, Indiana, 52575",55+
CUST70088411,Keith Williams,Female,82,Automotive engineer,Single,"Cookchester, Kentucky, 84271",55+
CUST30822768,Hunter Watson,Female,82,"Psychotherapist, dance movement",Married,"New Joseph, Connecticut, 08216",55+
CUST48975513,Kevin Kelly,Female,82,Armed forces logistics/support/administrative officer,Widowed,"Lake Rhonda, Louisiana, 01865",55+
CUST25403922,Mathew Santiago,Male,82,Occupational therapist,Widowed,"Mcdowellport, Wyoming, 95285",55+
CUST08169319,Brad Lopez,Other,82,"Surveyor, minerals",Married,"Elizabethside, Indiana, 55308",55+
CUST54392072,Sara Ramirez,Female,82,Ergonomist,Single,"North Amyfurt, Maine, 55574",55+
CUST70625014,Katherine Munoz,Male,82,Politician's assistant,Widowed,"Cookfurt, Missouri, 65871",55+
CUST53978709,Mark Kaiser,Other,82,Pensions consultant,Widowed,"South Scottchester, Florida, 97276",55+
CUST24185675,Christopher Garza,Other,82,Environmental health practitioner,Widowed,"Fullerview, Rhode Island, 81069",55+
CUST59479472,Barbara Marquez,Female,82,"Pharmacist, community",Divorced,"New Melissa, Oklahoma, 01639",55+
CUST50811332,Wesley Jefferson,Male,82,Financial planner,Widowed,"Douglasmouth, Arkansas, 34551",55+
CUST85912308,Donna Whitehead,Female,82,Financial planner,Widowed,"New Jennifer, Indiana, 07389",55+
CUST66675757,Anthony Kelly,Other,82,Social worker,Single,"East Kayla, Mississippi, 13513",55+
CUST72297002,Wayne Williams,Other,82,Automotive engineer,Widowed,"Davidsonmouth, Oklahoma, 43952",55+
CUST41183614,Timothy Lucero,Male,82,Maintenance engineer,Divorced,"New Samuel, Texas, 72297",55+
CUST16254124,Ms. Lisa Velazquez MD,Female,82,Legal executive,Widowed,"Welchland, Nebraska, 39012",55+
CUST21895219,Rita Lee,Male,82,"Education officer, museum",Divorced,"West Elizabeth, California, 39895",55+
CUST15932592,Ashley Bell,Other,82,Management consultant,Divorced,"Lake Amy, Tennessee, 89295",55+
CUST00235004,Justin Edwards,Other,82,"Restaurant manager, fast food",Married,"New Victorside, South Carolina, 48392",55+
CUST90300791,Megan Brennan,Female,82,Personnel officer,Single,"South Whitneybury, Michigan, 01924",55+
CUST92735077,Kenneth Hess,Other,82,Police officer,Divorced,"Kathleenstad, Wyoming, 05745",55+
CUST37755551,Rachel Davis,Male,82,Banker,Widowed,"Johnmouth, Minnesota, 69328",55+
CUST30000380,Heather Reynolds,Other,82,Sports administrator,Divorced,"Moniquechester, Wisconsin, 90238",55+
CUST30888667,Christine Martinez,Male,82,Waste management officer,Widowed,"Sherriton, Colorado, 33783",55+
CUST84665512,Kathy Smith,Female,82,"Engineer, site",Divorced,"South Tiffany, Wisconsin, 10327",55+
CUST44428970,Dr. Brian Thompson,Other,82,Building control surveyor,Widowed,"Jonathanstad, Illinois, 83184",55+
CUST90193495,Melissa Ellison,Other,82,Tax inspector,Single,"Lake Douglas, Montana, 62118",55+
CUST49906214,Tammy Lee,Other,82,Network engineer,Married,"Mindyberg, Wyoming, 70462",55+
CUST44033846,Omar Campbell,Other,82,"Engineer, chemical",Single,"Port Lisatown, Arizona, 30190",55+
CUST93980968,Anthony Cline,Female,82,Museum/gallery exhibitions officer,Single,"Amandamouth, Florida, 97019",55+
CUST39331624,Randy Richmond,Male,82,"Engineer, water",Married,"Burtonport, New Hampshire, 41499",55+
CUST80204459,Richard Kramer,Other,82,Aeronautical engineer,Divorced,"Gallagherside, Arizona, 35962",55+
CUST47252772,Erin May,Female,82,Surgeon,Single,"Jessicaborough, Montana, 73221",55+
CUST27669273,Jennifer Barnes,Male,82,Human resources officer,Married,"Lake Joshuaside, Ohio, 20391",55+
CUST30654514,Jeff Armstrong,Male,82,"Pharmacist, hospital",Married,"East Kristytown, Kansas, 73685",55+
CUST89945576,Ivan Kim,Male,82,"Physicist, medical",Married,"New Nancyfurt, Missouri, 42764",55+
CUST89386367,Joshua Bright,Other,82,Advice worker,Single,"Lake Danieltown, Nebraska, 12215",55+
CUST97357760,Yolanda Thompson,Other,82,Community arts worker,Divorced,"Edwardsbury, Maine, 46589",55+
CUST77058140,Ricky Porter,Male,82,Geophysical data processor,Divorced,"New Audrey, Pennsylvania, 00816",55+
CUST32539174,Ebony Riley,Other,82,"Runner, broadcasting/film/video",Single,"Johnside, California, 31326",55+
CUST58374435,Jordan Miller,Male,82,Food technologist,Divorced,"Lake Kara, Wisconsin, 37485",55+
CUST82268696,Deborah King,Female,82,"Librarian, public",Single,"Huntstad, Illinois, 39581",55+
CUST25453256,Melissa Cooper,Male,82,Community arts worker,Married,"Lake Shannon, Ohio, 43584",55+
CUST37800728,Angela Burnett,Other,82,Ambulance person,Widowed,"Simsberg, North Dakota, 39081",55+
CUST01468707,Deborah Davis,Other,82,"Producer, radio",Divorced,"Johnsonmouth, Virginia, 83253",55+
CUST55366666,Scott Morris,Female,82,Aeronautical engineer,Widowed,"West Ericburgh, North Carolina, 98252",55+
CUST47854290,Robert Richards,Other,82,Dancer,Divorced,"West Johnside, Iowa, 05631",55+
CUST68109929,Michael Parker,Female,82,Technical author,Divorced,"Maryfort, Alabama, 74108",55+
CUST36221674,Henry Wiggins,Male,82,Clinical research associate,Widowed,"Johnsonville, Arkansas, 10332",55+
CUST68338563,Christine Garrison MD,Other,82,Immunologist,Divorced,"Paulland, Hawaii, 81442",55+
CUST37360406,Steven Johnson,Other,82,"Runner, broadcasting/film/video",Divorced,"Brownfort, North Carolina, 01805",55+
CUST02233588,Jerome Page,Other,81,Tax inspector,Widowed,"Johnsonshire, Nebraska, 87296",55+
CUST94077046,Eric Blake,Male,81,"Production assistant, radio",Divorced,"Michelleberg, Tennessee, 60890",55+
CUST36881191,Mark Moore,Male,81,Community arts worker,Married,"Moralesmouth, Florida, 73850",55+
CUST96593506,Shawn Williams,Other,81,"Nurse, children's",Single,"Port Robertfurt, Nevada, 14239",55+
CUST09069838,James Collins,Female,81,"Exhibitions officer, museum/gallery",Divorced,"Apriltown, Colorado, 62336",55+
CUST10132445,Matthew Williams,Male,81,"Engineer, biomedical",Divorced,"Stephenland, Alaska, 26880",55+
CUST55690345,Debra Miller,Male,81,"Lecturer, higher education",Married,"Smithview, Iowa, 86438",55+
CUST64195847,James Santiago,Male,81,Petroleum engineer,Single,"New Lisa, Rhode Island, 32752",55+
CUST25408398,Walter Davis,Female,81,Mining engineer,Widowed,"Carlsonville, Louisiana, 02897",55+
CUST58327073,Emily Matthews,Female,81,Civil Service fast streamer,Widowed,"North Sarahbury, Oklahoma, 55906",55+
CUST24728723,Anthony Smith,Female,81,Conference centre manager,Divorced,"Lake Antonioview, Iowa, 16186",55+
CUST75905806,George Norman,Female,81,"Journalist, broadcasting",Single,"Waltersshire, Wisconsin, 37543",55+
CUST58470031,Alicia Anderson,Female,81,Facilities manager,Single,"South Davidshire, West Virginia, 80291",55+
CUST09854087,Lisa Montoya,Other,81,Print production planner,Married,"Taylorview, Idaho, 92278",55+
CUST71804862,Pamela Graves,Male,81,"Engineer, materials",Widowed,"North Janet, Massachusetts, 50159",55+
CUST71284835,Shannon Lee,Male,81,Product/process development scientist,Widowed,"North Emily, Idaho, 47191",55+
CUST09814127,Jennifer Mullins,Other,81,"Loss adjuster, chartered",Married,"Ruizbury, Arizona, 15858",55+
CUST65074290,Jason Brown,Female,81,IT consultant,Married,"Kyleburgh, Florida, 81903",55+
CUST74460140,Jason Clark,Other,81,"Merchandiser, retail",Divorced,"Sandersberg, Montana, 29378",55+
CUST18010105,Joseph Holland,Other,81,Ranger/warden,Married,"Port Jamesmouth, Kansas, 76076",55+
CUST07816823,Wayne Salas,Female,81,Museum/gallery curator,Single,"North Rodneyland, Iowa, 19633",55+
CUST48391372,Anna Pruitt,Male,81,Estate manager/land agent,Single,"Lake Cathyburgh, North Dakota, 76260",55+
CUST97109224,Dan Vasquez,Female,81,"Designer, interior/spatial",Widowed,"East Annaville, Alaska, 77665",55+
CUST70162879,Kelly Clark,Female,81,Leisure centre manager,Divorced,"Leechester, Washington, 47002",55+
CUST45257347,Hannah Wu,Other,81,Warden/ranger,Divorced,"Smithland, Pennsylvania, 21728",55+
CUST68289819,John Brown,Male,81,"Pharmacist, hospital",Divorced,"South Alice, Alaska, 73891",55+
CUST05295044,Karen Davis,Other,81,Social worker,Widowed,"Garciaside, Georgia, 62833",55+
CUST57733086,Kevin Wise,Male,81,Armed forces technical officer,Divorced,"Thompsonfort, Connecticut, 85016",55+
CUST83422531,Jennifer Burke,Female,81,Wellsite geologist,Divorced,"Harrisstad, Connecticut, 04319",55+
CUST63892605,Mitchell Davis,Other,81,"Buyer, retail",Divorced,"Wardfurt, North Carolina, 62146",55+
CUST41234558,Anthony Cooley,Male,81,"Nurse, children's",Married,"Monicaton, Utah, 92695",55+
CUST74308770,Matthew Clark,Male,81,Nature conservation officer,Widowed,"West Trevorhaven, Michigan, 77538",55+
CUST54931182,Tanner Jackson,Other,81,Holiday representative,Single,"Conleyshire, New Hampshire, 36657",55+
CUST32521997,Julie Smith,Male,81,Accounting technician,Single,"Amyshire, Connecticut, 85809",55+
CUST47588603,Patrick Jackson,Male,81,Architectural technologist,Divorced,"Martinezborough, Mississippi, 80114",55+
CUST07395003,Andrew Valentine,Female,81,Jewellery designer,Married,"Riceborough, Wyoming, 19371",55+
CUST72660473,Matthew Smith,Male,81,Hotel manager,Single,"Juarezberg, Connecticut, 94969",55+
CUST25687384,Nicholas Williams,Other,81,Contractor,Divorced,"North Rachel, Rhode Island, 38947",55+
CUST31205048,Heather Mcdonald,Female,81,Building services engineer,Married,"Port Martinland, Alaska, 85648",55+
CUST22289251,Kimberly Ramos,Other,81,Communications engineer,Single,"Lewisborough, Maryland, 76773",55+
CUST33387287,Brooke Alexander,Male,81,Multimedia programmer,Single,"Lake Sara, Vermont, 39686",55+
CUST21999455,Courtney Logan,Other,81,"Scientist, audiological",Married,"Paynetown, New Jersey, 11200",55+
CUST31508164,Larry Andrews,Male,81,Structural engineer,Married,"West Matthew, Wisconsin, 39069",55+
CUST17931302,Mary Smith,Male,81,Writer,Divorced,"Hammondborough, Minnesota, 45614",55+
CUST82934893,Louis Holt,Male,81,Theatre stage manager,Widowed,"East Michaelbury, Rhode Island, 90659",55+
CUST60723930,John Davis,Male,81,"Scientist, product/process development",Single,"Pughmouth, Arizona, 22592",55+
CUST05263385,Mark Rodriguez,Female,81,Educational psychologist,Widowed,"Christophertown, Montana, 36694",55+
CUST14814883,Tamara Richardson,Female,81,Insurance underwriter,Widowed,"New Brettshire, South Carolina, 06530",55+
CUST75285468,Adam Watson,Male,81,Automotive engineer,Single,"Lorihaven, Delaware, 42955",55+
CUST09892414,Rodney Smith,Other,81,Software engineer,Married,"South Megan, Minnesota, 85636",55+
CUST80169010,Sandra Armstrong,Male,81,Environmental manager,Divorced,"West Jasonview, North Carolina, 48844",55+
CUST99315103,Tyler Johnson,Female,81,Set designer,Single,"Fosterchester, Kansas, 91105",55+
CUST40497767,Jennifer Roy,Other,81,Theme park manager,Married,"Port Brett, California, 86117",55+
CUST57771662,Laura Smith,Female,81,"Production assistant, radio",Married,"New Sharon, Mississippi, 60354",55+
CUST58589029,Frederick Kim,Female,81,Hydrographic surveyor,Single,"West Michael, Nevada, 49620",55+
CUST91824210,Katherine Yang,Female,81,Armed forces operational officer,Married,"Loriton, Arkansas, 82941",55+
CUST46612879,Kenneth Rodriguez,Male,81,Agricultural consultant,Divorced,"Port Lancemouth, Oklahoma, 48502",55+
CUST56880167,Jim Fox,Male,81,Further education lecturer,Single,"North Renee, Wisconsin, 51661",55+
CUST88300782,Steven Woodard,Male,81,Tour manager,Widowed,"New Sara, Idaho, 14694",55+
CUST62042930,Timothy Garcia,Male,81,Soil scientist,Widowed,"Whiteport, Ohio, 77713",55+
CUST25664706,Kenneth Taylor,Male,81,Systems developer,Married,"Blackberg, Nebraska, 45256",55+
CUST30367712,Mr. Jesse Brown,Other,81,"Psychotherapist, dance movement",Widowed,"Butlerchester, New York, 75173",55+
CUST94024764,Chelsea Sexton,Other,81,Cytogeneticist,Single,"Cherylfurt, Mississippi, 82024",55+
CUST75237860,Rhonda Buck,Other,81,Television camera operator,Married,"Gregoryhaven, Mississippi, 59551",55+
CUST47460421,Tamara Jackson,Other,80,"Engineer, electronics",Single,"Port Ericaburgh, Michigan, 69900",55+
CUST41066153,Daniel Williams,Female,80,"Engineer, technical sales",Single,"North James, Missouri, 47902",55+
CUST07419346,Blake Villanueva,Male,80,Optometrist,Divorced,"East Monica, Alaska, 46566",55+
CUST91918281,Jamie Young,Male,80,Community development worker,Single,"South Debra, South Dakota, 32376",55+
CUST29474373,Johnathan Bennett,Male,80,"Pilot, airline",Married,"Port Roger, Wyoming, 25676",55+
CUST98331725,Laura Braun,Male,80,Chartered loss adjuster,Married,"West Meghan, Alabama, 81797",55+
CUST84976901,Jason Thomas,Male,80,Music therapist,Single,"Andersonburgh, Iowa, 05483",55+
CUST27734461,Jonathan Harris,Other,80,"Nurse, mental health",Divorced,"Williamschester, Arkansas, 50337",55+
CUST83518933,Laura Summers,Male,80,Operations geologist,Divorced,"Brendafurt, Texas, 01028",55+
CUST62852436,George Wade,Other,80,Call centre manager,Widowed,"Port Morganland, Florida, 44531",55+
CUST23310336,Lisa Mejia,Other,80,Astronomer,Single,"East Justinborough, Alaska, 40957",55+
CUST91932461,Michelle Henry,Male,80,Fitness centre manager,Single,"Seanmouth, Ohio, 69679",55+
CUST57350810,Lisa Combs,Female,80,Sales promotion account executive,Single,"Leonardstad, Georgia, 77482",55+
CUST26057464,Brian Powers,Female,80,Financial controller,Widowed,"North Christopherberg, Colorado, 25497",55+
CUST65756964,Patricia Mitchell,Female,80,General practice doctor,Widowed,"Jasonton, Pennsylvania, 67029",55+
CUST50637961,Joseph Pope,Other,80,Network engineer,Divorced,"Port Danielle, North Dakota, 98188",55+
CUST66067273,Lisa Hays,Female,80,"Psychologist, forensic",Married,"Lake Anneville, Illinois, 13459",55+
CUST45437995,Tyler Mora,Male,80,"Chemist, analytical",Widowed,"Laurieburgh, Illinois, 13769",55+
CUST67298391,Amanda Erickson,Other,80,Air broker,Divorced,"South Eric, Alabama, 30227",55+
CUST33671800,Raymond Foster,Female,80,Water quality scientist,Widowed,"North Patricia, Kansas, 40466",55+
CUST48228302,Suzanne Morton,Female,80,Stage manager,Married,"North Thomas, Washington, 56905",55+
CUST10770587,Emily Meyer,Female,80,Animator,Widowed,"Nancyberg, Idaho, 82070",55+
CUST96475713,Emily Martinez,Other,80,Equities trader,Widowed,"Jacksonchester, Arizona, 63127",55+
CUST29662093,Christopher Williams,Other,80,Health and safety inspector,Widowed,"Crossside, New Mexico, 38403",55+
CUST03158868,Erin Wilson,Female,80,Teaching laboratory technician,Divorced,"Jasonhaven, Texas, 80584",55+
CUST85814865,Devin Choi,Other,80,Air traffic controller,Married,"Marshallstad, West Virginia, 91956",55+
CUST43459205,Lisa Phillips,Male,80,Financial adviser,Single,"Sharpside, Ohio, 26080",55+
CUST25553662,Melody Scott,Female,80,Dance movement psychotherapist,Divorced,"East Amy, Colorado, 31788",55+
CUST89039954,Jennifer Garcia,Female,80,Research scientist (life sciences),Divorced,"East Jackchester, South Carolina, 20223",55+
CUST08771443,Elizabeth Weber MD,Female,80,Advertising account planner,Widowed,"Lake Robinfurt, Oregon, 05593",55+
CUST48516544,Jacqueline Taylor,Male,80,"Engineer, chemical",Widowed,"Clarkstad, West Virginia, 18582",55+
CUST01241075,Thomas Kim,Female,80,"Surveyor, hydrographic",Single,"North Leslieburgh, Tennessee, 84207",55+
CUST54814027,Pamela Johnson,Male,80,"Scientist, audiological",Married,"Ambermouth, Iowa, 84546",55+
CUST23094202,Jeffrey Ortega,Male,80,"Conservator, furniture",Married,"South Tina, Montana, 74624",55+
CUST44340081,Dawn Mann,Female,80,"Engineer, structural",Married,"Grayburgh, Illinois, 66688",55+
CUST05041802,Mary Collins,Female,80,Medical laboratory scientific officer,Divorced,"West Andrewborough, Oregon, 59315",55+
CUST49112584,Brian Ramos,Male,80,Politician's assistant,Widowed,"Elliottport, Virginia, 39377",55+
CUST08813866,Jacob Dudley,Male,80,IT sales professional,Married,"West Jamiefort, Arkansas, 28712",55+
CUST39927411,Maria Holloway,Other,80,Education administrator,Single,"New Johnville, Georgia, 50580",55+
CUST76896663,Bailey Taylor,Other,80,Purchasing manager,Widowed,"Henryview, Tennessee, 67222",55+
CUST12971844,Anne Tucker,Female,80,"Engineer, manufacturing systems",Divorced,"Crossport, Texas, 56985",55+
CUST78641469,Dr. Stephanie Collins,Other,79,"Buyer, retail",Widowed,"Thomasville, Minnesota, 57408",55+
CUST70215391,Stacey Simpson,Male,79,Insurance underwriter,Married,"Williamschester, Illinois, 72402",55+
CUST93873821,Miss Angela Swanson DVM,Other,79,Operational investment banker,Widowed,"Stewartborough, Alabama, 94522",55+
CUST37690101,Jeffrey Stark MD,Male,79,"Research officer, political party",Divorced,"Alexanderland, Colorado, 32108",55+
CUST55000711,Mary Gray,Female,79,"Teacher, primary school",Single,"Jameshaven, North Carolina, 16274",55+
CUST81061023,Rebecca Woodward,Other,79,"Scientist, research (life sciences)",Widowed,"Lake Mark, North Dakota, 71643",55+
CUST91249906,Michael Walker,Male,79,Clinical embryologist,Divorced,"Middletonport, Utah, 44822",55+
CUST87747896,Andrew Valencia,Male,79,Theme park manager,Married,"South Lorraineshire, Kentucky, 92607",55+
CUST83659102,Lee Adams,Male,79,Drilling engineer,Married,"East Matthewville, Texas, 04590",55+
CUST15627891,Andrea Hubbard,Other,79,Hospital doctor,Widowed,"South Cynthia, Oklahoma, 27482",55+
CUST87681195,William Bush,Other,79,English as a foreign language teacher,Divorced,"Mooreside, Pennsylvania, 79739",55+
CUST31292770,Kelsey Salazar,Female,79,Sports coach,Married,"Bergmouth, Rhode Island, 44788",55+
CUST61057689,Desiree Landry,Other,79,Clinical psychologist,Divorced,"Martinfurt, Iowa, 54243",55+
CUST88124412,Sean Whitney,Female,79,"Engineer, mining",Married,"Walkershire, Massachusetts, 03701",55+
CUST15820133,Todd Long,Female,79,Brewing technologist,Single,"Gonzalesville, Hawaii, 84224",55+
CUST59706553,John Garcia,Female,79,Probation officer,Divorced,"West Theresa, Rhode Island, 41542",55+
CUST50213050,Melissa Peterson,Female,79,Copy,Single,"Port Mario, Virginia, 39278",55+
CUST20020748,Mariah Snyder,Female,79,Drilling engineer,Divorced,"Abigailfort, Mississippi, 13338",55+
CUST57201717,John Rangel,Other,79,Art gallery manager,Single,"North Brian, Kentucky, 41268",55+
CUST17443757,Vanessa Harris,Female,79,"Biochemist, clinical",Single,"Kaylahaven, Missouri, 86708",55+
CUST39886528,Tyler Hill,Female,79,Arboriculturist,Divorced,"North Jeremyborough, Louisiana, 84570",55+
CUST26035053,Adam Wright,Other,79,Seismic interpreter,Single,"East Tonyafurt, Maryland, 22818",55+
CUST41793765,Katherine Barker,Other,79,"Physicist, medical",Widowed,"West Stephanieshire, New Mexico, 44205",55+
CUST99518405,Richard Gordon,Male,79,"Scientist, physiological",Single,"South Jasonmouth, West Virginia, 21103",55+
CUST59619952,Elizabeth Turner,Male,79,Community development worker,Widowed,"Lake Samuelfurt, Illinois, 18913",55+
CUST56292843,Carolyn Drake,Other,79,Educational psychologist,Widowed,"Dunnside, Texas, 26294",55+
CUST55708223,Wyatt Peterson,Other,79,Psychiatrist,Single,"Port Jodyside, New Hampshire, 17852",55+
CUST38278660,Joshua Wagner,Female,79,Architectural technologist,Single,"Katieshire, Texas, 97790",55+
CUST75677412,Kyle Mayer,Male,79,Museum/gallery conservator,Married,"Brittanyview, South Dakota, 77936",55+
CUST17825098,Stephanie Snow,Male,79,Police officer,Divorced,"Lake Clintonburgh, Minnesota, 80235",55+
CUST45083995,Deborah Briggs,Other,79,Scientific laboratory technician,Divorced,"Ashleyhaven, Washington, 24121",55+
CUST38361358,Eric Smith,Female,79,Biomedical engineer,Single,"South Steven, Colorado, 18427",55+
CUST87089974,Jonathan Edwards,Other,79,Surgeon,Widowed,"Hurstberg, Minnesota, 62622",55+
CUST99648653,Kristine Carter,Female,79,Make,Divorced,"North Kathy, Vermont, 95072",55+
CUST29466976,Crystal Beard,Female,79,Risk analyst,Single,"Port John, Michigan, 95811",55+
CUST40295052,Michael Cox,Female,79,Health and safety adviser,Single,"Morrismouth, Georgia, 12389",55+
CUST73838703,Pedro Martin,Male,79,"Therapist, horticultural",Widowed,"Lake Johnburgh, Maine, 71547",55+
CUST84140446,James Walker,Male,79,Health service manager,Married,"New Nicholas, Minnesota, 37888",55+
CUST03008845,Ricardo Wallace,Male,79,Training and development officer,Married,"Levymouth, Illinois, 86405",55+
CUST55667061,Samuel Johnson,Male,79,Magazine features editor,Married,"Ellisonshire, Hawaii, 08439",55+
CUST25993865,Christina Ingram,Female,79,"Conservator, museum/gallery",Single,"Port Zachary, Rhode Island, 78137",55+
CUST88352784,Gregory Johnson,Male,79,Building services engineer,Single,"Lake Kathy, Hawaii, 06166",55+
CUST47737467,Dennis Sharp,Male,79,Meteorologist,Single,"South Mariahburgh, Massachusetts, 03037",55+
CUST13955791,Charles Hernandez,Male,79,Materials engineer,Married,"North Jacobtown, Arkansas, 81289",55+
CUST04842811,Andrea Adams,Male,79,Technical brewer,Widowed,"Williamsland, Idaho, 55403",55+
CUST03093185,Jacob Lane,Other,79,Immunologist,Divorced,"West Josephmouth, New York, 82575",55+
CUST45343290,Evelyn Cohen,Male,79,Commercial horticulturist,Married,"Richardchester, Nevada, 86725",55+
CUST27802022,Barry Peters,Male,79,Site engineer,Single,"Stephenfort, Utah, 35038",55+
CUST15467548,Kristen Gonzalez DDS,Other,79,"Engineer, drilling",Married,"Russelltown, Ohio, 61066",55+
CUST98158624,Robert Brown,Other,79,Psychiatrist,Widowed,"Tiffanyfurt, Hawaii, 92832",55+
CUST58584623,Donald Hill,Female,79,"Research officer, trade union",Married,"Susanberg, New Mexico, 85425",55+
CUST83948498,Jennifer Jones,Female,79,Translator,Divorced,"Reginaside, Kentucky, 79357",55+
CUST72096442,Kathleen Payne,Other,79,"Designer, multimedia",Single,"Suarezmouth, West Virginia, 93048",55+
CUST03570010,Pamela Stevens,Male,79,Retail banker,Married,"Armstrongstad, Idaho, 44496",55+
CUST10876445,Kathy Hines,Female,79,Lexicographer,Married,"West Jeffrey, New Jersey, 79172",55+
CUST88370333,Kelly Mccarty,Male,79,Architectural technologist,Divorced,"New Jeffreyfurt, Tennessee, 87808",55+
CUST73055610,Brian Johnson,Male,79,Dispensing optician,Widowed,"West Jesse, Illinois, 42583",55+
CUST68481788,Mary Peterson,Male,79,Chief Operating Officer,Widowed,"Lake Tamara, Vermont, 96626",55+
CUST35483267,Andrew Miller,Female,79,"Solicitor, Scotland",Single,"Lake Danielmouth, Oklahoma, 61125",55+
CUST29405035,Jessica House,Male,79,Paediatric nurse,Married,"Stevenmouth, Ohio, 98726",55+
CUST48070910,Cameron Edwards,Other,79,Dance movement psychotherapist,Married,"West Robert, Colorado, 43180",55+
CUST03785984,Alexis Taylor,Female,79,Telecommunications researcher,Divorced,"Kimberlyfort, Oklahoma, 10543",55+
CUST97410297,Douglas Hickman,Other,79,"Engineer, aeronautical",Married,"Port Michael, Montana, 34266",55+
CUST51744618,Roberta Williams,Male,79,"Engineer, broadcasting (operations)",Divorced,"Kathleenhaven, Georgia, 84635",55+
CUST26489653,Brittany Reid,Male,79,Audiological scientist,Divorced,"North Noahberg, Ohio, 31735",55+
CUST54795828,Robert Thomas,Other,79,Data scientist,Divorced,"Lindseybury, Vermont, 19529",55+
CUST93732507,Jose Lopez,Other,79,Mental health nurse,Married,"Annaland, South Dakota, 75351",55+
CUST98994950,Gregory Oconnor,Female,79,"Scientist, clinical (histocompatibility and immunogenetics)",Single,"West Jacob, Nebraska, 59062",55+
CUST44615637,Janet Pena,Female,79,Newspaper journalist,Widowed,"Port Brianborough, Nebraska, 73318",55+
CUST31880004,April Campbell,Male,79,"Investment banker, operational",Single,"Lake Stevenbury, Ohio, 46676",55+
CUST65129370,Michelle Beck,Female,79,Retail buyer,Married,"Flemingborough, Texas, 42381",55+
CUST32395408,Brenda Simon,Male,79,Architectural technologist,Divorced,"Lake Angelastad, Massachusetts, 82769",55+
CUST90681434,Sabrina Diaz,Other,79,Medical secretary,Single,"North Dana, California, 79377",55+
CUST64614760,Johnny Williams,Female,79,"Therapist, nutritional",Married,"Greenchester, Hawaii, 21682",55+
CUST28392965,David Gross,Other,79,"Scientist, forensic",Married,"East Troy, Ohio, 89858",55+
CUST97749945,Kevin Cook,Other,79,Pension scheme manager,Single,"Patrickhaven, Indiana, 85518",55+
CUST29605821,Pamela Lloyd,Male,79,Technical author,Single,"Lake Juanmouth, Maine, 30481",55+
CUST39597765,Christopher Barnes,Female,79,Public librarian,Single,"East Katherinemouth, Alabama, 47696",55+
CUST88491460,Emily Jones,Male,79,"Designer, blown glass/stained glass",Single,"Rivasburgh, Illinois, 57788",55+
CUST81231769,Aaron Chang,Male,79,Speech and language therapist,Widowed,"Millerton, Maryland, 27545",55+
CUST56148261,Jesse Morse,Other,79,Gaffer,Married,"West Derekport, Utah, 40211",55+
CUST96443915,William Clark,Female,79,"Designer, industrial/product",Single,"Hillstad, Wisconsin, 93564",55+
CUST90364876,Monica Jones,Female,79,Fine artist,Divorced,"New Kevin, Arizona, 10971",55+
CUST45192084,Marissa Gonzalez,Female,79,"Buyer, industrial",Married,"Charlesfurt, Ohio, 14191",55+
CUST78837068,Mary Richardson,Male,79,Counsellor,Divorced,"West Jeffreytown, Kansas, 54941",55+
CUST80934061,Stacie Newton,Female,79,Museum/gallery curator,Widowed,"Sawyerhaven, New Hampshire, 63172",55+
CUST66471095,Margaret Sims,Other,79,Press photographer,Divorced,"New Teresaside, Texas, 75862",55+
CUST32088544,Daniel Collins,Other,79,Government social research officer,Married,"South Tonytown, Arkansas, 57345",55+
CUST40770489,Michelle Barton,Female,78,Teaching laboratory technician,Widowed,"West Kenneth, Idaho, 77882",55+
CUST30106981,Colleen Chapman,Female,78,"Librarian, public",Divorced,"Jenniferland, New Hampshire, 17188",55+
CUST25569331,David Sawyer,Male,78,Art gallery manager,Widowed,"Wallacefurt, Tennessee, 78969",55+
CUST84193604,Laurie Sanchez,Female,78,Accommodation manager,Married,"Derekmouth, Nebraska, 74898",55+
CUST26743868,Anna Williams,Other,78,Network engineer,Widowed,"Colleenborough, Nevada, 00904",55+
CUST63047493,Richard Woodward,Other,78,"Civil engineer, consulting",Divorced,"Melissamouth, Kentucky, 67260",55+
CUST80598963,Ronald Gibson,Male,78,Landscape architect,Single,"Carlaport, Arizona, 26113",55+
CUST34473126,Justin Shields,Female,78,Clinical biochemist,Divorced,"Rogersland, Iowa, 87931",55+
CUST02254414,Holly Everett,Female,78,Air broker,Married,"North Nathan, Hawaii, 64625",55+
CUST45941237,Mitchell Young,Other,78,Commercial art gallery manager,Married,"Port Leah, Florida, 34361",55+
CUST47542678,Linda Perez,Female,78,Armed forces operational officer,Married,"Port Jodiland, Alaska, 58131",55+
CUST69103964,Patrick Bush,Male,78,"Engineer, broadcasting (operations)",Widowed,"East Christian, Hawaii, 61803",55+
CUST89843998,Candace Murphy,Other,78,Chartered certified accountant,Single,"Johnsonville, South Dakota, 48838",55+
CUST74720055,Heather Blair,Male,78,Archivist,Widowed,"New Jackberg, New Mexico, 32020",55+
CUST64992233,Michelle Sweeney,Female,78,Network engineer,Married,"New Scott, Michigan, 95848",55+
CUST34481309,Kristy Morrison,Other,78,"Nurse, learning disability",Divorced,"South Annehaven, Nevada, 50695",55+
CUST79327356,John Shaffer,Female,78,Toxicologist,Married,"Valenzuelashire, Oregon, 67893",55+
CUST48890914,Yolanda Hopkins,Female,78,Patent examiner,Single,"New Megan, Connecticut, 90172",55+
CUST26638275,Scott Humphrey,Other,78,"Education officer, community",Married,"Marieville, California, 61115",55+
CUST10423909,Katie Martin,Female,78,Ranger/warden,Divorced,"Christopherview, Rhode Island, 87185",55+
CUST77108758,Christopher Duran,Other,78,Marine scientist,Single,"Parkerport, Georgia, 08186",55+
CUST20892500,Michael Powell,Male,78,Electrical engineer,Widowed,"Williamborough, South Dakota, 75248",55+
CUST48464862,Benjamin Davis,Female,78,"Optician, dispensing",Divorced,"Lake Jeffreystad, Oklahoma, 68564",55+
CUST77255216,Amanda Ward,Male,78,Aeronautical engineer,Divorced,"Thomasburgh, Virginia, 80919",55+
CUST94648417,Shelby Mathis,Female,78,Charity officer,Divorced,"Lake Eric, Kansas, 15254",55+
CUST58621681,Russell Jennings,Female,78,Air broker,Widowed,"South Juan, Michigan, 44124",55+
CUST47441942,Melissa Torres,Other,78,Publishing copy,Single,"Lake Stephen, New Mexico, 29509",55+
CUST87049425,David Davila,Female,78,Energy manager,Divorced,"East Jessicaborough, Connecticut, 81188",55+
CUST79194423,Randy Arnold,Other,78,Emergency planning/management officer,Divorced,"New Rosshaven, North Dakota, 77047",55+
CUST54087407,Meghan Calderon,Female,78,Hydrologist,Married,"Kelleyside, Montana, 60692",55+
CUST71046410,Evelyn Wilson,Other,78,"Development worker, international aid",Single,"Branchmouth, Minnesota, 90769",55+
CUST44413738,Olivia Jones,Male,78,Industrial buyer,Single,"Port Timothy, Montana, 14879",55+
CUST07578780,Ashley Schneider,Female,78,Patent attorney,Widowed,"Paigeborough, North Carolina, 83869",55+
CUST95655105,Daniel Garcia,Female,78,Soil scientist,Married,"West Maryfurt, Wisconsin, 02838",55+
CUST31945384,Dr. Lisa Dorsey,Other,78,Minerals surveyor,Divorced,"New Richardside, West Virginia, 90255",55+
CUST54958006,Christina Frost,Female,78,"Doctor, general practice",Married,"Bautistaburgh, Arkansas, 84939",55+
CUST19710780,Angela Rowe,Other,78,General practice doctor,Married,"Annestad, South Dakota, 72324",55+
CUST76409143,Daniel Carpenter,Female,78,"Scientist, water quality",Widowed,"West Kristopherbury, Colorado, 89055",55+
CUST18634257,Christine Edwards,Male,78,Equality and diversity officer,Single,"Jonesside, Colorado, 78654",55+
CUST24038932,Dr. Kara Martinez,Male,78,Radio broadcast assistant,Married,"Alexandrastad, Nevada, 42032",55+
CUST62368924,Elizabeth Cabrera,Male,78,"Scientist, research (physical sciences)",Married,"New Monica, North Dakota, 83940",55+
CUST02223205,Dr. Nathan Rodriguez,Other,78,Medical secretary,Married,"Port Allen, Washington, 87131",55+
CUST03313167,Edward Abbott,Other,78,Metallurgist,Married,"New Samantha, Mississippi, 20651",55+
CUST98888259,Jennifer Fleming,Other,78,"Teacher, early years/pre",Single,"West Kimberlymouth, Massachusetts, 71228",55+
CUST56880505,Christopher Brown,Male,78,Chief Executive Officer,Married,"Dakotaburgh, Virginia, 06857",55+
CUST65363374,Karen Johnson,Female,78,Commissioning editor,Single,"South Ronaldville, Indiana, 44890",55+
CUST80853586,Mrs. Patricia Henry,Female,78,Dancer,Widowed,"East Erinberg, West Virginia, 10885",55+
CUST87535650,Karen Martin,Other,78,Estate manager/land agent,Single,"Kingstad, Florida, 77069",55+
CUST72736285,Veronica Wong,Other,78,Television/film/video producer,Widowed,"Lucasstad, Pennsylvania, 90809",55+
CUST16854007,Megan Crawford,Female,78,Community development worker,Married,"South Tammy, Mississippi, 14436",55+
CUST88009581,Kevin Patterson,Male,78,Insurance underwriter,Single,"Kellerhaven, Missouri, 91914",55+
CUST09528315,Anthony Norman,Female,78,"Designer, fashion/clothing",Widowed,"Levyborough, Oklahoma, 98231",55+
CUST06414594,Kimberly Carroll,Male,78,Firefighter,Widowed,"Curtisborough, Washington, 83948",55+
CUST79275584,Margaret Wall,Female,78,"Teacher, English as a foreign language",Widowed,"Courtneystad, Connecticut, 13227",55+
CUST39448165,Brittney Olson,Female,78,Data scientist,Widowed,"Olivermouth, Nebraska, 60374",55+
CUST74861093,Jack Jones,Male,78,Chartered legal executive (England and Wales),Single,"Oliviaport, Texas, 30586",55+
CUST32602987,Megan Dunlap,Female,78,"Scientist, physiological",Married,"Port Kimberly, New Mexico, 06939",55+
CUST62519479,Kimberly Cannon,Male,78,Cytogeneticist,Widowed,"Melissaport, Minnesota, 61982",55+
CUST10496213,Rebecca Adams,Male,78,Health visitor,Single,"Port Charlene, Idaho, 75307",55+
CUST20256216,Victoria Shepherd,Female,78,Tourist information centre manager,Widowed,"Lake Courtney, California, 37514",55+
CUST02392291,Jason Lopez,Other,78,Advertising account executive,Married,"New John, New Jersey, 41237",55+
CUST16390802,Anna Martinez,Female,78,Chief Executive Officer,Divorced,"Gibsonberg, New Hampshire, 79935",55+
CUST47448114,Todd Anderson,Other,78,Art therapist,Married,"Harrellside, Washington, 37417",55+
CUST83633429,Holly Larsen,Female,78,Chief of Staff,Widowed,"Port Cheryl, Maryland, 79573",55+
CUST38923831,Steven Ramirez,Other,78,Fine artist,Widowed,"Perezbury, Arkansas, 70213",55+
CUST75812323,Alexis Mcmahon,Male,78,Travel agency manager,Single,"Johnsonland, Alabama, 47202",55+
CUST44509515,James Matthews,Male,78,Travel agency manager,Married,"Kevinhaven, Montana, 24409",55+
CUST35421257,Richard Mayo,Male,78,Architect,Widowed,"Perezview, Kansas, 49165",55+
CUST13834756,Tina Campbell,Male,78,Trade mark attorney,Single,"South Gilberttown, Alaska, 64656",55+
CUST88488520,Stephen Cooper,Male,78,Chartered certified accountant,Divorced,"Louisburgh, Vermont, 11087",55+
CUST19066038,Helen Woods,Other,78,"Surveyor, building control",Single,"Port Michellechester, New Mexico, 71864",55+
CUST91204941,Kathryn Williams,Other,78,Materials engineer,Single,"Monicaton, Tennessee, 10210",55+
CUST75096091,Danielle Barnes,Other,78,"Development worker, community",Single,"Bennettfurt, West Virginia, 64487",55+
CUST85068425,Aaron Byrd,Other,78,Clinical psychologist,Widowed,"Jonathanhaven, New Mexico, 85499",55+
CUST83057986,Amanda Arnold,Male,78,Chief Technology Officer,Widowed,"Cortezfurt, Maine, 16333",55+
CUST51816024,Jillian Hernandez,Male,78,Retail buyer,Divorced,"Lake Tristan, Kansas, 54698",55+
CUST85589913,Michael Parker,Male,78,"Engineer, electronics",Divorced,"Amandachester, Michigan, 66650",55+
CUST28339448,William Smith,Male,78,Media buyer,Widowed,"Lake Shawnview, New Hampshire, 02809",55+
CUST98545861,Derek Hester,Male,78,Health visitor,Married,"North Ericmouth, Illinois, 16898",55+
CUST10552184,Erin Mendoza,Other,78,Consulting civil engineer,Widowed,"West Jennifermouth, Texas, 72185",55+
CUST79245111,Amanda Griffin,Female,77,Pensions consultant,Married,"South Samanthamouth, Washington, 33607",55+
CUST62731614,Gordon Thornton,Female,77,Podiatrist,Single,"Port Adam, North Carolina, 20860",55+
CUST19610336,Heather Martin,Male,77,Petroleum engineer,Widowed,"Coxshire, Florida, 51161",55+
CUST16049233,Christopher Bradshaw,Other,77,Computer games developer,Divorced,"New Kiaraburgh, West Virginia, 63714",55+
CUST44342472,Claudia Tran,Male,77,Brewing technologist,Divorced,"South Daniel, Pennsylvania, 85920",55+
CUST76500092,Peter Martin DDS,Male,77,Museum/gallery curator,Single,"Wilcoxborough, Kentucky, 08780",55+
CUST26207435,Selena Navarro,Female,77,Tax adviser,Married,"Erinmouth, Vermont, 09362",55+
CUST47634037,Jennifer Palmer,Female,77,Art gallery manager,Divorced,"West Stephen, Idaho, 74937",55+
CUST21477650,Troy Phillips,Other,77,Licensed conveyancer,Divorced,"Jeremytown, Arkansas, 89645",55+
CUST89924604,Michael George,Other,77,"Psychologist, counselling",Single,"Lake Ian, Wisconsin, 60269",55+
CUST98986763,Jacqueline Gutierrez,Other,77,"Lecturer, higher education",Single,"Melissaside, Oklahoma, 07916",55+
CUST81424332,Kenneth Taylor PhD,Other,77,Nature conservation officer,Widowed,"Wadechester, Michigan, 84383",55+
CUST45319964,Larry Jones,Other,77,Food technologist,Single,"South Kathleen, Hawaii, 28948",55+
CUST74979874,Shawna Moreno,Female,77,"Biochemist, clinical",Married,"Lake Kennethburgh, Louisiana, 98010",55+
CUST40778743,Ross Atkins,Female,77,"Teacher, adult education",Married,"Clarktown, Wyoming, 53356",55+
CUST30560941,Tina Mann,Other,77,Publishing rights manager,Single,"Lake Stevenfurt, Louisiana, 03428",55+
CUST14723297,Robert Morris,Male,77,"Administrator, charities/voluntary organisations",Widowed,"North Johnborough, California, 27612",55+
CUST95521305,Ricky Norris,Female,77,"Psychologist, clinical",Married,"South Danielview, Indiana, 77277",55+
CUST03545901,Valerie Rivera,Female,77,Marine scientist,Married,"Youngburgh, Wyoming, 69923",55+
CUST96807032,John Larson,Male,77,Land,Widowed,"Port Andrew, Wyoming, 92885",55+
CUST31775664,Brianna Wong,Male,77,Museum/gallery exhibitions officer,Divorced,"South Davidshire, New Jersey, 79115",55+
CUST74471043,Amy Frazier,Male,77,Insurance claims handler,Divorced,"Davidville, Montana, 26819",55+
CUST96217751,Daniel Thomas,Male,77,Visual merchandiser,Married,"Elaineborough, South Dakota, 58650",55+
CUST64402425,Kelsey Brewer,Other,77,Office manager,Single,"Humphreyberg, South Dakota, 44786",55+
CUST80162320,Tony Hayden PhD,Male,77,"Designer, graphic",Divorced,"Courtneyfort, Massachusetts, 38436",55+
CUST02388532,Elizabeth Hampton,Other,77,"Engineer, chemical",Married,"Rickton, Michigan, 29815",55+
CUST86875438,Adrienne Santana,Female,77,Writer,Widowed,"Johnsonfurt, West Virginia, 71825",55+
CUST92087908,Jessica Matthews,Female,77,"Teacher, special educational needs",Widowed,"South Juanburgh, Montana, 08467",55+
CUST11536261,Cynthia Jones,Female,77,Market researcher,Single,"Nancyshire, Illinois, 85843",55+
CUST08945946,Lori Dougherty,Female,77,Clinical cytogeneticist,Widowed,"Debrashire, Minnesota, 88649",55+
CUST06732104,Karen Lopez,Male,77,Oceanographer,Married,"Mccannland, Ohio, 34229",55+
CUST26798925,Sabrina Gentry,Male,77,"Radiographer, diagnostic",Single,"Johntown, Hawaii, 55790",55+
CUST36765026,Patrick Watkins,Female,77,Diagnostic radiographer,Divorced,"Terrymouth, Pennsylvania, 22886",55+
CUST83673214,Carol Butler,Male,77,Public relations account executive,Married,"West Keithview, Montana, 34456",55+
CUST41319076,Daniel Harris,Female,77,Ergonomist,Divorced,"Jamesshire, Utah, 94459",55+
CUST62403639,Sarah Smith,Female,77,Advice worker,Married,"Tiffanyburgh, Idaho, 24875",55+
CUST72375451,Abigail Brooks,Other,77,Purchasing manager,Widowed,"Port Billy, Iowa, 55460",55+
CUST86794018,Michael Miller DDS,Male,77,Media planner,Widowed,"Lake Sherri, New York, 86100",55+
CUST28765452,Tammy Harris,Female,77,Human resources officer,Single,"Melendezfurt, Massachusetts, 23265",55+
CUST22971798,Robert Cox,Male,77,Event organiser,Widowed,"North Davidshire, Florida, 40422",55+
CUST65398171,Colleen Bailey,Other,77,Fisheries officer,Divorced,"Sarahside, Illinois, 67142",55+
CUST57619192,Katherine Smith,Male,77,"Runner, broadcasting/film/video",Married,"Cohenside, West Virginia, 46311",55+
CUST51598236,Travis Green,Male,77,Interpreter,Divorced,"Lowerystad, Connecticut, 96058",55+
CUST61371484,Timothy Taylor,Other,77,"Pilot, airline",Married,"South Paul, Connecticut, 91154",55+
CUST16853048,Betty Brooks,Other,77,Ambulance person,Widowed,"Lamview, Georgia, 58915",55+
CUST59144251,Wayne Fleming,Other,77,Herpetologist,Divorced,"West Anthony, Maryland, 81383",55+
CUST23834040,April Holden,Other,77,Make,Divorced,"East Larry, Indiana, 74970",55+
CUST00972517,Samuel Lee,Female,77,Midwife,Widowed,"Stevenshire, Michigan, 64409",55+
CUST35902078,Cynthia Black,Other,77,Gaffer,Divorced,"Ericland, Idaho, 67118",55+
CUST97798895,Timothy Small,Male,77,Environmental manager,Single,"Lake Donald, Tennessee, 28623",55+
CUST92630947,Margaret Deleon,Other,77,Retail banker,Single,"Christineshire, Indiana, 48582",55+
CUST81759154,William Mcgrath,Other,77,Research scientist (medical),Divorced,"West Karen, Vermont, 90519",55+
CUST51817003,Paula Daugherty,Female,77,Television camera operator,Single,"Leachshire, Missouri, 29236",55+
CUST91404991,Dr. Julie Gallegos,Female,77,Systems developer,Single,"Lake Brianhaven, Louisiana, 11419",55+
CUST67805881,Stephen Richardson,Male,77,Television production assistant,Divorced,"New Heatherhaven, Michigan, 29855",55+
CUST74454973,Renee Kelley,Male,77,"Designer, exhibition/display",Widowed,"New Brandi, Louisiana, 26114",55+
CUST79126257,Cody Cox,Male,77,Ceramics designer,Single,"Lake Christopherview, Tennessee, 26600",55+
CUST98006967,Nicholas Roman,Other,77,"Therapist, art",Married,"Phillipsside, Arizona, 18276",55+
CUST11544916,Dr. Allison Meyer,Female,77,Database administrator,Widowed,"Dianeshire, Tennessee, 51031",55+
CUST23152605,Mark Hill,Male,77,Radiation protection practitioner,Single,"North Tammietown, Oregon, 37481",55+
CUST40040643,Gina Schwartz,Other,77,Video editor,Single,"Andersonborough, Missouri, 06038",55+
CUST49838020,Mrs. Theresa Hill MD,Other,77,"Teacher, primary school",Divorced,"Heatherhaven, North Carolina, 43001",55+
CUST05834498,Carolyn Ellis,Female,77,Oncologist,Divorced,"Scottstad, Connecticut, 80042",55+
CUST60678660,Nicole Mccarty,Male,77,Ambulance person,Married,"Fisherfort, South Carolina, 18574",55+
CUST64482109,Adam Burns,Male,77,Graphic designer,Widowed,"East John, New York, 10063",55+
CUST17362297,John Juarez,Other,77,Medical illustrator,Widowed,"Port Adam, Texas, 68497",55+
CUST07572458,Danielle Adams,Other,77,Air cabin crew,Married,"Danielstad, New Mexico, 14492",55+
CUST30489029,Jacob Arnold,Male,77,Insurance risk surveyor,Single,"East Matthew, Illinois, 25186",55+
CUST57396211,Erica Lee,Female,77,Automotive engineer,Single,"Loganland, Idaho, 25058",55+
CUST88244823,Carly Bullock,Other,77,"Surveyor, insurance",Married,"Martinton, Maryland, 32159",55+
CUST47234307,Kim Valdez,Male,77,Freight forwarder,Married,"West Jason, Hawaii, 04617",55+
CUST86009446,Karen Manning,Female,77,Pension scheme manager,Divorced,"North Michael, Georgia, 30396",55+
CUST64034272,Jean Sanders,Other,77,Paramedic,Single,"Cynthiatown, Arkansas, 44483",55+
CUST87352097,Paul Moore,Female,77,Product manager,Single,"Williamburgh, Hawaii, 20227",55+
CUST86814573,Jason Garcia,Male,77,Retail banker,Single,"Port Alisonmouth, Hawaii, 87680",55+
CUST47040540,Jeffrey Watkins,Male,77,"Conservation officer, nature",Divorced,"South Thomas, Louisiana, 93279",55+
CUST67573322,Jason Gonzalez,Male,77,"Scientist, research (life sciences)",Divorced,"Shannonborough, Michigan, 41071",55+
CUST98785748,Brandon Melton,Male,76,Higher education careers adviser,Married,"Robertton, South Dakota, 91832",55+
CUST79016088,Mr. Vincent Roth,Female,76,Architect,Widowed,"Lake Michael, West Virginia, 42904",55+
CUST73383191,Gerald Williams,Other,76,Recruitment consultant,Widowed,"Millerhaven, Arkansas, 18757",55+
CUST46225402,Edwin Patterson,Female,76,"Conservation officer, nature",Single,"South James, Hawaii, 82359",55+
CUST94079442,Mark Ryan,Other,76,Oncologist,Divorced,"New Melissaville, Massachusetts, 03672",55+
CUST13413110,Brian Campbell,Female,76,Chief Technology Officer,Single,"Port Kristin, Oregon, 09007",55+
CUST09278133,Tyler Fritz,Male,76,Chartered legal executive (England and Wales),Widowed,"North Stephen, Alaska, 63157",55+
CUST72483847,Jacob Sanders,Male,76,Electronics engineer,Divorced,"South Shelleytown, Oregon, 36145",55+
CUST65119083,Barbara Bennett,Female,76,Visual merchandiser,Widowed,"Anthonyville, Illinois, 80082",55+
CUST17912018,Michael Sanders,Other,76,Field trials officer,Widowed,"Lake James, Texas, 82686",55+
CUST33533136,Yolanda Wilson,Other,76,Illustrator,Divorced,"Gregoryborough, Missouri, 33250",55+
CUST41670618,John Solomon,Other,76,Civil Service fast streamer,Divorced,"Port Jacquelinefurt, Alaska, 53995",55+
CUST54761752,Crystal Montgomery,Other,76,Dancer,Widowed,"North Tom, Michigan, 54409",55+
CUST36112943,Jason Cook,Other,76,"Teacher, secondary school",Widowed,"Mariamouth, North Dakota, 32266",55+
CUST83759677,Stephen Crawford,Female,76,Outdoor activities/education manager,Single,"Billyburgh, Oregon, 54721",55+
CUST48898637,Amanda Owen,Female,76,Call centre manager,Divorced,"West Rhondaside, Minnesota, 71104",55+
CUST53968543,Elizabeth Graves,Female,76,"Librarian, academic",Divorced,"Popeborough, Oregon, 29933",55+
CUST32046264,Sarah Burke,Female,76,Charity officer,Widowed,"Cathymouth, Alabama, 69542",55+
CUST35532330,Stephanie Adams,Male,76,Magazine journalist,Single,"Brucestad, New York, 41382",55+
CUST12272309,Erica Sanchez,Male,76,"Psychologist, forensic",Divorced,"Timothyport, Massachusetts, 04753",55+
CUST01574970,Taylor Martin,Other,76,"Teacher, music",Divorced,"North Rachel, South Dakota, 48590",55+
CUST36762916,Sophia Hill,Female,76,Product/process development scientist,Single,"New Kevin, New York, 25257",55+
CUST13490253,Brandon Chaney,Female,76,Horticultural therapist,Single,"Strongside, Hawaii, 11845",55+
CUST76170188,Ronald Knox,Other,76,Waste management officer,Married,"Andreaburgh, Pennsylvania, 13664",55+
CUST91160900,Kenneth Phelps,Male,76,Commercial art gallery manager,Divorced,"Rachelborough, Pennsylvania, 65908",55+
CUST92151594,Amanda Walker,Male,76,Dietitian,Widowed,"North Angelica, Michigan, 48424",55+
CUST24156688,Deanna Barton,Other,76,Clinical research associate,Married,"Lake Wendymouth, Indiana, 83015",55+
CUST83206040,Crystal Riggs,Male,76,"Designer, ceramics/pottery",Widowed,"New Brendahaven, Oregon, 43223",55+
CUST87053502,Caitlin Decker,Female,76,Production engineer,Married,"Anthonyton, Wyoming, 13482",55+
CUST19076228,James Allen,Other,76,English as a second language teacher,Single,"South Crystal, Kentucky, 65240",55+
CUST53785151,Andrew Wong,Other,76,Clinical psychologist,Widowed,"New Carrie, Alaska, 96490",55+
CUST57669844,Daniel Ford,Female,76,Brewing technologist,Single,"Mackenzieville, Vermont, 23822",55+
CUST38688913,Colleen Ford,Male,76,"Psychologist, counselling",Divorced,"Kellymouth, New Jersey, 06048",55+
CUST90339745,Danielle Ross,Male,76,"Investment banker, corporate",Widowed,"Blevinsberg, Delaware, 63555",55+
CUST25401393,Thomas Carpenter,Female,76,Solicitor,Married,"Zunigaborough, Connecticut, 51650",55+
CUST62280131,Edward Moody,Other,76,Catering manager,Divorced,"West Amymouth, Wisconsin, 92707",55+
CUST05897242,Heather Mccormick,Female,76,Neurosurgeon,Divorced,"Davisland, Indiana, 81751",55+
CUST32799743,James Ballard,Male,76,Theatre director,Widowed,"Batesstad, Minnesota, 40071",55+
CUST83772165,Rebecca Clark,Female,76,Air broker,Single,"Emilyfurt, Nevada, 92221",55+
CUST43237725,Rita Tanner,Female,76,"Surveyor, rural practice",Widowed,"New John, Arkansas, 16777",55+
CUST58100140,Daniel Smith,Female,76,Risk analyst,Divorced,"West Fernando, Tennessee, 70017",55+
CUST25538398,Danielle Doyle,Female,76,Lawyer,Single,"North Jason, Arkansas, 53490",55+
CUST70887355,Morgan Gonzalez,Male,76,Communications engineer,Single,"Vasquezfurt, Arkansas, 20733",55+
CUST81601074,Darren Howard,Male,76,Insurance underwriter,Divorced,"Mclaughlinmouth, Florida, 84337",55+
CUST22339406,Craig Haney,Other,76,Music tutor,Widowed,"Kimberlyberg, Illinois, 97216",55+
CUST80760692,Ashley Bright,Female,76,Careers information officer,Married,"Pachecomouth, Idaho, 10274",55+
CUST94455292,Daniel Roach,Male,76,Quantity surveyor,Married,"Chadfurt, North Carolina, 84907",55+
CUST02686696,Sharon Myers,Female,76,Aeronautical engineer,Widowed,"Lucasshire, North Dakota, 95336",55+
CUST90669392,Jason Johnson,Female,76,"Clinical scientist, histocompatibility and immunogenetics",Married,"South Kelly, Washington, 21141",55+
CUST98943476,John Morrison,Female,76,"Horticulturist, commercial",Divorced,"West Ashley, New Mexico, 22084",55+
CUST67171307,Howard Grant,Male,76,"Nurse, learning disability",Widowed,"Port Andrea, West Virginia, 22558",55+
CUST59559298,Donna Hoover,Male,76,Quality manager,Divorced,"New Sarahton, Ohio, 55093",55+
CUST77926751,Jeffrey Anderson,Female,76,Agricultural consultant,Divorced,"Port Daniel, Virginia, 54187",55+
CUST17087537,Jill Rose,Male,76,Ophthalmologist,Widowed,"Woodton, Arkansas, 48635",55+
CUST01590733,Derek Simmons,Female,76,Arboriculturist,Single,"Smithland, Iowa, 86377",55+
CUST48348366,Lynn Smith,Other,76,Quarry manager,Single,"Millerbury, California, 10353",55+
CUST73181070,William Johns,Female,76,"Production assistant, radio",Single,"Lunaport, New Jersey, 97717",55+
CUST25297923,Laura Davis MD,Female,76,Clinical research associate,Single,"North Pamelaton, Oregon, 75263",55+
CUST63633103,James Thomas,Female,76,Chief Strategy Officer,Married,"West Amandatown, Texas, 53206",55+
CUST02632156,Gary Rodriguez,Female,76,Insurance broker,Widowed,"East Jeremiahmouth, New Jersey, 05210",55+
CUST69457285,Heather Gray,Female,76,Copy,Divorced,"South Chadhaven, Louisiana, 88114",55+
CUST10313009,Casey Holland,Female,76,Management consultant,Widowed,"Christopherhaven, Indiana, 40312",55+
CUST63958064,Bryan Smith,Male,76,Lawyer,Married,"Hallport, Arizona, 40344",55+
CUST83770928,Kimberly Smith,Male,75,Oceanographer,Single,"New Tristanmouth, Kansas, 96220",55+
CUST78008020,Elizabeth Vincent,Male,75,Building services engineer,Divorced,"Richardmouth, Maryland, 54859",55+
CUST64728299,Yolanda Smith,Male,75,Social worker,Married,"Trevinoville, Missouri, 85068",55+
CUST78122085,Kristin Campos,Male,75,Recycling officer,Married,"South Anitamouth, Connecticut, 90382",55+
CUST08332979,Frank Le,Female,75,"Engineer, automotive",Widowed,"Robertberg, Tennessee, 16744",55+
CUST57393366,Andrew Pennington,Female,75,Agricultural consultant,Widowed,"Lake Brandonchester, South Carolina, 39922",55+
CUST77682848,Christy Carpenter,Female,75,Health service manager,Married,"North Henryberg, Oklahoma, 31841",55+
CUST78565117,Cassie Gibson,Other,75,Contractor,Married,"New Ianview, Wyoming, 37389",55+
CUST57078534,Jeffrey Robinson,Other,75,Minerals surveyor,Married,"Lake Douglasmouth, Montana, 13750",55+
CUST30028895,Courtney Hanson,Female,75,Facilities manager,Single,"Smithbury, New Mexico, 28840",55+
CUST52062553,Michelle Russell,Female,75,Biomedical scientist,Single,"West Carrie, Indiana, 15998",55+
CUST24246293,James Tran,Other,75,Magazine journalist,Single,"Randymouth, Missouri, 17149",55+
CUST96209165,Sharon Moore,Male,75,"Surveyor, commercial/residential",Divorced,"Smithport, North Carolina, 13116",55+
CUST57266820,Emily Davis,Male,75,"Research officer, government",Single,"New Melissa, Nebraska, 32227",55+
CUST21995908,Jennifer Patton,Female,75,Television/film/video producer,Divorced,"Kevinchester, Arkansas, 06965",55+
CUST83612591,William Jones,Other,75,Editorial assistant,Divorced,"Port William, Illinois, 37054",55+
CUST89587423,Edward Bryant,Male,75,"Designer, blown glass/stained glass",Divorced,"West Melissashire, Louisiana, 21926",55+
CUST38753192,Joshua Nguyen,Other,75,Sport and exercise psychologist,Single,"Lake Katelyn, Virginia, 26187",55+
CUST65714808,Edward Hicks,Female,75,"Radiographer, diagnostic",Widowed,"West Julie, Hawaii, 24536",55+
CUST93258475,Hector Norton,Male,75,Furniture designer,Divorced,"Jeffreyside, Nebraska, 68433",55+
CUST89242136,Jonathan Morrison,Other,75,Geoscientist,Single,"Rossview, West Virginia, 37061",55+
CUST98881712,Cody Smith,Male,75,Health visitor,Married,"East Matthew, Mississippi, 71505",55+
CUST30108387,Calvin Barr,Other,75,Film/video editor,Single,"Lake Hollyview, Indiana, 30357",55+
CUST99828921,Brian Bird,Female,75,Mechanical engineer,Divorced,"Port Samanthaview, California, 20184",55+
CUST79853995,Maureen Browning,Female,75,Animator,Divorced,"Port Jason, Kentucky, 20259",55+
CUST45887020,Stephanie Webb,Male,75,Architectural technologist,Single,"Christianburgh, Ohio, 10725",55+
CUST97297558,Kevin Lee,Female,75,Lawyer,Widowed,"Susanfurt, Louisiana, 41626",55+
CUST67508176,Courtney Obrien,Female,75,Print production planner,Married,"North Aaron, Kansas, 42388",55+
CUST90954779,Lisa Mccarthy,Other,75,"Administrator, local government",Widowed,"East Christopher, South Dakota, 36051",55+
CUST93959202,Karen Martin,Other,75,Equities trader,Divorced,"Francischester, Louisiana, 19599",55+
CUST63597420,Lisa Chapman,Female,75,Risk manager,Single,"West Brandon, Wyoming, 63509",55+
CUST21473276,Jennifer Spencer,Other,75,Lawyer,Single,"Arnoldmouth, Hawaii, 50849",55+
CUST52172807,Patrick Hancock,Female,75,Multimedia programmer,Divorced,"South Adrianberg, Ohio, 83257",55+
CUST05166868,Pamela Morris MD,Other,75,Phytotherapist,Married,"Robertsberg, Maine, 58734",55+
CUST29212672,Misty Hinton,Other,75,"Therapist, drama",Single,"Drakeberg, Alaska, 91580",55+
CUST37271886,Kelsey Marshall,Other,75,"Surveyor, building",Divorced,"Paulastad, Rhode Island, 34309",55+
CUST26702312,Breanna Stewart,Female,75,Psychotherapist,Divorced,"East Allisonfort, Hawaii, 64106",55+
CUST81587742,Susan Williams,Other,75,"Designer, jewellery",Widowed,"Port Caleb, Kansas, 29736",55+
CUST25887430,Denise Carter,Female,75,Health physicist,Divorced,"Michaelmouth, Oklahoma, 67800",55+
CUST05516743,Michael Clark,Male,75,Garment/textile technologist,Widowed,"South Matthewborough, Delaware, 31239",55+
CUST88836388,Shannon Harris,Male,75,Art therapist,Divorced,"East Danielle, New Hampshire, 60236",55+
CUST97660265,Michelle Roberts,Other,75,Software engineer,Married,"South Beverly, Nevada, 97883",55+
CUST02991127,Scott Morales,Female,75,Best boy,Single,"Brianview, South Dakota, 60761",55+
CUST23138239,David Fuller,Male,75,"Producer, television/film/video",Divorced,"Leefurt, New Jersey, 56683",55+
CUST45931778,Courtney Brown,Other,75,Publishing rights manager,Single,"Mackchester, Nevada, 58049",55+
CUST48655404,John Sanders,Female,75,Film/video editor,Single,"North Olivia, South Carolina, 72385",55+
CUST74959565,Cynthia Marshall,Female,75,Health and safety adviser,Single,"New Ericmouth, Tennessee, 09427",55+
CUST86109405,Louis Rodriguez,Male,75,Fish farm manager,Married,"Lake Alejandra, Alabama, 24198",55+
CUST85322984,Kaylee Melton,Female,75,Secondary school teacher,Single,"West Adamville, Ohio, 56524",55+
CUST43287416,Daniel Guzman,Female,75,Recycling officer,Single,"Debrastad, Massachusetts, 11656",55+
CUST91038296,John Blackwell,Female,75,Soil scientist,Married,"Stacytown, Rhode Island, 20263",55+
CUST36352379,Robert Griffin,Other,75,Nature conservation officer,Single,"Wallacemouth, Texas, 94877",55+
CUST13870080,Kyle Hinton,Male,75,"Surveyor, mining",Divorced,"Rebeccamouth, Ohio, 22247",55+
CUST52672454,Benjamin Howard,Male,74,Air traffic controller,Divorced,"Michaeltown, Iowa, 48447",55+
CUST19473832,Willie Garcia,Male,74,Telecommunications researcher,Married,"Ericberg, Florida, 29706",55+
CUST53482350,Gina Mills,Female,74,Marine scientist,Single,"Welchland, New Mexico, 99464",55+
CUST94440281,Aaron Hale,Male,74,Water engineer,Single,"Smithport, Delaware, 82934",55+
CUST35283238,Sherry Holmes,Male,74,Translator,Single,"South Jean, Montana, 35120",55+
CUST65204686,Paul Walton,Other,74,"Nurse, mental health",Divorced,"Zimmermanborough, Mississippi, 92804",55+
CUST84115229,Savannah Fletcher,Male,74,Advertising art director,Widowed,"Tylerborough, Arkansas, 54508",55+
CUST79847743,Richard Warner,Other,74,Firefighter,Divorced,"North Stephenhaven, Idaho, 26418",55+
CUST94220400,Katelyn Armstrong,Male,74,Careers information officer,Married,"East Nicholeport, Alaska, 42331",55+
CUST89250160,Linda Todd,Female,74,Proofreader,Divorced,"South Joseph, Texas, 40811",55+
CUST23956794,Jennifer Morgan,Other,74,"Civil engineer, contracting",Divorced,"West Joe, Texas, 96880",55+
CUST93604597,Brian Santana,Other,74,Geophysical data processor,Widowed,"Garrettberg, Maine, 18645",55+
CUST69883016,David Sexton,Male,74,Furniture designer,Married,"New Benjamin, Kentucky, 47478",55+
CUST87659219,Justin Horn,Female,74,"Investment banker, operational",Widowed,"Bryantberg, New York, 63961",55+
CUST56167007,Whitney Schmidt,Male,74,"Clinical scientist, histocompatibility and immunogenetics",Married,"West Robert, Idaho, 91590",55+
CUST13550777,Larry Miller,Female,74,Barrister,Widowed,"East Ronald, Michigan, 01875",55+
CUST99261655,Steven Luna,Male,74,"Engineer, agricultural",Married,"East Eric, Mississippi, 83605",55+
CUST41929980,Nathan Mitchell,Female,74,Therapeutic radiographer,Married,"Andreaview, Hawaii, 62860",55+
CUST67358602,Chase Gonzalez,Other,74,Travel agency manager,Single,"Elliottshire, Wisconsin, 43676",55+
CUST34007755,Jason Clark,Female,74,Air broker,Married,"Port Lisa, Connecticut, 04056",55+
CUST49571747,John Reed,Male,74,Contracting civil engineer,Divorced,"Martinport, Wyoming, 20403",55+
CUST49092530,Laura Perez,Other,74,Travel agency manager,Married,"New Jonathan, Vermont, 98209",55+
CUST56036788,Colton Perez,Male,74,"Education officer, community",Married,"South Frankside, Minnesota, 56912",55+
CUST16863839,Casey Fitzpatrick,Other,74,Insurance underwriter,Divorced,"North Gabriellehaven, Alaska, 29511",55+
CUST95966184,Eric Lynch,Female,74,Financial risk analyst,Divorced,"Tiffanyburgh, Colorado, 72173",55+
CUST35315234,Dana Williams,Other,74,Volunteer coordinator,Divorced,"Johnstonborough, Alaska, 18031",55+
CUST45537187,Lori Maddox DVM,Other,74,Medical secretary,Divorced,"West Shirleyside, Kentucky, 23857",55+
CUST32866408,Cheryl Ward,Other,74,"Education officer, environmental",Single,"Danielshire, Idaho, 81562",55+
CUST60380938,Brian Vazquez,Other,74,Pension scheme manager,Divorced,"East Zachary, Kansas, 11947",55+
CUST65986981,Susan Rogers,Other,74,"Psychologist, forensic",Divorced,"Duartefort, Utah, 14449",55+
CUST56104773,Terry King,Female,74,"Engineer, aeronautical",Married,"East Brianchester, Louisiana, 76020",55+
CUST49029687,Nancy Smith,Male,74,Computer games developer,Widowed,"South Lindsay, Indiana, 51183",55+
CUST87605942,James Blair,Male,74,Research scientist (maths),Divorced,"East Jessica, Arkansas, 46087",55+
CUST35524650,Stephanie Williams,Female,74,Academic librarian,Single,"Salazarfurt, Oklahoma, 50884",55+
CUST29617770,Brittany Lewis,Other,74,Environmental consultant,Married,"Johnland, Washington, 21149",55+
CUST52438130,Dr. Sarah Baldwin DVM,Male,74,Sub,Divorced,"Thomasville, Maine, 80857",55+
CUST02717752,David Moore,Male,74,Fisheries officer,Widowed,"Powellside, South Carolina, 86943",55+
CUST94745777,Ashley Flores,Female,74,"Doctor, general practice",Married,"East Ricardo, Arizona, 40648",55+
CUST21690596,Debra Hogan,Female,74,Equality and diversity officer,Divorced,"Fitzgeraldfort, California, 62322",55+
CUST72431417,Christopher Moore,Other,74,Chartered accountant,Married,"Port Tamarabury, South Carolina, 21225",55+
CUST71031652,Michael Williams,Other,74,Writer,Widowed,"Youngchester, Wisconsin, 22579",55+
CUST33244265,John Burns,Male,74,"Restaurant manager, fast food",Married,"New Kenneth, Idaho, 65678",55+
CUST90739739,Lori Jenkins,Female,74,Maintenance engineer,Divorced,"Adamtown, Rhode Island, 22958",55+
CUST61013700,Jill Howard,Male,74,Paediatric nurse,Divorced,"West Evan, Indiana, 49352",55+
CUST82890521,Virginia Adams,Other,74,"Engineer, biomedical",Widowed,"Sarahland, Mississippi, 89271",55+
CUST52957277,Justin Walker,Other,74,Tree surgeon,Divorced,"New Rebeccatown, Wisconsin, 99133",55+
CUST89879124,Ian Downs,Female,74,Aeronautical engineer,Widowed,"Goodmanmouth, New York, 81245",55+
CUST85892814,Caleb Macdonald,Other,74,"Doctor, hospital",Married,"Donaldsonton, Georgia, 33893",55+
CUST86884109,Joe Collins,Male,74,Waste management officer,Single,"Scottport, Utah, 96022",55+
CUST45686044,Patricia Turner,Female,74,"Conservator, furniture",Divorced,"New Elizabeth, Florida, 90784",55+
CUST89988266,Jessica Barry,Other,74,Ecologist,Married,"North Troy, South Carolina, 45580",55+
CUST15604167,Benjamin Watson MD,Female,74,Stage manager,Widowed,"Melanietown, Alabama, 74267",55+
CUST70239521,Paul Gill,Other,74,Haematologist,Married,"New Kylemouth, New Jersey, 79156",55+
CUST33599055,Tony Galvan,Female,74,Music therapist,Widowed,"Meganmouth, North Dakota, 32149",55+
CUST19204140,John Flores,Male,74,Hydrogeologist,Married,"Lake Jonathanview, Vermont, 55801",55+
CUST86176694,Kevin Hoffman,Female,74,Public relations account executive,Divorced,"Dakotashire, Rhode Island, 39318",55+
CUST77008175,Dominique Williamson,Male,74,Television floor manager,Divorced,"East Codyland, Arizona, 58442",55+
CUST49012186,Jesus Clark,Male,74,Cytogeneticist,Single,"North Robert, Tennessee, 92323",55+
CUST88433084,Peter Newman,Male,74,Insurance risk surveyor,Divorced,"Larryville, California, 47914",55+
CUST10837204,Jessica Mccarthy,Other,74,Careers adviser,Widowed,"South Brent, Maine, 98893",55+
CUST54752615,Daniel Keller,Male,74,Human resources officer,Divorced,"Kimville, Oklahoma, 60572",55+
CUST15843494,Sarah Williamson,Other,74,"Production assistant, television",Divorced,"New Lauren, Missouri, 92530",55+
CUST10638398,Amanda Lopez,Other,74,Barista,Married,"Annaville, Washington, 29795",55+
CUST16478352,Allen Jennings,Female,74,Associate Professor,Widowed,"North Derekside, North Dakota, 21496",55+
CUST79209776,Daniel Flores,Male,74,"Surveyor, mining",Divorced,"North Maryton, Virginia, 56646",55+
CUST39239739,Christopher Henderson Jr.,Other,74,Equality and diversity officer,Married,"North Zachary, Utah, 50453",55+
CUST43684981,Austin Crawford,Male,74,Audiological scientist,Single,"Justinfort, Arkansas, 01191",55+
CUST93508960,Thomas Whitaker,Female,74,Politician's assistant,Married,"Osbornhaven, Kentucky, 74488",55+
CUST78885562,Kenneth Brown Jr.,Female,74,Statistician,Divorced,"Kimberlyton, Pennsylvania, 52552",55+
CUST59768279,Michael Collins,Female,74,Hospital doctor,Widowed,"Nortonport, California, 67196",55+
CUST36302095,Daniel Gill,Other,74,Field seismologist,Widowed,"Joshuaside, California, 48702",55+
CUST73997061,Erin Schwartz,Other,74,Charity officer,Married,"Hendersonfurt, Alaska, 35098",55+
CUST88344563,Timothy Nash,Female,74,"Embryologist, clinical",Single,"West Brianmouth, Nebraska, 06456",55+
CUST55443847,Diane Rocha,Male,74,Financial risk analyst,Single,"North Joshuaport, Arizona, 50020",55+
CUST22906487,Vanessa Romero,Male,74,Patent attorney,Widowed,"Robertfort, Nevada, 59578",55+
CUST64292190,Lisa Taylor,Male,74,"Research officer, government",Divorced,"Stuartside, Oregon, 50327",55+
CUST16487303,Phillip Ellis,Female,74,Dispensing optician,Single,"East Nicole, Missouri, 72070",55+
CUST67528346,Blake Jones,Other,73,Petroleum engineer,Widowed,"Andreaberg, Pennsylvania, 55838",55+
CUST67191526,Deborah Mitchell,Female,73,Phytotherapist,Single,"Sophiaside, North Dakota, 73188",55+
CUST31745463,Lisa Burnett,Female,73,"Scientist, research (maths)",Divorced,"Lake Matthew, Tennessee, 18179",55+
CUST73475730,Miss Christy Davis,Female,73,Cytogeneticist,Married,"Port Alexandra, New Hampshire, 42401",55+
CUST09537081,Jessica Wilson,Male,73,Product designer,Married,"New Curtis, Mississippi, 96166",55+
CUST50737318,Andrew Graham,Female,73,Administrator,Divorced,"Lake Dakota, Nebraska, 30715",55+
CUST04886840,Martin Lester,Female,73,Management consultant,Married,"Samuelton, Arizona, 33093",55+
CUST12015246,Robyn Stephens,Male,73,Restaurant manager,Married,"Jasmineland, Delaware, 26831",55+
CUST00277838,Kenneth Allen,Female,73,Radio broadcast assistant,Divorced,"Nancyfurt, Alaska, 29034",55+
CUST35938239,Mary Cooper,Male,73,Training and development officer,Single,"Nicholasshire, Nebraska, 94796",55+
CUST89101661,Emily Sims,Female,73,Editorial assistant,Married,"Lake Todd, South Carolina, 79506",55+
CUST46894236,Cynthia Gross,Male,73,Illustrator,Single,"Carolside, Maine, 72622",55+
CUST71555564,Jeffrey Allen,Female,73,"Production assistant, radio",Divorced,"Levinetown, Maryland, 25193",55+
CUST77920021,Desiree Evans,Male,73,Occupational therapist,Widowed,"New Kathrynland, Hawaii, 32889",55+
CUST18907875,Richard Graves MD,Other,73,"Administrator, charities/voluntary organisations",Single,"East Stevenmouth, South Carolina, 88190",55+
CUST37390566,Lisa Powell,Male,73,Orthoptist,Married,"Judymouth, Minnesota, 75344",55+
CUST36509309,Sarah Rivera,Male,73,"Engineer, technical sales",Married,"Mariaborough, North Dakota, 12672",55+
CUST49150400,Sophia Wright,Female,73,Historic buildings inspector/conservation officer,Single,"Lake Brucemouth, South Carolina, 30803",55+
CUST97095007,Ashley Williams,Male,73,Chartered loss adjuster,Divorced,"Johnsonshire, Pennsylvania, 13754",55+
CUST22178817,Michael Hensley,Male,73,Retail buyer,Married,"South Haroldland, West Virginia, 25821",55+
CUST34161000,Michael Myers,Other,73,Forest/woodland manager,Married,"West Thomas, Hawaii, 02544",55+
CUST93771069,James Marsh,Other,73,"Merchandiser, retail",Married,"New Annaside, New Hampshire, 44837",55+
CUST62771206,Brooke Hill,Other,73,"Engineer, petroleum",Divorced,"Amyborough, New York, 35340",55+
CUST29995912,Sandra Castaneda,Male,73,Ceramics designer,Single,"Rachaelborough, Georgia, 59395",55+
CUST69884309,Kathryn Davis,Male,73,Geophysicist/field seismologist,Single,"New Christopher, Arkansas, 58513",55+
CUST86863311,Christopher Beasley,Other,73,"Engineer, electrical",Widowed,"Danielburgh, Arizona, 06365",55+
CUST97414795,Christina Johnson,Female,73,"Development worker, international aid",Divorced,"West Holly, Virginia, 28855",55+
CUST43108144,Morgan Lewis,Male,73,Herbalist,Single,"West Jessica, Maryland, 25992",55+
CUST41800425,Michelle Miller,Female,73,Biomedical engineer,Divorced,"Port Ronaldville, Missouri, 72914",55+
CUST78428397,Holly Reid,Male,73,Science writer,Married,"Williamfurt, South Carolina, 70049",55+
CUST37691262,Michael Wagner,Male,73,Chemical engineer,Widowed,"Ramirezview, Arkansas, 13886",55+
CUST48173143,Helen Hancock,Male,73,Automotive engineer,Divorced,"New Steven, South Carolina, 74882",55+
CUST34991629,Alyssa Rowe,Other,73,"Conservation officer, historic buildings",Married,"North Denise, Florida, 82807",55+
CUST80730735,Mark Baker,Other,73,"Designer, furniture",Widowed,"Byrdstad, Illinois, 85776",55+
CUST71493124,Austin Benitez,Other,73,Jewellery designer,Widowed,"West Hannahborough, Texas, 22809",55+
CUST93577880,Jillian Jackson,Other,73,"Nurse, mental health",Divorced,"Lisaport, Arkansas, 44351",55+
CUST88644901,Jessica Barton,Other,73,Plant breeder/geneticist,Single,"West Dale, Illinois, 02528",55+
CUST22397471,Justin Bradshaw,Female,73,"Psychologist, occupational",Divorced,"East Daniellefurt, New Hampshire, 94289",55+
CUST75656240,Joseph Mccarty,Other,73,Social worker,Divorced,"Taraland, Montana, 89495",55+
CUST23022837,Bruce Shields,Other,73,Theatre director,Widowed,"Port Robin, North Carolina, 84090",55+
CUST43085227,Crystal Carter,Other,73,Financial controller,Single,"North Jeremyfurt, Alabama, 75359",55+
CUST65199597,Andrea Vasquez,Female,73,Health and safety adviser,Single,"Nguyenmouth, Colorado, 84764",55+
CUST75884494,Shannon Rios,Male,73,Fashion designer,Married,"North Amandachester, Wisconsin, 45872",55+
CUST77591513,Kelsey Scott,Female,73,Public relations account executive,Divorced,"South Jennifer, Rhode Island, 99260",55+
CUST57245490,Wendy Ramirez,Female,73,Data scientist,Divorced,"Morganmouth, Maryland, 82491",55+
CUST39308148,Emily Wise,Male,73,"Engineer, automotive",Single,"Leefort, Washington, 71896",55+
CUST06954029,Ashley Salazar,Other,73,Commissioning editor,Single,"Rogerview, New Jersey, 16066",55+
CUST84238322,Patricia Chapman,Male,73,Database administrator,Single,"New Robertside, South Carolina, 27666",55+
CUST98868938,Jacob Peterson,Male,73,Animal technologist,Married,"Taylorbury, Nevada, 24919",55+
CUST11223465,Justin Scott,Female,73,Tax inspector,Widowed,"New Sarah, Idaho, 79530",55+
CUST97726267,Kelly Hicks,Other,73,"Engineer, aeronautical",Married,"Port Megan, New Jersey, 18514",55+
CUST21189419,Mrs. Abigail Lopez,Other,73,Herbalist,Married,"Port Robertberg, Washington, 77035",55+
CUST51701415,Sabrina Kim,Other,73,Clinical embryologist,Widowed,"West Steven, North Dakota, 22599",55+
CUST81230725,Mary Ward,Female,73,Ambulance person,Widowed,"North Juliaberg, Nebraska, 12538",55+
CUST79383749,Matthew Rodriguez,Other,73,Information systems manager,Married,"Greenberg, Ohio, 51529",55+
CUST63233311,Melissa Taylor,Female,73,Trade union research officer,Divorced,"West Jeffreyshire, Washington, 06989",55+
CUST81394306,Stephanie Hall,Male,73,Patent attorney,Single,"Sarahport, Virginia, 92642",55+
CUST52119676,Gary Goodman,Other,73,"Development worker, community",Married,"Meyerchester, Illinois, 29151",55+
CUST55031474,Patricia Ayala,Female,73,Plant breeder/geneticist,Divorced,"South Victoria, Rhode Island, 57147",55+
CUST12671480,Robert Williams,Male,73,English as a foreign language teacher,Divorced,"Kathyborough, Florida, 39109",55+
CUST62652225,James Powell,Female,73,Jewellery designer,Divorced,"Wareland, Colorado, 93226",55+
CUST52793995,Fernando Chambers,Male,73,Theatre manager,Married,"Garciafort, Arizona, 70993",55+
CUST21063311,Regina Lynn,Other,73,Volunteer coordinator,Single,"Seanfurt, Indiana, 14112",55+
CUST08876431,Sarah Aguilar,Female,72,"Psychotherapist, dance movement",Single,"Port Christopherton, California, 30004",55+
CUST06002600,Joel Rivera,Other,72,Dispensing optician,Married,"Robertchester, Georgia, 59128",55+
CUST26486498,Brian Garcia,Female,72,Clinical molecular geneticist,Widowed,"Dianeshire, Mississippi, 24158",55+
CUST04983233,Dr. Christine Cortez,Male,72,"Therapist, occupational",Single,"New Adrian, New Hampshire, 97219",55+
CUST98383766,Jason Marsh,Male,72,"Psychologist, educational",Single,"North Kathryn, Montana, 30813",55+
CUST10257415,Mike Armstrong,Female,72,"Sound technician, broadcasting/film/video",Divorced,"Hamiltonmouth, Kentucky, 23040",55+
CUST01401561,Miss Jacqueline Brown,Male,72,Emergency planning/management officer,Married,"Staceyshire, Kentucky, 20202",55+
CUST62839618,Jonathan Peck,Other,72,"Radiographer, therapeutic",Married,"Lake Charles, Georgia, 81798",55+
CUST31917843,Cody Jones,Male,72,Higher education lecturer,Divorced,"Mcdowellhaven, Kentucky, 69953",55+
CUST08709013,Dennis Winters,Other,72,"Therapist, art",Married,"East Amystad, Mississippi, 35533",55+
CUST93468210,Grant Conner MD,Male,72,Artist,Single,"Troymouth, California, 12755",55+
CUST43831619,Lisa Johnson,Other,72,Translator,Divorced,"Chandlerfurt, Maine, 80691",55+
CUST85408146,John Davis,Male,72,Broadcast presenter,Divorced,"East Stephen, Pennsylvania, 47708",55+
CUST37708358,Joshua Salas,Female,72,Lawyer,Widowed,"Sullivanbury, Tennessee, 70730",55+
CUST79174441,Rachel Todd,Male,72,Insurance account manager,Divorced,"East Susanfort, South Dakota, 23906",55+
CUST59988156,Kayla Hampton,Other,72,"Scientist, research (physical sciences)",Single,"Andrewsshire, Maine, 10065",55+
CUST96078765,Michelle Sandoval,Other,72,"Lighting technician, broadcasting/film/video",Divorced,"Carolynmouth, Oklahoma, 27255",55+
CUST52334519,Holly Jones,Male,72,"Designer, multimedia",Divorced,"Lake Melaniehaven, Iowa, 90116",55+
CUST54396483,Lisa Holland,Female,72,Conference centre manager,Divorced,"Lake Edwardburgh, Maine, 06195",55+
CUST55140412,Janet Eaton,Male,72,"Engineer, water",Single,"Lake Kendraview, California, 74710",55+
CUST12991152,Amanda Frank,Other,72,"Teacher, special educational needs",Divorced,"East Joel, Nevada, 42479",55+
CUST87356180,Raymond Morgan,Male,72,Financial manager,Married,"Jenniferview, Oregon, 40185",55+
CUST11944824,John Little,Female,72,Commercial art gallery manager,Married,"Whiteshire, Virginia, 51546",55+
CUST38334480,Lori Sims,Other,72,IT trainer,Single,"Kevinton, Alaska, 10652",55+
CUST08971725,Michael Rivera,Other,72,Purchasing manager,Widowed,"Hectorshire, Tennessee, 94224",55+
CUST66280886,James Gordon,Male,72,Ergonomist,Widowed,"Meyershire, New Jersey, 81606",55+
CUST22020788,Ryan Atkinson,Other,72,Community pharmacist,Single,"Bowmanstad, Virginia, 83997",55+
CUST52530599,Pamela Reed,Other,72,"Engineer, structural",Married,"Sarahberg, Mississippi, 77471",55+
CUST35027813,Krista Ramirez,Male,72,"Education officer, museum",Divorced,"Crawfordborough, Maryland, 76254",55+
CUST83156064,Adam Christian,Other,72,Metallurgist,Divorced,"Jacktown, Tennessee, 06572",55+
CUST80159172,Debbie Ruiz,Male,72,"Conservation officer, historic buildings",Widowed,"New Adambury, Florida, 37403",55+
CUST12596512,Heather Smith,Male,72,"Designer, interior/spatial",Married,"Baldwinside, New Jersey, 48966",55+
CUST35963867,Shannon Baldwin,Male,72,IT trainer,Widowed,"New Steven, Rhode Island, 99437",55+
CUST67185564,Jeffrey Nunez,Female,72,Marine scientist,Widowed,"West Joannabury, Idaho, 41271",55+
CUST06586563,Holly Schneider,Other,72,Production manager,Widowed,"Port Karlaside, South Carolina, 35861",55+
CUST81171278,Dawn Blevins,Other,72,Homeopath,Married,"Jesseland, Kentucky, 09088",55+
CUST68265494,Emily Hess,Other,72,"Accountant, chartered certified",Single,"Michelleland, North Carolina, 41415",55+
CUST49174055,Mitchell Harding,Male,72,Museum/gallery exhibitions officer,Widowed,"Ericchester, Oklahoma, 71096",55+
CUST38042136,Chad Rodriguez,Male,72,"Scientist, marine",Married,"Lake Frankberg, North Dakota, 37146",55+
CUST31608654,Jasmine Wilkerson,Other,72,Chartered loss adjuster,Single,"West Tony, South Carolina, 90307",55+
CUST28700405,Dustin Matthews,Female,72,Management consultant,Married,"Port Ryan, New Mexico, 74019",55+
CUST38077133,Sheri Graham,Male,72,Management consultant,Single,"Longburgh, Delaware, 82575",55+
CUST79452146,John Carter,Male,72,Textile designer,Widowed,"Zavalaside, Arizona, 21275",55+
CUST80919849,Shawn Chavez,Female,72,Theatre stage manager,Married,"North Stephenfurt, Michigan, 52610",55+
CUST31989964,Gina Guzman,Other,72,"Investment banker, operational",Divorced,"Matthewborough, Illinois, 21643",55+
CUST49548724,Dale Holt,Male,72,Geochemist,Widowed,"West Nathanielville, Rhode Island, 05308",55+
CUST24420078,Colin Stevenson,Male,72,Learning disability nurse,Widowed,"Janicehaven, New Mexico, 29857",55+
CUST84381012,Tonya Peterson,Other,72,Social worker,Widowed,"Austinport, Missouri, 28871",55+
CUST12657505,Samuel Mata,Female,72,Furniture conservator/restorer,Divorced,"Woodsfurt, Nebraska, 69430",55+
CUST46783254,Kenneth Joyce,Other,72,Immigration officer,Married,"Harperfort, Louisiana, 78818",55+
CUST06202125,Carrie Smith,Other,72,Commissioning editor,Married,"West Justinview, Colorado, 08547",55+
CUST64209551,Wendy Smith,Male,72,Graphic designer,Married,"Valenzuelaview, Oklahoma, 86639",55+
CUST89780589,Brandon King DDS,Other,72,Tax adviser,Single,"Derekton, Indiana, 15084",55+
CUST23712466,Daniel Barr,Other,72,General practice doctor,Divorced,"Taylortown, Washington, 56361",55+
CUST90658460,Joseph Wright,Male,72,Industrial/product designer,Single,"Lestermouth, South Dakota, 24541",55+
CUST18970316,Anthony Wagner,Other,72,Clinical cytogeneticist,Single,"Davidmouth, Colorado, 59906",55+
CUST14963054,Debbie Perez,Male,72,"Psychologist, educational",Widowed,"Ronaldchester, Wyoming, 46450",55+
CUST44310565,Mary Horn,Male,72,Quarry manager,Widowed,"Lake Janice, South Carolina, 17342",55+
CUST74366528,Wayne Brown,Female,72,"Engineer, site",Divorced,"Lake Debbie, North Carolina, 23387",55+
CUST13259765,Austin Cunningham,Other,72,Records manager,Single,"Pamelaborough, Vermont, 44760",55+
CUST73306457,Lisa Dunlap,Female,72,Lexicographer,Married,"West Kelly, Rhode Island, 20945",55+
CUST95098053,Peter Hartman,Other,72,"Teacher, music",Divorced,"Brownbury, Indiana, 12477",55+
CUST66492734,Eric Jones,Female,72,"Research officer, government",Divorced,"West Lesliebury, Wyoming, 06598",55+
CUST19031216,Tiffany Cameron,Male,72,"Programmer, systems",Married,"Lake Ashleyburgh, New Hampshire, 09981",55+
CUST55558758,Gary Cortez,Female,72,"Production assistant, television",Divorced,"West Shannonhaven, Kentucky, 15418",55+
CUST23286005,Christopher Vasquez,Other,72,Special educational needs teacher,Widowed,"Lake Jennifer, Washington, 81387",55+
CUST34601326,Jonathan Williams,Female,71,Chiropractor,Single,"Gonzalezstad, Washington, 62133",55+
CUST21368637,Bethany Mitchell,Male,71,"Lecturer, higher education",Divorced,"North Timothyberg, New York, 79401",55+
CUST18690485,Larry Oliver,Other,71,Freight forwarder,Single,"Annamouth, Nebraska, 24181",55+
CUST00812258,Michele Walls,Male,71,"Scientist, forensic",Widowed,"Lake Kimberlyborough, Rhode Island, 84950",55+
CUST21771951,David Marks,Other,71,Archaeologist,Married,"Harveyview, North Carolina, 64762",55+
CUST09831274,Kristy Brown,Other,71,Secretary/administrator,Widowed,"Grahamfurt, Washington, 03684",55+
CUST62457391,Jason Gillespie,Female,71,Air broker,Widowed,"New Kimberlyberg, Oklahoma, 96333",55+
CUST14518344,Timothy Hamilton,Other,71,Educational psychologist,Divorced,"Port Sheilahaven, Arizona, 92645",55+
CUST30084599,Andrew Castro,Other,71,Therapeutic radiographer,Divorced,"Chavezmouth, Montana, 02344",55+
CUST62754847,Joshua Ramsey,Other,71,Manufacturing systems engineer,Married,"Williamtown, North Dakota, 08779",55+
CUST28588997,Jessica Maxwell,Female,71,Accommodation manager,Married,"Jonesport, Washington, 61698",55+
CUST75751044,Anthony Jennings,Other,71,Database administrator,Divorced,"New Denisechester, Kentucky, 63700",55+
CUST28636367,Matthew Roberson,Other,71,Systems analyst,Single,"West Joshua, Florida, 96447",55+
CUST24170306,Whitney Burke,Other,71,"Teacher, early years/pre",Married,"Mariashire, Delaware, 83874",55+
CUST12875579,Megan Parker,Male,71,Optometrist,Widowed,"Jessicastad, Washington, 80233",55+
CUST67369093,April Golden,Female,71,Artist,Married,"Davisborough, North Carolina, 47190",55+
CUST39888793,Jennifer Campbell,Female,71,"Engineer, maintenance",Widowed,"Port Bobby, Texas, 45122",55+
CUST70911672,Mr. Craig Gonzalez,Other,71,Insurance broker,Divorced,"North Todd, Rhode Island, 52013",55+
CUST01124142,Daniel Miller,Female,71,"Production assistant, television",Single,"Reedtown, Georgia, 26126",55+
CUST53745798,Sean Singleton,Female,71,Computer games developer,Single,"Hernandezville, Missouri, 20208",55+
CUST57734845,William Kelley,Male,71,Claims inspector/assessor,Married,"New Lauriemouth, Ohio, 43535",55+
CUST21211989,Willie Stein,Other,71,Engineering geologist,Single,"South Frank, Delaware, 64834",55+
CUST91207908,Daryl Thompson,Other,71,"Scientist, clinical (histocompatibility and immunogenetics)",Widowed,"Catherineton, Wyoming, 53548",55+
CUST73991092,Vanessa Smith,Male,71,Wellsite geologist,Single,"North Haroldview, Vermont, 06541",55+
CUST68294082,Amy Rich,Male,71,Bookseller,Married,"Murphyhaven, Wyoming, 91276",55+
CUST48402337,Stacey Wise,Other,71,Paediatric nurse,Single,"Lake Christopher, Washington, 45851",55+
CUST93687795,Tina Chang,Female,71,"Scientist, audiological",Single,"Jackbury, Pennsylvania, 54079",55+
CUST51519356,Kimberly Reyes,Other,71,"Accountant, chartered certified",Married,"North Thomas, Maryland, 45977",55+
CUST63890690,Sheryl Reynolds,Female,71,Paediatric nurse,Divorced,"East Olivia, Nebraska, 81006",55+
CUST86112966,Leah Mendoza,Male,71,Consulting civil engineer,Single,"Allenshire, Louisiana, 20689",55+
CUST27970509,Gabriel Carson,Female,71,Publishing copy,Widowed,"Montgomerybury, Texas, 62481",55+
CUST51004500,Trevor Fisher,Male,71,Interpreter,Married,"Lake Stevenfurt, Georgia, 99907",55+
CUST16700432,Robert Wells,Other,71,Higher education careers adviser,Widowed,"North Tylerton, Hawaii, 16667",55+
CUST56753771,Jeremiah Flores,Female,71,"Surveyor, minerals",Single,"Port Joshua, Arizona, 98134",55+
CUST75125146,Brooke Welch,Other,71,"Production assistant, radio",Married,"Kathrynstad, Missouri, 31896",55+
CUST71954321,James Whitaker,Male,71,Industrial/product designer,Married,"Lake Samantha, Louisiana, 52745",55+
CUST77991218,Tyler Callahan,Other,71,Environmental consultant,Married,"Kathymouth, Illinois, 63393",55+
CUST65274629,Robert Lewis,Other,71,"Education officer, community",Married,"Eileenside, Delaware, 18563",55+
CUST00432697,James Wilcox,Male,71,Water quality scientist,Single,"West Crystal, West Virginia, 10695",55+
CUST47410044,Daniel Olsen,Other,71,"Engineer, energy",Single,"West Deborahburgh, South Carolina, 49789",55+
CUST22262366,Lucas Butler,Other,71,Archivist,Divorced,"North Douglashaven, Wyoming, 74431",55+
CUST67922403,Douglas Andrade,Male,71,Geographical information systems officer,Widowed,"Steveberg, Michigan, 96880",55+
CUST08450980,Melissa Diaz DDS,Male,71,"Nurse, learning disability",Single,"Douglasburgh, Washington, 90188",55+
CUST45712199,Susan Rivers,Male,71,"Solicitor, Scotland",Divorced,"Annettefurt, Indiana, 27293",55+
CUST18629173,Gregory Kennedy,Female,71,Quarry manager,Widowed,"Lake David, Mississippi, 75991",55+
CUST23434217,Elizabeth Thompson,Female,71,Chief Technology Officer,Single,"Reedside, Arkansas, 33379",55+
CUST47003736,Harold Ward,Male,71,Podiatrist,Widowed,"Franciscofurt, West Virginia, 35613",55+
CUST03443636,Jenna Waters,Male,71,"Biochemist, clinical",Single,"Port Coryborough, Florida, 24848",55+
CUST04578025,Amy Green,Other,71,Event organiser,Divorced,"New David, Alaska, 10489",55+
CUST26711431,James Fisher,Other,71,"Embryologist, clinical",Married,"Powellshire, Idaho, 57671",55+
CUST80277031,Mary Hawkins,Female,71,"Producer, radio",Married,"East Lauren, Arkansas, 74718",55+
CUST61609565,Monica George,Male,71,Maintenance engineer,Single,"Pruittland, New Mexico, 15330",55+
CUST94058830,Terri Moran,Other,71,Plant breeder/geneticist,Divorced,"Jadeview, Pennsylvania, 60787",55+
CUST46174055,Elizabeth Haynes,Female,71,Clinical embryologist,Divorced,"Faulknerfort, Vermont, 98411",55+
CUST23849586,Joseph Evans,Female,71,"Engineer, drilling",Divorced,"East Reginahaven, West Virginia, 44090",55+
CUST41142987,Brooke Hodges,Female,71,Industrial buyer,Single,"Sandraburgh, Nebraska, 70787",55+
CUST60507247,David Jones,Other,71,Software engineer,Widowed,"Lake Jenniferport, Wyoming, 29453",55+
CUST30107640,Linda Serrano,Female,71,Hospital pharmacist,Widowed,"South Matthewbury, New York, 82926",55+
CUST25522129,Robert Moore DVM,Male,71,Firefighter,Divorced,"Port Marcus, North Carolina, 43194",55+
CUST75412147,Maria Curry,Male,71,Clinical psychologist,Married,"South Kimberlyview, Idaho, 73998",55+
CUST01249926,Alicia Ward,Male,71,Television floor manager,Married,"Angelafurt, Arkansas, 84848",55+
CUST33484721,Carol Ferrell,Other,71,Dealer,Divorced,"East Wendyland, Utah, 51627",55+
CUST11691929,Susan Wheeler,Other,71,"Optician, dispensing",Widowed,"West Raymond, Wisconsin, 07295",55+
CUST31913528,Andrew Ward,Other,71,Paediatric nurse,Divorced,"Patrickside, Montana, 06944",55+
CUST67943535,Alexa Hernandez,Other,71,Immunologist,Widowed,"Jaredmouth, Idaho, 36705",55+
CUST32005680,Alyssa Alvarez,Female,71,Theatre manager,Married,"East Jessicabury, California, 43113",55+
CUST15129851,Donna Travis,Male,71,Horticultural therapist,Single,"Smithton, Wisconsin, 78571",55+
CUST12497239,Robert Snyder,Male,71,Chief Financial Officer,Married,"Davisburgh, Alabama, 35548",55+
CUST69759024,Michael Wong,Other,71,"Engineer, production",Widowed,"Katrinamouth, South Dakota, 93084",55+
CUST41400658,David Robinson,Other,71,Homeopath,Married,"South Jamesland, Mississippi, 99655",55+
CUST28781223,Emily Gomez,Female,71,Recruitment consultant,Widowed,"Brianatown, Alabama, 83450",55+
CUST19695805,Nancy Hill,Female,71,Firefighter,Divorced,"Andersonton, Virginia, 83465",55+
CUST11675818,Joan Herrera,Other,71,Solicitor,Widowed,"Kellyfort, Massachusetts, 98311",55+
CUST27723093,Theresa Bush,Male,71,Advice worker,Widowed,"Sheltonchester, North Carolina, 87077",55+
CUST34101843,Dale Hill,Other,71,Marine scientist,Single,"Robinport, New Hampshire, 10002",55+
CUST60152089,Bradley Brady,Female,70,"Biochemist, clinical",Widowed,"Smithfurt, Oklahoma, 68527",55+
CUST87082152,Jennifer Miller,Male,70,Civil Service fast streamer,Widowed,"Brownchester, Wyoming, 20968",55+
CUST09893997,Kevin Fuller,Female,70,Clinical cytogeneticist,Married,"New Caitlinfort, New Jersey, 40962",55+
CUST99446623,Charles Melton,Female,70,"Scientist, audiological",Married,"North Mark, Idaho, 32848",55+
CUST58089188,Keith Elliott,Other,70,Health promotion specialist,Married,"Lynnfurt, New Mexico, 68880",55+
CUST23369494,Michael Larson,Other,70,Operations geologist,Single,"Williamburgh, Florida, 18058",55+
CUST18271621,Zachary Austin,Other,70,Pensions consultant,Married,"West Ashleyhaven, California, 77335",55+
CUST51977874,Patrick Wilson,Other,70,"Designer, industrial/product",Widowed,"South Sabrina, Ohio, 56051",55+
CUST29373963,Christopher Obrien,Male,70,"Conservation officer, historic buildings",Married,"Stewartmouth, Vermont, 20755",55+
CUST00479569,Brent Michael,Male,70,Health visitor,Married,"Jonathantown, Michigan, 96524",55+
CUST13298722,Joel Lee,Male,70,Horticultural consultant,Widowed,"Port Aaronchester, Illinois, 65420",55+
CUST91483662,Michael Gill,Female,70,Museum education officer,Widowed,"Lake Michaelmouth, Pennsylvania, 74519",55+
CUST94187297,Sonya Lucas,Female,70,Dance movement psychotherapist,Single,"Charlesberg, Iowa, 69818",55+
CUST03567470,Lisa Wilkins,Male,70,"Programmer, systems",Married,"Paynemouth, Oklahoma, 29937",55+
CUST94551901,Calvin Jones,Other,70,Archivist,Single,"Mirandastad, North Dakota, 61772",55+
CUST27855580,Amber Allen,Other,70,"Lecturer, further education",Widowed,"Lake Shannonton, Louisiana, 20627",55+
CUST23459485,Cindy Cook,Female,70,Claims inspector/assessor,Married,"Tracyport, Nebraska, 98738",55+
CUST67050803,Tracy Hudson,Male,70,Human resources officer,Divorced,"Amberfurt, Maine, 39217",55+
CUST36858276,Stephanie Park,Male,70,Quantity surveyor,Single,"North Brittany, Wisconsin, 00685",55+
CUST22797479,Lori Downs,Female,70,Hydrographic surveyor,Widowed,"Port Isaacport, Mississippi, 42777",55+
CUST47660840,Lance Powell,Female,70,Estate manager/land agent,Married,"West Timothy, South Dakota, 42874",55+
CUST18097402,Tyler Lyons,Other,70,Oceanographer,Married,"West Rachel, Maryland, 77205",55+
CUST11613680,Margaret Bailey,Female,70,Armed forces operational officer,Single,"Lake Joshua, Michigan, 32569",55+
CUST24576061,Dana Smith,Other,70,Contracting civil engineer,Married,"North Michael, Hawaii, 96430",55+
CUST73249285,Rachael Sullivan,Other,70,Software engineer,Widowed,"Lake Ronnie, Massachusetts, 53604",55+
CUST28747234,Joseph Jones,Male,70,Publishing rights manager,Divorced,"North Pamela, New Hampshire, 67300",55+
CUST78842949,Nathaniel Nixon,Male,70,Charity fundraiser,Divorced,"North Kevin, Kentucky, 36649",55+
CUST94158908,Molly Miller,Female,70,Geophysicist/field seismologist,Single,"West Kristenmouth, New York, 68696",55+
CUST54437447,Alex Hogan,Female,70,Arts development officer,Widowed,"Mauricehaven, Rhode Island, 88147",55+
CUST18040436,Amanda Chavez,Female,70,Set designer,Widowed,"Smithburgh, Tennessee, 95264",55+
CUST69247703,Jennifer Lewis,Other,70,Dentist,Single,"West Kellyhaven, Louisiana, 30800",55+
CUST03832304,Maria Mckee,Other,70,Neurosurgeon,Divorced,"South Cindy, Wyoming, 03676",55+
CUST57615018,Kelly Kline,Male,70,"Engineer, automotive",Widowed,"Carterbury, Alaska, 36356",55+
CUST30043178,David Thomas,Male,70,Quarry manager,Widowed,"Allenhaven, Oregon, 25585",55+
CUST88500412,Peter Jones,Other,70,IT consultant,Widowed,"Whitestad, Oregon, 41934",55+
CUST07244824,Brittany Curtis,Other,70,Careers information officer,Divorced,"Michaelstad, Iowa, 65423",55+
CUST89465073,John Harris,Other,70,Newspaper journalist,Married,"South Kevinbury, Arkansas, 26004",55+
CUST68846678,Lisa Kennedy,Female,70,Operational investment banker,Married,"Briggsside, Florida, 31725",55+
CUST27266688,Dawn Fletcher,Other,70,"Engineer, materials",Married,"West Willie, North Carolina, 78244",55+
CUST07634471,George Farrell,Male,70,"Engineer, civil (contracting)",Divorced,"Fosterfurt, Oregon, 30311",55+
CUST91772960,Frank Marshall,Other,70,Herpetologist,Married,"Port Sarashire, North Dakota, 33728",55+
CUST14552268,Paul Brown,Male,70,"Engineer, agricultural",Divorced,"Richardfurt, North Carolina, 58973",55+
CUST81280296,Ryan Robinson,Other,70,Charity officer,Single,"Port Lauren, Kentucky, 02783",55+
CUST25971692,Dawn Moore,Other,70,"Engineer, civil (consulting)",Single,"New Michelle, Georgia, 61131",55+
CUST98599943,Christopher Herring,Other,70,"Engineer, chemical",Single,"South Josebury, Hawaii, 97536",55+
CUST03850539,Heather Farrell,Other,70,Fisheries officer,Widowed,"Lake Kathleenhaven, Texas, 90418",55+
CUST91336546,Douglas Mcbride,Female,70,Product designer,Single,"North Jayhaven, New Hampshire, 37408",55+
CUST28258809,Christopher Richards,Female,70,"Copywriter, advertising",Married,"Lake John, Wyoming, 42166",55+
CUST21836581,April Smith,Other,70,Information officer,Single,"North Jamesland, Florida, 93180",55+
CUST96616775,Margaret Dean,Female,70,Oceanographer,Single,"Lake Michaelmouth, Nevada, 41762",55+
CUST10153348,Tamara Huynh,Male,70,"Pilot, airline",Married,"Dennisview, Iowa, 93609",55+
CUST80482237,George Turner MD,Male,70,Amenity horticulturist,Widowed,"Ricebury, Minnesota, 98921",55+
CUST23563511,Melissa Snyder,Male,70,Arts development officer,Single,"New Tylermouth, Florida, 38817",55+
CUST32555791,Ann Golden,Female,70,Chief Technology Officer,Single,"Dominichaven, Georgia, 55114",55+
CUST74736426,Collin Wheeler,Female,70,Teaching laboratory technician,Single,"East Wesley, California, 21262",55+
CUST58040150,Lauren Jennings,Female,70,"Engineer, manufacturing systems",Single,"East Karen, Nebraska, 83178",55+
CUST94811273,Dawn Mayo,Female,70,"Designer, television/film set",Single,"Singletonshire, Nevada, 06191",55+
CUST09934364,Nicholas Scott,Male,70,Investment analyst,Married,"Tiffanyfort, Alaska, 50484",55+
CUST87720578,Matthew Brooks,Other,70,Trading standards officer,Single,"West Conniechester, Illinois, 32649",55+
CUST32399051,Jeanette Andrews,Male,70,Energy manager,Divorced,"Javierchester, Maryland, 46618",55+
CUST18236210,Jessica Durham,Female,70,Psychiatrist,Divorced,"North Joel, Nebraska, 81215",55+
CUST11219048,Brian Jefferson,Female,70,Human resources officer,Widowed,"East Adamburgh, Louisiana, 18801",55+
CUST31891472,Dr. Melissa Harrington DDS,Male,70,Financial manager,Married,"Lake Adamton, Massachusetts, 51661",55+
CUST37203468,Lisa Braun,Other,70,"Scientist, research (life sciences)",Single,"South Sharonhaven, New Hampshire, 10215",55+
CUST10019824,Kristine Cooper,Female,70,Pathologist,Widowed,"New Natalie, Rhode Island, 61128",55+
CUST58352563,Ashlee Duran,Female,70,"Production assistant, television",Divorced,"Brendabury, Wisconsin, 13856",55+
CUST10983474,Kimberly Simpson,Female,70,Tourism officer,Single,"South Laura, Ohio, 71354",55+
CUST69254691,Anthony Navarro,Male,70,Lexicographer,Widowed,"Port Catherinebury, South Dakota, 93405",55+
CUST41833706,Suzanne Drake,Male,70,Graphic designer,Married,"Grimesbury, Delaware, 61290",55+
CUST18415430,Daniel Ramirez,Other,70,Clinical molecular geneticist,Single,"New Frederickfort, Idaho, 40755",55+
CUST76517467,Shelia Becker,Male,69,Community development worker,Divorced,"North Kimberly, New Hampshire, 49204",55+
CUST88437448,Joshua Thomas,Other,69,Ecologist,Widowed,"Lake Erin, South Carolina, 43528",55+
CUST19968931,Samantha Berry,Female,69,Freight forwarder,Divorced,"Shannonville, Pennsylvania, 41270",55+
CUST52808875,Terry Harmon,Other,69,"Engineer, electrical",Divorced,"Hannahchester, Connecticut, 41016",55+
CUST89207596,James Wolf,Other,69,Health promotion specialist,Divorced,"Veronicahaven, Virginia, 99640",55+
CUST89599370,Kathleen Marsh,Other,69,Chiropodist,Single,"North Mitchell, Massachusetts, 82934",55+
CUST09833504,Corey Simpson,Other,69,Accommodation manager,Divorced,"North Frank, Indiana, 89737",55+
CUST01944550,Heather Clark,Male,69,Estate manager/land agent,Single,"Chanland, North Dakota, 29740",55+
CUST47659468,Edwin Garcia,Male,69,Early years teacher,Married,"Johnsonmouth, Nevada, 35610",55+
CUST78901009,Laura Clark,Male,69,Midwife,Single,"East Melissa, California, 71266",55+
CUST35856100,Valerie Gonzalez,Other,69,Charity officer,Widowed,"West Jefferyhaven, Texas, 02843",55+
CUST64398033,Christina Elliott,Female,69,Research scientist (life sciences),Married,"Lake Phillip, Louisiana, 85880",55+
CUST71215012,Jason Smith,Male,69,"Accountant, chartered public finance",Single,"Mooreside, Kansas, 59465",55+
CUST24021499,Anthony Sandoval,Male,69,Chief Financial Officer,Divorced,"Wagnershire, New Jersey, 49475",55+
CUST57702969,Billy Gill,Female,69,Mining engineer,Widowed,"Fernandezstad, Pennsylvania, 95063",55+
CUST55738104,James Carr,Female,69,"Surveyor, mining",Single,"Lake Sarabury, Tennessee, 65736",55+
CUST92152238,Daniel Gallagher,Male,69,Tax inspector,Single,"Flowersmouth, Louisiana, 87715",55+
CUST55837978,Christina West,Male,69,"Chemist, analytical",Divorced,"North Michael, Oregon, 82754",55+
CUST52057828,Jeremiah Johnson,Male,69,Lobbyist,Divorced,"Estradaton, South Carolina, 25730",55+
CUST58244937,Angela Hall,Male,69,Probation officer,Divorced,"Lake Williammouth, Massachusetts, 40202",55+
CUST91731661,James Ball,Other,69,"Pharmacist, community",Divorced,"Port Daleburgh, Nevada, 11923",55+
CUST04494362,Kayla Allen,Female,69,Heritage manager,Widowed,"Smithfort, Alabama, 47958",55+
CUST86816648,Terry Brown,Other,69,Advertising art director,Divorced,"Port Gabriela, Oregon, 96915",55+
CUST73233081,Suzanne Weber,Male,69,Civil Service fast streamer,Widowed,"Derekbury, Oregon, 82636",55+
CUST92159415,Amber Brown,Female,69,Risk analyst,Single,"Danielbury, California, 68520",55+
CUST90452869,Melinda Tran,Female,69,Careers adviser,Widowed,"Brookefort, Connecticut, 89743",55+
CUST02347590,Adam Yu,Female,69,Nutritional therapist,Married,"South Josephfurt, Wisconsin, 22807",55+
CUST99163226,Kyle Huynh,Male,69,Financial planner,Single,"Trevorland, Connecticut, 48121",55+
CUST87522482,Tracy Reed,Female,69,Software engineer,Widowed,"New Sandyview, Michigan, 45394",55+
CUST86994314,John Moore,Other,69,Financial controller,Married,"Thompsonborough, Maine, 74818",55+
CUST99854756,Briana Davis,Other,69,Politician's assistant,Divorced,"Martinstad, Vermont, 38925",55+
CUST05701299,Christine Wang,Male,69,Mental health nurse,Divorced,"East Seanberg, Missouri, 48477",55+
CUST90718795,Brenda Yu,Other,69,Water engineer,Married,"Bonniehaven, Massachusetts, 25156",55+
CUST37303935,Teresa Richardson,Other,69,Government social research officer,Single,"Sotoland, Iowa, 73285",55+
CUST92649785,Jennifer Smith,Male,69,"Copywriter, advertising",Single,"Emilyfort, Georgia, 44168",55+
CUST76994713,Kimberly Heath,Male,69,Environmental consultant,Widowed,"West Barbara, New Hampshire, 20311",55+
CUST82315883,Tanya Carter,Other,69,Environmental health practitioner,Single,"Calhounhaven, Tennessee, 97789",55+
CUST10390500,Cody Peterson,Other,69,Sports therapist,Widowed,"Grantland, Mississippi, 43545",55+
CUST72249156,Kara Whitehead MD,Male,69,Corporate investment banker,Married,"Spencerton, Mississippi, 42587",55+
CUST05946286,Brian Carroll,Female,69,Geophysical data processor,Married,"New Christyfurt, Delaware, 81512",55+
CUST91103410,Julie Cox,Female,69,"Designer, textile",Widowed,"West Stephen, Missouri, 39734",55+
CUST93246816,Kristen Flores,Male,69,"Teacher, music",Widowed,"Maciaschester, Alabama, 88821",55+
CUST56356363,David Mcbride,Other,69,Fine artist,Married,"Lake Russell, Hawaii, 13053",55+
CUST80574300,Amber Thomas,Female,69,Dance movement psychotherapist,Single,"Robertburgh, West Virginia, 47725",55+
CUST47318206,Justin Tyler,Female,69,Retail banker,Single,"South Jamesshire, Oklahoma, 55362",55+
CUST14633289,Mrs. Nancy Reynolds,Other,69,Charity fundraiser,Married,"New Russellbury, Alabama, 31785",55+
CUST76196467,Samantha Dunn,Female,69,Clinical cytogeneticist,Single,"Lake Matthewchester, Maine, 60958",55+
CUST48697725,Joshua Baker,Other,69,"Education officer, environmental",Widowed,"Erikafurt, Nevada, 43610",55+
CUST19664498,John Vargas,Female,69,Financial controller,Divorced,"Lake Andreafurt, Mississippi, 65806",55+
CUST43107360,Luis Hansen,Other,69,"Doctor, general practice",Married,"Lake Michael, Mississippi, 88058",55+
CUST51541773,Joseph Alexander,Other,69,Estate manager/land agent,Single,"Kevintown, Washington, 63205",55+
CUST04882821,Kathleen Patel,Male,69,"Nurse, adult",Widowed,"Cassandramouth, New Mexico, 65686",55+
CUST64650376,Eric Walker,Other,69,Research scientist (maths),Married,"North James, North Dakota, 01333",55+
CUST18330989,Michelle Weiss,Other,69,Financial risk analyst,Divorced,"West Kelly, Montana, 03301",55+
CUST84943642,Vanessa White,Female,69,"Producer, television/film/video",Widowed,"Williamsfort, Alabama, 97140",55+
CUST82010294,Jeffery Jackson,Female,69,"Doctor, hospital",Married,"Dustinstad, Utah, 11086",55+
CUST67038482,Michael Munoz,Male,69,Prison officer,Widowed,"Lake Martha, Vermont, 97508",55+
CUST50860178,Craig Massey,Other,69,"Buyer, industrial",Divorced,"Julianshire, Oregon, 53996",55+
CUST06243143,Jeff Greer,Other,69,Television/film/video producer,Married,"Lisashire, Alaska, 21811",55+
CUST66233935,Thomas Patterson,Other,69,Paramedic,Married,"Nicolehaven, Virginia, 47577",55+
CUST12072688,James Reyes,Male,69,Chiropractor,Divorced,"North Josephbury, Montana, 03392",55+
CUST43937067,Dr. Wyatt Riley,Male,69,Social worker,Widowed,"Frosthaven, Virginia, 16117",55+
CUST59590365,Todd Burton,Male,69,"Engineer, technical sales",Single,"South Jill, Iowa, 86785",55+
CUST87322138,Rachel Mills,Male,69,Senior tax professional/tax inspector,Widowed,"Maxwellburgh, Virginia, 24149",55+
CUST38808506,Lindsey Daniels,Female,69,"Designer, industrial/product",Married,"New Johnborough, Louisiana, 48811",55+
CUST24362200,Bailey Walker,Other,69,Architectural technologist,Single,"Peterview, South Carolina, 83645",55+
CUST96159281,Diana Hill,Female,69,Social worker,Married,"Jacobmouth, Connecticut, 51594",55+
CUST06110068,Gary Nielsen,Other,68,"Engineer, electronics",Divorced,"Seanfurt, Massachusetts, 75952",55+
CUST11880572,David Edwards,Female,68,Medical technical officer,Divorced,"Port Karafort, Virginia, 84930",55+
CUST74587919,Wesley Cunningham,Female,68,Event organiser,Divorced,"Jeffreybury, California, 68416",55+
CUST73939021,James Brewer,Male,68,Occupational psychologist,Widowed,"Port Johnnyview, North Dakota, 49233",55+
CUST88072369,Brandon Barrett,Female,68,Barista,Divorced,"New Angelica, Alabama, 04834",55+
CUST82620898,Anna Torres,Other,68,"Pharmacist, hospital",Divorced,"Lake Michael, Missouri, 99877",55+
CUST44428936,Dwayne Gonzalez,Female,68,Quarry manager,Widowed,"Justinberg, Wyoming, 16158",55+
CUST41856556,Darin Tapia,Other,68,Site engineer,Divorced,"Prestonville, Nevada, 49583",55+
CUST09909701,Lisa Hansen,Male,68,Insurance broker,Divorced,"Farrellfort, Mississippi, 29387",55+
CUST14534482,Dustin Taylor,Female,68,Chief of Staff,Single,"Lake David, Vermont, 35328",55+
CUST54696882,Michael Jackson,Female,68,Legal secretary,Married,"Port Christophertown, Arkansas, 25222",55+
CUST51314421,Heather Lee,Female,68,"Librarian, public",Single,"East Tiffany, Illinois, 25144",55+
CUST09670639,Mrs. Priscilla Turner,Female,68,Visual merchandiser,Widowed,"North Trevorton, Alaska, 20909",55+
CUST48448849,Amanda Powell MD,Male,68,Television/film/video producer,Widowed,"Lake Jacqueline, Nebraska, 72709",55+
CUST79570666,Ashley Allison,Male,68,Event organiser,Married,"West Christopher, Georgia, 31348",55+
CUST49489136,Steven Collins,Female,68,Trading standards officer,Married,"East Brittany, Georgia, 31217",55+
CUST38434250,Jose Buck,Other,68,Orthoptist,Widowed,"East Joshuafort, Arizona, 64536",55+
CUST57206169,Donald Dawson,Male,68,"Conservator, furniture",Married,"Port Zacharyfurt, Oklahoma, 02977",55+
CUST82819347,Mary Erickson,Male,68,"Surveyor, insurance",Single,"South Saraside, Tennessee, 69408",55+
CUST63724678,Matthew Sanchez,Other,68,Ranger/warden,Single,"Avilamouth, North Dakota, 99447",55+
CUST05922959,Cynthia Moreno,Male,68,"Scientist, water quality",Single,"Cooperberg, Iowa, 94219",55+
CUST84406339,Richard Mendoza,Other,68,"Sales professional, IT",Single,"North Janetchester, Georgia, 24551",55+
CUST33813351,Karen Logan,Female,68,Copy,Single,"Anthonymouth, West Virginia, 31091",55+
CUST39107177,Olivia Brown,Male,68,Child psychotherapist,Single,"South Josephfort, New Hampshire, 77196",55+
CUST55343170,Bonnie Clark,Female,68,Banker,Divorced,"Fisherborough, Kentucky, 72682",55+
CUST84162614,Cynthia Wheeler MD,Female,68,Chartered certified accountant,Single,"Danielside, West Virginia, 96037",55+
CUST69996641,Joseph Dillon,Female,68,Horticultural therapist,Divorced,"New Derrick, Kentucky, 24585",55+
CUST20900154,Laurie Hill,Female,68,"Pharmacist, hospital",Married,"Thomasmouth, Hawaii, 55459",55+
CUST94093064,Cheryl Farmer,Other,68,Radiation protection practitioner,Widowed,"Fernandofort, Florida, 75019",55+
CUST79785817,James Perez,Female,68,"Scientist, physiological",Divorced,"Port Brianmouth, Wisconsin, 28889",55+
CUST85403439,Frances Collins,Female,68,Heritage manager,Widowed,"Alexaberg, Connecticut, 82333",55+
CUST34809475,Heather Norris,Female,68,Economist,Divorced,"New Mary, New York, 07509",55+
CUST68137244,Michael Martin,Other,68,Secondary school teacher,Divorced,"Lake Sheri, Washington, 17127",55+
CUST64567811,Olivia Rich,Other,68,Hydrographic surveyor,Single,"Nicolehaven, South Dakota, 75975",55+
CUST95152808,Patrick White,Other,68,Further education lecturer,Single,"North Randallland, Rhode Island, 25447",55+
CUST37495079,Madison Rush,Other,68,Ranger/warden,Married,"Lake Alyssa, Pennsylvania, 31895",55+
CUST74684366,Aaron Freeman,Male,68,Ranger/warden,Widowed,"North Cynthiaberg, Connecticut, 81411",55+
CUST61536104,Karen Wallace,Male,68,"Administrator, Civil Service",Divorced,"Jasonfort, Minnesota, 88119",55+
CUST96263683,Sandra Morgan,Female,68,"Horticulturist, commercial",Widowed,"Shannonberg, Iowa, 46223",55+
CUST01848800,Melissa Perez,Female,68,Claims inspector/assessor,Single,"New Kimberlyhaven, Arizona, 34603",55+
CUST85581495,Christopher Moore,Female,68,"Administrator, arts",Married,"Philipburgh, Wyoming, 88899",55+
CUST51835889,Justin Davenport,Female,68,"Engineer, civil (contracting)",Single,"Alvarezmouth, Iowa, 01596",55+
CUST36435805,Marcus Coleman,Male,68,"Accountant, chartered",Divorced,"Keyburgh, West Virginia, 16109",55+
CUST32114499,Gerald Larson,Male,68,"Engineer, manufacturing",Single,"Juliaside, Montana, 33100",55+
CUST69898712,Phillip Castro,Female,68,Call centre manager,Widowed,"Port Michaelshire, South Carolina, 62906",55+
CUST50775418,Erin Kelly,Male,68,Acupuncturist,Married,"New John, Wyoming, 04254",55+
CUST89826348,Stephanie Macias,Other,68,Structural engineer,Single,"North Jason, Oklahoma, 30507",55+
CUST47990227,Richard Davis,Other,68,"Nurse, learning disability",Single,"Caseyburgh, Minnesota, 76314",55+
CUST65710291,Paul Hernandez Jr.,Other,68,Insurance underwriter,Married,"Lake Keith, Massachusetts, 93348",55+
CUST09142065,Mary Jones,Female,68,Actuary,Widowed,"East Katherinefort, New Jersey, 22011",55+
CUST59576188,Jasmine Gray,Other,68,Press photographer,Single,"West Gloriatown, Delaware, 79814",55+
CUST51393697,Vanessa Peterson,Female,68,"Horticulturist, commercial",Married,"Meganfort, Arizona, 15665",55+
CUST62906519,Caleb Atkinson,Other,68,Jewellery designer,Married,"Singletonfort, Maryland, 94686",55+
CUST17269052,Rachael Hall,Other,68,Retail merchandiser,Widowed,"Stricklandmouth, Indiana, 61136",55+
CUST29927607,Cindy Simmons,Male,68,Geochemist,Divorced,"Williamburgh, Kansas, 88355",55+
CUST22335312,Michael Newman,Other,68,Museum/gallery exhibitions officer,Widowed,"Morenofort, New York, 85463",55+
CUST22135451,Cody Weaver,Male,68,Occupational hygienist,Divorced,"Jordanland, Florida, 69079",55+
CUST44465471,Rebecca Santos,Other,68,Magazine features editor,Divorced,"South Roseshire, Arkansas, 55818",55+
CUST34411878,Scott Clayton,Female,68,Environmental health practitioner,Widowed,"West Mollyton, Arkansas, 15137",55+
CUST11892933,Eddie Smith,Female,68,"Surveyor, rural practice",Divorced,"Port Jamesville, Washington, 71470",55+
CUST37922598,Ms. Jessica Haynes,Other,68,Manufacturing engineer,Single,"New Morgan, Montana, 44274",55+
CUST51986851,Willie Vargas,Female,68,Counselling psychologist,Widowed,"Port Kevin, Hawaii, 53373",55+
CUST41950788,Brandon Lara,Other,68,Oncologist,Single,"Lake Alan, Colorado, 82482",55+
CUST14765095,Kayla Turner,Female,68,Midwife,Single,"Erichaven, South Carolina, 66142",55+
CUST18828818,Erin Bryan,Male,68,"Editor, commissioning",Widowed,"Davidshire, Arizona, 35883",55+
CUST15223833,Cynthia Graham,Female,68,"Programme researcher, broadcasting/film/video",Divorced,"Walkerton, Georgia, 12186",55+
CUST95823518,Heather Ware,Male,68,Tree surgeon,Widowed,"North Rebecca, Hawaii, 15677",55+
CUST24433893,Samuel Jones,Female,68,Physiological scientist,Widowed,"Hillton, Connecticut, 61837",55+
CUST21409946,Elaine Cruz,Female,68,Architect,Widowed,"North Sarah, Indiana, 24917",55+
CUST50344731,Katie Stone,Other,68,Water engineer,Divorced,"East Christinatown, Louisiana, 90924",55+
CUST55240096,Robert Sims IV,Female,68,Social worker,Married,"Lake Charles, Washington, 20309",55+
CUST62677183,Tyler Osborn,Female,68,Health physicist,Single,"Port Ashley, Michigan, 59905",55+
CUST85015707,Robin Martinez,Other,68,Commercial/residential surveyor,Married,"New Allisonstad, Washington, 93147",55+
CUST86360336,Robin West,Female,68,Commercial horticulturist,Married,"Port Samuel, South Carolina, 88621",55+
CUST42052844,Lori Hancock,Female,68,Intelligence analyst,Divorced,"North Michael, Hawaii, 81347",55+
CUST51571167,Cameron Evans,Male,68,"Engineer, automotive",Widowed,"Johnsonborough, Oregon, 04421",55+
CUST49630503,Sandra Davidson,Female,68,Facilities manager,Married,"Deborahfort, Kansas, 71081",55+
CUST86463166,Brittany Hinton,Male,67,Ranger/warden,Divorced,"New Richard, Utah, 55975",55+
CUST17787169,Ashley Lam DDS,Other,67,"Engineer, drilling",Divorced,"Kimberlyhaven, Rhode Island, 61066",55+
CUST28760002,Garrett Brooks,Female,67,Quantity surveyor,Widowed,"Brandiberg, Alabama, 72999",55+
CUST68710759,Corey Watson PhD,Male,67,Primary school teacher,Divorced,"Gonzalesmouth, New Jersey, 09325",55+
CUST49025513,Edward Stokes,Other,67,Learning disability nurse,Married,"Melissafurt, Montana, 76359",55+
CUST84595409,Jonathan Cox,Other,67,Marine scientist,Widowed,"New Ryanville, Vermont, 03742",55+
CUST23869208,Robert Marshall,Other,67,Medical laboratory scientific officer,Married,"Laurenmouth, Michigan, 32750",55+
CUST20971269,Danny Morris,Male,67,"Engineer, communications",Widowed,"New Amy, Texas, 65588",55+
CUST10707898,Allen Brown,Male,67,Child psychotherapist,Married,"Harperland, Indiana, 51937",55+
CUST96653745,Eric Nelson,Other,67,Counsellor,Married,"Laneburgh, Massachusetts, 29269",55+
CUST20533795,Corey Mccarty,Female,67,Drilling engineer,Widowed,"West Peterborough, North Carolina, 69242",55+
CUST07901407,Holly Crane,Female,67,Management consultant,Single,"Port Amberchester, Louisiana, 48296",55+
CUST00642191,Andrew Brown,Female,67,Conference centre manager,Single,"South Christopher, Louisiana, 81689",55+
CUST75890768,Shannon Hunter,Male,67,Naval architect,Divorced,"South Heidimouth, North Dakota, 96749",55+
CUST50219386,Anthony Huerta,Female,67,"Engineer, energy",Married,"East Kevinton, Kansas, 68467",55+
CUST65918437,Daniel Kelley,Female,67,Herbalist,Widowed,"West Ashleyland, Illinois, 43173",55+
CUST48533417,Brittney Black,Male,67,Ship broker,Married,"Port Josephland, Minnesota, 58598",55+
CUST32886124,Amanda Anderson,Female,67,Broadcast presenter,Married,"Jameshaven, Maryland, 24985",55+
CUST45968172,Glenn Taylor,Other,67,Electronics engineer,Divorced,"South Wendyview, Kansas, 91399",55+
CUST74780040,Kathryn Johnson,Female,67,"Geologist, engineering",Married,"Sullivanborough, Delaware, 03854",55+
CUST46386527,Brian Johnston,Other,67,"Engineer, electrical",Married,"West Donald, California, 83686",55+
CUST37492721,Christopher Mann,Male,67,Control and instrumentation engineer,Divorced,"Lake Sharonmouth, Wisconsin, 90461",55+
CUST81135917,Megan Levine,Male,67,Administrator,Widowed,"East Theresastad, Hawaii, 43747",55+
CUST31123525,Christina Schmidt,Other,67,Conference centre manager,Single,"Davidborough, Maine, 90779",55+
CUST23764049,Michelle Graves,Male,67,Communications engineer,Married,"Smithville, North Carolina, 96754",55+
CUST96817699,Andre Wall,Other,67,Advertising art director,Widowed,"New Davidview, Wyoming, 19610",55+
CUST91933662,Brittney Lopez,Other,67,"Teacher, adult education",Single,"Port Jonathan, Idaho, 35855",55+
CUST40565364,Elizabeth Cordova,Female,67,"Runner, broadcasting/film/video",Single,"Danielport, Tennessee, 15317",55+
CUST41446038,Catherine Jones,Male,67,Actor,Widowed,"West Brendaland, Hawaii, 06299",55+
CUST08277294,Matthew Woods,Other,67,Systems analyst,Married,"Port Brian, Indiana, 49439",55+
CUST87488232,Justin Coleman,Female,67,Media buyer,Married,"Rochastad, Iowa, 61086",55+
CUST54958991,John Moore,Male,67,Patent attorney,Married,"West Jamie, Idaho, 08513",55+
CUST15768203,Zachary Bradley,Female,67,Probation officer,Widowed,"New James, New Mexico, 93438",55+
CUST45353942,Ryan Steele,Male,67,Lexicographer,Widowed,"North Kristichester, North Dakota, 58840",55+
CUST85786531,Mark Cruz,Other,67,Architect,Married,"Marcside, Utah, 11209",55+
CUST29369671,Bethany Kennedy,Male,67,International aid/development worker,Single,"East Morganchester, Rhode Island, 59404",55+
CUST89642786,Benjamin Martinez,Female,67,Video editor,Married,"Hillland, Ohio, 76929",55+
CUST29312542,Robert Martin,Female,67,"Nurse, learning disability",Widowed,"Lake Christopher, New Jersey, 31354",55+
CUST51372892,Roger Bruce,Male,67,Field trials officer,Divorced,"Hollymouth, Florida, 45581",55+
CUST28568796,Casey Hobbs,Male,67,Immigration officer,Married,"Port Christinaport, Massachusetts, 22406",55+
CUST47723419,Susan Griffin,Male,67,Recruitment consultant,Divorced,"Harrisview, Indiana, 96571",55+
CUST48566967,Adam Grant,Female,67,Transport planner,Divorced,"North Kayla, Illinois, 42001",55+
CUST88406986,Timothy Mendoza,Male,67,Geophysicist/field seismologist,Divorced,"Coxborough, Arizona, 02223",55+
CUST12346559,Cody Torres,Female,67,Technical author,Divorced,"West Bradville, Connecticut, 92703",55+
CUST11781657,Katelyn Foster,Other,67,Restaurant manager,Married,"Nancychester, Minnesota, 02389",55+
CUST29454283,Antonio Middleton,Other,67,Public house manager,Single,"Kristitown, Iowa, 94327",55+
CUST93873199,Eric Smith,Male,67,Retail merchandiser,Divorced,"Oscarmouth, Colorado, 80330",55+
CUST81575154,Michelle Farmer,Male,67,"Surveyor, commercial/residential",Divorced,"East Joshuaside, Utah, 23656",55+
CUST06028852,Elizabeth Martin,Male,67,Diagnostic radiographer,Married,"Lake Amanda, Indiana, 91591",55+
CUST93810352,Lisa West,Other,67,Chiropodist,Widowed,"Andreafurt, Nevada, 93777",55+
CUST82112721,Amy Hull,Other,67,Recycling officer,Single,"South Kristinborough, West Virginia, 73672",55+
CUST66793939,Colin Buckley,Male,67,Copy,Single,"Larsonburgh, Virginia, 20509",55+
CUST35619691,Jeremy Webb,Male,67,Software engineer,Married,"Stevenport, Montana, 28065",55+
CUST28672718,Joshua Rubio,Male,67,"Engineer, electronics",Widowed,"Beckburgh, New Mexico, 80952",55+
CUST69109836,Eddie Baker,Female,67,Phytotherapist,Divorced,"New Michael, Massachusetts, 63382",55+
CUST01418216,Jason Butler,Other,67,Sports coach,Single,"West Sarahfurt, Connecticut, 92569",55+
CUST36037637,Natalie Wilson,Female,67,Sport and exercise psychologist,Single,"Christophermouth, Colorado, 55214",55+
CUST79495197,Bryan Morton,Female,67,Maintenance engineer,Widowed,"North Jamesshire, Nebraska, 12482",55+
CUST91596645,Kyle Hernandez,Other,67,Office manager,Single,"Garciabury, New Mexico, 96062",55+
CUST60937461,Michelle Shields,Male,67,"Restaurant manager, fast food",Single,"Lake Carla, Pennsylvania, 79615",55+
CUST27217730,Brian Lambert,Other,67,Medical physicist,Divorced,"New Lindahaven, New Mexico, 84921",55+
CUST62219285,Lisa Martin,Male,67,Transport planner,Divorced,"Tateland, New Jersey, 20456",55+
CUST74763299,James Cooper,Male,67,"Conservator, museum/gallery",Divorced,"Brendaberg, Wyoming, 58141",55+
CUST63507643,Lynn Madden,Female,67,Fisheries officer,Divorced,"Port Bryan, South Carolina, 37979",55+
CUST57313567,Wayne Lynch,Male,67,Sport and exercise psychologist,Single,"Lake Christopher, Missouri, 74873",55+
CUST68846653,Kaitlyn Zuniga,Female,67,Systems analyst,Single,"Smithport, New Mexico, 09038",55+
CUST39739079,Larry Johnson,Other,67,Commercial art gallery manager,Single,"Griffintown, Oklahoma, 23076",55+
CUST79493853,Tracy Brown,Other,67,IT consultant,Married,"Sydneymouth, Indiana, 44072",55+
CUST07733586,William Roberts,Male,66,Nutritional therapist,Divorced,"West Danny, Washington, 31919",55+
CUST42711609,James Williams,Male,66,Dispensing optician,Single,"Samanthaland, Nebraska, 07579",55+
CUST87416975,Malik Gardner,Male,66,"Scientist, physiological",Divorced,"North Ashleyton, Mississippi, 24070",55+
CUST01733154,Haley Rowe,Male,66,Electronics engineer,Single,"South Marcus, Alaska, 49300",55+
CUST20768799,Kristina Flynn,Other,66,Camera operator,Married,"New Kimberlyville, Illinois, 13622",55+
CUST82201328,Mallory Lester,Male,66,Musician,Widowed,"Lake Mistyborough, South Carolina, 98592",55+
CUST56770933,Christian Harris,Male,66,Technical sales engineer,Single,"Port Leslie, Louisiana, 39148",55+
CUST90930392,Carrie Nolan,Female,66,Hospital pharmacist,Divorced,"Travismouth, Hawaii, 32478",55+
CUST02182978,Matthew Craig,Male,66,Commissioning editor,Widowed,"Lake Aliciaville, Oregon, 99378",55+
CUST82268881,Susan Johnson,Female,66,Warehouse manager,Divorced,"East Rachel, Washington, 44042",55+
CUST29825981,John Griffin,Female,66,"Engineer, automotive",Single,"Jamiemouth, New Mexico, 21911",55+
CUST48587649,Robert Peters,Male,66,Sports development officer,Widowed,"East Peter, California, 64013",55+
CUST22702384,Paul Russo,Male,66,Local government officer,Divorced,"Amyton, Arkansas, 49217",55+
CUST78772723,Sharon Lawrence,Other,66,Environmental education officer,Single,"Rosebury, West Virginia, 02890",55+
CUST72855914,Russell Diaz,Male,66,Company secretary,Divorced,"Kirbystad, Rhode Island, 65833",55+
CUST59334083,Tammy Cooper,Female,66,Astronomer,Widowed,"Port Michellemouth, Massachusetts, 70915",55+
CUST72258548,Holly Moody,Female,66,Psychiatric nurse,Divorced,"Buckton, Michigan, 36853",55+
CUST75160821,Eric Ruiz Jr.,Male,66,Fitness centre manager,Married,"West Justinburgh, Texas, 39628",55+
CUST57843657,Todd Martin,Other,66,Community pharmacist,Widowed,"East Paulfurt, Arizona, 60516",55+
CUST79020693,Samantha Ball,Female,66,Actuary,Single,"Port Johnny, Georgia, 95789",55+
CUST36877230,Vicki Brown,Female,66,Minerals surveyor,Single,"Carterville, New Hampshire, 72021",55+
CUST37096088,Dylan Johnston,Other,66,"Administrator, sports",Divorced,"Fosterberg, Washington, 63322",55+
CUST98398273,Jonathan Cortez,Other,66,Passenger transport manager,Single,"Williamsview, Wisconsin, 73999",55+
CUST58722551,Sara Wood,Other,66,Magazine journalist,Divorced,"South Aaronshire, New Mexico, 45000",55+
CUST16823650,Mary Clark,Male,66,Visual merchandiser,Divorced,"Brownburgh, Tennessee, 20872",55+
CUST27280279,Gina Shepherd DVM,Other,66,Therapeutic radiographer,Divorced,"Amyland, Alabama, 27646",55+
CUST75905194,Carolyn Moore,Other,66,"Nurse, learning disability",Married,"Port Anthonytown, Missouri, 63141",55+
CUST23441524,George Hart,Male,66,Midwife,Married,"West Melissa, Utah, 51553",55+
CUST78331193,Jennifer Grant,Female,66,Veterinary surgeon,Married,"Randallshire, Louisiana, 34816",55+
CUST23383512,Melanie Jones,Male,66,Pension scheme manager,Widowed,"Steventon, Ohio, 58331",55+
CUST11208271,Frank Morgan,Male,66,Sales promotion account executive,Married,"Smithmouth, Connecticut, 37044",55+
CUST39775134,Anthony Conley,Male,66,Television/film/video producer,Single,"Alexandraborough, Maryland, 52884",55+
CUST77150362,Michele Mccoy,Male,66,"Sales professional, IT",Married,"Nelsonshire, Illinois, 11978",55+
CUST26089492,Mary Peterson,Male,66,"Engineer, petroleum",Widowed,"Joseton, Kentucky, 05516",55+
CUST57794400,Larry Cooper,Female,66,Estate manager/land agent,Divorced,"Herreraside, Iowa, 46550",55+
CUST66138314,Anthony Clark,Female,66,"Engineer, chemical",Divorced,"New Stevenfort, Ohio, 46837",55+
CUST04808502,Betty Sanchez,Male,66,Photographer,Divorced,"Hollystad, Alabama, 41791",55+
CUST29828643,Heather Prince,Other,66,Dancer,Single,"Port Juan, Kentucky, 39015",55+
CUST89088996,Heather Walls,Male,66,Print production planner,Single,"Sharonfort, North Dakota, 74634",55+
CUST60187719,Seth Moore,Male,66,Travel agency manager,Married,"Ericton, Utah, 52998",55+
CUST57742100,Keith Young,Other,66,Automotive engineer,Married,"Acevedomouth, Maine, 36342",55+
CUST37675022,Kathleen Parker,Female,66,"Pilot, airline",Single,"Tiffanyport, Wyoming, 07152",55+
CUST98802186,John Quinn,Other,66,Politician's assistant,Married,"New Jamie, Iowa, 30900",55+
CUST22119215,David Hensley,Female,66,"Therapist, sports",Single,"Lopezmouth, California, 44415",55+
CUST80257562,Harold Davis,Female,66,Theatre director,Widowed,"Port Christina, Pennsylvania, 74646",55+
CUST48484204,Joshua Smith,Other,66,Building services engineer,Married,"Craigstad, Washington, 19949",55+
CUST93838725,Ms. Shannon Jones DVM,Female,66,Agricultural engineer,Single,"Stevenstad, Montana, 55380",55+
CUST16076525,Deborah Jensen,Male,66,Accommodation manager,Widowed,"Proctorport, Vermont, 67645",55+
CUST48998448,Valerie Mcclure,Female,66,"Designer, jewellery",Divorced,"West Richardton, Idaho, 47824",55+
CUST09474103,Robert Newton,Other,66,Banker,Married,"Jacobshaven, Virginia, 87550",55+
CUST11859126,Keith Jackson,Other,66,Air broker,Divorced,"Lopezborough, Idaho, 34556",55+
CUST46129994,Adam Johnson,Male,66,Youth worker,Divorced,"Victormouth, North Dakota, 05811",55+
CUST68206150,Pamela Hall,Other,66,"Designer, television/film set",Widowed,"South Justinshire, Washington, 50488",55+
CUST64085031,Michael Campbell,Female,66,Contractor,Divorced,"Singhmouth, New Hampshire, 50348",55+
CUST58439547,Wendy Sosa,Male,66,Museum/gallery curator,Married,"Charlestown, Vermont, 46421",55+
CUST35647603,Joshua Howell,Male,66,"Programmer, multimedia",Married,"North Jenny, Delaware, 15260",55+
CUST49254792,Kayla Jones,Other,66,Stage manager,Single,"East Amy, North Carolina, 19314",55+
CUST79268365,Victoria Levy,Male,66,Media buyer,Divorced,"Port Michaelmouth, Minnesota, 68502",55+
CUST12471766,Heather Williams,Other,66,Furniture conservator/restorer,Single,"New Matthew, Minnesota, 34145",55+
CUST49077065,Mary Silva,Other,66,Special educational needs teacher,Widowed,"Garciafurt, Ohio, 19113",55+
CUST12356539,Jennifer Garcia,Male,66,Marine scientist,Divorced,"Sullivanbury, Oklahoma, 43667",55+
CUST41756964,Chad Barker,Male,66,Clothing/textile technologist,Widowed,"Johnchester, North Carolina, 48859",55+
CUST85641775,Christina Price MD,Other,66,"Accountant, chartered management",Widowed,"Christopherburgh, Massachusetts, 69583",55+
CUST84041769,Elizabeth Davis,Other,66,"Psychologist, educational",Single,"Beasleyland, Illinois, 63431",55+
CUST29674885,Rebecca Mitchell,Other,66,Maintenance engineer,Single,"Danielville, Alaska, 09785",55+
CUST26574815,David Holmes,Other,66,Insurance underwriter,Divorced,"Port Kristen, North Carolina, 46972",55+
CUST98685717,Kathleen Stark,Female,65,IT trainer,Married,"Boltonborough, Ohio, 80424",55+
CUST87469836,Carlos Knight,Male,65,Make,Divorced,"South Paulabury, New Mexico, 50538",55+
CUST85881033,Maria Powell,Male,65,"Editor, film/video",Divorced,"Port Jennifer, Indiana, 84032",55+
CUST05189529,Brandy Dickson,Male,65,Lawyer,Single,"North Bob, Ohio, 21817",55+
CUST15783123,John Arnold,Male,65,Photographer,Divorced,"East Cindy, Connecticut, 44073",55+
CUST02577654,Sarah Wright,Male,65,Toxicologist,Widowed,"Colonfurt, Massachusetts, 59732",55+
CUST35285680,Christopher Stevens MD,Female,65,Quarry manager,Married,"North John, Illinois, 79181",55+
CUST91208173,Melissa Burns,Other,65,Waste management officer,Married,"Briannachester, Connecticut, 98390",55+
CUST28007772,Steven Hill,Female,65,Operational investment banker,Divorced,"East Wanda, Tennessee, 81740",55+
CUST35002588,Lynn Moore,Other,65,Financial adviser,Widowed,"South Patrick, Arkansas, 69979",55+
CUST29540063,Haley Garrett,Other,65,Financial trader,Widowed,"South Amychester, West Virginia, 52601",55+
CUST86399059,George Rose DVM,Other,65,Chiropractor,Widowed,"East Robertfurt, Minnesota, 04874",55+
CUST81462168,Dana Randall,Female,65,"Horticulturist, commercial",Divorced,"New Johnnyton, Kentucky, 14454",55+
CUST77764913,Mercedes Rice,Male,65,Ship broker,Single,"Jeremyside, California, 58995",55+
CUST41102551,Kenneth Kemp,Female,65,"Programmer, multimedia",Single,"Josephfort, Wyoming, 96470",55+
CUST16141978,Roy Mckinney,Other,65,Museum/gallery curator,Single,"Kennethbury, Arizona, 20688",55+
CUST86481571,Brian Wilson,Female,65,"Buyer, industrial",Single,"Teresaburgh, North Dakota, 51492",55+
CUST47397239,Daniel Ramsey,Other,65,"Programmer, multimedia",Widowed,"Port Laurieport, New Jersey, 32980",55+
CUST59408491,Andrew Rush,Male,65,Soil scientist,Widowed,"New Suzanne, Mississippi, 61747",55+
CUST87100488,Danielle Lee,Female,65,Proofreader,Single,"North Brianside, Oklahoma, 42469",55+
CUST03270522,Spencer Bruce,Female,65,Horticultural therapist,Widowed,"Jenkinsberg, Arkansas, 93122",55+
CUST18647774,Larry Green,Other,65,"Conservator, museum/gallery",Married,"Port Jocelyn, Arizona, 82423",55+
CUST96220731,Erika Bass,Male,65,Historic buildings inspector/conservation officer,Single,"Browningfort, Alaska, 02622",55+
CUST57317920,Cindy Thomas,Other,65,Plant breeder/geneticist,Divorced,"Tuckerfort, North Carolina, 84338",55+
CUST97427667,Cody Mitchell,Other,65,Newspaper journalist,Single,"Aguilarside, New Hampshire, 23503",55+
CUST42396979,Joseph Lee,Other,65,Radio broadcast assistant,Married,"Williamstown, California, 31564",55+
CUST37540848,Terry Key,Female,65,"Social research officer, government",Widowed,"Murphyfort, Massachusetts, 65830",55+
CUST60006624,Susan Cabrera,Male,65,Accounting technician,Divorced,"Timothyview, Nevada, 92991",55+
CUST19220123,Michael Rodgers,Female,65,"Engineer, structural",Married,"Molinahaven, Indiana, 84015",55+
CUST89223085,Suzanne Garcia,Other,65,Ship broker,Married,"South Ginaside, Texas, 02432",55+
CUST89659415,Stephanie Johnson,Other,65,"Accountant, chartered public finance",Single,"East Toddtown, Oregon, 27845",55+
CUST04681671,Jose Reyes,Female,65,Pathologist,Divorced,"Shannonhaven, Maine, 84521",55+
CUST31810272,Heather Adams,Female,65,Photographer,Widowed,"Christopherbury, Illinois, 94064",55+
CUST99491156,Joe Parker,Male,65,Veterinary surgeon,Divorced,"East Craigview, Virginia, 18271",55+
CUST25696738,Zoe White,Male,65,Cartographer,Widowed,"Nguyenberg, New Mexico, 31131",55+
CUST79086850,Elizabeth Jones,Male,65,"Therapist, music",Single,"West Victor, Hawaii, 22145",55+
CUST37116790,Paula Griffith,Female,65,"Chemist, analytical",Divorced,"East Jenniferchester, Washington, 92671",55+
CUST98026519,Diana Adams,Male,65,Applications developer,Divorced,"West Joshua, Minnesota, 58574",55+
CUST40183908,Darren Wilson,Male,65,Water quality scientist,Married,"Oliverberg, Texas, 26564",55+
CUST42907501,Jeffery Thomas,Female,65,"Engineer, communications",Married,"Port Andreamouth, West Virginia, 06781",55+
CUST43341884,Daniel Collins,Female,65,Toxicologist,Married,"Lake Paul, Minnesota, 72198",55+
CUST11501466,Terry Lopez,Male,65,Technical author,Single,"Kingburgh, Minnesota, 74729",55+
CUST51004971,Michelle Mitchell,Other,65,Emergency planning/management officer,Married,"Jerryhaven, Missouri, 10602",55+
CUST00547129,Nicole Alexander,Female,65,Production manager,Divorced,"Thomasmouth, West Virginia, 88330",55+
CUST49648749,Samuel Oliver,Male,65,Health visitor,Widowed,"Kruegerborough, Iowa, 62379",55+
CUST36502944,Melissa Miller,Female,65,Fitness centre manager,Married,"South Suzanneside, California, 24167",55+
CUST44151713,Kerry Torres,Female,65,Forest/woodland manager,Divorced,"Lake Isaiah, Alabama, 78376",55+
CUST52954499,Connie Carter,Female,65,Special educational needs teacher,Married,"West April, Missouri, 25740",55+
CUST53467151,Justin Rodriguez,Other,65,"Administrator, sports",Divorced,"West Janet, North Carolina, 47849",55+
CUST77194234,Cory Brewer,Female,65,Freight forwarder,Married,"North Juan, Alaska, 70586",55+
CUST49408308,Joseph Holloway,Other,65,"Nurse, children's",Divorced,"East Peter, Ohio, 56613",55+
CUST32259461,Amanda Christian,Female,65,Banker,Divorced,"North Kevin, Michigan, 51082",55+
CUST12341278,Keith Harris,Other,65,Prison officer,Single,"New Monicastad, New Hampshire, 66877",55+
CUST35262371,Ashley Bruce,Male,65,"Engineer, technical sales",Single,"Hillmouth, Maine, 35793",55+
CUST44071591,Brandon Galvan,Female,65,Newspaper journalist,Married,"Lake Andrew, Texas, 76534",55+
CUST86791210,Joanna Decker,Male,65,Commercial art gallery manager,Widowed,"New Kristen, Wisconsin, 16337",55+
CUST58197880,Kimberly Brooks,Female,65,Medical illustrator,Married,"Rachelport, Alabama, 97663",55+
CUST23965350,Willie Warren,Male,65,"Surveyor, land/geomatics",Married,"Jeffchester, Alabama, 88506",55+
CUST02670157,Kim Flores MD,Female,65,Equities trader,Single,"Port Logan, Utah, 14408",55+
CUST19668009,Michelle Wells,Male,65,Actor,Single,"New Benjaminberg, New Hampshire, 44193",55+
CUST41946421,Cathy Blackburn,Male,65,Print production planner,Married,"Port Joshuaport, Hawaii, 44877",55+
CUST84106353,Catherine Allen,Female,65,Senior tax professional/tax inspector,Widowed,"Danielsport, Illinois, 02197",55+
CUST44326573,Michael Brown,Male,65,Energy engineer,Single,"New John, Utah, 31950",55+
CUST32651947,Rachael Martin,Other,65,Management consultant,Single,"East Christopherfort, South Dakota, 81929",55+
CUST05568975,Ethan Mercado,Male,65,Tourist information centre manager,Married,"East Mackenzie, Colorado, 04833",55+
CUST60836759,Christopher Small,Female,65,Animator,Widowed,"Kristinport, Vermont, 60755",55+
CUST92381290,John Shields,Other,65,Investment analyst,Single,"Courtneyfort, New York, 52753",55+
CUST14150053,Michael Mitchell,Female,65,Field trials officer,Widowed,"North Michaelfort, New Jersey, 50769",55+
CUST30336481,Shannon Mitchell,Female,65,"Scientist, forensic",Divorced,"Lake Jonathan, Oklahoma, 01779",55+
CUST99294379,Jessica Palmer,Male,65,Dietitian,Single,"Lake Luis, Washington, 58284",55+
CUST10665681,Stephen Harris,Male,65,Health service manager,Widowed,"New Christinachester, Washington, 11644",55+
CUST99222126,Cynthia Clay,Other,65,"Designer, television/film set",Single,"Lake Tiffany, Alabama, 26228",55+
CUST26727935,Rebecca Miles,Male,65,Warden/ranger,Single,"Leshire, Arizona, 06582",55+
CUST98328113,Derek Hicks,Female,65,Data scientist,Single,"West Samuelview, Washington, 05593",55+
CUST21270891,Gina Perez,Male,64,Music tutor,Divorced,"Marshallmouth, Oregon, 81515",55+
CUST53659261,John Avila,Female,64,Personnel officer,Divorced,"Port Deborahbury, Tennessee, 86285",55+
CUST86599317,Elizabeth Hill,Female,64,"Engineer, drilling",Married,"Meganmouth, Washington, 03219",55+
CUST12927258,Leah Walsh,Other,64,Quarry manager,Divorced,"Kimtown, South Carolina, 90203",55+
CUST29931100,Debra Morales,Other,64,Manufacturing systems engineer,Widowed,"Lake Christopher, Indiana, 87593",55+
CUST28417350,Joel Morgan,Male,64,Horticultural consultant,Single,"Ronaldburgh, New Hampshire, 89317",55+
CUST71655174,Donna Vasquez,Other,64,Health and safety adviser,Single,"Lake Anita, North Dakota, 80289",55+
CUST52503140,Catherine Serrano,Other,64,Illustrator,Single,"East Brittany, Utah, 32080",55+
CUST27343337,Natasha Kramer,Male,64,Quality manager,Married,"East Ryan, South Dakota, 05693",55+
CUST39647338,Brenda Meadows DVM,Other,64,Immigration officer,Single,"Stevenview, Iowa, 40156",55+
CUST24759498,Melissa Flores,Male,64,Horticultural therapist,Divorced,"Staceyside, Wisconsin, 15554",55+
CUST89148765,Brandon Jones,Other,64,Politician's assistant,Divorced,"West Brittanyville, Utah, 21203",55+
CUST84196635,Matthew Richardson,Female,64,Manufacturing engineer,Divorced,"Johnsonland, Oregon, 77229",55+
CUST38365918,Joseph Escobar,Female,64,Immunologist,Married,"Tracyshire, Florida, 04885",55+
CUST97931897,Cynthia Myers,Male,64,Actor,Single,"Gordontown, Connecticut, 62147",55+
CUST24054895,Joshua Castillo,Other,64,"Editor, film/video",Widowed,"Port Amandaview, New Hampshire, 68133",55+
CUST80113302,Kyle Cooper,Other,64,Ship broker,Divorced,"Davisfurt, New York, 25114",55+
CUST74372166,Matthew Davidson,Male,64,Youth worker,Divorced,"Brendaburgh, South Carolina, 31248",55+
CUST11215372,Larry Hall,Male,64,Health and safety inspector,Single,"Bradleyville, Alaska, 47515",55+
CUST87542280,Arthur Scott,Female,64,"Administrator, education",Married,"New Tylerside, Pennsylvania, 80912",55+
CUST99527487,Thomas Wilson,Male,64,"Administrator, arts",Widowed,"Lake Jamesberg, Oregon, 66595",55+
CUST37203558,Keith Hart,Female,64,Best boy,Married,"Port Jessicaton, Vermont, 14558",55+
CUST19147034,Karen Mills,Female,64,Claims inspector/assessor,Divorced,"New Nicholasshire, Washington, 24565",55+
CUST64024008,Kimberly Bowman,Other,64,"Engineer, materials",Divorced,"West David, Minnesota, 76594",55+
CUST70266451,Christopher Simon,Male,64,"Engineer, land",Married,"North Brandonmouth, Pennsylvania, 40490",55+
CUST58795688,Misty Sanchez MD,Female,64,Microbiologist,Single,"Robersonville, Washington, 84821",55+
CUST35201063,Katrina Davis,Other,64,Claims inspector/assessor,Widowed,"East David, Kansas, 95126",55+
CUST14718040,Jennifer Pacheco,Male,64,"Designer, textile",Widowed,"Gregorymouth, New Mexico, 60162",55+
CUST13038359,Roger Meyers,Male,64,"Engineer, manufacturing systems",Widowed,"Michaelmouth, Illinois, 31611",55+
CUST81236768,Jared Carter,Male,64,Contracting civil engineer,Married,"Baileystad, New Jersey, 85377",55+
CUST52066297,Valerie Chavez,Other,64,Haematologist,Divorced,"Stacyfort, Oklahoma, 71185",55+
CUST45092749,Roy Lewis,Female,64,Musician,Single,"Mossfurt, Idaho, 45523",55+
CUST48124327,Thomas Compton,Other,64,Archaeologist,Married,"Geraldside, Florida, 91362",55+
CUST65868674,Edward Miller,Female,64,"Administrator, local government",Divorced,"Brandonside, Kansas, 28166",55+
CUST95846994,Anthony Maxwell,Other,64,"Administrator, sports",Single,"Port Kaitlynport, Alaska, 46170",55+
CUST32236414,Sean Moran,Male,64,"Scientist, forensic",Single,"Thomasborough, Maryland, 93621",55+
CUST55270946,Jenna Brennan,Other,64,Electronics engineer,Married,"South Rebecca, South Carolina, 12960",55+
CUST38840996,Charlotte Nunez,Other,64,Research scientist (maths),Divorced,"Phamchester, Maine, 86794",55+
CUST32248638,Susan Quinn,Other,64,"Buyer, industrial",Single,"Nguyenberg, Florida, 13977",55+
CUST99539653,Raymond Williams,Male,64,Technical author,Divorced,"Debraside, Wisconsin, 37256",55+
CUST38657323,Katherine Miller,Female,64,Geographical information systems officer,Widowed,"Robertton, Mississippi, 03651",55+
CUST90055777,Aimee Velazquez,Female,64,"Engineer, biomedical",Single,"Deannaburgh, New Hampshire, 71215",55+
CUST59376931,Jonathan Mccarthy,Male,64,"Surveyor, quantity",Widowed,"New Michaelbury, Oregon, 70591",55+
CUST06048624,Courtney Johnson PhD,Male,64,"Surveyor, building control",Married,"Mayerland, Colorado, 25888",55+
CUST06052485,Marie Maynard,Female,64,Legal executive,Widowed,"Matthewberg, Oregon, 83180",55+
CUST76823950,Kathleen Buckley,Female,64,Copy,Divorced,"Port Zachary, Virginia, 83918",55+
CUST48116987,Heather Thompson,Female,64,"Designer, ceramics/pottery",Widowed,"Hannahfort, Pennsylvania, 00921",55+
CUST26831478,Michael Webb,Other,64,Building services engineer,Married,"West Eric, Louisiana, 38536",55+
CUST38232094,Tanner Santos,Male,64,Commercial horticulturist,Single,"South Michaelmouth, Massachusetts, 23041",55+
CUST23590882,Jessica Johnson,Other,64,Medical illustrator,Married,"Tylerview, Arizona, 07436",55+
CUST73402593,Jared Kaiser,Other,64,Financial risk analyst,Single,"Simpsonfort, New Hampshire, 93866",55+
CUST43840215,Melanie Perry,Other,64,Mechanical engineer,Single,"Hayesbury, Michigan, 33340",55+
CUST63062416,Ronald Martinez,Female,64,Therapeutic radiographer,Widowed,"East Tiffany, North Carolina, 18166",55+
CUST22683788,Mr. Sean Knight DDS,Female,64,"Engineer, manufacturing systems",Married,"Port Robert, Nebraska, 79779",55+
CUST34044455,Cindy Perez,Male,64,Art therapist,Single,"Port Riley, Oklahoma, 92506",55+
CUST26436799,Heather Tucker,Female,64,Chartered loss adjuster,Divorced,"Greenland, Massachusetts, 04626",55+
CUST76241465,Laura Clements,Male,64,Contracting civil engineer,Widowed,"East Edwin, Arizona, 13693",55+
CUST94522141,Maria Martinez,Female,64,"Teacher, early years/pre",Divorced,"Port Jessica, Montana, 09857",55+
CUST63020146,Sheryl Clarke,Other,64,Horticultural consultant,Single,"East Jacob, New Hampshire, 90333",55+
CUST90847388,Lance Anderson,Female,64,Dietitian,Widowed,"New James, Montana, 72410",55+
CUST28777964,Nathan Salazar,Female,64,Sports therapist,Divorced,"East Jenniferberg, New Mexico, 87682",55+
CUST93973273,Luis Dudley,Male,64,Chief of Staff,Married,"Lake Lauraborough, Minnesota, 87786",55+
CUST43891603,Henry Knight,Male,64,Sports development officer,Single,"Jeffreyborough, Washington, 17716",55+
CUST95690429,Melissa Phillips,Female,64,Fitness centre manager,Widowed,"Stevenview, Arizona, 05567",55+
CUST80650317,Virginia Proctor,Male,64,Interpreter,Divorced,"Haysport, New York, 87108",55+
CUST05108186,Kevin Schneider,Other,64,Architectural technologist,Widowed,"Rodriguezborough, North Dakota, 83411",55+
CUST67112766,Tina Gibson,Other,64,Chemical engineer,Widowed,"Washingtonview, Louisiana, 40912",55+
CUST52700712,Danielle Martin,Female,64,Clinical molecular geneticist,Single,"Port Joyce, Illinois, 62094",55+
CUST49330658,Paul Choi,Female,64,"Production designer, theatre/television/film",Widowed,"Aaronside, Utah, 16899",55+
CUST16859786,Joshua Alvarado,Other,64,Trading standards officer,Married,"Zimmermanton, Minnesota, 13297",55+
CUST87425473,Norma Fisher,Female,63,Futures trader,Married,"Sullivanport, New Mexico, 47431",55+
CUST52268424,Clinton Underwood,Other,63,Amenity horticulturist,Single,"Thomasland, Utah, 99801",55+
CUST85839228,Lee Coleman,Female,63,Public affairs consultant,Divorced,"Lake Tylerbury, Ohio, 53625",55+
CUST38219892,Sergio Reed,Other,63,"Engineer, drilling",Married,"Emilyport, Maryland, 68252",55+
CUST34592593,Carrie Jackson,Other,63,"Designer, industrial/product",Widowed,"New Crystalside, Rhode Island, 50924",55+
CUST52337297,Kevin May,Female,63,Analytical chemist,Divorced,"Lisaland, Illinois, 85488",55+
CUST47716501,Darrell Roberson,Other,63,Insurance risk surveyor,Divorced,"Jeffreyfort, Minnesota, 67213",55+
CUST20146551,David Stein,Male,63,"Investment banker, corporate",Single,"North Bradley, Florida, 32331",55+
CUST37162794,Debra Craig,Other,63,"Administrator, sports",Widowed,"New Sabrinaburgh, Maryland, 31451",55+
CUST90712116,Ms. Vanessa Thompson MD,Male,63,Technical sales engineer,Widowed,"Tiffanyshire, Wyoming, 82880",55+
CUST56275781,Kristen Burton,Female,63,Homeopath,Married,"Moorechester, Montana, 94106",55+
CUST59948886,Kimberly Rodriguez,Other,63,Farm manager,Single,"Evelynshire, Louisiana, 01471",55+
CUST48384816,John Zimmerman,Other,63,Firefighter,Widowed,"Lake Danielfurt, Connecticut, 54211",55+
CUST64466518,Christopher Buchanan,Female,63,Analytical chemist,Divorced,"Clayside, Michigan, 28435",55+
CUST01544560,Karl Hall,Female,63,"Lecturer, higher education",Single,"Zacharymouth, Connecticut, 74706",55+
CUST33463783,Roy Young,Female,63,Technical author,Divorced,"Jerryfort, Nebraska, 16023",55+
CUST39258054,Mr. Jon Johnson,Female,63,"Engineer, automotive",Divorced,"Markshire, Tennessee, 31846",55+
CUST39832327,Melissa Roberts,Male,63,Health and safety adviser,Single,"Lake Danielleshire, New Hampshire, 98526",55+
CUST60824429,Julia Stokes,Female,63,Chief Marketing Officer,Single,"Mooreside, Washington, 97094",55+
CUST33451063,Richard Smith,Female,63,Homeopath,Widowed,"North Lorihaven, Pennsylvania, 35372",55+
CUST59353588,Dr. Ian Gibson,Male,63,Forensic psychologist,Widowed,"Karenmouth, Massachusetts, 46584",55+
CUST81406135,Joseph Mason,Female,63,Optometrist,Married,"West Francisco, Kansas, 24838",55+
CUST45390061,Joseph Jensen,Other,63,Chief Financial Officer,Single,"South Leslie, South Carolina, 70644",55+
CUST41891564,Joan Burke,Male,63,Hydrographic surveyor,Single,"South Davidburgh, Delaware, 06960",55+
CUST73144508,Michael Brown,Other,63,Ergonomist,Divorced,"Lake Jason, New Jersey, 24352",55+
CUST90946182,Rachel Brown,Other,63,Pensions consultant,Divorced,"South Dawnberg, Oklahoma, 99873",55+
CUST49800135,Amanda Morris,Male,63,Estate manager/land agent,Single,"West Bonnie, Montana, 82141",55+
CUST32544894,Matthew Owens,Other,63,Tourist information centre manager,Divorced,"Port Chelsea, Nevada, 73257",55+
CUST19626031,Eric Davis,Female,63,Further education lecturer,Married,"Lake Marcus, South Dakota, 38854",55+
CUST46779295,Samantha Hobbs,Male,63,Conference centre manager,Widowed,"Smithmouth, Pennsylvania, 11354",55+
CUST40414965,Bobby Brown,Female,63,"Teacher, primary school",Divorced,"Smithville, Nebraska, 61233",55+
CUST60250812,Steven Cardenas,Female,63,"Psychotherapist, dance movement",Married,"Snyderborough, Maryland, 73775",55+
CUST27529673,Mark Baker,Other,63,Purchasing manager,Single,"North Lynntown, Colorado, 74452",55+
CUST42689441,Angela Phelps,Other,63,"Teacher, adult education",Single,"Lesliefort, North Dakota, 47757",55+
CUST19954535,Lisa Blair,Other,63,Surgeon,Married,"Martinezborough, Oklahoma, 61009",55+
CUST06406650,Robert Jackson,Other,63,Risk analyst,Divorced,"Petersonfort, Massachusetts, 17127",55+
CUST61103460,Christina Cooper,Other,63,Chartered certified accountant,Widowed,"West Diana, New Jersey, 48840",55+
CUST39304615,Travis Williams,Female,63,Magazine features editor,Widowed,"Coopershire, Washington, 14759",55+
CUST44580339,Jason Brooks,Female,63,Psychiatric nurse,Divorced,"Port David, Illinois, 97473",55+
CUST04225451,Robert Knight,Other,63,"Engineer, land",Single,"North Amandaland, Nebraska, 86458",55+
CUST12252358,John Browning,Male,63,"Radiographer, diagnostic",Single,"West Joann, Florida, 62049",55+
CUST13436080,Christine Snyder,Other,63,"Surveyor, hydrographic",Married,"East Chadland, Hawaii, 31257",55+
CUST86060743,Mitchell Cohen,Male,63,Operations geologist,Married,"West Elizabeth, Arizona, 30563",55+
CUST37919209,Elizabeth Romero,Other,63,Secondary school teacher,Single,"Port Samuelport, Wisconsin, 49223",55+
CUST44469656,Martha Yang,Other,63,Mental health nurse,Widowed,"New Tyler, New Mexico, 35573",55+
CUST07240558,Lisa Harris,Male,63,"Librarian, academic",Married,"North Toddville, New York, 31719",55+
CUST90857572,Michelle Charles,Female,63,Tourist information centre manager,Married,"Dennistown, New York, 01621",55+
CUST08663816,Chad Brown,Male,63,Tourist information centre manager,Single,"Valenzuelaville, North Dakota, 34910",55+
CUST97058887,George Thompson,Other,63,"Investment banker, operational",Widowed,"South James, West Virginia, 10904",55+
CUST77843488,Dustin Duncan,Female,63,Insurance broker,Single,"North Sabrinamouth, Minnesota, 75716",55+
CUST55694889,John King,Female,63,Chiropodist,Widowed,"Lake Nicholefort, Idaho, 78797",55+
CUST71945509,Barbara West,Female,63,Press photographer,Married,"West John, Utah, 53833",55+
CUST51350628,James Barton,Male,63,Occupational psychologist,Married,"Donaldmouth, Ohio, 98957",55+
CUST28778699,Jill Fisher,Male,63,Control and instrumentation engineer,Single,"Lindaville, New Mexico, 06808",55+
CUST04029713,Alexandra Rodriguez,Male,63,Theatre director,Divorced,"Pagehaven, Florida, 61941",55+
CUST44183954,Michelle Jones,Other,63,Dancer,Widowed,"New Cory, Utah, 14780",55+
CUST19219796,Andrea Henson,Female,63,Hotel manager,Divorced,"Coxland, Utah, 19115",55+
CUST41942844,Brent Wright,Female,63,Magazine features editor,Married,"Christopherfurt, New Jersey, 29055",55+
CUST59028321,Amanda Odonnell,Female,63,Systems analyst,Single,"West Rachelport, Idaho, 00848",55+
CUST79054400,Melissa Campos,Female,63,Fitness centre manager,Single,"Olivermouth, Ohio, 84600",55+
CUST14360985,Emma Rubio,Other,63,Surgeon,Widowed,"South Tammyshire, New Mexico, 19504",55+
CUST68652559,Wendy Ross,Male,63,Site engineer,Single,"Petersside, New Hampshire, 91379",55+
CUST04922693,Tracy Baker DDS,Female,63,Medical laboratory scientific officer,Divorced,"Johnfort, Georgia, 84261",55+
CUST42800340,Caroline Fox,Other,63,Industrial/product designer,Divorced,"Sotoburgh, Arkansas, 38947",55+
CUST57666689,Paul Lopez,Other,63,"Research officer, political party",Divorced,"North Christopher, New Hampshire, 36591",55+
CUST66770624,Marc Davis,Female,63,Translator,Divorced,"South Nancy, Arizona, 98419",55+
CUST61996964,Charles Walker,Other,63,Museum/gallery curator,Single,"South Dalton, Missouri, 11049",55+
CUST37434096,Brandon Waters DDS,Male,63,Health and safety inspector,Divorced,"Evanmouth, Pennsylvania, 57559",55+
CUST45874875,Jesse Monroe,Female,63,Ranger/warden,Divorced,"Lake Harryton, New Mexico, 52058",55+
CUST10277992,Paul White,Other,63,Biomedical engineer,Married,"South Jacobchester, Nevada, 28394",55+
CUST49209448,Donna Davis,Other,63,Firefighter,Single,"Romeromouth, Tennessee, 87618",55+
CUST06676337,John Bradford,Female,63,General practice doctor,Single,"Alvarezfort, Iowa, 77828",55+
CUST94468387,Jessica Logan,Male,63,Oceanographer,Widowed,"Lake Tracyport, Indiana, 09644",55+
CUST97389020,Austin Haley,Female,63,"Investment banker, operational",Divorced,"Port Christina, Kentucky, 75459",55+
CUST72362587,Christine Valentine,Female,63,Holiday representative,Married,"Aaronborough, Oregon, 62292",55+
CUST86502038,Amy Richardson DVM,Male,63,Educational psychologist,Widowed,"Tanyahaven, California, 17033",55+
CUST28121826,Steven Barrett,Female,63,Media planner,Divorced,"Port Johnside, Texas, 41446",55+
CUST33931622,Charles Lewis,Male,63,Call centre manager,Single,"Klinechester, Massachusetts, 34922",55+
CUST50521862,Victor Cohen,Male,63,Tax inspector,Married,"Kevinview, Idaho, 97776",55+
CUST41305024,Carly Lee,Female,63,Further education lecturer,Single,"Port Jamiestad, Louisiana, 69523",55+
CUST52891364,Leah Cardenas,Other,63,"Buyer, industrial",Divorced,"Port Keithport, Mississippi, 44869",55+
CUST42427446,Gabrielle Lane,Male,63,Horticultural therapist,Divorced,"Port Deanna, Georgia, 22028",55+
CUST52851717,Leslie Kelly,Female,63,Writer,Divorced,"Murphystad, California, 11639",55+
CUST92141641,Michelle Everett,Male,63,Visual merchandiser,Widowed,"Hillberg, South Dakota, 70437",55+
CUST01911499,Tiffany Jones,Male,63,Broadcast engineer,Married,"Bakerside, Maine, 34100",55+
CUST02523364,Steven Newman,Male,63,Forensic scientist,Single,"Port Jessicaborough, Oregon, 43094",55+
CUST23882937,Mark Walsh,Other,63,Osteopath,Widowed,"Wangton, Connecticut, 76271",55+
CUST00150301,Anthony Zimmerman,Other,63,Mechanical engineer,Single,"Cooktown, California, 06514",55+
CUST25836610,Christopher Henderson,Female,63,Television camera operator,Divorced,"Evelynberg, New Jersey, 00601",55+
CUST56689353,Hannah Mercado,Male,63,"Administrator, education",Widowed,"West Madison, Illinois, 32204",55+
CUST90175705,Crystal Rios,Female,63,"Engineer, agricultural",Married,"Kimberlyhaven, Hawaii, 63235",55+
CUST97438995,Brandon Cline,Other,63,Photographer,Single,"New Amyport, Arkansas, 86665",55+
CUST64017009,Brian Christian,Female,63,Museum education officer,Divorced,"Andersonmouth, Nevada, 24784",55+
CUST49321550,Erin Schmitt,Female,62,Financial manager,Single,"Franciscoberg, Michigan, 98463",55+
CUST35369973,Lori Crawford,Female,62,Fisheries officer,Widowed,"West Jacob, Wisconsin, 55548",55+
CUST89534428,Alexandra King,Male,62,Technical sales engineer,Divorced,"Lake Martin, Oregon, 86455",55+
CUST41499971,Laurie Barton,Other,62,Logistics and distribution manager,Married,"South Scottmouth, Maryland, 09128",55+
CUST75662303,Curtis Bradley,Female,62,"Therapist, horticultural",Divorced,"South Justinton, Kentucky, 01181",55+
CUST79911540,Michele Wells,Female,62,Electrical engineer,Single,"New Michaelport, Nevada, 09241",55+
CUST84431547,Olivia Dennis,Other,62,Media buyer,Divorced,"Downshaven, South Carolina, 89436",55+
CUST40046318,Cassandra Moran,Male,62,"Engineer, communications",Widowed,"West Jillberg, Maryland, 34011",55+
CUST15661323,Melissa Davis,Other,62,"Programmer, systems",Divorced,"Jeffreyshire, Arizona, 13756",55+
CUST19984906,Nicholas Sexton,Male,62,Environmental health practitioner,Widowed,"Fernandoborough, New York, 97414",55+
CUST48141211,Patrick Gordon,Other,62,Textile designer,Married,"Johnsonborough, Ohio, 54329",55+
CUST90085877,Lori Kirby,Male,62,Soil scientist,Married,"West Sandrashire, New Hampshire, 27269",55+
CUST57732941,Deborah Miller,Male,62,Clothing/textile technologist,Single,"Burgessburgh, Maryland, 66469",55+
CUST85393599,Jesse Simmons,Male,62,Energy manager,Single,"North David, Hawaii, 65767",55+
CUST55196077,Seth Neal,Male,62,Higher education careers adviser,Married,"Robertmouth, New York, 92870",55+
CUST72317473,Samantha White,Male,62,"Administrator, local government",Single,"Frankmouth, New Hampshire, 16272",55+
CUST55520880,Cameron Grant,Other,62,Logistics and distribution manager,Single,"Lake Mary, Tennessee, 98980",55+
CUST58157397,Cassandra Scott,Male,62,Chiropodist,Married,"Garyberg, Oregon, 97234",55+
CUST10491299,Mr. Gary Sims,Male,62,Quarry manager,Single,"Whiteton, Arizona, 58264",55+
CUST14656819,Stephanie Wells,Other,62,Energy manager,Single,"Kylebury, North Carolina, 47951",55+
CUST00513846,Stephen Crane,Other,62,Advice worker,Divorced,"East Meredith, Virginia, 41279",55+
CUST58169296,Barbara Park,Male,62,Volunteer coordinator,Married,"Michaelburgh, Delaware, 02835",55+
CUST29635221,Megan Morris DVM,Female,62,Sales executive,Single,"Greeneborough, Mississippi, 33647",55+
CUST94261283,Krista Pace PhD,Male,62,Higher education careers adviser,Widowed,"New Joshua, Kentucky, 82947",55+
CUST01716705,Amy Armstrong,Male,62,Learning mentor,Widowed,"East Steventown, West Virginia, 60126",55+
CUST86285172,Sandra Chapman,Female,62,"Engineer, technical sales",Widowed,"Port Wendy, Massachusetts, 39513",55+
CUST24967115,Pamela Evans PhD,Male,62,"Engineer, control and instrumentation",Married,"East Loganville, Nebraska, 09362",55+
CUST52819354,Annette Stein,Male,62,Theatre director,Divorced,"Danielleville, New Hampshire, 05452",55+
CUST92617037,Natalie Cordova,Male,62,Medical laboratory scientific officer,Single,"Heathertown, California, 91558",55+
CUST69053100,Kara Silva,Male,62,Orthoptist,Widowed,"Sheilashire, Delaware, 45136",55+
CUST32741221,Juan Johnson,Male,62,IT consultant,Single,"Clarkville, Hawaii, 99358",55+
CUST34641912,Dana Jones,Other,62,Chartered certified accountant,Single,"Corteztown, Massachusetts, 31314",55+
CUST58382487,Holly Munoz,Male,62,"Doctor, general practice",Divorced,"Port Nicole, Kentucky, 60393",55+
CUST74741673,Megan Weeks,Other,62,Chiropodist,Divorced,"East Bradville, Iowa, 53702",55+
CUST21128128,Evan Houston,Other,62,Sales executive,Single,"East Kellychester, Nevada, 90662",55+
CUST64632914,Christopher Potter,Other,62,"Surveyor, rural practice",Divorced,"New Josefort, Iowa, 50220",55+
CUST92817915,April Lopez DVM,Other,62,"Civil engineer, consulting",Single,"Ashleyberg, Tennessee, 35864",55+
CUST46128293,Thomas Nelson,Male,62,Geographical information systems officer,Single,"South Danielleview, Ohio, 65184",55+
CUST64148335,Nicole Butler,Male,62,Forest/woodland manager,Widowed,"West Lisa, New Hampshire, 39908",55+
CUST44886949,Abigail Bell,Male,62,Operational researcher,Single,"Lake Kimberly, Louisiana, 92640",55+
CUST72458524,Leslie Koch,Other,62,Broadcast presenter,Divorced,"East Jennifer, Missouri, 88445",55+
CUST48865122,Haley Pearson,Female,62,Dispensing optician,Widowed,"Mcintoshbury, Maryland, 82530",55+
CUST29327405,Stephanie Joseph,Male,62,"Research officer, trade union",Widowed,"North Valerie, Maine, 56152",55+
CUST71390634,John Vargas,Male,62,Mechanical engineer,Married,"New Allisontown, Maine, 18349",55+
CUST92066305,Richard Perez,Male,62,Chartered legal executive (England and Wales),Widowed,"Michaelville, Wisconsin, 30856",55+
CUST62056767,Anthony Bentley,Male,62,Animal nutritionist,Married,"West William, Kansas, 38560",55+
CUST93637015,Joan Davis,Female,62,Risk analyst,Divorced,"Hansonhaven, Iowa, 02550",55+
CUST13111194,Krista Matthews,Other,62,Contractor,Married,"South George, Alabama, 22257",55+
CUST31012951,Debra Sanchez,Female,62,Conference centre manager,Divorced,"Randallshire, Oregon, 33212",55+
CUST52695862,Gregory Sullivan,Other,62,"Journalist, newspaper",Divorced,"Bushport, California, 05219",55+
CUST73404920,Shane Scott,Male,62,"Sound technician, broadcasting/film/video",Single,"West Chadton, North Carolina, 97832",55+
CUST47360274,Henry Perkins,Other,62,IT consultant,Married,"Lake Davidside, Texas, 92058",55+
CUST22100219,Kelli Figueroa,Other,62,Physiotherapist,Married,"Woodsland, Hawaii, 81838",55+
CUST39739918,Timothy Lynch,Other,62,Community education officer,Divorced,"Lake Tiffany, South Carolina, 63277",55+
CUST78277888,Angela Sloan,Male,62,Health and safety inspector,Widowed,"Melissafort, Texas, 04465",55+
CUST36893203,Mrs. Heather Long,Male,62,Commissioning editor,Divorced,"North Haileyberg, New York, 41975",55+
CUST45940071,Alicia Sanders,Male,62,International aid/development worker,Married,"West Nicholas, Oregon, 67552",55+
CUST65920594,Brett Wilkinson,Female,62,Information systems manager,Married,"East Rebeccaland, South Carolina, 76561",55+
CUST36190876,Adam Stephenson,Male,62,"Scientist, biomedical",Divorced,"New Louisport, California, 91982",55+
CUST95978496,Patricia Martin,Female,62,Social researcher,Married,"West Deniseside, North Carolina, 10343",55+
CUST41102477,Christopher Parker,Female,62,Games developer,Single,"East Mariastad, Maine, 59383",55+
CUST06619029,Marie Carter,Other,62,Paediatric nurse,Single,"Patelmouth, Rhode Island, 78237",55+
CUST60315605,Felicia Weber,Female,62,Theatre manager,Divorced,"Samueltown, New York, 95526",55+
CUST74575328,Tina Bates,Female,62,Corporate treasurer,Married,"Sandraborough, Minnesota, 88125",55+
CUST02855939,Jennifer Meyer,Other,62,Horticultural therapist,Married,"Nicholasbury, North Dakota, 11046",55+
CUST26778230,Theresa Hernandez,Female,62,"Therapist, art",Married,"East Dawn, Arkansas, 31882",55+
CUST70990233,Katie Miller,Male,62,"Psychologist, educational",Married,"Lake Kayla, Nevada, 19522",55+
CUST92413522,Mary Young,Male,62,"Designer, furniture",Married,"West Matthew, Arkansas, 29170",55+
CUST40389603,Katherine Avila,Other,62,Information systems manager,Divorced,"Huangport, Idaho, 91217",55+
CUST67137051,Ronnie Woods,Other,62,Theatre stage manager,Widowed,"Brandonfurt, Texas, 74332",55+
CUST56743742,Chloe Logan,Female,61,Recycling officer,Married,"North Chelseamouth, South Carolina, 83379",55+
CUST53665257,Linda Hamilton,Female,61,Waste management officer,Single,"Nolanshire, Indiana, 78890",55+
CUST26008635,Alexis Schmidt,Other,61,Manufacturing engineer,Single,"Port Samantha, Illinois, 42348",55+
CUST10247611,Jasmine Gonzalez,Other,61,Chief of Staff,Widowed,"Banksview, Kansas, 85341",55+
CUST66232963,Thomas Gonzalez,Male,61,Hotel manager,Married,"Colehaven, Vermont, 37666",55+
CUST28009272,Barry Williams,Other,61,"Chemist, analytical",Divorced,"Adrianport, Arkansas, 00654",55+
CUST63443332,Joseph Huang,Male,61,Chief Operating Officer,Widowed,"Patriciahaven, Florida, 19559",55+
CUST55686510,Brittany Bryant,Female,61,Magazine journalist,Single,"Colleenbury, Virginia, 24495",55+
CUST28731704,Jennifer Mcknight,Female,61,Clinical psychologist,Married,"Stevensland, West Virginia, 13566",55+
CUST39883207,Holly Castillo,Female,61,Building control surveyor,Widowed,"Jasonchester, New Jersey, 46603",55+
CUST06009336,Michelle Horton,Female,61,"Merchandiser, retail",Divorced,"Port Jennifer, Indiana, 47504",55+
CUST22526647,Tabitha Richards,Other,61,"Engineer, maintenance (IT)",Widowed,"Kennedyside, Alaska, 35825",55+
CUST11481966,Paul Hughes,Female,61,"Surveyor, minerals",Married,"New Johnshire, Mississippi, 04558",55+
CUST57473102,Kristin Wright,Female,61,Recycling officer,Single,"Rubioville, Florida, 20141",55+
CUST65374269,Andrea Holder,Other,61,"Psychologist, prison and probation services",Widowed,"Anthonyfurt, Minnesota, 04092",55+
CUST02892033,Jeffery Lopez,Other,61,Camera operator,Married,"Nguyenchester, Georgia, 42027",55+
CUST89634770,Matthew Young,Male,61,Diplomatic Services operational officer,Married,"Mcintoshberg, South Carolina, 93328",55+
CUST85012007,Natalie Randolph,Other,61,Visual merchandiser,Widowed,"Rodriguezmouth, Louisiana, 97013",55+
CUST50161498,Marie Ray,Male,61,Acupuncturist,Divorced,"South Nathanton, Nebraska, 38862",55+
CUST43669767,Rebecca Hill,Other,61,"Surveyor, quantity",Divorced,"Charlesburgh, Kansas, 63588",55+
CUST06286311,Jose Benitez,Female,61,Biomedical engineer,Divorced,"Danielview, Michigan, 61687",55+
CUST62622649,Alison Weaver,Female,61,Production manager,Widowed,"Port Joshua, Rhode Island, 87997",55+
CUST67929017,Ashley Le,Male,61,"Journalist, newspaper",Single,"New Edward, New York, 78616",55+
CUST77488617,Michael Morris,Female,61,"Therapist, drama",Married,"Hunterton, Washington, 47318",55+
CUST04972417,Rhonda Montgomery,Female,61,Meteorologist,Married,"West Christianside, Alabama, 29798",55+
CUST19543048,Maurice Stephens,Other,61,Magazine journalist,Single,"Pagefurt, Alaska, 09034",55+
CUST50159026,Dylan Meyer,Female,61,Passenger transport manager,Widowed,"Robertfort, Georgia, 72285",55+
CUST86161063,James Le,Male,61,"Engineer, electrical",Divorced,"Michellefort, Alaska, 67201",55+
CUST03595293,Steve Carpenter,Male,61,Warden/ranger,Widowed,"Port Danielleburgh, Oregon, 38026",55+
CUST96516225,Amanda Hensley,Male,61,Health physicist,Single,"New Meganshire, Wyoming, 17514",55+
CUST01839434,Jeffrey Dunn,Male,61,Architectural technologist,Married,"South Michaelside, Minnesota, 37709",55+
CUST96639330,Destiny Ray,Other,61,IT sales professional,Married,"Morenomouth, Hawaii, 79026",55+
CUST76067231,Carlos Thomas,Female,61,Commercial art gallery manager,Single,"Rogersburgh, Missouri, 05308",55+
CUST41663138,Ronald Hull,Male,61,Occupational psychologist,Widowed,"Jasontown, South Carolina, 92217",55+
CUST08131553,Susan Hansen,Other,61,Forest/woodland manager,Single,"Walkerview, West Virginia, 16085",55+
CUST88407736,Megan Johnson,Male,61,Associate Professor,Single,"East Jamesborough, New Hampshire, 57123",55+
CUST21595457,Donald Torres,Female,61,Audiological scientist,Widowed,"Alexisview, Alaska, 53274",55+
CUST81030006,Tracy Stephenson,Female,61,Barista,Single,"North Cheyennetown, New York, 42656",55+
CUST35187295,Kimberly Duran,Female,61,Multimedia programmer,Widowed,"South David, Utah, 51800",55+
CUST92174847,Michelle Cameron,Other,61,Paramedic,Divorced,"North Williamburgh, Connecticut, 80024",55+
CUST63408106,Willie Stewart,Female,61,Fashion designer,Single,"South Seth, Colorado, 48516",55+
CUST21836911,Lauren Greene,Other,61,"Accountant, chartered certified",Single,"North Jimmy, Maryland, 18827",55+
CUST79039433,Toni Pineda,Other,61,Sports therapist,Married,"Lisahaven, Wisconsin, 92352",55+
CUST51792368,James Stephenson,Other,61,"Designer, blown glass/stained glass",Divorced,"Amandafort, Wisconsin, 47590",55+
CUST16908298,Michelle Dixon,Female,61,"Accountant, chartered public finance",Divorced,"Lake Oscar, Nevada, 45027",55+
CUST59565773,Gary Weber,Other,61,Health promotion specialist,Divorced,"Randallborough, Nevada, 75791",55+
CUST27930443,Marissa Myers,Male,61,Purchasing manager,Widowed,"Matthewside, Pennsylvania, 48944",55+
CUST34961405,Kayla Evans,Female,61,"Clinical scientist, histocompatibility and immunogenetics",Divorced,"Jessicahaven, North Carolina, 67371",55+
CUST98959709,Ms. Stacy Sweeney MD,Female,61,Mechanical engineer,Divorced,"New Ryanmouth, Mississippi, 11256",55+
CUST19050438,Dustin Atkins,Female,61,Actuary,Single,"South Jorge, South Carolina, 38740",55+
CUST14584400,Logan Cox,Female,61,Television production assistant,Married,"Port Chloe, Alabama, 24587",55+
CUST10333438,Pam Roberts,Male,61,Ergonomist,Single,"Englishbury, New York, 87337",55+
CUST77434602,Mark Dunn,Male,61,Air broker,Single,"South Rebecca, Nebraska, 79821",55+
CUST15551273,James Harrington,Female,61,"Designer, television/film set",Widowed,"Schaeferville, New York, 28903",55+
CUST18651147,Matthew Turner,Male,61,"Merchandiser, retail",Married,"Jamesside, Virginia, 93546",55+
CUST24431344,Cathy Williams,Male,61,Music therapist,Divorced,"Johnsonside, Massachusetts, 35130",55+
CUST96772471,Terry Pacheco,Male,61,"Psychologist, forensic",Married,"North Andrew, Idaho, 70954",55+
CUST61419545,Michael Cox,Female,61,Outdoor activities/education manager,Single,"Morganberg, California, 06771",55+
CUST80098555,Dustin Andrews,Other,61,Warehouse manager,Single,"West Jennifer, Rhode Island, 84101",55+
CUST33942669,Linda Bowers,Other,61,Insurance broker,Married,"New Roberttown, Pennsylvania, 25872",55+
CUST74841376,Brian Lynch,Female,61,Ecologist,Married,"Parrishburgh, Tennessee, 17475",55+
CUST22227264,Dale Noble,Male,61,Food technologist,Widowed,"Garciatown, Idaho, 25347",55+
CUST51436403,Alexander Long,Male,61,Armed forces technical officer,Widowed,"Blakebury, Illinois, 41906",55+
CUST88333620,Victoria Johnson,Male,61,Health visitor,Widowed,"Port Kimstad, Minnesota, 36736",55+
CUST92956352,Katherine Patrick,Male,61,Video editor,Divorced,"Davidland, California, 41921",55+
CUST93944423,Mark Henderson,Female,61,Education administrator,Divorced,"East Stephanieburgh, Connecticut, 10589",55+
CUST87385959,Christopher Bridges,Other,61,"Programme researcher, broadcasting/film/video",Widowed,"Ibarramouth, Rhode Island, 46303",55+
CUST49486217,Jonathan Lawson,Female,61,Surgeon,Single,"South Micheleberg, Missouri, 69775",55+
CUST36050741,Brenda Wells,Other,61,Farm manager,Married,"Port Ashley, Massachusetts, 72455",55+
CUST39617169,Jennifer Nelson,Other,60,"Research officer, government",Single,"Smithhaven, Maine, 72649",55+
CUST26814026,Sue Horne,Female,60,"Administrator, local government",Divorced,"Aliciaville, North Dakota, 32814",55+
CUST55656837,Samantha Wood,Male,60,Wellsite geologist,Widowed,"East Michellechester, Kansas, 02837",55+
CUST41536787,Gary Long,Male,60,"Pharmacist, community",Single,"Kimberlyburgh, Kentucky, 06618",55+
CUST29392769,Tara Valencia DDS,Female,60,Forensic scientist,Single,"Sarahaven, South Dakota, 15365",55+
CUST82067912,Rodney Cochran,Other,60,Microbiologist,Divorced,"Zacharyshire, Montana, 71158",55+
CUST43028954,Michael Jones,Female,60,Manufacturing engineer,Divorced,"Simmonstown, Texas, 04713",55+
CUST76468631,Vincent Erickson,Female,60,"Nurse, children's",Single,"South Richardmouth, Wisconsin, 27449",55+
CUST94110151,Alicia Shelton,Male,60,Advertising art director,Divorced,"Kellyborough, Michigan, 57604",55+
CUST13978754,Lisa Carroll,Female,60,"Research officer, government",Single,"South Chelsea, North Carolina, 67064",55+
CUST69673140,Michael Gilbert,Female,60,Manufacturing engineer,Divorced,"Murphyton, Colorado, 26413",55+
CUST42041475,Stephanie Montgomery,Male,60,Dramatherapist,Widowed,"Newtonmouth, Massachusetts, 98133",55+
CUST46149552,Tiffany Johnson,Other,60,Dealer,Married,"South Karen, Arizona, 09474",55+
CUST50707413,Robert Williams,Other,60,"Scientist, biomedical",Divorced,"West Micheleshire, South Dakota, 03644",55+
CUST01274018,Dr. Charles Carter,Other,60,Interior and spatial designer,Married,"North James, Washington, 77595",55+
CUST88294403,Daniel Oneal,Male,60,Therapeutic radiographer,Single,"East Victor, South Carolina, 26903",55+
CUST72990473,Mary Daniels,Male,60,"Biochemist, clinical",Divorced,"Billyberg, Tennessee, 77554",55+
CUST97737134,Gregory Brown,Other,60,"Scientist, water quality",Single,"Harperhaven, Massachusetts, 42359",55+
CUST40516075,Richard Powers,Female,60,Television floor manager,Widowed,"East Alexis, Georgia, 24915",55+
CUST19108691,Lindsay Cummings,Other,60,Community education officer,Divorced,"Jonesfort, Georgia, 52585",55+
CUST25901240,Clinton Wilson,Female,60,"Restaurant manager, fast food",Divorced,"Hudsonmouth, Kentucky, 03348",55+
CUST19831482,Stephen Decker,Male,60,Museum/gallery exhibitions officer,Widowed,"Jamesville, Washington, 30877",55+
CUST81638568,Kayla Mayer,Female,60,Nature conservation officer,Divorced,"Timothybury, Oregon, 10404",55+
CUST55613572,Leslie Fisher,Male,60,Lexicographer,Widowed,"New Amandaberg, Mississippi, 95332",55+
CUST51129594,Carly Smith,Male,60,Museum/gallery conservator,Divorced,"Lake Jason, Ohio, 84148",55+
CUST06477814,Jason Mosley II,Female,60,Public relations account executive,Married,"Michaelburgh, Texas, 75088",55+
CUST23871670,Angel Blankenship,Other,60,Theatre director,Widowed,"Lake Carlosborough, Illinois, 14158",55+
CUST41081092,Deanna Garcia,Other,60,Senior tax professional/tax inspector,Widowed,"Michaelstad, Missouri, 72384",55+
CUST12061619,Jesse Aguilar,Male,60,"Lighting technician, broadcasting/film/video",Single,"Randyberg, South Dakota, 34137",55+
CUST21039527,Edward Johnston,Male,60,Landscape architect,Divorced,"Romerostad, Illinois, 56954",55+
CUST46971981,Brandon Floyd,Female,60,"Production assistant, radio",Married,"Lake Chadburgh, Wyoming, 33895",55+
CUST35336737,Steven Flores,Female,60,"Scientist, marine",Single,"North Mariaton, South Carolina, 03256",55+
CUST25978160,Claire Anderson,Male,60,Product manager,Married,"Cherylhaven, New Hampshire, 94521",55+
CUST32006489,Deanna Smith,Male,60,Manufacturing systems engineer,Widowed,"Nicoleview, Florida, 77635",55+
CUST68829033,Russell Thompson,Male,60,Artist,Divorced,"East Connor, Colorado, 65948",55+
CUST52853616,Jordan Steele,Other,60,"Therapist, speech and language",Married,"West Steven, Alaska, 19420",55+
CUST25537580,Mr. Ricardo Blevins,Male,60,Horticultural therapist,Widowed,"North Sarah, Minnesota, 16123",55+
CUST21904355,Patricia Martinez,Other,60,Chartered accountant,Married,"Lake Richard, Massachusetts, 91729",55+
CUST54617955,Ashley Campbell,Female,60,Contracting civil engineer,Widowed,"East James, South Carolina, 95378",55+
CUST33573403,Mark Miller,Male,60,Probation officer,Married,"South Joeton, California, 76634",55+
CUST43277303,Geoffrey Ward,Other,60,Operations geologist,Widowed,"Thomasfurt, Connecticut, 54710",55+
CUST26810490,Kaitlyn Smith,Male,60,Armed forces logistics/support/administrative officer,Divorced,"Cainfort, Nevada, 03980",55+
CUST83767297,Elizabeth Mitchell,Female,60,"Designer, furniture",Widowed,"Lake Jamesburgh, Washington, 36824",55+
CUST77262045,Andrea Ward,Female,60,Diagnostic radiographer,Divorced,"Port Joseph, Ohio, 73737",55+
CUST98852068,Tracy Pearson,Other,60,Physiological scientist,Single,"Paulfurt, Hawaii, 65929",55+
CUST11534201,Stacy Deleon,Male,60,"Embryologist, clinical",Widowed,"Ortiztown, Oklahoma, 90133",55+
CUST38032155,Corey Cooper,Male,60,"Production designer, theatre/television/film",Divorced,"Ericahaven, South Carolina, 25402",55+
CUST76913638,Andrea Johnson,Other,60,Environmental education officer,Married,"Jasmineshire, New Hampshire, 80742",55+
CUST34222918,Allen Pearson,Female,60,Clinical biochemist,Married,"East Dorisstad, Louisiana, 47937",55+
CUST31572309,Michael Cruz,Other,60,Petroleum engineer,Divorced,"South Timothystad, North Dakota, 50158",55+
CUST45148477,Stacey Burke,Male,60,Secondary school teacher,Single,"North Melissa, North Dakota, 33270",55+
CUST29485027,Jonathan Ware,Other,60,Travel agency manager,Widowed,"Patriciashire, Wyoming, 69187",55+
CUST79726086,Michael Levy,Other,60,Music tutor,Single,"Davidchester, Maine, 40244",55+
CUST26015722,James White,Female,60,"Engineer, production",Married,"Holtmouth, Michigan, 56019",55+
CUST69853377,Kristen Spencer,Male,60,"Conservator, furniture",Single,"Denisetown, Arkansas, 46443",55+
CUST97502996,Tara Coleman,Male,60,Theme park manager,Single,"Dianafurt, New Hampshire, 47039",55+
CUST91330063,John Fields,Female,60,"Solicitor, Scotland",Married,"Port Morganside, Idaho, 89724",55+
CUST73451191,Bruce Ellis,Female,60,Lobbyist,Single,"Johnsontown, Michigan, 21860",55+
CUST05448990,Kristen Li,Other,60,Historic buildings inspector/conservation officer,Divorced,"Crystalville, Kansas, 71828",55+
CUST60423185,Maria Martinez,Female,60,"Designer, television/film set",Divorced,"Torresfort, Texas, 26958",55+
CUST42144401,Charlotte Thompson,Male,60,"Buyer, industrial",Divorced,"Samanthabury, Hawaii, 77347",55+
CUST78388527,Cody Rogers,Other,60,Minerals surveyor,Single,"Davisport, Iowa, 21032",55+
CUST65839668,Cory Sullivan,Other,60,Soil scientist,Widowed,"South Carlos, New Mexico, 04152",55+
CUST89113528,Claudia Russell,Male,60,Barrister's clerk,Married,"Reedstad, California, 46807",55+
CUST18218926,Gary Freeman,Other,60,Chartered management accountant,Divorced,"Gonzalezstad, Minnesota, 14192",55+
CUST53915256,Janet Williams,Female,60,Adult guidance worker,Divorced,"Franciscoside, Wisconsin, 74799",55+
CUST63044822,Travis Peterson,Female,60,"Producer, radio",Single,"Dudleymouth, Nevada, 93711",55+
CUST27928402,Lori Smith,Female,60,Field seismologist,Divorced,"Lake Patrick, Colorado, 55221",55+
CUST42778999,Daniel Jones,Other,60,"Engineer, maintenance",Married,"East Autumnview, Maryland, 21652",55+
CUST54637804,Kayla Smith,Female,60,"Programmer, systems",Divorced,"East Karenfurt, New Hampshire, 20447",55+
CUST81922063,Vanessa Morrison,Female,60,Operational researcher,Married,"Port Tinamouth, California, 23115",55+
CUST91241575,James Bradley,Male,60,Financial trader,Divorced,"South Heather, Kentucky, 60762",55+
CUST66400390,Karen Brown,Male,60,Agricultural engineer,Divorced,"Randallport, Texas, 93531",55+
CUST18058514,David Cook Jr.,Other,60,Estate agent,Divorced,"New Robert, Colorado, 04697",55+
CUST03236330,Justin Dyer,Male,60,Commercial/residential surveyor,Divorced,"North Dennis, Rhode Island, 36939",55+
CUST28117699,Manuel Gomez,Other,60,"Engineer, agricultural",Married,"Thomasville, Vermont, 55085",55+
CUST02084185,William Hunter,Male,60,Hydrographic surveyor,Divorced,"Rayland, Connecticut, 23654",55+
CUST05270166,James White,Other,60,"Surveyor, hydrographic",Married,"Wolfmouth, New Jersey, 40016",55+
CUST72998627,Christopher Stephenson,Other,60,"Investment banker, operational",Single,"Victorberg, Alabama, 33791",55+
CUST06521429,Daniel Gentry Jr.,Female,60,Housing manager/officer,Married,"East Michael, Virginia, 08820",55+
CUST46123229,Kiara Oliver,Female,60,"Designer, textile",Married,"Nicholastown, Texas, 63560",55+
CUST79959502,Tina Crane,Other,60,Associate Professor,Single,"Kevintown, Maine, 63239",55+
CUST36491171,Courtney Robertson,Other,60,"Production assistant, television",Married,"South Mackenzie, Iowa, 27197",55+
CUST69394318,Jacob Farley,Female,59,"Chemist, analytical",Widowed,"Port Daniel, Delaware, 73662",55+
CUST43157063,Kayla Oconnell,Other,59,Optometrist,Single,"Lake Teresaberg, Alabama, 76980",55+
CUST86117199,John Thomas,Male,59,Prison officer,Married,"Michaelfort, Rhode Island, 20005",55+
CUST22593456,Susan Parker,Male,59,Speech and language therapist,Married,"North Cassidyfort, Wisconsin, 02505",55+
CUST91037810,Savannah Werner,Female,59,Accommodation manager,Married,"East Christine, Texas, 47736",55+
CUST76221093,Melissa Cohen,Other,59,Telecommunications researcher,Married,"Lewistown, Virginia, 60038",55+
CUST71619691,Rick Stevenson,Female,59,Geochemist,Divorced,"Mccannfurt, North Carolina, 07220",55+
CUST12229226,Pamela Warren,Female,59,"Investment banker, operational",Divorced,"East Cheryl, Oklahoma, 39023",55+
CUST56648262,Nicholas Lawson,Female,59,"Investment banker, corporate",Married,"North Ronald, Texas, 11461",55+
CUST12103493,Jorge Nelson,Female,59,Museum/gallery conservator,Single,"Juliaborough, Connecticut, 40252",55+
CUST50327656,Christopher Powers,Other,59,Architect,Single,"Washingtonfort, Louisiana, 56133",55+
CUST35222838,Steven Petty,Female,59,Financial adviser,Divorced,"Smithberg, New York, 84541",55+
CUST14230434,Keith Woodward,Male,59,"Therapist, drama",Single,"Lake Austin, Delaware, 51105",55+
CUST88337653,Jamie Ortiz,Other,59,"Engineer, mining",Single,"West Ashleyton, Texas, 63626",55+
CUST50028157,Troy Young,Other,59,Armed forces technical officer,Married,"New Tracy, Mississippi, 23322",55+
CUST27910356,Robert Gallegos,Other,59,Graphic designer,Single,"Nicolechester, Pennsylvania, 52423",55+
CUST15751800,Katie Hutchinson,Other,59,"Programmer, systems",Married,"Johnville, Maryland, 64212",55+
CUST33350545,Mary Brown,Other,59,Operational researcher,Widowed,"South Mandy, New Jersey, 77519",55+
CUST69493427,Angela Lewis,Female,59,Commissioning editor,Divorced,"Marktown, Michigan, 67049",55+
CUST82010470,Brittany Castillo,Other,59,"Therapist, sports",Divorced,"South Elizabeth, Kentucky, 07174",55+
CUST94101494,Chelsea Haynes,Other,59,Public librarian,Married,"Grantstad, Utah, 80418",55+
CUST61228900,Cameron Allen,Female,59,Veterinary surgeon,Married,"Harrisside, Texas, 65381",55+
CUST73705342,Robert Robinson,Male,59,Air traffic controller,Divorced,"Kaneberg, Connecticut, 18532",55+
CUST81763178,Caitlin Hill,Other,59,Aid worker,Single,"West Jonathonmouth, Nevada, 55429",55+
CUST00836919,Jacob Cox,Other,59,Textile designer,Widowed,"South Elizabeth, Kansas, 65991",55+
CUST90416496,Amanda Salazar PhD,Other,59,Insurance broker,Married,"Port Johnmouth, Idaho, 53304",55+
CUST36895365,Thomas Walters,Female,59,Health visitor,Single,"West Amber, South Carolina, 67538",55+
CUST54704750,Amy Carter,Other,59,Wellsite geologist,Single,"Rojasport, Ohio, 10523",55+
CUST50931499,Gregory Glover,Male,59,"Psychologist, forensic",Married,"Ericburgh, West Virginia, 66071",55+
CUST46002301,Robin Ross,Male,59,"Therapist, horticultural",Married,"North Cynthia, Georgia, 91736",55+
CUST97717215,Debra Leon,Male,59,Medical laboratory scientific officer,Single,"Travismouth, North Carolina, 23318",55+
CUST67483570,Amy Bennett,Other,59,Advertising art director,Single,"Lake Marissamouth, Utah, 69726",55+
CUST52762150,Walter Allen,Female,59,Marine scientist,Divorced,"New Emilytown, Minnesota, 99475",55+
CUST62292062,Ronnie Schneider,Other,59,Oncologist,Divorced,"North Madelinemouth, Kentucky, 13145",55+
CUST52540976,Bradley Contreras,Female,59,"Restaurant manager, fast food",Married,"Port Michelle, Alabama, 11111",55+
CUST48905063,Jeffrey Case,Female,59,Press sub,Married,"Carpentermouth, Virginia, 36413",55+
CUST76337673,Cameron Daniel,Male,59,Horticultural therapist,Single,"Lake Brandon, Virginia, 72013",55+
CUST47882411,Linda Atkins,Other,59,"Programmer, systems",Divorced,"Jefferymouth, Montana, 26986",55+
CUST13480810,Grace Martin,Female,59,"Civil engineer, consulting",Divorced,"Mooreview, Nevada, 75428",55+
CUST95135095,Ashley Robertson,Male,59,Insurance broker,Single,"Petersonport, Maine, 48776",55+
CUST89932416,Jessica Smith,Other,59,Tourist information centre manager,Divorced,"New Rebeccafurt, Utah, 33628",55+
CUST26800608,Matthew Hernandez,Other,59,Web designer,Single,"Shieldsburgh, Delaware, 63641",55+
CUST56374821,Charles Bryant,Male,59,Farm manager,Single,"New Kathleenburgh, Rhode Island, 79074",55+
CUST02914611,Suzanne Berg,Other,59,Communications engineer,Married,"Steinberg, New York, 42896",55+
CUST72244441,Daniel Hendrix,Female,59,"Administrator, arts",Single,"Michaelmouth, Louisiana, 47901",55+
CUST30511648,Elizabeth Ward,Female,59,"Clinical scientist, histocompatibility and immunogenetics",Married,"Scottfurt, Indiana, 67037",55+
CUST82221836,Kevin Ward,Male,59,Health service manager,Divorced,"Petersonton, Nevada, 70322",55+
CUST23959385,Jose Richardson,Female,59,"Engineer, drilling",Married,"North Lauren, Missouri, 82182",55+
CUST35063171,Andrea Nolan,Other,59,Health and safety inspector,Married,"West Katie, Mississippi, 86118",55+
CUST14751083,Sherry Hernandez,Male,59,Planning and development surveyor,Divorced,"Camachochester, Hawaii, 61139",55+
CUST83105447,Courtney Adams,Female,59,"Engineer, petroleum",Widowed,"West Emily, Missouri, 29831",55+
CUST32620909,Sarah Smith,Female,59,Operational researcher,Married,"East Jennifer, Wyoming, 78777",55+
CUST70199024,Kathryn Campbell,Female,59,Air traffic controller,Widowed,"South Steve, Tennessee, 21016",55+
CUST77341734,Danielle Shields,Male,59,Publishing rights manager,Single,"Port Brandonmouth, Connecticut, 41427",55+
CUST23624197,Elizabeth Stewart,Female,59,Microbiologist,Married,"East Lisamouth, Idaho, 69994",55+
CUST11095679,Paul Foster,Other,59,Energy manager,Widowed,"West Michael, Wisconsin, 45486",55+
CUST66417629,Kevin Elliott,Other,59,Amenity horticulturist,Married,"Port Michael, Wyoming, 47084",55+
CUST96982569,Claudia Santana,Female,59,Dietitian,Divorced,"Port Geraldmouth, Florida, 83653",55+
CUST80973937,Nicole Estrada,Other,59,Television camera operator,Divorced,"South Emily, North Carolina, 06071",55+
CUST76421344,Kathleen Thomas,Male,59,Agricultural consultant,Widowed,"Burnettberg, New Jersey, 35187",55+
CUST77471391,Erica Smith,Other,59,"Psychologist, prison and probation services",Single,"South Lori, Nebraska, 48993",55+
CUST52563047,Charles Russo,Other,59,Charity officer,Divorced,"Warrenshire, Nevada, 31569",55+
CUST77733988,Shirley Jones,Other,59,Teaching laboratory technician,Divorced,"Jennaville, Illinois, 90702",55+
CUST70412729,John Osborn,Male,59,"Lecturer, higher education",Married,"Perezberg, Connecticut, 53866",55+
CUST94483327,Phillip Alvarez,Male,59,Special educational needs teacher,Married,"Livingstonmouth, Maine, 15875",55+
CUST16054508,Nathaniel Peters,Female,59,"Therapist, music",Married,"East Ryanborough, California, 84835",55+
CUST86867912,Jeffrey Ruiz,Male,59,Field trials officer,Single,"New Jennaburgh, Pennsylvania, 08337",55+
CUST74253851,Rick Davis,Other,59,Media buyer,Widowed,"South Deanbury, Wisconsin, 25812",55+
CUST47582904,Kaitlyn Gallagher,Male,59,Chemical engineer,Widowed,"Millerstad, Indiana, 88497",55+
CUST19164980,Paige Davis,Other,59,Research scientist (physical sciences),Married,"New Tonya, Vermont, 55459",55+
CUST37520176,Laura Watts,Other,59,Clinical embryologist,Single,"Lake Melanieberg, Alabama, 24295",55+
CUST34407963,Michelle Morgan,Other,59,IT sales professional,Widowed,"New Danielton, North Carolina, 16098",55+
CUST18147732,Chad Cunningham MD,Female,59,"Teacher, special educational needs",Divorced,"West Timothy, Florida, 51873",55+
CUST87066920,Daniel Morgan,Male,59,"Nurse, adult",Divorced,"South Kevinfort, Connecticut, 58085",55+
CUST83803324,James Doyle,Male,59,Lawyer,Widowed,"New Angela, Maine, 20543",55+
CUST78329712,Joseph Wilson,Male,59,"Surveyor, minerals",Single,"Jefferyview, North Carolina, 77863",55+
CUST65831421,John Young,Male,59,Quality manager,Married,"New Andrewbury, Oklahoma, 87865",55+
CUST43951887,Tyler Wallace Jr.,Other,58,Research scientist (life sciences),Single,"New Jasonstad, New Mexico, 51745",55+
CUST72249795,Jennifer Haley,Other,58,Fisheries officer,Divorced,"Robinsonview, Minnesota, 42391",55+
CUST37024645,Kelly Miller,Male,58,Hydrologist,Widowed,"North Ericton, Michigan, 81999",55+
CUST34440268,Pamela Mcdonald,Other,58,Emergency planning/management officer,Married,"Crawfordburgh, Montana, 06678",55+
CUST67042353,John Rodriguez,Female,58,Product manager,Single,"Nataliebury, Missouri, 50840",55+
CUST09615056,Tammy Perez,Female,58,Therapeutic radiographer,Widowed,"Selenaton, Georgia, 41858",55+
CUST35227250,Joseph Newman,Female,58,IT sales professional,Single,"Henryville, Kentucky, 79832",55+
CUST39218118,Tyler King MD,Male,58,"Scientist, water quality",Single,"Port Brady, North Carolina, 35078",55+
CUST89845597,Barbara Riggs,Other,58,Dispensing optician,Married,"Rebeccatown, Ohio, 88194",55+
CUST72694800,Joseph Adams,Male,58,Actuary,Married,"Longtown, Rhode Island, 21844",55+
CUST15199230,Nicole Davila,Male,58,International aid/development worker,Single,"Port Andre, Arizona, 03356",55+
CUST74619782,Vanessa Sawyer,Male,58,Veterinary surgeon,Divorced,"North Spencer, California, 31605",55+
CUST53117093,Cheryl Harris,Male,58,Visual merchandiser,Married,"Port Patrick, Hawaii, 64217",55+
CUST35741824,Andrew Villanueva,Other,58,English as a second language teacher,Widowed,"Jessicaside, Minnesota, 97608",55+
CUST64920901,Miranda Peterson,Female,58,"Loss adjuster, chartered",Married,"Hernandezview, Arkansas, 08720",55+
CUST90637926,Melissa Abbott,Other,58,Energy engineer,Divorced,"East Nicholasville, Nebraska, 44462",55+
CUST78610086,Eric Clark,Female,58,Clinical embryologist,Single,"Lake Jason, Kentucky, 06828",55+
CUST14571184,Alan Patel,Male,58,Medical technical officer,Married,"North Christian, Connecticut, 86790",55+
CUST81031233,Jennifer Wood,Female,58,Chartered management accountant,Married,"Dawnfurt, Delaware, 67460",55+
CUST42009069,Tasha Mcclain,Male,58,"Journalist, broadcasting",Widowed,"West Brandonfort, Oklahoma, 09765",55+
CUST29322950,Stuart Skinner,Male,58,Forensic scientist,Married,"Williamville, Nebraska, 49930",55+
CUST19068526,Steve Russell,Female,58,Barista,Divorced,"Reidmouth, Georgia, 13956",55+
CUST24962220,Dr. Krista Boyd,Male,58,Fast food restaurant manager,Divorced,"Jacksonfurt, Arizona, 06708",55+
CUST32422139,Robert Shaffer,Female,58,Passenger transport manager,Married,"Millsborough, Maryland, 03041",55+
CUST28421720,Timothy Flowers,Other,58,"Sound technician, broadcasting/film/video",Single,"Velasquezmouth, Nebraska, 77488",55+
CUST94011019,Rachel Golden,Female,58,Social researcher,Single,"East David, Rhode Island, 77784",55+
CUST78107518,Patricia Livingston,Other,58,Multimedia specialist,Married,"East Raymond, Kentucky, 81703",55+
CUST39183534,Connie Mills,Other,58,Site engineer,Widowed,"East Autumnberg, Florida, 20805",55+
CUST78994337,Steven Rodriguez,Male,58,Chartered loss adjuster,Widowed,"Phillipberg, Connecticut, 89209",55+
CUST31662758,Ian Robinson,Male,58,Statistician,Married,"Port David, Washington, 79745",55+
CUST70498974,Devon Haynes,Male,58,Aeronautical engineer,Widowed,"Angelaport, New Mexico, 09690",55+
CUST34598462,Edward Bond,Female,58,Naval architect,Married,"Nelsonchester, Nebraska, 91117",55+
CUST05051323,Zachary Welch,Female,58,"Engineer, manufacturing systems",Divorced,"Hamptonport, Wisconsin, 81512",55+
CUST72585140,Vincent Gibson,Other,58,"Engineer, energy",Widowed,"Burnettside, California, 57462",55+
CUST69423768,Dr. Tracy Walters DDS,Female,58,Politician's assistant,Single,"Craigmouth, Montana, 43534",55+
CUST04664611,John Mcgrath,Female,58,Sales executive,Divorced,"Lake Kevinberg, South Carolina, 63758",55+
CUST69591551,Steven Cook,Male,58,"Production assistant, television",Single,"East Steven, West Virginia, 06733",55+
CUST17384805,Gerald Smith,Other,58,Computer games developer,Widowed,"New Frederickfurt, Tennessee, 83427",55+
CUST07067514,Lindsay Cole,Other,58,Volunteer coordinator,Widowed,"Port Curtisburgh, Texas, 58194",55+
CUST65451880,Pamela Walker,Male,58,"Teacher, primary school",Widowed,"East Megan, Montana, 38233",55+
CUST12842695,Chelsea Holland,Other,58,Travel agency manager,Married,"Janiceview, Alaska, 12214",55+
CUST61104852,Michael Maynard,Female,58,Quarry manager,Divorced,"North Danieltown, North Dakota, 57739",55+
CUST26137895,Ryan Thompson,Other,58,Music therapist,Married,"Perezville, Indiana, 03444",55+
CUST75783850,Krystal Warren DVM,Other,58,Physiological scientist,Widowed,"Leahside, Ohio, 39137",55+
CUST81469819,Michelle Howard,Other,58,"Engineer, petroleum",Married,"South Mark, Maryland, 88379",55+
CUST76844198,Parker Krause,Male,58,Chartered public finance accountant,Widowed,"Whiteside, Kansas, 22258",55+
CUST18926459,Corey Ryan,Female,58,Aeronautical engineer,Widowed,"Jesusmouth, North Carolina, 91190",55+
CUST40230825,Annette Vasquez,Male,58,Ecologist,Single,"Stevenberg, Oregon, 25121",55+
CUST54898353,Michael Rodriguez,Other,58,Occupational psychologist,Divorced,"New Makayla, Pennsylvania, 17994",55+
CUST17102318,Mark Hughes,Female,58,Equality and diversity officer,Married,"Kerrychester, Maine, 55550",55+
CUST89895699,Mark Holmes,Other,58,"Teacher, special educational needs",Widowed,"Tylerfort, South Carolina, 72847",55+
CUST81983561,Eugene Chan,Other,58,Air cabin crew,Married,"New Amber, Illinois, 68664",55+
CUST10478824,Ashley Snyder,Male,58,Clinical cytogeneticist,Single,"Kimberlyfurt, Ohio, 68737",55+
CUST78709621,Megan Williams,Male,58,Probation officer,Married,"Taylorchester, Minnesota, 85658",55+
CUST43760270,Tanner Hamilton,Male,58,Forensic psychologist,Single,"Hamptonshire, North Carolina, 31313",55+
CUST56330515,Guy Berry,Other,58,Warehouse manager,Married,"Jessicashire, Rhode Island, 50537",55+
CUST32321186,Melanie Smith,Other,58,Retail manager,Single,"Kyleville, North Carolina, 03199",55+
CUST34878216,Steven Romero,Other,58,"Journalist, magazine",Divorced,"North Matthewfurt, Utah, 19369",55+
CUST21748118,Laura Lee,Female,58,"Pilot, airline",Divorced,"West Lisaside, Kentucky, 93498",55+
CUST82642196,Christina Parks,Other,58,"Scientist, research (physical sciences)",Married,"Lake Christina, Arkansas, 27600",55+
CUST00971282,Crystal Allen,Male,58,"Psychotherapist, child",Divorced,"South Nathan, New Jersey, 57400",55+
CUST69641136,Melissa Cruz,Female,58,Social worker,Divorced,"Theresaside, Nebraska, 48628",55+
CUST43641609,Alexandra Dean,Female,58,Actuary,Married,"Wallaceview, Nevada, 31674",55+
CUST81139176,Deborah Cooper,Male,58,Further education lecturer,Divorced,"East Melissaview, Vermont, 23868",55+
CUST21950431,Peter Payne,Male,58,"Administrator, charities/voluntary organisations",Single,"West Josephburgh, Nevada, 70428",55+
CUST62185374,Kenneth Thompson,Other,58,"Scientist, marine",Married,"New Crystalport, Utah, 03342",55+
CUST38016023,Scott Coleman,Female,58,Secondary school teacher,Divorced,"South Shaneburgh, Alabama, 10877",55+
CUST02211212,Catherine Pearson,Female,58,Midwife,Widowed,"Brittanyborough, New Hampshire, 78952",55+
CUST79836458,Christopher Barnes,Male,58,"Designer, ceramics/pottery",Single,"Mcclurestad, Minnesota, 04988",55+
CUST44397318,Anna Riggs,Male,58,Further education lecturer,Divorced,"West Williamfurt, Colorado, 70904",55+
CUST96283853,Lauren Nelson,Female,58,Geoscientist,Widowed,"Lake Christinaport, Washington, 20764",55+
CUST70039318,Corey Harris,Other,58,Media planner,Widowed,"Thomasmouth, Hawaii, 73935",55+
CUST36410265,Kellie Wilson,Other,58,Best boy,Married,"West Victoria, West Virginia, 54877",55+
CUST23610376,April Baker,Male,58,Hydrologist,Single,"East Eric, West Virginia, 34539",55+
CUST52762998,Susan Wagner,Male,57,Herbalist,Single,"Port Cody, Kentucky, 70305",55+
CUST61699442,Amy Watson,Female,57,Forensic scientist,Single,"Riverafort, New Mexico, 70716",55+
CUST59035786,Aaron Rivera,Other,57,"Engineer, maintenance (IT)",Married,"Amyhaven, Wyoming, 39984",55+
CUST88471738,Evan Miller,Female,57,Interpreter,Married,"West Savannah, Texas, 93999",55+
CUST20598910,Amy Martinez,Female,57,Forensic psychologist,Single,"Justinton, Louisiana, 75591",55+
CUST28678258,Julie Gordon,Male,57,"Physicist, medical",Married,"Lake Jennifer, Maryland, 67985",55+
CUST48026120,Natasha Mcclain,Male,57,"Engineer, production",Divorced,"Lake Mary, Virginia, 28809",55+
CUST12695089,Kayla Cox,Male,57,Make,Widowed,"New Kelseyshire, Louisiana, 03341",55+
CUST35088457,Karen Nelson,Male,57,Phytotherapist,Single,"Port Jennifer, Colorado, 11456",55+
CUST50443721,Samantha Anderson,Male,57,Multimedia programmer,Single,"East Roger, Washington, 82149",55+
CUST25199906,James Lane,Other,57,Sales promotion account executive,Divorced,"Jenkinsville, Minnesota, 28596",55+
CUST35406140,Sarah Murphy,Other,57,Occupational psychologist,Married,"Sarahview, Kentucky, 62326",55+
CUST99037462,Renee Schultz,Other,57,Sub,Widowed,"Feliciaton, Wyoming, 84651",55+
CUST32931562,Debbie Kennedy,Other,57,Financial trader,Married,"Kayleeburgh, Arkansas, 21431",55+
CUST71339753,Michael Chandler,Male,57,Actuary,Single,"Allenmouth, Texas, 31739",55+
CUST95146633,Collin Martin,Female,57,Immigration officer,Widowed,"South John, Colorado, 89211",55+
CUST56819798,Brenda Cisneros,Other,57,Art therapist,Single,"West Sylvia, Alaska, 13309",55+
CUST82780241,Ms. Traci Rowland,Female,57,Facilities manager,Divorced,"Port Dennis, Kansas, 57317",55+
CUST18610143,Larry Hernandez,Female,57,Broadcast presenter,Single,"Marialand, Georgia, 64839",55+
CUST30426757,James Wood,Other,57,"Doctor, hospital",Married,"Hallstad, Virginia, 37230",55+
CUST57608382,Andre Harris,Other,57,Early years teacher,Divorced,"Smithhaven, Iowa, 72639",55+
CUST30395587,Emily Diaz,Female,57,"Designer, exhibition/display",Divorced,"Kimberlyville, New Hampshire, 84883",55+
CUST47215591,Carol Baker,Male,57,Water engineer,Widowed,"Marcusport, Delaware, 80201",55+
CUST07052264,Thomas Long,Female,57,Air broker,Divorced,"East Janetmouth, Indiana, 87097",55+
CUST12375575,Kimberly Johnson,Male,57,Training and development officer,Divorced,"Elliottmouth, South Dakota, 08827",55+
CUST54507478,Teresa Fritz,Other,57,"Engineer, technical sales",Divorced,"Jorgestad, Virginia, 69715",55+
CUST49183323,Christine Johnson,Other,57,Research scientist (life sciences),Widowed,"Dawnland, Idaho, 37343",55+
CUST47568893,Andrew Frey,Male,57,Operational researcher,Married,"Jenniferland, Delaware, 06134",55+
CUST42951085,Audrey Marsh,Male,57,Actuary,Married,"Lake Rachelmouth, North Dakota, 09539",55+
CUST80648380,Daniel Hensley,Other,57,"Education officer, museum",Widowed,"West Jodistad, Hawaii, 22496",55+
CUST79707358,Jeffrey Greene,Other,57,"Administrator, education",Widowed,"Port Natasha, Minnesota, 61669",55+
CUST92631069,Lucas Green,Female,57,Magazine features editor,Widowed,"Karahaven, Alabama, 58734",55+
CUST93700561,Stephen Miller,Female,57,"Psychologist, sport and exercise",Divorced,"Port Ryanmouth, Oregon, 66187",55+
CUST25734739,Michael Brown,Other,57,"Conservation officer, historic buildings",Married,"Kellerberg, Georgia, 85224",55+
CUST27704162,Dustin Murray,Other,57,"Doctor, general practice",Single,"East Stacy, Virginia, 91797",55+
CUST86615154,Megan Thomas,Female,57,Chemical engineer,Widowed,"West Josephchester, Washington, 08619",55+
CUST92112375,Mario Cameron,Male,57,Lobbyist,Divorced,"North Amy, Wisconsin, 45009",55+
CUST15337504,Andrew Long,Male,57,Herpetologist,Widowed,"Donnaton, South Carolina, 60047",55+
CUST19245315,Sara Soto,Other,57,Mining engineer,Single,"Ricehaven, Oklahoma, 33399",55+
CUST20605632,Laura Reyes,Female,57,"Designer, ceramics/pottery",Single,"Martinhaven, Virginia, 13480",55+
CUST91459619,Wanda Davis,Male,57,"Engineer, biomedical",Divorced,"South Scott, Kentucky, 54078",55+
CUST05058638,Gregory Stevenson,Other,57,"Conservation officer, nature",Married,"Lewisland, Nebraska, 61238",55+
CUST29981317,Adam Flores,Male,57,Mental health nurse,Divorced,"West Jillianhaven, Indiana, 99025",55+
CUST04188498,Kirk Vargas,Female,57,Illustrator,Divorced,"New Emily, Oklahoma, 24199",55+
CUST91318322,Samantha Rodriguez,Female,57,"Engineer, maintenance",Single,"Parkermouth, Wyoming, 39732",55+
CUST46135838,Kayla Burns,Male,57,"Presenter, broadcasting",Widowed,"East Dawn, Texas, 52827",55+
CUST05710789,Larry Crawford,Other,57,Estate manager/land agent,Single,"East Catherineland, Virginia, 76324",55+
CUST30421939,Angelica Garrett,Other,57,"Scientist, physiological",Widowed,"Angelaland, South Carolina, 85556",55+
CUST02597184,Fred Deleon,Female,57,Commercial art gallery manager,Single,"East Jimmy, Florida, 69913",55+
CUST15756529,Javier Jones,Other,57,Investment analyst,Single,"Rossbury, California, 06540",55+
CUST03329994,Wendy Newman,Other,57,Professor Emeritus,Single,"Mitchellhaven, Minnesota, 57955",55+
CUST33569794,Joseph Young,Female,57,Sports coach,Widowed,"South Tanya, Mississippi, 85463",55+
CUST34759415,Tony Fuentes,Other,57,Catering manager,Widowed,"East Benjamin, West Virginia, 26195",55+
CUST11205379,Terri Brown,Female,57,Oceanographer,Widowed,"Weaverside, Mississippi, 66854",55+
CUST81529891,Megan Smith,Other,57,Clinical embryologist,Widowed,"Dillonfurt, Tennessee, 42725",55+
CUST90784414,Brittany Grant,Male,57,Retail buyer,Widowed,"West Felicia, Hawaii, 91891",55+
CUST47065680,Connor Smith,Male,56,Geoscientist,Divorced,"Lake Jeffreyburgh, Michigan, 56354",55+
CUST36072844,Marie Montes,Male,56,Wellsite geologist,Single,"Kristinaberg, Missouri, 39010",55+
CUST82510838,Brittany Park,Female,56,Oceanographer,Divorced,"Port Robert, Idaho, 33001",55+
CUST44042438,Bethany Clark,Female,56,Dispensing optician,Widowed,"New Terrenceview, Kentucky, 28240",55+
CUST68764983,Scott Palmer,Female,56,Trade mark attorney,Widowed,"New Barbara, South Dakota, 81899",55+
CUST83218031,Dominique Howell,Male,56,Photographer,Married,"Carrshire, West Virginia, 68338",55+
CUST78208538,Ann Francis,Other,56,Chief Marketing Officer,Married,"East Anna, Tennessee, 47569",55+
CUST84237988,Brendan Freeman,Female,56,Legal executive,Married,"New Jeffrey, Rhode Island, 75224",55+
CUST17126231,Elizabeth Middleton,Other,56,Web designer,Single,"Charlesstad, Alaska, 59331",55+
CUST82473025,Alexander Mack,Other,56,Merchant navy officer,Widowed,"Shawnport, Louisiana, 69260",55+
CUST41349178,Shaun Carlson,Male,56,Banker,Divorced,"Port Richard, Wyoming, 35121",55+
CUST75105891,Erica Davis,Male,56,Radiation protection practitioner,Divorced,"Jennifermouth, Arkansas, 41071",55+
CUST15817856,Benjamin Williams,Male,56,Human resources officer,Single,"Port Nicoleville, Mississippi, 46729",55+
CUST32815469,Julie Wilson,Other,56,"Accountant, chartered public finance",Divorced,"Greenville, Minnesota, 10215",55+
CUST43504745,Richard Khan,Female,56,Commercial/residential surveyor,Married,"Whiteside, West Virginia, 55941",55+
CUST47696408,Kevin Joyce,Other,56,Ship broker,Divorced,"New Brian, Oklahoma, 44595",55+
CUST71399860,Sean Nelson,Female,56,Government social research officer,Widowed,"Port Jessica, North Carolina, 77386",55+
CUST14645850,Kelly Meyer,Other,56,Publishing copy,Widowed,"Port Ryan, Texas, 05924",55+
CUST93887750,Jonathan Mays,Other,56,Best boy,Married,"North Molly, Idaho, 60527",55+
CUST01038631,Julie Oneill,Male,56,"Production assistant, television",Divorced,"Williamsberg, Nebraska, 23665",55+
CUST70549286,Brandy White,Female,56,Location manager,Married,"Krauseborough, Connecticut, 54085",55+
CUST37286375,Danielle Gutierrez,Other,56,"Education officer, museum",Widowed,"West Daniel, Oklahoma, 37083",55+
CUST71376671,Alan Williams,Male,56,Community arts worker,Single,"East Isaac, Oregon, 98921",55+
CUST73542603,Jared Barrett,Male,56,Health and safety inspector,Widowed,"North Markhaven, Utah, 23445",55+
CUST03452356,Tracy Mckenzie,Male,56,Film/video editor,Single,"South Andrew, Wisconsin, 84661",55+
CUST74973932,Lisa Tate,Other,56,Armed forces logistics/support/administrative officer,Divorced,"New Jeannebury, Montana, 48377",55+
CUST25749054,Deborah Cook,Male,56,Insurance claims handler,Widowed,"Keithstad, Michigan, 73223",55+
CUST50493367,Christopher Pratt,Male,56,"Therapist, occupational",Married,"West Rachel, New Hampshire, 76468",55+
CUST28275584,Darlene Nielsen,Male,56,"Engineer, electrical",Divorced,"Lake Katherine, Rhode Island, 09865",55+
CUST60402466,Samantha Simon,Other,56,Insurance risk surveyor,Single,"Lake Omarstad, Minnesota, 50396",55+
CUST47625072,Michael Austin,Female,56,Chartered legal executive (England and Wales),Married,"Kristinshire, Oregon, 43987",55+
CUST27240070,Christopher George,Female,56,Industrial buyer,Single,"Ethanburgh, Nebraska, 79119",55+
CUST68851190,Kevin Gray,Other,56,Statistician,Married,"North Brandon, Ohio, 01390",55+
CUST75853655,Warren Anderson,Male,56,Ship broker,Single,"North Shellyland, Hawaii, 31332",55+
CUST06569759,Jennifer Stone,Female,56,Toxicologist,Divorced,"Thompsonberg, Massachusetts, 55568",55+
CUST15369273,Lori Anderson,Other,56,Barrister,Divorced,"North Robertburgh, Montana, 81912",55+
CUST57652314,Shelby Bush,Male,56,"Journalist, newspaper",Single,"East Barbara, Indiana, 11379",55+
CUST36310129,Victoria Chen DDS,Female,56,Trading standards officer,Married,"Shirleyfurt, New Mexico, 41329",55+
CUST06543363,Elizabeth Foster,Female,56,"Surveyor, building",Divorced,"South Natalieburgh, Georgia, 32887",55+
CUST01299297,Emily Wilson,Male,56,Public librarian,Single,"Donaldstad, Delaware, 54190",55+
CUST07529006,Mr. Michael Cooper,Female,56,Armed forces technical officer,Divorced,"South Kellychester, Rhode Island, 34707",55+
CUST87220469,Sandra Kennedy,Other,56,Editorial assistant,Widowed,"South Adamfort, Ohio, 39187",55+
CUST36029781,Timothy Gonzales,Female,56,Ophthalmologist,Divorced,"Lake Manuelmouth, Massachusetts, 85896",55+
CUST19370245,Linda Bailey,Male,56,"Designer, jewellery",Single,"Turnerville, Alaska, 45313",55+
CUST97348378,Mrs. Mandy Barnett,Male,56,"Teacher, English as a foreign language",Widowed,"Pricehaven, Montana, 13596",55+
CUST64506627,Cynthia Foster,Female,56,"Administrator, Civil Service",Widowed,"West Cynthia, North Carolina, 06488",55+
CUST62087566,Thomas Williams,Other,56,Advertising account planner,Divorced,"Padillaburgh, California, 91996",55+
CUST20529547,Diana Wood,Male,56,Management consultant,Married,"New James, Indiana, 54363",55+
CUST32463831,Linda King,Female,56,Estate agent,Widowed,"Rhondaton, Illinois, 04756",55+
CUST28321995,Michael Fernandez,Other,56,Early years teacher,Widowed,"Mitchellstad, New Jersey, 07880",55+
CUST48515134,Julie Sharp,Male,56,Office manager,Divorced,"West Shane, New Jersey, 77329",55+
CUST22932604,Carmen Russell,Other,56,Chartered management accountant,Married,"Rodneystad, New Hampshire, 41360",55+
CUST95234460,Holly Rice,Male,56,Tax inspector,Divorced,"Port Mikaylamouth, New Jersey, 90665",55+
CUST32344189,Whitney Ayala,Other,56,"Conservation officer, historic buildings",Single,"Ellenshire, Mississippi, 60607",55+
CUST20378528,Tracy Martinez,Male,56,Transport planner,Widowed,"East Alecchester, Kansas, 52231",55+
CUST14417337,Jenny Davis,Female,56,IT consultant,Single,"New Zacharybury, Minnesota, 98403",55+
CUST81849013,Robyn Edwards,Other,56,"Research officer, trade union",Married,"West Michaeltown, Indiana, 94806",55+
CUST95606528,Mario Shaw,Female,56,"Engineer, agricultural",Divorced,"East Stacy, Wisconsin, 18481",55+
CUST90396181,James Duncan,Male,56,"Administrator, sports",Married,"East Samuel, Maine, 82965",55+
CUST89913203,Olivia Ramirez,Female,56,"Loss adjuster, chartered",Widowed,"Castanedaburgh, Indiana, 92801",55+
CUST00359219,Andrew Mendoza,Female,56,Purchasing manager,Married,"Kevinberg, North Carolina, 26964",55+
CUST64747835,Matthew Ibarra,Female,56,Meteorologist,Married,"New Dwayne, Louisiana, 64050",55+
CUST41817732,Shelley Scott,Female,56,Tree surgeon,Single,"Harperfort, Nevada, 90749",55+
CUST03546088,Shawn Garcia,Other,56,Ergonomist,Widowed,"Anthonyberg, Arkansas, 46658",55+
CUST52459393,Charles Harris,Male,56,"Designer, industrial/product",Widowed,"Johnsonfurt, Indiana, 49710",55+
CUST42524771,Matthew Nelson,Female,56,"Chemist, analytical",Divorced,"Holderberg, Wisconsin, 46501",55+
CUST07668457,Alexis Sullivan,Female,56,"Scientist, research (maths)",Widowed,"Shawfurt, Wisconsin, 27934",55+
CUST68633427,Tara Gonzalez,Male,56,"Geneticist, molecular",Divorced,"Gibbsmouth, New Jersey, 80423",55+
CUST97698598,David King,Female,56,Exhibition designer,Single,"North Donald, Utah, 02021",55+
CUST13870195,Alexander Phillips,Male,56,Community pharmacist,Single,"Danielchester, Colorado, 86877",55+
CUST61534512,Edwin Johnston,Other,56,Occupational hygienist,Single,"Lake Robertton, Virginia, 89164",55+
CUST46887661,Brian Frey,Other,56,General practice doctor,Single,"Lake Sandraton, Texas, 41711",55+
CUST52983993,Betty Gomez,Female,56,Multimedia specialist,Divorced,"Martinezshire, New Hampshire, 71932",55+
CUST34774962,Taylor Palmer,Female,56,"Surveyor, planning and development",Married,"Port Davidhaven, North Dakota, 74253",55+
CUST84553673,Joseph Allen,Other,56,Firefighter,Widowed,"Kellyfort, New Hampshire, 09727",55+
CUST22210220,Cathy Anderson,Male,56,Careers adviser,Single,"Morrisonside, Oregon, 35511",55+
CUST12698167,Christina Mcconnell,Other,56,Operational investment banker,Married,"Pagestad, Massachusetts, 77768",55+
CUST42057323,Patricia Kelly,Other,56,Multimedia programmer,Single,"East Melissaport, Connecticut, 89108",55+
CUST70347071,Amber Aguilar,Male,56,Site engineer,Single,"New Emily, Connecticut, 71724",55+
CUST40402385,Jennifer Smith,Male,56,Risk manager,Married,"East Shawnside, Mississippi, 86948",55+
CUST32924092,Steven Stewart,Male,56,"Production designer, theatre/television/film",Divorced,"Cuevasshire, Michigan, 11935",55+
CUST48889123,Kimberly Bailey,Male,56,Television production assistant,Married,"Nelsonhaven, West Virginia, 85269",55+
CUST78949268,Aaron Goodman,Female,56,Company secretary,Divorced,"North Jennifer, Ohio, 33380",55+
CUST94217256,Kathy Owens,Other,56,Information systems manager,Widowed,"Lake Mindy, Nevada, 78136",55+
CUST62192821,Jenna Walters,Male,56,Clinical biochemist,Divorced,"Catherinehaven, Wyoming, 31458",55+
CUST39434727,Stephanie Smith,Female,56,Clinical cytogeneticist,Divorced,"West Mark, Colorado, 17799",55+
CUST11391934,Sarah Yates,Female,55,Academic librarian,Divorced,"West William, Kentucky, 44106",55+
CUST60373684,Tina Blevins,Female,55,Planning and development surveyor,Married,"Henryfort, Indiana, 44697",55+
CUST98370859,Dawn Cooper,Female,55,Film/video editor,Divorced,"West Sarahland, Alabama, 60916",55+
CUST37758351,Mark Shaw,Female,55,"Research officer, trade union",Widowed,"Lake John, Illinois, 83704",55+
CUST63273681,Ms. Mary Thompson,Male,55,"Accountant, chartered management",Married,"Drakefort, Louisiana, 24264",55+
CUST53231078,Kathy Walker,Female,55,Production manager,Single,"South Morgan, South Carolina, 65464",55+
CUST17748712,Aaron Miller,Other,55,Sales promotion account executive,Divorced,"Bullockmouth, Connecticut, 13695",55+
CUST40667035,Tammy Brown,Other,55,Magazine features editor,Widowed,"Melissachester, New Hampshire, 59269",55+
CUST40529086,Gabrielle Garza,Female,55,Private music teacher,Widowed,"West Christopher, Mississippi, 89058",55+
CUST65385067,Jason Lucas,Female,55,"Investment banker, corporate",Married,"Lake Dianefort, Maine, 20349",55+
CUST60974160,Duane Scott,Other,55,"Surveyor, mining",Married,"Port Robertmouth, Wyoming, 14190",55+
CUST73859287,Nathan Estrada,Male,55,Comptroller,Divorced,"Thomaschester, Louisiana, 61596",55+
CUST99661721,Jeremy Stone,Male,55,Warehouse manager,Divorced,"East Deborahburgh, North Carolina, 74486",55+
CUST35329748,Thomas Rodriguez,Male,55,"Engineer, maintenance",Married,"South Anthonystad, Utah, 38845",55+
CUST01494054,Jerry Davis,Other,55,Quantity surveyor,Divorced,"South Kenneth, Colorado, 59640",55+
CUST17315573,Michael Jones,Male,55,"Biochemist, clinical",Divorced,"North Victor, Minnesota, 52022",55+
CUST43002716,Connie Luna,Male,55,Rural practice surveyor,Widowed,"Charlesland, Georgia, 43236",55+
CUST81217064,Olivia White,Male,55,Transport planner,Single,"East Michaelchester, Utah, 64677",55+
CUST43515933,Caleb Taylor,Female,55,Bonds trader,Divorced,"New Kelly, Hawaii, 06297",55+
CUST51646816,Jacqueline Pace,Male,55,"Teacher, special educational needs",Divorced,"North Robertville, South Dakota, 68967",55+
CUST20043058,Yvonne Clements,Female,55,Chiropractor,Widowed,"South Amandaland, Washington, 91041",55+
CUST90614815,Bradley Zamora,Female,55,"Designer, textile",Divorced,"Lake Danielfurt, Connecticut, 14145",55+
CUST93655605,Heather Hammond,Female,55,Hospital pharmacist,Single,"Richardville, Alabama, 83286",55+
CUST72523359,Thomas Taylor,Male,55,Data processing manager,Divorced,"Tiffanyfort, Wisconsin, 53916",55+
CUST93013255,Rhonda Gray,Female,55,Oceanographer,Widowed,"Port Michelle, Indiana, 56836",55+
CUST26431154,Crystal Woodard,Female,55,"Therapist, music",Divorced,"Ortegahaven, Connecticut, 40980",55+
CUST73620388,Brent Allen,Male,55,Physiotherapist,Married,"Bassland, Arkansas, 96003",55+
CUST67296311,Kathy Elliott,Female,55,Visual merchandiser,Divorced,"Port Cathy, Kansas, 40245",55+
CUST39372490,Darlene Cardenas,Female,55,"Engineer, structural",Divorced,"Lake Alexander, Illinois, 94853",55+
CUST94697272,Jacqueline Anderson,Male,55,"Surveyor, minerals",Divorced,"Kristopherville, Louisiana, 68403",55+
CUST78159147,Jack Hill,Male,55,"Psychologist, occupational",Divorced,"South Jeffery, Connecticut, 18539",55+
CUST01868703,Brittany Hawkins,Female,55,Higher education careers adviser,Married,"Melissashire, Iowa, 19870",55+
CUST29169512,Amy Thomas,Other,55,Curator,Widowed,"Wilsonmouth, Minnesota, 34250",55+
CUST23301508,Travis Brown,Female,55,Administrator,Married,"Port Daniel, Alabama, 63896",55+
CUST48588288,Mr. Douglas Byrd,Other,55,Armed forces training and education officer,Married,"Heatherside, Colorado, 25008",55+
CUST63207325,Virginia Garrison,Female,55,Hydrogeologist,Single,"New Daniel, Kentucky, 18003",55+
CUST76815118,Christopher Cunningham III,Other,55,Land,Divorced,"Lancemouth, West Virginia, 44699",55+
CUST73008905,Juan Mercer,Other,55,"Administrator, charities/voluntary organisations",Married,"Ritamouth, Massachusetts, 44267",55+
CUST45705025,Matthew Carter,Male,55,"Biochemist, clinical",Married,"Robinsonmouth, Nebraska, 82813",55+
CUST93161097,Linda Robinson,Other,55,"Buyer, industrial",Widowed,"New Nicholas, Texas, 17290",55+
CUST66940113,Gerald Vega,Male,55,"Production assistant, television",Single,"Markville, Arkansas, 68508",55+
CUST42176644,Zachary Hopkins,Other,55,Radiation protection practitioner,Divorced,"Weaverland, Oklahoma, 52466",55+
CUST72313783,Sharon Russo,Female,55,Publishing rights manager,Divorced,"Porterchester, New Mexico, 83632",55+
CUST18337391,Jose Rodriguez,Male,55,"Designer, furniture",Married,"Lisatown, Colorado, 97955",55+
CUST14492807,Kevin Drake,Female,55,Applications developer,Widowed,"South Joshua, Georgia, 94225",55+
CUST88996309,Eric Stewart,Other,55,Sales promotion account executive,Widowed,"North Roberthaven, Mississippi, 18113",55+
CUST50814315,Angela Cooper MD,Male,55,Barrister's clerk,Single,"New Sandra, New Jersey, 75856",55+
CUST66865870,Brittany Jackson,Other,55,Holiday representative,Married,"Thomasstad, Idaho, 84346",55+
CUST54132815,Cindy Winters,Other,55,Radio broadcast assistant,Widowed,"West James, Massachusetts, 84470",55+
CUST88002176,Abigail Hill,Other,55,Writer,Single,"Port Samanthaville, Illinois, 70307",55+
CUST66230731,Vernon Mcmillan,Female,55,Furniture conservator/restorer,Divorced,"Hannahburgh, Georgia, 21911",55+
CUST28191420,Tammy Dickson,Other,55,Energy engineer,Divorced,"Stephaniefort, Hawaii, 78305",55+
CUST17130339,Daniel Luna,Other,55,"Horticulturist, commercial",Married,"East Kimberlystad, Florida, 07845",55+
CUST00698672,Crystal Thomas,Other,54,Professor Emeritus,Married,"South Maxwellview, Florida, 04162",45-54
CUST81617367,Joseph Wright,Other,54,"Development worker, community",Married,"South Michelleport, North Dakota, 18119",45-54
CUST45173890,Andrew Martin,Other,54,"Accountant, chartered certified",Widowed,"Diamondberg, California, 56566",45-54
CUST41173178,Larry Lucas,Male,54,Control and instrumentation engineer,Single,"South Kyleborough, Virginia, 08557",45-54
CUST37124636,Nicholas Cohen,Other,54,"Physicist, medical",Married,"Joshuaville, South Dakota, 47122",45-54
CUST56374162,Ann Miller,Other,54,"Chemist, analytical",Widowed,"Port Donnahaven, Michigan, 96567",45-54
CUST67521046,Brooke Carroll,Other,54,Illustrator,Single,"North Wendy, Kentucky, 23618",45-54
CUST12138511,Patrick Myers,Female,54,Radio producer,Divorced,"Lake Donald, Delaware, 20318",45-54
CUST88304640,Laura Contreras,Male,54,Adult nurse,Divorced,"West Kaitlynville, North Dakota, 87787",45-54
CUST96279401,Heather Hernandez,Male,54,"Engineer, maintenance",Single,"East Brandi, Rhode Island, 56456",45-54
CUST70398711,Eric Williams,Male,54,Prison officer,Single,"Lake Warren, Missouri, 11726",45-54
CUST35227808,Peter Brown,Female,54,Chief Financial Officer,Widowed,"Charlesberg, Nevada, 15582",45-54
CUST30590429,Brandon Shields,Female,54,Forest/woodland manager,Widowed,"Jacksonborough, Oklahoma, 68916",45-54
CUST40820550,Erica Carpenter,Other,54,Training and development officer,Divorced,"Rosefurt, Missouri, 38835",45-54
CUST32304513,Connie Smith,Male,54,Acupuncturist,Married,"Christinatown, Arkansas, 79141",45-54
CUST81233973,Melissa Perez,Male,54,Careers adviser,Divorced,"East Roger, Texas, 85717",45-54
CUST02825696,Thomas Crawford,Female,54,Health and safety inspector,Widowed,"Candiceland, Alaska, 33949",45-54
CUST68173648,Robert Howard,Male,54,Fashion designer,Married,"West Michael, Wyoming, 20272",45-54
CUST88971515,Michael Collins,Female,54,Chartered certified accountant,Widowed,"South Kristietown, Maine, 92623",45-54
CUST00568856,Samantha Smith,Female,54,Dealer,Married,"North Taylorbury, North Carolina, 30014",45-54
CUST44043106,Andrea Collins,Male,54,Consulting civil engineer,Widowed,"East Lisamouth, Maine, 88815",45-54
CUST07838901,Mallory Benson,Female,54,Forensic scientist,Widowed,"Lake Michael, Maine, 11561",45-54
CUST11345745,Nathaniel Roach,Male,54,Diagnostic radiographer,Married,"Lake Timothybury, Idaho, 56719",45-54
CUST41814178,Cheryl Clark,Female,54,"Engineer, manufacturing",Widowed,"Port Lisa, Ohio, 00793",45-54
CUST09164374,Morgan Pacheco,Male,54,"Scientist, research (maths)",Widowed,"Port Caseymouth, Florida, 50757",45-54
CUST07376754,Jasmine Carter,Female,54,"Engineer, chemical",Married,"Shelbyland, Missouri, 40116",45-54
CUST59813902,Larry Carroll MD,Other,54,"Buyer, retail",Divorced,"Johnfort, Minnesota, 33198",45-54
CUST97512387,Kevin Fischer,Male,54,Operational researcher,Single,"Amytown, Maine, 24452",45-54
CUST78637134,David Yates,Male,54,Publishing copy,Divorced,"New Joseph, Georgia, 70469",45-54
CUST20387353,Kara Brown,Female,54,Oncologist,Divorced,"North Brianland, Washington, 38010",45-54
CUST41856221,Caitlyn Adams,Other,54,Mental health nurse,Single,"Lake Heatherberg, Indiana, 37624",45-54
CUST06347988,Barbara Atkins,Other,54,Maintenance engineer,Widowed,"East Ronald, Hawaii, 96599",45-54
CUST51648922,Jill Peterson,Female,54,Technical brewer,Married,"Robbinsmouth, Virginia, 43426",45-54
CUST53225019,Kimberly Cannon,Female,54,"Lecturer, higher education",Married,"Martinport, Michigan, 23045",45-54
CUST92837972,Christopher Tanner,Male,54,Medical sales representative,Widowed,"Williamborough, Pennsylvania, 70835",45-54
CUST21123855,Andrea Carroll,Female,54,Magazine features editor,Widowed,"Davidside, Kansas, 51331",45-54
CUST55128751,Traci Galvan,Male,54,"Engineer, biomedical",Widowed,"West Raymond, Pennsylvania, 40526",45-54
CUST56930916,Travis Salazar,Male,54,Immunologist,Divorced,"Lake Clifford, Michigan, 14588",45-54
CUST23290415,Jesse Cunningham,Other,54,Hydrographic surveyor,Single,"Paulfort, Alaska, 50876",45-54
CUST55389046,Theodore Snyder,Male,54,Retail merchandiser,Widowed,"Port Marystad, Ohio, 72448",45-54
CUST40417111,Travis Thomas,Female,54,Field trials officer,Married,"New Deannaburgh, Minnesota, 79249",45-54
CUST28506793,Jonathan Butler,Male,54,Aid worker,Widowed,"South Rebecca, Iowa, 88312",45-54
CUST12947924,Michael Harvey,Male,54,"Lecturer, higher education",Widowed,"Port Sabrinashire, Kentucky, 57624",45-54
CUST05516156,Jerry Moore,Male,54,Hydrologist,Widowed,"New Taylorborough, Arkansas, 33223",45-54
CUST61305885,Troy Jones,Male,54,Armed forces technical officer,Married,"South Zoe, Maine, 94790",45-54
CUST94275292,Marc Francis,Female,54,Chiropodist,Divorced,"Charleneburgh, Florida, 48683",45-54
CUST58292065,Mark Rogers,Female,54,Chief Strategy Officer,Single,"West Billport, New York, 96926",45-54
CUST30590764,Jamie Fleming,Male,54,"Horticulturist, commercial",Single,"Elizabethton, Washington, 53357",45-54
CUST27733105,Erica Martinez,Male,54,"Surveyor, insurance",Married,"Port Jamesland, Tennessee, 98648",45-54
CUST87805634,Robert Acosta,Female,54,Dramatherapist,Widowed,"Garciatown, Illinois, 20972",45-54
CUST61700092,Meagan Doyle,Female,54,Dispensing optician,Married,"Anthonyport, Kentucky, 82861",45-54
CUST58368389,Regina Lee,Other,54,Ship broker,Widowed,"Kennethview, Oklahoma, 52519",45-54
CUST69834247,Paul Allen,Other,54,"Librarian, academic",Single,"East Rachelberg, South Dakota, 07469",45-54
CUST28388620,Thomas Cortez,Other,54,Control and instrumentation engineer,Divorced,"Hillstad, Colorado, 86886",45-54
CUST03289232,Steven Taylor,Female,54,Systems developer,Married,"North Debrabury, Illinois, 60611",45-54
CUST89125036,David Weaver,Male,54,Arts development officer,Widowed,"East Lindaville, Missouri, 62903",45-54
CUST60102742,Jesus Moore,Female,54,Trading standards officer,Divorced,"Kylechester, Alabama, 48930",45-54
CUST80779430,Wendy Houston,Other,54,Ship broker,Married,"Taylorchester, North Carolina, 45776",45-54
CUST03151120,Helen Jones,Other,54,Production engineer,Married,"Timothyland, North Carolina, 05772",45-54
CUST55580606,Adam Townsend,Male,54,Web designer,Widowed,"New Andreafort, Illinois, 30400",45-54
CUST62528326,Mary Mitchell,Female,54,Ophthalmologist,Single,"Reidland, Mississippi, 77189",45-54
CUST31443133,Joseph Hughes,Male,54,Learning mentor,Married,"Olsonfort, Kansas, 68600",45-54
CUST28931921,Sara Whitehead,Female,54,Purchasing manager,Widowed,"Martinfurt, Wisconsin, 71168",45-54
CUST00111093,Kyle Carson,Male,54,Probation officer,Single,"Anthonyland, Hawaii, 92457",45-54
CUST04608986,Alec Snyder,Other,54,Fine artist,Single,"Morrisshire, Maryland, 78330",45-54
CUST69635187,Eric Hodges,Other,54,Copy,Single,"East Rodney, Wyoming, 18846",45-54
CUST88220946,Caitlin Butler,Other,54,"Pharmacist, hospital",Divorced,"Lake Lawrencetown, Virginia, 06253",45-54
CUST22923889,Frank Cook,Other,54,Engineering geologist,Divorced,"Lake Mariaburgh, New Hampshire, 81558",45-54
CUST81559157,Matthew Pena,Female,54,Counsellor,Divorced,"Elizabethtown, Oklahoma, 09132",45-54
CUST75651711,John Castillo,Female,54,Recruitment consultant,Widowed,"New Jennifershire, Utah, 70885",45-54
CUST61923494,Joseph Cannon,Male,54,"Administrator, charities/voluntary organisations",Widowed,"Lake Coryfurt, Utah, 17138",45-54
CUST17130962,James Barber,Other,54,Research scientist (physical sciences),Married,"South Christy, Oregon, 73146",45-54
CUST39109112,Sydney Lloyd,Other,54,Interior and spatial designer,Widowed,"Lake Jessica, Nebraska, 32912",45-54
CUST97126861,Brandi Collins,Male,53,Patent examiner,Single,"North Brookemouth, Hawaii, 31881",45-54
CUST44732249,John Hernandez,Male,53,Amenity horticulturist,Single,"Lake Mario, Vermont, 72478",45-54
CUST76380481,Holly Walters,Other,53,"Conservation officer, nature",Divorced,"Mooreburgh, North Carolina, 10522",45-54
CUST44423635,Lauren Williams,Female,53,"Designer, furniture",Divorced,"Michaelport, Massachusetts, 65363",45-54
CUST15366770,Andrew Pittman,Other,53,Environmental health practitioner,Married,"Colinborough, Idaho, 91423",45-54
CUST77984164,Andrew Golden,Other,53,"Doctor, general practice",Divorced,"Banksshire, Florida, 03151",45-54
CUST54413687,Nicholas Juarez,Other,53,Animator,Married,"South Angelaview, Virginia, 03836",45-54
CUST67753270,Jennifer Johnson,Other,53,"Editor, magazine features",Single,"North Robert, Wisconsin, 67600",45-54
CUST53923029,Danielle Hendricks,Female,53,Solicitor,Single,"North Tim, Illinois, 47463",45-54
CUST42299913,Katherine Rogers,Female,53,Warehouse manager,Single,"East Blakefurt, Kentucky, 67637",45-54
CUST74578411,Beverly Vazquez,Female,53,Proofreader,Married,"East Jeremyville, Georgia, 57386",45-54
CUST85679291,Valerie Gutierrez,Male,53,Amenity horticulturist,Single,"Weavertown, Minnesota, 03512",45-54
CUST60052387,Ricardo Hines,Other,53,Insurance risk surveyor,Single,"West Lynn, Iowa, 50169",45-54
CUST20830036,Stephen Hensley PhD,Male,53,Materials engineer,Divorced,"Port Jasonbury, Georgia, 20811",45-54
CUST02220651,Amber Howell,Other,53,Ecologist,Widowed,"North Candiceburgh, California, 04674",45-54
CUST42566729,Chad Scott,Female,53,Conference centre manager,Divorced,"East Michael, Utah, 66206",45-54
CUST65292603,Jennifer Barnes,Female,53,"Engineer, control and instrumentation",Single,"Lake Michaelshire, Kansas, 86891",45-54
CUST66999929,Becky Ford,Male,53,International aid/development worker,Single,"Dickersonfort, Florida, 92580",45-54
CUST80626896,Dr. Thomas Turner,Female,53,"Surveyor, planning and development",Widowed,"Amyton, Iowa, 93251",45-54
CUST97172366,Mark Griffith,Male,53,"Exhibitions officer, museum/gallery",Divorced,"North Christy, Vermont, 98248",45-54
CUST24135158,Nathan Smith,Male,53,English as a second language teacher,Widowed,"Lake Natasha, Colorado, 09987",45-54
CUST83535400,Caleb Wright,Female,53,Insurance claims handler,Married,"West Thomas, Indiana, 93748",45-54
CUST74635566,Elizabeth Kennedy,Male,53,Archaeologist,Single,"Blevinsstad, Washington, 54187",45-54
CUST12565763,Mary Reyes,Female,53,Ranger/warden,Divorced,"West Martinfort, Maryland, 73701",45-54
CUST44038518,Justin Serrano,Other,53,Medical illustrator,Married,"Brandimouth, Georgia, 82376",45-54
CUST35742747,Aaron Hinton,Female,53,Probation officer,Single,"Mariahaven, Oklahoma, 01518",45-54
CUST98059607,Brenda Howard,Male,53,Speech and language therapist,Married,"East Barbara, Utah, 85185",45-54
CUST49937329,Joshua Taylor,Female,53,"Therapist, sports",Married,"Emilyside, Missouri, 66808",45-54
CUST87894778,Steven Contreras,Female,53,"Geneticist, molecular",Single,"North Ricky, Delaware, 43481",45-54
CUST78141073,Kathryn Mcclure DVM,Female,53,Textile designer,Single,"Christyfort, Iowa, 80901",45-54
CUST65156614,Andrew Smith,Other,53,Communications engineer,Divorced,"Lake Elizabeth, Texas, 35866",45-54
CUST22567858,Stephanie Baker,Male,53,"Pharmacist, community",Single,"Smithchester, North Dakota, 36402",45-54
CUST95624970,Tony Perry,Other,53,"Biochemist, clinical",Divorced,"Lake Arthur, New Hampshire, 23136",45-54
CUST70375510,Jessica Chavez DVM,Other,53,Television floor manager,Single,"East Margaretshire, Louisiana, 16722",45-54
CUST66115315,Jimmy Bennett,Female,53,Herpetologist,Single,"Frankfurt, Iowa, 07562",45-54
CUST46892319,Barbara Daniels,Male,53,"Scientist, forensic",Single,"Lake Marcus, Oregon, 18091",45-54
CUST43290947,Barbara Ramos,Male,53,"Librarian, academic",Single,"Rachelberg, Montana, 16264",45-54
CUST41708038,Timothy Spears,Female,53,"Teacher, English as a foreign language",Married,"Erikland, California, 78272",45-54
CUST73210197,Joel White,Other,53,"Buyer, retail",Married,"West Dennismouth, Michigan, 92645",45-54
CUST48411549,Lisa Ramirez,Female,53,Travel agency manager,Widowed,"Keithport, Ohio, 92836",45-54
CUST50829047,Jessica Fleming,Male,53,Information officer,Widowed,"Munoztown, Illinois, 77082",45-54
CUST17491662,Rodney Mcclure,Other,53,Holiday representative,Single,"West Heatherstad, Tennessee, 17012",45-54
CUST68281778,Eric Gonzales,Female,53,"Geologist, engineering",Widowed,"Katherineborough, New York, 91339",45-54
CUST72665861,Kevin Perry,Other,53,TEFL teacher,Widowed,"New Jason, Delaware, 67522",45-54
CUST36783515,Samuel Ward,Male,53,"Civil engineer, consulting",Widowed,"Burnsmouth, California, 22027",45-54
CUST36148354,Gregory Lamb,Other,53,Fisheries officer,Single,"Port Juliemouth, Illinois, 69505",45-54
CUST89748053,Samantha Johnson MD,Male,53,Health promotion specialist,Widowed,"Port Patriciaberg, Arizona, 97824",45-54
CUST23990611,Bradley Kent,Other,53,Associate Professor,Divorced,"Lake Nicoletown, Pennsylvania, 80608",45-54
CUST33663006,Erin Wright,Male,53,Lexicographer,Married,"Michaelmouth, Idaho, 43174",45-54
CUST55277516,Kathleen Lopez,Other,53,Marketing executive,Divorced,"North Kellyborough, Arkansas, 40357",45-54
CUST61593818,Shannon Mcgee,Other,53,Building services engineer,Married,"New Amyhaven, Tennessee, 56073",45-54
CUST75512674,Susan Dorsey,Female,53,"Surveyor, commercial/residential",Divorced,"Russellbury, Indiana, 24491",45-54
CUST97941469,Christopher Bailey,Male,53,Microbiologist,Widowed,"Jasonburgh, North Carolina, 58308",45-54
CUST40586562,Andrew Porter,Other,53,Air broker,Divorced,"West Kristinbury, New Jersey, 48404",45-54
CUST43023655,Jeff Waller,Other,53,Counselling psychologist,Single,"North Davidville, Kansas, 31509",45-54
CUST87334402,Nicholas Wagner,Male,53,"Engineer, control and instrumentation",Single,"New Patriciaborough, Indiana, 47293",45-54
CUST38513534,David Strong,Female,53,Marketing executive,Married,"South Ernest, North Carolina, 39727",45-54
CUST26565796,Michael Randall,Female,53,Materials engineer,Married,"New Eric, Kansas, 31077",45-54
CUST97428812,Dr. Travis Case,Other,53,Child psychotherapist,Married,"Lake Kelly, Tennessee, 25930",45-54
CUST58857321,Diana Diaz,Male,53,Event organiser,Widowed,"Port Vincent, West Virginia, 71678",45-54
CUST17322901,William Vargas,Male,53,"Doctor, general practice",Widowed,"Lake Erica, Alaska, 56496",45-54
CUST75265819,Joshua Sharp,Other,53,Museum education officer,Widowed,"Port Paula, Michigan, 69305",45-54
CUST33496718,Kristi Barnes,Other,53,Civil Service fast streamer,Divorced,"Wendyfort, Connecticut, 39513",45-54
CUST01238703,David Gillespie,Other,53,Insurance account manager,Widowed,"Meganberg, Wyoming, 05410",45-54
CUST41146530,Michael Garcia,Other,53,Purchasing manager,Divorced,"East Kaylabury, South Carolina, 43543",45-54
CUST80842892,George Brown,Male,53,Psychotherapist,Divorced,"East Tracey, Louisiana, 48744",45-54
CUST46516721,Amy Mcintyre,Female,53,"Engineer, biomedical",Single,"Oscarmouth, Mississippi, 40655",45-54
CUST90124222,Mark Clay,Female,53,Consulting civil engineer,Divorced,"Duncantown, Alabama, 27977",45-54
CUST08168341,Daniel Bailey,Female,53,Management consultant,Married,"Lake Tammie, Alaska, 47801",45-54
CUST20014882,Amanda Wells,Male,53,Press photographer,Single,"New Gabrielashire, North Dakota, 62380",45-54
CUST60237755,Rebecca Scott,Male,53,"Accountant, chartered public finance",Single,"Paulburgh, South Carolina, 27547",45-54
CUST38446135,Amanda Williamson,Male,53,Financial controller,Widowed,"Ericafurt, Rhode Island, 67554",45-54
CUST88280449,Larry Bridges,Male,53,Television/film/video producer,Single,"New Christophermouth, Massachusetts, 10121",45-54
CUST27326515,Michael Haney,Female,53,"Sales professional, IT",Single,"Port Rebeccaton, Tennessee, 51818",45-54
CUST43033309,Kevin White,Male,53,Commercial horticulturist,Married,"West Anna, Arkansas, 05532",45-54
CUST18686353,Eric Jones,Female,53,Herpetologist,Single,"West William, Montana, 77443",45-54
CUST98560807,Thomas Rivera PhD,Male,53,Marketing executive,Single,"New Michael, New York, 96481",45-54
CUST41303481,Deborah Reyes,Female,53,Planning and development surveyor,Married,"Jacksonshire, South Carolina, 04657",45-54
CUST64693455,Jesse Mack,Other,53,"Horticulturist, amenity",Widowed,"Lake Patrickborough, Maine, 85688",45-54
CUST85012208,Sharon Brooks,Female,53,Industrial buyer,Widowed,"South Sarahhaven, Michigan, 46510",45-54
CUST38303408,Cameron Roberts,Male,53,Cytogeneticist,Single,"Veronicatown, Tennessee, 82441",45-54
CUST59244029,Robert Lee,Male,52,Naval architect,Single,"West Coletown, Minnesota, 03297",45-54
CUST46496271,Ronald Terrell,Female,52,Health and safety inspector,Divorced,"North Donnamouth, Maryland, 93087",45-54
CUST79795033,Jeffrey Young,Female,52,Museum/gallery curator,Married,"Johnview, Kansas, 70816",45-54
CUST69376442,Denise Zimmerman,Female,52,Chiropodist,Widowed,"Tracystad, Ohio, 77654",45-54
CUST31634398,Dr. Michaela Johnson,Other,52,"Engineer, civil (consulting)",Divorced,"Lewisborough, Alabama, 19289",45-54
CUST60497171,Michelle Thomas DVM,Other,52,Barrister's clerk,Divorced,"Marvinchester, Missouri, 03407",45-54
CUST74784564,Justin Alvarez,Female,52,Financial adviser,Married,"Lake Alexandraview, Virginia, 14364",45-54
CUST65675664,Brandon Martinez,Female,52,"Surveyor, commercial/residential",Widowed,"Tamarastad, Kansas, 74587",45-54
CUST47155964,Jordan Green,Female,52,Chief Marketing Officer,Married,"Lake Wendyside, Arkansas, 33397",45-54
CUST11162124,Juan Johnson,Male,52,"Engineer, chemical",Widowed,"Angelaview, Arkansas, 67800",45-54
CUST79551244,Christina Bradley,Male,52,"Lecturer, higher education",Married,"Lake Eric, Maine, 70433",45-54
CUST21549816,Samantha Hernandez,Female,52,Paramedic,Divorced,"Dyerview, Nevada, 47344",45-54
CUST81108268,Daniel Jensen,Other,52,Multimedia programmer,Single,"North Joseph, Washington, 95399",45-54
CUST84970191,Patricia Stewart,Male,52,Architectural technologist,Widowed,"Martinmouth, Arizona, 34170",45-54
CUST18025382,Michelle Snyder,Other,52,"Solicitor, Scotland",Single,"North Michael, Nebraska, 58206",45-54
CUST65866057,Anne Buchanan,Male,52,Technical author,Married,"Port Katrina, Florida, 34650",45-54
CUST89197471,Jason Martinez,Male,52,"Conservation officer, historic buildings",Divorced,"Lindaland, Indiana, 35731",45-54
CUST79172554,Juan Lopez,Other,52,"Teacher, music",Single,"Douglasport, West Virginia, 81129",45-54
CUST00032978,Jordan Hamilton,Male,52,Production engineer,Divorced,"Josephburgh, Utah, 75541",45-54
CUST67345031,Paul Barton,Other,52,Advertising art director,Single,"West Katrina, Texas, 30310",45-54
CUST23935675,Joseph Erickson,Male,52,IT consultant,Single,"Andrewville, Tennessee, 69058",45-54
CUST41233140,Brent Rhodes,Female,52,Nature conservation officer,Widowed,"Collinsstad, New Hampshire, 67023",45-54
CUST88982495,Terry Gonzalez,Other,52,Economist,Married,"Frankside, Rhode Island, 89460",45-54
CUST69684657,Brittany Wagner,Male,52,IT sales professional,Divorced,"North Susan, Delaware, 04923",45-54
CUST57101147,Cassandra Bowers,Female,52,"Administrator, arts",Widowed,"East Andrea, California, 11206",45-54
CUST90806547,Brandon Jones,Female,52,"Engineer, manufacturing",Single,"North Victoriaville, Arizona, 30513",45-54
CUST69094844,Christina Weaver,Other,52,"Psychologist, clinical",Widowed,"East Frank, Nevada, 11048",45-54
CUST46969019,Thomas Velazquez Jr.,Male,52,Hydrogeologist,Married,"Lake Timothy, Oregon, 53186",45-54
CUST69019373,Elizabeth Crawford,Other,52,Environmental consultant,Single,"North Brandonborough, Arkansas, 26282",45-54
CUST14167476,Anita Smith,Female,52,"Runner, broadcasting/film/video",Widowed,"New Amanda, Delaware, 77497",45-54
CUST17693863,Russell Hill,Female,52,"Engineer, civil (consulting)",Widowed,"East Vanessa, Arkansas, 29104",45-54
CUST24621636,Bryan Davis,Female,52,Graphic designer,Divorced,"Woodbury, Colorado, 52910",45-54
CUST55456630,Mr. Jonathan Green Jr.,Other,52,Hydrologist,Widowed,"Lake Juan, Wisconsin, 94812",45-54
CUST91876217,Joshua Schwartz,Female,52,"Journalist, broadcasting",Divorced,"Amyshire, Nevada, 74984",45-54
CUST05685909,Franklin Villa,Male,52,Retail manager,Married,"Cookbury, Rhode Island, 81883",45-54
CUST99144633,Kathryn Romero,Other,52,Civil Service fast streamer,Single,"Thompsontown, New Jersey, 11230",45-54
CUST59426008,Chris Williams,Female,52,Race relations officer,Widowed,"Michaelchester, Oregon, 26856",45-54
CUST16443965,Christina Luna,Male,52,Call centre manager,Single,"Ronaldmouth, Kentucky, 91607",45-54
CUST27814120,Melissa Sanchez,Male,52,Insurance risk surveyor,Married,"South Michaelbury, Wyoming, 31320",45-54
CUST56375847,Michael Garcia,Male,52,Systems analyst,Single,"Owensport, New York, 12673",45-54
CUST27179577,Jessica Friedman,Male,52,Data scientist,Divorced,"Lake Steven, Mississippi, 84243",45-54
CUST08893145,James Smith,Male,52,Recruitment consultant,Divorced,"Huntstad, Kentucky, 52693",45-54
CUST18666306,Jon Fuentes,Other,52,Estate agent,Single,"Stephenchester, Kentucky, 79826",45-54
CUST09532877,Catherine Willis,Male,52,Learning mentor,Single,"Port Brittany, Wyoming, 94807",45-54
CUST45156294,Mark Wilson Jr.,Other,52,Health promotion specialist,Single,"Jasontown, Montana, 72806",45-54
CUST23300167,Cynthia Hardin,Male,52,Private music teacher,Divorced,"Sarahview, Louisiana, 47584",45-54
CUST41027839,Derek Hammond,Male,52,Wellsite geologist,Divorced,"Victoriashire, Wyoming, 31493",45-54
CUST88744541,Jerry Smith,Other,52,"Physicist, medical",Married,"Chungbury, Vermont, 02774",45-54
CUST39765506,Mary Roberts,Female,52,Nature conservation officer,Married,"Port Gabriellechester, Nebraska, 41312",45-54
CUST40022319,Tyler James,Other,52,Colour technologist,Divorced,"Carlaville, Georgia, 33734",45-54
CUST94694770,Megan Barber,Female,52,Careers adviser,Single,"Kellerfurt, Oregon, 83938",45-54
CUST40790350,Jonathan Torres,Male,52,Recycling officer,Married,"Alisonmouth, Washington, 53323",45-54
CUST18777456,Jessica Mccoy,Other,52,Veterinary surgeon,Divorced,"Davidview, Maryland, 95355",45-54
CUST88324206,Allison Boyd,Other,52,"Administrator, sports",Married,"Lopezshire, Michigan, 75425",45-54
CUST46870622,Sarah Frank,Female,52,"Programmer, systems",Widowed,"Mannstad, Illinois, 35086",45-54
CUST66529457,Melissa Schultz,Female,52,Aeronautical engineer,Single,"East Markfurt, Nevada, 14853",45-54
CUST55516580,Michael King,Male,52,TEFL teacher,Widowed,"Michaelmouth, Colorado, 97390",45-54
CUST15839292,Nathan King,Female,52,Photographer,Single,"East Henrytown, Florida, 63231",45-54
CUST42777695,Kristin Leblanc,Male,52,"Engineer, maintenance",Widowed,"Lake Danielle, Florida, 02108",45-54
CUST81146661,Wendy Robertson,Female,52,Industrial buyer,Married,"New Brian, Idaho, 30827",45-54
CUST81290264,Roger Hawkins,Female,52,"Engineer, energy",Widowed,"Tammyhaven, Maryland, 20284",45-54
CUST73854424,David Chase,Female,52,"Engineer, technical sales",Widowed,"Danielshire, Nebraska, 99729",45-54
CUST05794732,Sharon Sullivan,Male,52,"Surveyor, planning and development",Single,"North Brittany, Texas, 41623",45-54
CUST02517854,Jordan Bowers,Male,52,Research scientist (life sciences),Divorced,"Cookton, Connecticut, 53741",45-54
CUST19543662,Amanda Foster,Other,52,"Conservator, furniture",Single,"Port Morgan, South Dakota, 36247",45-54
CUST36284430,Adam Murray,Female,52,Hydrogeologist,Single,"East Daniellechester, Kansas, 41790",45-54
CUST42820015,Karen Calderon,Male,52,Exercise physiologist,Married,"Hillside, Utah, 56456",45-54
CUST86971828,Isaiah Kane,Other,52,"Clinical scientist, histocompatibility and immunogenetics",Divorced,"South Glen, Iowa, 97982",45-54
CUST66425079,Morgan Mitchell,Female,52,Production manager,Single,"West Deborahport, Ohio, 86642",45-54
CUST37977068,Thomas Holt,Male,52,Manufacturing systems engineer,Single,"East Bradleyville, Connecticut, 48377",45-54
CUST41729920,Emily Jones,Male,52,Risk manager,Single,"West Daniel, New Jersey, 21739",45-54
CUST76231180,Derrick Boyer,Female,52,Records manager,Single,"New Tyler, Massachusetts, 90923",45-54
CUST87784685,Karen Graves,Male,52,Air cabin crew,Married,"Lake Andrewport, Montana, 96762",45-54
CUST27643449,Misty Carlson,Other,52,Musician,Divorced,"Joycehaven, Colorado, 65554",45-54
CUST49812848,Rickey Mccullough,Other,52,Heritage manager,Widowed,"East Vanessaburgh, California, 38278",45-54
CUST45352116,Bobby Flores,Other,51,Rural practice surveyor,Widowed,"Rodriguezside, Maine, 93111",45-54
CUST91867775,William Martinez,Female,51,Architect,Divorced,"West Raymondshire, Virginia, 52436",45-54
CUST86631880,Michele Underwood,Male,51,"Horticulturist, amenity",Married,"Acevedoborough, Arizona, 41809",45-54
CUST83877319,Rebecca Wolf,Female,51,"Administrator, sports",Married,"Allisonburgh, Utah, 25995",45-54
CUST35441846,Ernest Skinner,Female,51,Agricultural consultant,Married,"Philipberg, Wisconsin, 83806",45-54
CUST46978140,Nicholas Reed,Female,51,Consulting civil engineer,Widowed,"New Michaeltown, Nevada, 76089",45-54
CUST79448571,Kayla Reed,Male,51,"Production assistant, radio",Widowed,"South Wesleychester, Delaware, 11035",45-54
CUST85869477,Jose Espinoza,Female,51,Video editor,Single,"Kimberlyton, Wisconsin, 33160",45-54
CUST69637885,Nicholas Kent,Female,51,English as a second language teacher,Married,"Andersonview, Washington, 83801",45-54
CUST88564180,David Miranda,Female,51,Location manager,Divorced,"New Jennifer, Georgia, 08737",45-54
CUST45234549,Luke Strickland,Other,51,"Engineer, materials",Divorced,"Sweeneyville, West Virginia, 28933",45-54
CUST26920405,Lindsey Moyer,Male,51,"Sales professional, IT",Single,"Leachville, Hawaii, 16145",45-54
CUST37144136,Dr. Daniel Henson,Male,51,Trade union research officer,Single,"Mcculloughport, New Hampshire, 29230",45-54
CUST24630642,Ann Rodriguez,Male,51,"Development worker, international aid",Married,"Watsonland, Nebraska, 26592",45-54
CUST77388349,Bethany Parker,Male,51,Psychiatrist,Married,"New Nicole, Maryland, 11659",45-54
CUST70754514,Charles Perez,Female,51,Management consultant,Single,"Maryshire, Illinois, 63850",45-54
CUST90162029,Ryan Clark,Other,51,"Accountant, chartered public finance",Single,"New Meagan, Utah, 83467",45-54
CUST43326670,Malik Anderson,Female,51,Higher education careers adviser,Divorced,"Lake Vanessa, West Virginia, 97371",45-54
CUST64350786,Timothy Whitehead,Male,51,Games developer,Single,"West Christopher, Georgia, 88061",45-54
CUST08016042,Kathryn James,Female,51,Publishing rights manager,Widowed,"Port Christinefurt, Pennsylvania, 36492",45-54
CUST88434526,Blake Hart,Female,51,Aid worker,Widowed,"East Michael, Ohio, 07468",45-54
CUST92361788,Stephanie Mcclure,Female,51,Field trials officer,Divorced,"West Wendy, Rhode Island, 48998",45-54
CUST89973347,Cole Johnson,Male,51,"Conservation officer, nature",Divorced,"Troystad, New Hampshire, 40313",45-54
CUST53035088,Scott Cook,Female,51,Energy manager,Divorced,"Micheleland, Massachusetts, 63687",45-54
CUST18798938,Kimberly Brooks,Female,51,Exercise physiologist,Single,"Robinfort, Georgia, 02267",45-54
CUST09838887,Justin Lewis,Male,51,"Surveyor, insurance",Divorced,"West Andrew, Connecticut, 92128",45-54
CUST59063255,Patricia Snyder,Other,51,Clinical embryologist,Married,"Lake Kevin, Maryland, 25448",45-54
CUST69825332,Melissa Norris,Male,51,Educational psychologist,Single,"Port John, Louisiana, 16667",45-54
CUST56215398,Lance Mclean,Male,51,"Psychotherapist, dance movement",Divorced,"North Raymondhaven, Louisiana, 30725",45-54
CUST39614063,John Morrow,Female,51,Actor,Divorced,"Lake Fernandoborough, Delaware, 50503",45-54
CUST28505104,Michael Bentley,Other,51,"Production designer, theatre/television/film",Divorced,"West Betty, Alaska, 17462",45-54
CUST18270230,Tanya Hawkins,Female,51,Metallurgist,Single,"Smithshire, Montana, 41651",45-54
CUST12708863,Matthew Russell,Other,51,Architect,Widowed,"Benderfort, Arkansas, 52757",45-54
CUST07728997,Steven Woods,Female,51,Higher education lecturer,Divorced,"South Stephen, Mississippi, 09939",45-54
CUST30592090,Eric Thompson,Female,51,Clinical biochemist,Divorced,"South Marcchester, Rhode Island, 62591",45-54
CUST80783850,Lisa Miles,Male,51,"Secretary, company",Married,"East Kathryn, West Virginia, 62155",45-54
CUST22870365,Joseph Brown,Female,51,"Nurse, adult",Widowed,"Berryburgh, Texas, 47894",45-54
CUST54853959,Donna Cantrell,Female,51,Counsellor,Divorced,"Alanview, Virginia, 76126",45-54
CUST33110491,Matthew Donaldson,Other,51,Pensions consultant,Married,"East Michelle, Oregon, 85498",45-54
CUST90375310,Charles Leblanc,Female,51,Mental health nurse,Divorced,"Elliotttown, Texas, 26183",45-54
CUST38154052,Michelle Allen,Female,51,Television floor manager,Married,"West Antonioland, Louisiana, 42258",45-54
CUST77768999,Patricia Martinez,Female,51,Research scientist (life sciences),Widowed,"Jacksonborough, Indiana, 27862",45-54
CUST65527652,Linda Hill,Other,51,"Designer, fashion/clothing",Widowed,"Port Patricia, Alabama, 16096",45-54
CUST44539389,Steven Alvarado,Male,51,Banker,Single,"South Gregory, West Virginia, 63289",45-54
CUST48596545,Tara Andrews,Other,51,Chief Operating Officer,Widowed,"Lake Lauren, Idaho, 62903",45-54
CUST04292052,Alexander Gregory,Other,51,Primary school teacher,Married,"Jordanland, North Dakota, 83471",45-54
CUST18286548,James Farrell,Female,51,"Administrator, sports",Married,"North Erinport, Rhode Island, 66740",45-54
CUST33347092,Austin Holden,Female,51,Theatre director,Widowed,"North Audrey, Kansas, 68579",45-54
CUST51968855,Jason Vega,Female,51,"Scientist, biomedical",Single,"East Thomasside, Hawaii, 41295",45-54
CUST57756679,Lori Gonzalez,Male,51,Commercial/residential surveyor,Divorced,"Thomasstad, Mississippi, 94537",45-54
CUST90868351,Kyle Miller,Male,51,"Scientist, physiological",Single,"Lake Martin, Tennessee, 63323",45-54
CUST76840415,Jessica Duke,Male,51,"Loss adjuster, chartered",Married,"Evanston, Tennessee, 47388",45-54
CUST35371037,Lisa Collins,Other,51,Occupational therapist,Single,"East Jerry, Alabama, 45258",45-54
CUST00365922,Dylan Lin,Female,51,Catering manager,Widowed,"Kendramouth, Vermont, 09894",45-54
CUST52535666,Jennifer Rice,Other,51,Research scientist (maths),Divorced,"Wilsonbury, Kansas, 43536",45-54
CUST75673661,Elizabeth Martinez,Other,51,Educational psychologist,Married,"West Justinchester, Alabama, 41983",45-54
CUST32846580,Joe Kidd,Female,51,"Scientist, clinical (histocompatibility and immunogenetics)",Divorced,"Lake Haley, New Mexico, 69321",45-54
CUST60705040,Lisa Rice,Female,51,Multimedia specialist,Married,"South Angelahaven, Hawaii, 02048",45-54
CUST57476956,Whitney Gray,Female,51,"Surveyor, rural practice",Divorced,"North Randy, Colorado, 81420",45-54
CUST32939112,Kenneth Love,Male,51,Production manager,Married,"Lake Molly, Missouri, 73032",45-54
CUST94350291,Sarah Thomas,Other,51,Water engineer,Married,"Moniquehaven, Georgia, 24704",45-54
CUST19195679,James Brown,Female,51,Structural engineer,Widowed,"South Michael, South Carolina, 75971",45-54
CUST24435883,Brittany Wells,Female,51,Oncologist,Widowed,"East Aprilland, Missouri, 47434",45-54
CUST99017644,Stephen Trevino,Male,51,Patent attorney,Married,"North Erin, West Virginia, 44843",45-54
CUST58699451,Jessica Myers,Other,51,Housing manager/officer,Divorced,"New Alexandrafurt, Michigan, 10757",45-54
CUST40351628,Tristan Jones,Female,51,"Engineer, building services",Single,"Robinsonshire, Arkansas, 03935",45-54
CUST22707643,Phillip Jensen,Male,51,"Accountant, chartered",Married,"Bobtown, Texas, 20418",45-54
CUST49236023,Nicole Hardy,Female,51,Arts development officer,Divorced,"Houseport, Maine, 82136",45-54
CUST77980713,Ricky Andrews,Female,51,Video editor,Divorced,"East Laura, Michigan, 63006",45-54
CUST11362327,Jonathon Spence,Female,51,Risk analyst,Married,"Matthewborough, Minnesota, 57432",45-54
CUST24728418,Brittany Hoffman,Other,51,Special effects artist,Widowed,"Lake Raymond, Vermont, 23284",45-54
CUST09366032,Matthew Glass,Female,51,Teaching laboratory technician,Widowed,"Port Davidside, Pennsylvania, 31380",45-54
CUST43384379,Frank Cooper,Male,51,Museum/gallery curator,Married,"Robertmouth, Iowa, 44043",45-54
CUST86219059,Christopher Johnson,Male,50,Control and instrumentation engineer,Single,"Kellyport, Virginia, 44432",45-54
CUST21728933,Kevin Downs,Female,50,"Surveyor, insurance",Married,"Andersontown, North Dakota, 92355",45-54
CUST81990768,Larry Horn,Female,50,Medical sales representative,Divorced,"Sherrihaven, Mississippi, 03248",45-54
CUST57459267,Michael Sanchez,Female,50,Oceanographer,Divorced,"West Kimfurt, Oklahoma, 47282",45-54
CUST86757499,Jodi Moore,Other,50,"Accountant, chartered",Widowed,"New Victoria, Arkansas, 12537",45-54
CUST65752285,Michelle Garcia,Other,50,"Surveyor, building",Married,"East Marcus, Oklahoma, 53249",45-54
CUST86111677,Kevin Johnson,Female,50,Regulatory affairs officer,Married,"East Juan, Idaho, 59637",45-54
CUST26183899,Kelli Johns,Female,50,"Scientist, water quality",Single,"Port Aaron, Connecticut, 02786",45-54
CUST79681475,Ryan Miller,Female,50,Arts development officer,Married,"Oneillshire, Colorado, 15269",45-54
CUST52293831,Courtney Young,Male,50,Bonds trader,Married,"Port Oliviamouth, California, 03530",45-54
CUST51371126,Todd Wilson,Male,50,Agricultural engineer,Widowed,"Edwardside, Washington, 72714",45-54
CUST42422618,Susan Watson,Female,50,Plant breeder/geneticist,Widowed,"Davidhaven, Oklahoma, 71489",45-54
CUST29967261,Matthew Huang,Male,50,Firefighter,Single,"Cruzstad, Wyoming, 79899",45-54
CUST76275593,Michael Thomas,Other,50,Quarry manager,Single,"Maryville, Oklahoma, 31554",45-54
CUST43942680,Steve Kerr,Male,50,Multimedia specialist,Single,"Daviston, West Virginia, 79799",45-54
CUST69823222,Scott Campbell,Other,50,Ceramics designer,Widowed,"West Catherineshire, Connecticut, 98411",45-54
CUST11069957,Donna Anderson,Male,50,Careers information officer,Widowed,"Reedtown, Alabama, 41080",45-54
CUST76639594,Micheal Hill,Other,50,Toxicologist,Single,"Richardville, Washington, 37588",45-54
CUST35324709,Jonathan Johnson,Male,50,"Engineer, manufacturing systems",Divorced,"North Nicholas, Iowa, 59118",45-54
CUST94917126,Ashley Rojas,Male,50,Production manager,Married,"Franciscoport, New Jersey, 21296",45-54
CUST74680610,Megan Clark,Female,50,Radio broadcast assistant,Widowed,"Alyssafort, Arizona, 65327",45-54
CUST59727596,Kara Martin,Male,50,"Radiographer, therapeutic",Widowed,"North Aliciashire, Nevada, 55117",45-54
CUST92513154,Lauren Chapman,Male,50,Armed forces technical officer,Widowed,"Lake Gina, Oregon, 06017",45-54
CUST92631168,John Hall,Other,50,Tax inspector,Married,"Lake Bethmouth, Wisconsin, 31181",45-54
CUST39217209,Meagan Jenkins,Other,50,Actuary,Single,"New Melaniebury, Kansas, 43350",45-54
CUST20291558,Laura Schultz,Female,50,Community development worker,Widowed,"Lake Richardhaven, Connecticut, 64913",45-54
CUST27256083,Steven Hendricks,Male,50,Magazine journalist,Widowed,"Port Elizabethburgh, Florida, 84871",45-54
CUST25828676,Heidi Carpenter,Other,50,"Librarian, academic",Single,"Youngview, Rhode Island, 86579",45-54
CUST95865242,Savannah Collier,Male,50,Furniture designer,Widowed,"New Rebeccastad, Alaska, 12374",45-54
CUST33505632,Tammy Wood,Other,50,Ambulance person,Married,"Garciaport, Alabama, 33495",45-54
CUST51895302,Colleen Davis,Female,50,Retail buyer,Single,"Bondberg, West Virginia, 04869",45-54
CUST42134396,Ryan Khan,Other,50,Futures trader,Divorced,"West Matthewbury, Colorado, 01129",45-54
CUST12400012,Kimberly Murray,Other,50,"Runner, broadcasting/film/video",Divorced,"South Samanthachester, Louisiana, 91424",45-54
CUST95652246,Stephen Burke,Male,50,Location manager,Divorced,"East Sonya, Florida, 46782",45-54
CUST91664811,Andrew Bryant,Male,50,Product manager,Single,"Lake Roberto, Montana, 55685",45-54
CUST72822037,Tyler Duran,Other,50,Surgeon,Widowed,"New Jeffrey, Rhode Island, 14607",45-54
CUST47043566,Kimberly Robinson,Male,50,Orthoptist,Divorced,"Smithville, New York, 88413",45-54
CUST28357312,Jennifer Schmidt,Other,50,Musician,Divorced,"Perezstad, Oklahoma, 09199",45-54
CUST36630131,Amber Taylor,Female,50,Customer service manager,Widowed,"North Christopher, Maine, 35958",45-54
CUST39985832,Robert Reynolds,Female,50,Theatre manager,Married,"West Gregorymouth, Minnesota, 64846",45-54
CUST74177659,John Vargas,Male,50,Civil Service fast streamer,Widowed,"Sloanhaven, Montana, 27260",45-54
CUST45621618,James Trujillo,Other,50,Oceanographer,Widowed,"East Ryan, Indiana, 84934",45-54
CUST66215694,Courtney Ramirez,Female,50,"Scientist, clinical (histocompatibility and immunogenetics)",Widowed,"South Katrina, Arkansas, 73444",45-54
CUST51161231,Jason Anderson,Male,50,IT sales professional,Widowed,"West Nicole, Ohio, 55121",45-54
CUST25167839,Cory Gonzalez,Other,50,"Engineer, maintenance (IT)",Married,"Beckermouth, Wisconsin, 97361",45-54
CUST50304623,Christy Matthews,Male,50,Farm manager,Widowed,"Port Amyland, Florida, 14602",45-54
CUST63254548,Jennifer Cox,Other,50,Systems analyst,Single,"Browntown, Ohio, 04410",45-54
CUST19390619,Mrs. Amanda George,Male,50,Financial planner,Married,"Jonesside, Maryland, 54414",45-54
CUST16970597,Tammy Madden,Female,50,Geographical information systems officer,Married,"Port Isabelbury, Pennsylvania, 18451",45-54
CUST23797730,Vicki Jackson,Other,50,Health and safety adviser,Single,"Port Jake, Georgia, 13637",45-54
CUST56919473,Maria Keith,Female,50,Government social research officer,Divorced,"New Maureenport, Mississippi, 12355",45-54
CUST77389888,Tiffany Moore,Other,50,Architect,Divorced,"North Michelle, Oklahoma, 34747",45-54
CUST79764736,Gregory Gilbert,Male,50,Information systems manager,Married,"Lake Pennymouth, Montana, 03882",45-54
CUST59289388,Dana Pierce,Male,50,"Geologist, wellsite",Married,"East Staceyville, Arizona, 50408",45-54
CUST09841369,Christopher Holloway,Female,50,Water engineer,Single,"Brittanybury, Indiana, 28368",45-54
CUST86090168,Margaret Kim,Male,50,Tour manager,Divorced,"South Emilyburgh, Nebraska, 51498",45-54
CUST73757395,Julie Brown,Male,50,Public relations officer,Single,"West Jefferyburgh, Minnesota, 91684",45-54
CUST70616691,Gregory Garrett,Female,50,Astronomer,Married,"Port Nicholasview, New Hampshire, 72058",45-54
CUST36507345,Brandon Adams,Other,50,"Engineer, broadcasting (operations)",Widowed,"Boltonburgh, Arizona, 20944",45-54
CUST59906579,Kimberly Graham,Male,50,"Psychologist, prison and probation services",Single,"New David, Oklahoma, 33442",45-54
CUST71984801,Gregory Peters,Male,50,Data processing manager,Widowed,"New Peter, Utah, 77507",45-54
CUST50076799,April Pearson,Male,50,Hospital pharmacist,Married,"Harveymouth, Oklahoma, 91909",45-54
CUST65082489,Mary Williams,Other,50,Town planner,Single,"East Jacobborough, Illinois, 36743",45-54
CUST76099488,Lauren Spencer,Male,50,"Psychotherapist, child",Married,"New Melissamouth, Michigan, 19672",45-54
CUST37286258,Bonnie Hayes,Other,50,Secretary/administrator,Divorced,"East Seanstad, Minnesota, 10265",45-54
CUST99988126,Courtney Hawkins,Male,50,"Scientist, physiological",Widowed,"Johnsonbury, Ohio, 16581",45-54
CUST26787300,Alexandra Rose,Other,49,Broadcast engineer,Divorced,"Lake Stacyfurt, Alabama, 47854",45-54
CUST56686028,Amanda Schultz,Male,49,"Embryologist, clinical",Single,"Brianburgh, Iowa, 80557",45-54
CUST34798424,Justin Stephens,Female,49,"Scientist, marine",Married,"Aaronland, Connecticut, 56564",45-54
CUST36302275,Nicholas Bass,Male,49,"Engineer, communications",Married,"Morganport, New Hampshire, 18762",45-54
CUST80988940,John Long,Other,49,Chief Operating Officer,Single,"Brownport, Rhode Island, 22838",45-54
CUST53636696,Charles Yang,Male,49,"Engineer, manufacturing systems",Married,"East Darrell, New York, 96793",45-54
CUST09928745,Miguel Cooper,Female,49,"Doctor, general practice",Single,"New Joshuamouth, Alabama, 81813",45-54
CUST93454427,Nicholas Cruz,Other,49,Animator,Single,"New Kevin, Indiana, 59244",45-54
CUST33648475,Melissa Martin,Male,49,Applications developer,Divorced,"Port Zacharymouth, Nevada, 46335",45-54
CUST32626732,Carol Hickman,Other,49,"Engineer, communications",Widowed,"East Julie, Montana, 62683",45-54
CUST44367628,Ethan Martin,Male,49,"Journalist, magazine",Single,"Farmerside, South Carolina, 53249",45-54
CUST55274449,Maurice Norris,Other,49,Clothing/textile technologist,Divorced,"Coleport, Oregon, 62889",45-54
CUST10537452,Carlos Gomez PhD,Male,49,"Physicist, medical",Widowed,"Wongmouth, Florida, 81347",45-54
CUST73046328,John Carter,Other,49,Sports therapist,Married,"Wilsonshire, Alaska, 03720",45-54
CUST16640407,Sherri Wilson,Male,49,"Editor, film/video",Divorced,"Kaylaburgh, West Virginia, 83981",45-54
CUST82343141,Christopher Lin,Female,49,Bonds trader,Divorced,"Hayesbury, Michigan, 74900",45-54
CUST13986388,Derrick Martin,Other,49,Animator,Divorced,"South Johnborough, Missouri, 58788",45-54
CUST20213593,Tara Mcdonald,Male,49,Analytical chemist,Widowed,"Geraldside, Tennessee, 60225",45-54
CUST85164739,Zachary Brown,Other,49,Heritage manager,Divorced,"New Jacob, South Carolina, 53621",45-54
CUST99764500,Colleen Oconnor,Other,49,"Psychologist, educational",Single,"East Meghan, Georgia, 19051",45-54
CUST01188304,Leslie Olson,Other,49,"Copywriter, advertising",Married,"Amandashire, Illinois, 65369",45-54
CUST54798891,Jonathan Barnes,Other,49,Industrial/product designer,Single,"Port Nicholas, Hawaii, 09651",45-54
CUST29407758,Kelly Harris,Male,49,"Buyer, industrial",Married,"South Jennifer, Arizona, 29896",45-54
CUST62010126,David Meza,Other,49,Clinical research associate,Married,"West Richardton, Minnesota, 30740",45-54
CUST98018183,Connie Wagner,Other,49,"Lecturer, further education",Divorced,"North Oscar, Texas, 22098",45-54
CUST17149142,Stephanie Kelley DVM,Other,49,Cabin crew,Widowed,"Port Annamouth, Maryland, 72180",45-54
CUST98331108,Carla Church,Female,49,Animal nutritionist,Married,"North Susantown, Arkansas, 10975",45-54
CUST36691624,James Marshall,Male,49,Occupational therapist,Divorced,"Perezport, Delaware, 93882",45-54
CUST88533951,Doris Pace,Female,49,TEFL teacher,Married,"Virginiamouth, North Dakota, 69393",45-54
CUST09267662,Cory Clark,Male,49,Landscape architect,Divorced,"Lake Jameschester, Pennsylvania, 43053",45-54
CUST09533568,Kimberly Robinson,Other,49,Theatre manager,Single,"West Williamland, Wisconsin, 84140",45-54
CUST18279019,Kelly Obrien,Other,49,Retail merchandiser,Married,"Johnport, New Jersey, 33581",45-54
CUST45194311,Jeffrey Rowe,Female,49,Personal assistant,Widowed,"Jenniferberg, Georgia, 49785",45-54
CUST82932140,Timothy Fields,Male,49,"Geologist, wellsite",Divorced,"Lake Sarahtown, Missouri, 41627",45-54
CUST02840694,William Parks,Other,49,"Psychologist, clinical",Widowed,"Kramerfurt, Massachusetts, 30161",45-54
CUST55395846,Thomas Adams,Female,49,"Production assistant, radio",Divorced,"South Davidfort, South Carolina, 02623",45-54
CUST25624879,Julie White,Male,49,Wellsite geologist,Widowed,"New Laurafurt, Louisiana, 39821",45-54
CUST95274525,Gabriela Salazar,Other,49,Chief Strategy Officer,Widowed,"Lake Adam, North Dakota, 47154",45-54
CUST46156285,Eric Brown,Other,49,Firefighter,Single,"North Ricky, Alaska, 11501",45-54
CUST78659447,Alexander Olsen,Male,49,Public relations account executive,Single,"Jasonberg, North Dakota, 58492",45-54
CUST24776611,Ashley Hughes,Other,49,Tree surgeon,Married,"Samuelburgh, Maryland, 98537",45-54
CUST39871128,Jeffrey Williams,Male,49,"Surveyor, hydrographic",Single,"Marktown, Virginia, 13355",45-54
CUST23197558,Jason Clark,Male,49,Forest/woodland manager,Single,"Johnnystad, New Mexico, 93566",45-54
CUST89789123,Danielle Thomas,Male,49,Barista,Married,"Laurentown, Texas, 77777",45-54
CUST71267407,Ashley Parker,Other,49,Furniture designer,Married,"Conleyshire, West Virginia, 63316",45-54
CUST39874161,Julie Anderson,Female,49,"Surveyor, quantity",Widowed,"East Davidhaven, Pennsylvania, 83994",45-54
CUST82071648,Wesley Thomas,Other,49,"Conservation officer, nature",Married,"East Kennethfort, Maryland, 61031",45-54
CUST76984341,Pamela Hansen,Other,49,Trade union research officer,Divorced,"Phillipsside, Michigan, 94116",45-54
CUST14047846,Joseph Beck,Other,49,Chartered certified accountant,Divorced,"North Willieton, North Carolina, 74321",45-54
CUST66213193,James Hughes,Other,49,Public relations officer,Married,"Archermouth, New Mexico, 67881",45-54
CUST23714881,Taylor Rogers,Other,49,Soil scientist,Married,"South Michaelchester, South Carolina, 61289",45-54
CUST44659975,Bobby Dorsey,Other,49,"Therapist, art",Divorced,"East Matthew, South Dakota, 09925",45-54
CUST60778016,Richard Thompson,Other,49,Sport and exercise psychologist,Widowed,"North Carla, New Mexico, 22301",45-54
CUST47232487,Thomas Smith,Male,49,Exhibition designer,Divorced,"Wilkersonberg, New Jersey, 97718",45-54
CUST01099871,Angela Hardy,Male,49,Museum/gallery exhibitions officer,Widowed,"Michelleshire, Connecticut, 46301",45-54
CUST04294533,Lisa Taylor,Male,49,Volunteer coordinator,Married,"Lake Patrickborough, Oregon, 76752",45-54
CUST46665089,Dr. Eric Caldwell,Other,49,Personal assistant,Divorced,"Turnerville, Massachusetts, 84660",45-54
CUST22366291,Bryan Jackson,Other,49,"Doctor, general practice",Single,"Port Alexis, Montana, 13996",45-54
CUST09334238,Colleen Valenzuela,Male,49,Automotive engineer,Widowed,"New Michelleshire, Oregon, 98768",45-54
CUST95319710,Christopher Lee,Male,49,Tree surgeon,Single,"Hayesberg, Maine, 76790",45-54
CUST99622723,Sergio Smith,Female,49,"Embryologist, clinical",Single,"Port Christina, Missouri, 29416",45-54
CUST02976189,Edward Manning,Male,49,Futures trader,Divorced,"North Ashley, South Carolina, 87716",45-54
CUST20501874,Jessica Johnson,Female,49,"Biochemist, clinical",Widowed,"Noahberg, Montana, 17596",45-54
CUST31991535,Kevin Evans,Female,49,Media buyer,Married,"South Ruben, Missouri, 23898",45-54
CUST50837582,Susan Patterson,Male,49,"Buyer, industrial",Widowed,"Bradyfurt, Utah, 00884",45-54
CUST80210091,Dawn Watts,Female,49,"Producer, radio",Married,"Simsbury, South Dakota, 83824",45-54
CUST00217322,Miss Jennifer Chen,Female,49,Trade union research officer,Divorced,"Sullivantown, Missouri, 55091",45-54
CUST90920433,Dean Berry,Female,49,Analytical chemist,Widowed,"New Lucasmouth, Maryland, 46079",45-54
CUST61812818,Natalie Nichols,Female,49,"Lecturer, higher education",Single,"Williamsborough, Mississippi, 92524",45-54
CUST50712409,Beth Edwards,Male,49,Multimedia specialist,Widowed,"East Kevin, Ohio, 22341",45-54
CUST90206702,Mr. William Harding Jr.,Other,49,Occupational therapist,Single,"North Amandaview, Ohio, 27926",45-54
CUST76786554,Elizabeth Anderson,Female,49,Mining engineer,Widowed,"New Brittany, Michigan, 35406",45-54
CUST61583917,Kenneth Brown,Other,48,Dentist,Widowed,"Andrewton, Alaska, 32150",45-54
CUST59586533,Jared Miller,Female,48,Passenger transport manager,Married,"Fernandeztown, Texas, 18376",45-54
CUST11777182,Stephanie Saunders,Other,48,Theatre director,Single,"Terrystad, Maryland, 55386",45-54
CUST58712853,David Mitchell,Other,48,Translator,Widowed,"South Sharonhaven, North Carolina, 27108",45-54
CUST87054211,Evelyn Lambert,Male,48,Operations geologist,Married,"Sarahtown, Indiana, 94063",45-54
CUST74437728,Dalton Joseph,Female,48,Horticultural consultant,Married,"Christinaville, Vermont, 57899",45-54
CUST88067356,Timothy Willis,Female,48,Consulting civil engineer,Married,"New Aaron, Washington, 17214",45-54
CUST41407135,Raven Oliver,Other,48,Glass blower/designer,Married,"Christopherberg, Tennessee, 30191",45-54
CUST86329951,Garrett Murphy,Other,48,Politician's assistant,Married,"Oliviaborough, South Dakota, 02781",45-54
CUST88778417,Briana Hall,Male,48,Visual merchandiser,Widowed,"Evansburgh, West Virginia, 95074",45-54
CUST93992111,Justin Baldwin,Female,48,"Engineer, manufacturing",Married,"East Amandatown, Illinois, 53066",45-54
CUST21514064,Ronald Clark,Male,48,"Journalist, newspaper",Widowed,"Port Douglashaven, Washington, 60708",45-54
CUST48970118,Michael Butler,Male,48,"Civil engineer, consulting",Widowed,"Port Nancy, Ohio, 70057",45-54
CUST83273864,Lance Bradley,Other,48,Animal technologist,Single,"Lake Joseph, Texas, 87157",45-54
CUST26686254,Connie Gutierrez,Female,48,Press sub,Widowed,"Alexandraberg, New York, 18931",45-54
CUST25249967,Brenda Sanders,Female,48,Chiropodist,Single,"Hallton, Idaho, 68672",45-54
CUST51580639,Sandra Terry,Female,48,"Nurse, learning disability",Widowed,"Walkerstad, Georgia, 55000",45-54
CUST05348188,Noah Bell,Male,48,Pension scheme manager,Widowed,"North Jessicahaven, Colorado, 56339",45-54
CUST33206965,Joshua Rush,Other,48,"Conservator, museum/gallery",Widowed,"Longberg, Montana, 88966",45-54
CUST60069995,Michele Chapman,Female,48,"Teacher, secondary school",Widowed,"Shellytown, Hawaii, 73089",45-54
CUST11609663,Sherri Smith,Other,48,Production manager,Married,"Port Lisa, Alabama, 87713",45-54
CUST13430900,Jon Taylor,Other,48,Health service manager,Single,"East Micheleland, Louisiana, 71105",45-54
CUST08065120,Patricia Donaldson,Male,48,Health and safety adviser,Divorced,"North Meganside, Florida, 10775",45-54
CUST58068006,Amy Quinn,Other,48,Chief Financial Officer,Married,"Littleton, Mississippi, 10855",45-54
CUST84652552,Charles Nelson,Other,48,"Scientist, biomedical",Widowed,"New Adamtown, Arkansas, 42453",45-54
CUST32079386,Amy Peters,Female,48,Museum/gallery curator,Widowed,"South Danny, Kansas, 59795",45-54
CUST38782869,Michael Smith Jr.,Other,48,"Engineer, materials",Married,"Johnmouth, Idaho, 24055",45-54
CUST11477965,David Hicks,Other,48,Chartered accountant,Married,"North Elizabethbury, Florida, 46775",45-54
CUST95007965,Melissa Thomas,Male,48,Television/film/video producer,Divorced,"East Rebeccabury, Delaware, 27434",45-54
CUST34494594,Robert Huber,Female,48,"Engineer, water",Single,"West Jennifer, Nebraska, 14083",45-54
CUST94166616,Tyler Mills,Female,48,Television floor manager,Single,"Bryantside, Arizona, 89379",45-54
CUST81526233,Mary York,Other,48,Licensed conveyancer,Married,"New Ericstad, Idaho, 45941",45-54
CUST22955416,Jeffrey Pham,Female,48,"Journalist, broadcasting",Married,"Smithside, West Virginia, 37621",45-54
CUST55058209,Matthew Mack,Female,48,"Geologist, wellsite",Divorced,"New Brett, Washington, 36631",45-54
CUST09999670,Michelle Rodriguez,Male,48,General practice doctor,Single,"Port Connieborough, Indiana, 32471",45-54
CUST79918262,Lori Kerr,Female,48,Marine scientist,Married,"Williamberg, Iowa, 33057",45-54
CUST13939283,Katie Lloyd,Female,48,Clinical embryologist,Widowed,"New Michael, Hawaii, 23782",45-54
CUST63243650,Anthony Conley,Male,48,Government social research officer,Single,"East Allisonview, Rhode Island, 11367",45-54
CUST78234884,Shannon Vargas,Female,48,Magazine features editor,Divorced,"South Kevin, Arizona, 38585",45-54
CUST87976079,Sara Gillespie,Female,48,"Copywriter, advertising",Widowed,"Bethborough, South Carolina, 59459",45-54
CUST51074032,Mrs. Michelle Serrano,Female,48,Town planner,Married,"North Ryanville, New Hampshire, 39760",45-54
CUST58569376,George Yang,Male,48,Health physicist,Divorced,"Russellbury, Wyoming, 99551",45-54
CUST35803966,Jordan Smith,Male,48,"Doctor, hospital",Divorced,"Port Andreaport, Wisconsin, 23812",45-54
CUST71996987,Ryan Carr,Male,48,Diagnostic radiographer,Married,"New Danielfort, Minnesota, 91343",45-54
CUST07800196,Timothy Murphy,Other,48,"Lighting technician, broadcasting/film/video",Single,"Toddside, South Dakota, 45936",45-54
CUST90434699,Erik Little,Male,48,Patent examiner,Divorced,"Aaronside, New Hampshire, 01491",45-54
CUST61862068,Allen Howell,Male,48,Biomedical scientist,Single,"New Michael, Missouri, 01623",45-54
CUST79914407,Craig Jimenez,Other,48,"Scientist, clinical (histocompatibility and immunogenetics)",Widowed,"West Matthew, Texas, 01338",45-54
CUST67953001,Willie Kennedy,Other,48,Meteorologist,Single,"South Wandafurt, Michigan, 79224",45-54
CUST11073755,Danny Keith,Other,48,Corporate investment banker,Single,"Phillipsshire, Kansas, 08156",45-54
CUST81055054,Emily Hunter,Male,48,Publishing copy,Divorced,"Woodsside, South Carolina, 26369",45-54
CUST96672240,Hannah Young MD,Female,48,Lawyer,Divorced,"South Cameronburgh, Indiana, 04075",45-54
CUST92661142,Dennis Graham,Female,48,"Teacher, English as a foreign language",Divorced,"North Crystalshire, Maryland, 13497",45-54
CUST10034300,Angelica Simpson,Male,48,Water engineer,Widowed,"Lake Williamtown, Texas, 22920",45-54
CUST49064657,Meghan Valdez,Other,48,Radiation protection practitioner,Married,"East Ashley, Wyoming, 78730",45-54
CUST09749593,Jamie Smith,Female,48,Building services engineer,Widowed,"Lake Kristinaburgh, Connecticut, 06955",45-54
CUST27619651,Justin Jones,Male,48,Diplomatic Services operational officer,Married,"East Lisa, Tennessee, 47674",45-54
CUST10186566,Angela Wang,Other,48,Brewing technologist,Single,"Garrisonmouth, Texas, 33245",45-54
CUST25849655,Jodi Thomas,Other,48,Probation officer,Married,"Hobbsfort, Tennessee, 59948",45-54
CUST45155063,Mark Lopez,Other,48,"Editor, film/video",Single,"Cherylland, Florida, 81343",45-54
CUST04190491,Kristen Thompson,Female,48,Dance movement psychotherapist,Widowed,"New Christopher, West Virginia, 79323",45-54
CUST97331494,Daniel Dyer,Male,48,Stage manager,Married,"West Thomasville, Alaska, 69864",45-54
CUST98594864,Matthew Blanchard,Other,48,"Editor, magazine features",Single,"West Misty, Minnesota, 80080",45-54
CUST35201874,Benjamin Larsen,Male,48,Bookseller,Married,"South Maria, Washington, 87012",45-54
CUST81461842,Catherine Mays,Other,48,Corporate treasurer,Divorced,"East Amymouth, Iowa, 27228",45-54
CUST99646698,Rhonda Roberts,Other,48,Charity fundraiser,Married,"South Rhonda, Florida, 50175",45-54
CUST94957427,Keith Lee,Other,48,Learning mentor,Married,"Ryanberg, Utah, 90788",45-54
CUST47354175,Laura Cole,Male,48,Therapeutic radiographer,Widowed,"Port Megan, South Dakota, 28117",45-54
CUST81343307,Timothy Ward,Male,48,"Engineer, manufacturing systems",Widowed,"South Michele, Louisiana, 91641",45-54
CUST51754169,Thomas Harper,Male,48,Insurance underwriter,Divorced,"Nicolestad, Louisiana, 93296",45-54
CUST24817468,Leslie Bennett,Male,48,Recruitment consultant,Single,"South Rachelmouth, Mississippi, 70593",45-54
CUST82681123,Elizabeth Christensen,Male,48,Fish farm manager,Widowed,"South William, Maine, 50502",45-54
CUST60827888,Marissa Stone,Male,48,Community pharmacist,Married,"Greenview, Oregon, 99374",45-54
CUST74052984,Brittany Carlson,Female,48,Commercial art gallery manager,Single,"Leeport, Maryland, 85037",45-54
CUST96917397,Karen Martinez,Male,48,"Engineer, energy",Married,"Sarahhaven, Alaska, 43629",45-54
CUST47159160,Michael Long,Other,48,Farm manager,Divorced,"North James, New York, 25580",45-54
CUST58555588,Lindsey Lewis,Other,48,Government social research officer,Married,"West Patrick, North Carolina, 48170",45-54
CUST31049765,Dana Wells,Female,48,Tourist information centre manager,Married,"Timothyport, Alabama, 36644",45-54
CUST53758771,Christine Robbins,Other,48,Tour manager,Divorced,"Andersonstad, New Mexico, 90182",45-54
CUST77867553,Megan Williams,Female,48,Health service manager,Married,"Port Jay, Pennsylvania, 79876",45-54
CUST24053384,Teresa Mckee,Other,48,Metallurgist,Divorced,"Lake Wendy, Florida, 74383",45-54
CUST39149611,Andrea Matthews,Male,48,Gaffer,Married,"Jacobshire, Missouri, 68577",45-54
CUST04561776,Kimberly Montgomery,Male,48,Company secretary,Single,"New Lance, California, 76014",45-54
CUST33009928,Paula Patel,Other,48,Production manager,Divorced,"Josephton, Alabama, 15349",45-54
CUST74229946,Kevin Johnson,Other,48,"Geneticist, molecular",Single,"Henryview, Nebraska, 23220",45-54
CUST45636875,Thomas Jones,Female,48,"Editor, film/video",Widowed,"Timothymouth, New York, 04516",45-54
CUST79255847,Eric Navarro,Female,47,"Designer, furniture",Single,"Lake Anne, South Dakota, 11894",45-54
CUST22691030,Nicole Bullock MD,Other,47,Social worker,Married,"Petersenfort, Missouri, 80118",45-54
CUST50320106,David Fischer,Male,47,"Horticulturist, amenity",Divorced,"Robertton, Florida, 79302",45-54
CUST08841452,Christina Sanders,Female,47,Press photographer,Married,"Terryton, Pennsylvania, 61490",45-54
CUST12528235,Jacob Thomas,Female,47,Materials engineer,Divorced,"Mccoyton, Illinois, 34269",45-54
CUST77003636,Jennifer Mcclain,Other,47,Sports coach,Divorced,"Lake Maryside, Georgia, 73975",45-54
CUST90183545,Mary Alvarez,Female,47,Ophthalmologist,Married,"North Robert, Louisiana, 64242",45-54
CUST02497809,Cindy Charles,Other,47,"Presenter, broadcasting",Widowed,"Port James, North Dakota, 37270",45-54
CUST64300710,James Anderson,Female,47,Prison officer,Single,"Port Jessicaberg, Hawaii, 44797",45-54
CUST23616629,Scott Garrett,Male,47,IT consultant,Divorced,"North Ashley, South Carolina, 45095",45-54
CUST56248108,James Flowers,Male,47,Publishing rights manager,Widowed,"Port Victoriaview, Vermont, 43778",45-54
CUST68626692,Nancy Hurst,Male,47,Charity fundraiser,Married,"Mejiaborough, Delaware, 44729",45-54
CUST30832313,Elizabeth Petersen,Female,47,"Engineer, site",Widowed,"Terrishire, New Jersey, 38975",45-54
CUST68419296,Andrew Black,Other,47,Electrical engineer,Married,"East Tracyside, Oklahoma, 66170",45-54
CUST72531075,Christine Gonzales,Female,47,Meteorologist,Single,"Janetstad, Washington, 87889",45-54
CUST36309231,Kristina Hicks,Other,47,Museum/gallery conservator,Married,"Cherylville, Georgia, 84437",45-54
CUST97714551,Richard Douglas,Male,47,Adult guidance worker,Divorced,"Johnsonshire, New Jersey, 90849",45-54
CUST58906130,Ashley Allen,Male,47,Passenger transport manager,Married,"West Katiehaven, Vermont, 70677",45-54
CUST96477760,Joseph Adams,Female,47,Advice worker,Widowed,"New Thomas, Montana, 11975",45-54
CUST75356915,Danny Quinn II,Other,47,Analytical chemist,Divorced,"Billton, Mississippi, 73944",45-54
CUST85120425,Dorothy Gardner,Female,47,Television camera operator,Single,"West Tracyburgh, Virginia, 32899",45-54
CUST12281036,Michael Roberts,Male,47,Medical physicist,Divorced,"North Timothy, Wyoming, 61075",45-54
CUST24326631,Jonathan Phillips,Female,47,Adult guidance worker,Single,"New Christopherchester, Alaska, 69462",45-54
CUST06984039,Kathy Stevens,Female,47,Freight forwarder,Married,"Harveyland, Massachusetts, 62126",45-54
CUST15258611,Maria Hoffman MD,Other,47,Ophthalmologist,Single,"East Joseph, Tennessee, 37214",45-54
CUST84535664,Brandi Parker,Male,47,Associate Professor,Widowed,"Lake Jesseshire, Florida, 08038",45-54
CUST18606913,Amanda Cox,Male,47,"Surveyor, insurance",Widowed,"Chanmouth, Louisiana, 89620",45-54
CUST20327009,Lindsey Moore,Male,47,Town planner,Single,"Patriciaburgh, Colorado, 97483",45-54
CUST65922671,Erik Mullen,Other,47,Investment analyst,Single,"Lake Mercedes, Massachusetts, 25238",45-54
CUST28451094,Raymond Stevenson,Female,47,Industrial/product designer,Widowed,"Port Darren, New Hampshire, 57524",45-54
CUST74468376,Timothy Mendez,Male,47,Archivist,Widowed,"Angelafurt, Maine, 93609",45-54
CUST10072038,Richard Young,Male,47,Analytical chemist,Single,"Lake Michelletown, Alaska, 13207",45-54
CUST89684340,Robin Richard,Male,47,Holiday representative,Widowed,"Jocelynview, Pennsylvania, 25710",45-54
CUST14551528,Gregory Fisher,Other,47,Theatre stage manager,Married,"Port Michael, Oregon, 39080",45-54
CUST46007444,Mary Nguyen,Male,47,Community arts worker,Widowed,"West Jonathanton, Texas, 82581",45-54
CUST84214402,Nicholas Romero,Female,47,Veterinary surgeon,Married,"Carolinehaven, Missouri, 24962",45-54
CUST58987295,Mr. Robert Mitchell,Female,47,Insurance underwriter,Widowed,"East Angelamouth, Illinois, 93356",45-54
CUST70562742,Paul Mckay,Female,47,Analytical chemist,Single,"Lake Robin, Massachusetts, 41055",45-54
CUST58217728,Antonio Moore,Male,47,Geoscientist,Widowed,"Port Ianfurt, Maryland, 31228",45-54
CUST64918167,Sean Cox,Male,47,Research scientist (life sciences),Married,"North Stephanie, Arkansas, 46676",45-54
CUST91493148,Kathryn Dixon,Male,47,Electronics engineer,Widowed,"Atkinsonville, Louisiana, 75494",45-54
CUST35249786,Dr. Christopher Garcia DVM,Other,47,Animal technologist,Single,"Ellisonchester, Iowa, 95283",45-54
CUST22086391,Shannon Schneider,Male,47,Drilling engineer,Single,"Nguyenborough, Louisiana, 16489",45-54
CUST89682655,Richard Johnson,Male,47,"Psychologist, occupational",Married,"Richardsonstad, Delaware, 50151",45-54
CUST84117022,Victor Hill,Other,47,Product designer,Widowed,"South Alexisberg, West Virginia, 61707",45-54
CUST71168121,Daniel White,Male,47,Air broker,Single,"Gutierrezburgh, Texas, 61598",45-54
CUST38427760,Rachel Jackson,Female,47,Mudlogger,Married,"Robinsonburgh, Utah, 29119",45-54
CUST30476742,Candace Harris,Male,47,"Engineer, electrical",Married,"West Anthony, South Carolina, 02390",45-54
CUST41521370,Mrs. Diane Lopez,Male,47,Politician's assistant,Single,"New Jasonview, South Dakota, 56423",45-54
CUST42468228,Kristen Cook,Male,47,"Designer, television/film set",Divorced,"Port Paulbury, Nevada, 22924",45-54
CUST18477593,Jerry Robinson,Other,47,"Programmer, multimedia",Married,"Ellismouth, Massachusetts, 88035",45-54
CUST42357086,James Taylor,Female,47,Licensed conveyancer,Divorced,"North Briana, Illinois, 33611",45-54
CUST69064743,Nicole Anderson,Male,47,Psychotherapist,Divorced,"Teresaburgh, West Virginia, 05891",45-54
CUST37359832,Austin Ball,Female,47,Commercial/residential surveyor,Married,"Jenniferfurt, Arkansas, 84982",45-54
CUST10328168,Mary Thompson,Male,47,Haematologist,Married,"Francisfurt, Colorado, 56689",45-54
CUST00924892,Megan Leach,Female,47,Environmental education officer,Widowed,"Lake Victorborough, South Carolina, 44477",45-54
CUST66044020,Troy Garrison,Other,47,Astronomer,Married,"East Kathleen, Hawaii, 74605",45-54
CUST66768044,Brenda Noble,Female,47,Chief Executive Officer,Single,"North Kimberly, Rhode Island, 71861",45-54
CUST49837558,Charles Stein,Female,47,"Scientist, marine",Married,"Lake Alexandramouth, Kansas, 70960",45-54
CUST93131058,Jillian Powers,Male,47,Advice worker,Divorced,"Lake Jasmine, Illinois, 94124",45-54
CUST64682584,Matthew Hendrix,Other,47,Water quality scientist,Divorced,"Willisfort, Pennsylvania, 16118",45-54
CUST56180520,Roger Miller,Male,47,Web designer,Widowed,"Angelaview, Oklahoma, 77348",45-54
CUST08263514,Sarah Anthony,Female,47,Chief Technology Officer,Married,"Port Luke, Kentucky, 13737",45-54
CUST85861378,Alexander Rodriguez,Male,47,Architect,Single,"Brownport, Maine, 04603",45-54
CUST47407023,Mary Gillespie,Male,47,"Therapist, speech and language",Divorced,"New Richardville, California, 40183",45-54
CUST08584647,Kimberly Klein,Other,47,Water quality scientist,Divorced,"Robinsonmouth, Arizona, 16427",45-54
CUST45680724,Devin Cook,Female,47,Trading standards officer,Divorced,"Joannashire, Florida, 09430",45-54
CUST59566009,Michael Johnson,Female,47,Press sub,Divorced,"South Jason, Oklahoma, 08568",45-54
CUST13889803,Paula King,Other,47,"Engineer, manufacturing systems",Married,"North Marytown, Montana, 75661",45-54
CUST05632301,Denise Taylor,Female,47,Nature conservation officer,Married,"Lake Anaport, Alaska, 94348",45-54
CUST77060083,Taylor Maynard,Male,47,Counsellor,Single,"Carrburgh, Georgia, 86468",45-54
CUST60983430,George Burke,Other,47,Call centre manager,Divorced,"Port Bradleyhaven, Michigan, 74208",45-54
CUST62402125,Evan Thomas,Female,47,Field trials officer,Divorced,"New Antonioberg, Kansas, 16766",45-54
CUST45918087,Melinda James,Female,47,Audiological scientist,Married,"South Angelashire, Georgia, 29203",45-54
CUST93669665,Joseph Smith,Female,47,Museum/gallery conservator,Married,"New Jessica, Idaho, 63347",45-54
CUST68062513,Chelsea Maldonado,Female,47,Seismic interpreter,Widowed,"Davidton, Missouri, 41381",45-54
CUST01863550,Ashley Allen MD,Male,47,Land,Widowed,"Port Keith, Florida, 66653",45-54
CUST14516318,Joseph Ward,Other,47,Civil Service fast streamer,Single,"New Donald, New Mexico, 99205",45-54
CUST05464310,Emily Ortiz,Male,47,Health and safety inspector,Single,"South Hannah, Ohio, 24541",45-54
CUST29362486,David Pineda,Male,47,"Scientist, research (medical)",Single,"New Cherylbury, South Carolina, 44604",45-54
CUST11709713,Sabrina Sullivan,Female,47,Civil Service administrator,Single,"Nunezmouth, Indiana, 60590",45-54
CUST38833866,Joshua Franklin III,Female,47,Dramatherapist,Married,"North Melissa, Rhode Island, 89973",45-54
CUST15710541,David Taylor,Male,47,Secretary/administrator,Single,"West Priscilla, Rhode Island, 07937",45-54
CUST20442550,Raymond Rogers,Male,47,Chartered loss adjuster,Widowed,"Nicholastown, Massachusetts, 11169",45-54
CUST74415498,Kimberly Sanchez,Other,47,"Surveyor, mining",Single,"Rothberg, Texas, 71874",45-54
CUST98479800,Randy Wilson,Female,47,"Psychologist, forensic",Divorced,"South Jesse, Colorado, 61881",45-54
CUST93269449,Laura Rogers,Other,46,Multimedia specialist,Widowed,"Vanessaville, Florida, 42036",45-54
CUST04637002,Jennifer Bradley,Other,46,Learning mentor,Single,"East Michael, Indiana, 70408",45-54
CUST01250140,Crystal Harris,Female,46,Print production planner,Married,"Ericstad, Oklahoma, 26819",45-54
CUST66575966,Deanna Jones,Male,46,"Designer, industrial/product",Married,"Lake Jason, Arizona, 07534",45-54
CUST81122174,James Davidson,Female,46,Garment/textile technologist,Single,"Bowmantown, Minnesota, 45769",45-54
CUST12303155,Brian Davis,Other,46,Writer,Widowed,"Rayview, Pennsylvania, 55531",45-54
CUST64076713,Tyler Garcia,Male,46,Charity fundraiser,Single,"Clarkfurt, Iowa, 61202",45-54
CUST01659739,Kayla Miller,Male,46,Risk manager,Widowed,"Lake Natashabury, Connecticut, 96075",45-54
CUST57568000,Erika Gregory,Other,46,Psychiatric nurse,Divorced,"Jasonburgh, New Jersey, 13961",45-54
CUST90674765,Chloe Medina,Female,46,"Engineer, water",Widowed,"New Richardside, Arkansas, 34888",45-54
CUST85929514,Lisa Meadows,Female,46,Chief of Staff,Divorced,"Jefferyton, Minnesota, 11933",45-54
CUST61187078,Laurie Cruz,Other,46,Maintenance engineer,Widowed,"Amandaberg, California, 20604",45-54
CUST80103803,Jack Stephens,Male,46,Accommodation manager,Divorced,"Newmanshire, South Carolina, 17255",45-54
CUST80499403,Amanda Clarke,Male,46,Mental health nurse,Widowed,"Mitchellshire, Maryland, 92474",45-54
CUST53798021,Julie Day,Female,46,Special educational needs teacher,Single,"East Kathy, Texas, 54396",45-54
CUST26099440,Cheryl Blankenship,Other,46,Records manager,Married,"North Bradley, Minnesota, 20999",45-54
CUST44281467,Rebecca Petersen,Male,46,Radiation protection practitioner,Single,"Colonshire, South Dakota, 64278",45-54
CUST57355543,Mr. Jamie Garza MD,Female,46,"Designer, jewellery",Single,"Danaburgh, Pennsylvania, 22625",45-54
CUST27087362,Alexis Parker,Other,46,Public relations officer,Single,"East Elizabethstad, Wisconsin, 78607",45-54
CUST41115432,Carlos Russell,Male,46,Corporate investment banker,Widowed,"New Sarah, Colorado, 30619",45-54
CUST30520507,Paul Ramos,Other,46,Psychiatrist,Married,"Jessicahaven, Texas, 96064",45-54
CUST77004058,Jessica Cook,Male,46,Pension scheme manager,Single,"Lake Meghanborough, Florida, 84562",45-54
CUST27697463,Miss Heather Smith,Male,46,Air broker,Widowed,"New Katrinashire, Maine, 57443",45-54
CUST19253923,Samuel King,Male,46,Best boy,Single,"Ayalaland, Pennsylvania, 78044",45-54
CUST13785611,Brittany Lopez,Male,46,Tourism officer,Married,"South Christy, Washington, 70762",45-54
CUST25876998,Joan Thomas,Female,46,"Surveyor, building control",Single,"North Ambertown, New York, 97539",45-54
CUST90476467,Sarah Hall,Female,46,Chief Strategy Officer,Single,"North Nancyport, Nebraska, 45598",45-54
CUST99293827,Douglas Ramirez,Female,46,Regulatory affairs officer,Divorced,"Brooksstad, Oregon, 45245",45-54
CUST92867224,Eugene Anderson,Other,46,"Teacher, music",Widowed,"South Bettyhaven, Tennessee, 29170",45-54
CUST29404230,John Barrera,Female,46,Financial trader,Single,"Amandachester, Missouri, 22956",45-54
CUST17203363,Julie Callahan,Female,46,Technical sales engineer,Married,"Robertston, Illinois, 89510",45-54
CUST63364251,Marcus Gibson,Female,46,"Engineer, maintenance (IT)",Divorced,"East Ambershire, Alaska, 96833",45-54
CUST85839300,Laura Cunningham,Other,46,Nature conservation officer,Divorced,"West Victoria, Connecticut, 94870",45-54
CUST71200315,Thomas Arnold,Male,46,Academic librarian,Divorced,"South Karinaburgh, Nevada, 44558",45-54
CUST89068628,Rebecca Mason,Male,46,"Geologist, wellsite",Single,"West Donnahaven, Indiana, 71953",45-54
CUST22872818,Dennis Fuller,Female,46,Furniture conservator/restorer,Single,"East Jessica, Arizona, 71781",45-54
CUST83809007,Barbara Delacruz,Male,46,"Designer, jewellery",Married,"Katherinehaven, Tennessee, 80940",45-54
CUST54293952,Anne Dunn,Other,46,Wellsite geologist,Divorced,"Lake Sherry, South Carolina, 47939",45-54
CUST22664688,Daniel Fowler,Female,46,Air traffic controller,Widowed,"South Mark, Maryland, 04557",45-54
CUST55026088,Cindy Mclaughlin,Female,46,"Engineer, energy",Divorced,"Farrellside, Washington, 75371",45-54
CUST53497384,Brent Taylor,Male,46,Financial controller,Single,"West Rachel, North Dakota, 79732",45-54
CUST80153651,Michael Sanchez,Male,46,"Designer, jewellery",Married,"Port Kathy, California, 35404",45-54
CUST35318677,David Perez,Other,46,Occupational psychologist,Married,"West Christopher, Montana, 46526",45-54
CUST58360359,Jessica Larson,Female,46,Theme park manager,Widowed,"Scottville, New York, 93621",45-54
CUST50424339,Brandon Pratt,Other,46,Community development worker,Divorced,"North Barbarafurt, Texas, 53976",45-54
CUST03874304,Joyce King,Other,46,Geochemist,Single,"Lake Lindafurt, South Carolina, 53902",45-54
CUST59279612,Rachel Trevino,Male,46,Hydrogeologist,Single,"Camacholand, Alabama, 54045",45-54
CUST63969358,Misty Wiggins,Male,46,Corporate treasurer,Married,"New Lindamouth, Indiana, 04369",45-54
CUST97895616,Christine Robinson,Female,46,Environmental education officer,Divorced,"Gutierrezshire, Maryland, 71369",45-54
CUST45332541,Peter Hansen,Female,46,"Journalist, broadcasting",Single,"East Josephmouth, Florida, 60813",45-54
CUST81158864,Patricia Mitchell,Other,46,Photographer,Married,"Martinezfurt, Pennsylvania, 29314",45-54
CUST08927809,Phillip Knapp,Female,46,Operations geologist,Widowed,"South Dalton, Louisiana, 96002",45-54
CUST91276470,Dominique Lee,Other,46,"Psychologist, forensic",Divorced,"Justinport, Texas, 19376",45-54
CUST14709344,Crystal Palmer,Male,46,"Surveyor, insurance",Married,"North Roger, Vermont, 26283",45-54
CUST08045424,Megan Miller,Other,46,Museum education officer,Divorced,"Dawsonmouth, South Carolina, 73264",45-54
CUST07355992,Joshua Mason,Male,46,Travel agency manager,Married,"Underwoodville, Oregon, 94927",45-54
CUST25095128,Christine Rogers,Male,46,Youth worker,Widowed,"Castilloberg, Colorado, 70703",45-54
CUST83831085,Katherine Collins,Male,46,"Development worker, international aid",Widowed,"Kellifurt, North Carolina, 36974",45-54
CUST22153945,Sabrina Combs,Male,46,"Production designer, theatre/television/film",Widowed,"Williamview, Virginia, 60901",45-54
CUST82091007,Michelle Martinez,Other,46,Psychiatrist,Widowed,"Abigailport, Maryland, 13783",45-54
CUST81605317,Donald Smith,Other,46,Museum/gallery curator,Divorced,"Alanton, South Dakota, 44650",45-54
CUST42857551,Micheal Barron,Female,46,"Designer, interior/spatial",Widowed,"South Donnamouth, Ohio, 43416",45-54
CUST29250902,David Villanueva,Other,46,Paramedic,Widowed,"Greenstad, Georgia, 43556",45-54
CUST00457976,Paula Reyes,Other,46,Personnel officer,Widowed,"Deniseport, Hawaii, 97739",45-54
CUST05043836,James Gordon,Male,46,Travel agency manager,Divorced,"Jenniferchester, Oklahoma, 17982",45-54
CUST79953424,Maria Foster,Female,46,Building surveyor,Divorced,"Markchester, Mississippi, 30418",45-54
CUST64877225,Luis Armstrong,Other,46,"Geologist, engineering",Married,"Lisaburgh, Louisiana, 48611",45-54
CUST49220308,Antonio Perez,Male,46,"Engineer, electrical",Single,"Randallburgh, Iowa, 31815",45-54
CUST62622700,Yvonne Castro,Female,46,Logistics and distribution manager,Widowed,"Port Michealton, Illinois, 09423",45-54
CUST69303143,Christie Rodriguez,Other,46,Health physicist,Married,"West Josephborough, Oregon, 45808",45-54
CUST99923888,William Gutierrez,Other,46,Electrical engineer,Divorced,"Carlburgh, New Mexico, 13254",45-54
CUST74676581,Monica Perez,Male,46,"Scientist, marine",Married,"Codyhaven, Pennsylvania, 03040",45-54
CUST74972499,Roy Frost,Male,46,Community development worker,Divorced,"South Jerrytown, Alaska, 38968",45-54
CUST67319028,Carrie Campos,Female,46,Animal nutritionist,Single,"New Austin, Michigan, 66418",45-54
CUST02684142,Deborah Clark,Other,46,Clinical research associate,Single,"Joseville, New Jersey, 24197",45-54
CUST47009499,Alexandra Thornton,Other,45,"Investment banker, corporate",Married,"Austinberg, Kentucky, 79483",45-54
CUST71975466,Frank Smith,Other,45,Art gallery manager,Widowed,"New Cherylberg, Utah, 50291",45-54
CUST58545735,Rebekah Sloan,Other,45,Osteopath,Married,"Rachelmouth, South Dakota, 66241",45-54
CUST64716349,Dr. Samuel Newton,Other,45,Musician,Divorced,"Port Robinton, Michigan, 21434",45-54
CUST92770879,Philip Barr,Female,45,Private music teacher,Divorced,"Lake Mary, Nevada, 57695",45-54
CUST92205452,Gary Snyder,Male,45,"Scientist, product/process development",Single,"Lake Timothyberg, Alabama, 11517",45-54
CUST99041791,Tiffany Collins,Female,45,Product designer,Divorced,"Barrbury, Wisconsin, 97082",45-54
CUST63277557,Benjamin Banks,Female,45,"Therapist, music",Single,"East Travis, Texas, 26620",45-54
CUST50768986,Cheryl Wade,Other,45,"Geologist, wellsite",Divorced,"Watsonport, Arkansas, 35217",45-54
CUST06551094,Samantha Mitchell,Female,45,Broadcast journalist,Widowed,"Timothymouth, Kentucky, 44329",45-54
CUST62024673,Connie Baker,Male,45,Medical secretary,Divorced,"Tiffanyshire, Kentucky, 31092",45-54
CUST07462786,Lori Roberts,Male,45,Drilling engineer,Married,"New Tom, Arizona, 86513",45-54
CUST56310283,Kara Smith,Male,45,Analytical chemist,Divorced,"Jeffview, Kentucky, 59474",45-54
CUST08075600,Michele Peters,Female,45,"Designer, furniture",Single,"North Ralph, Kansas, 14398",45-54
CUST11291724,Michael Porter,Other,45,Advertising account planner,Widowed,"Victoriatown, Illinois, 95146",45-54
CUST45820772,Carly Lopez,Female,45,"Radiographer, diagnostic",Widowed,"East Paulville, Iowa, 54054",45-54
CUST60555781,Gregory Dillon,Female,45,Armed forces training and education officer,Single,"Josephland, South Carolina, 55950",45-54
CUST88875854,Mariah King,Other,45,"Surveyor, quantity",Widowed,"North Regina, Wisconsin, 43922",45-54
CUST40600594,Gregg Lynch,Female,45,Armed forces technical officer,Married,"West Robert, Delaware, 87953",45-54
CUST34018506,Brandon Buckley,Male,45,Futures trader,Divorced,"Jonathanburgh, South Dakota, 76973",45-54
CUST65518317,Colin Rodriguez,Other,45,"Engineer, chemical",Divorced,"North Robertberg, Florida, 17409",45-54
CUST18358200,Dr. Brian Mcbride,Female,45,Farm manager,Married,"East Richardborough, Illinois, 97585",45-54
CUST22833411,Rachael Jones,Male,45,Furniture conservator/restorer,Divorced,"Andrewmouth, Maine, 98057",45-54
CUST93615565,Jeffery Odonnell,Female,45,Toxicologist,Married,"Josephview, Tennessee, 30799",45-54
CUST02909118,Robin Wood,Male,45,"Engineer, chemical",Single,"Myersborough, Utah, 22684",45-54
CUST91742379,Kathleen Miller,Other,45,"Administrator, education",Single,"Douglasstad, Vermont, 90300",45-54
CUST90870199,Nancy Baker,Male,45,Higher education careers adviser,Widowed,"Conleychester, Virginia, 23697",45-54
CUST29627265,Tanner Christensen,Male,45,Occupational hygienist,Married,"North Christopher, Ohio, 82269",45-54
CUST74721036,Bryce Cain,Male,45,Tree surgeon,Divorced,"Marissaland, New Mexico, 42792",45-54
CUST14700838,Joshua Nichols,Male,45,Acupuncturist,Widowed,"Deborahshire, Maine, 81531",45-54
CUST24984864,Barbara Hughes,Female,45,"Civil engineer, contracting",Divorced,"Jenniferborough, Missouri, 81659",45-54
CUST06656632,Lindsey Arnold,Female,45,Government social research officer,Married,"Lawrenceland, Illinois, 88349",45-54
CUST63756159,Heather Ellison,Female,45,Nature conservation officer,Married,"Lindatown, Kansas, 47633",45-54
CUST50916985,Patrick Watson,Other,45,Ranger/warden,Single,"Port Andrew, Maryland, 23840",45-54
CUST75860000,Monique Wallace,Female,45,Estate agent,Widowed,"Katiemouth, Illinois, 08245",45-54
CUST80069974,Beverly Anderson,Other,45,Ceramics designer,Divorced,"Port Tina, South Dakota, 04041",45-54
CUST19797075,Adam Price,Other,45,"Engineer, automotive",Married,"East Erinview, Texas, 41788",45-54
CUST98365528,Angela Sharp,Other,45,"Scientist, physiological",Divorced,"New Brittany, North Dakota, 51160",45-54
CUST41923574,Kevin Hansen,Other,45,Chiropodist,Married,"West Gabriella, New Jersey, 65168",45-54
CUST17130626,Melissa Cruz,Other,45,Careers information officer,Single,"Port Amber, New York, 60450",45-54
CUST58335978,Diane Harris,Female,45,Adult guidance worker,Single,"North Matthew, Missouri, 60053",45-54
CUST27746134,Shawn Hatfield Jr.,Female,45,"Education officer, community",Divorced,"Danieltown, New Mexico, 69904",45-54
CUST32081967,Anthony Hernandez,Female,45,Clinical cytogeneticist,Single,"East Frankmouth, Texas, 09336",45-54
CUST54696062,Samuel Lester,Female,45,"Engineer, mining",Single,"West John, Nevada, 96052",45-54
CUST26625814,Kimberly Scott,Other,45,Clinical embryologist,Married,"Johnsonfort, Nevada, 36407",45-54
CUST96078239,Daniel Bailey,Male,45,"Nurse, adult",Divorced,"Rogersfort, Texas, 99768",45-54
CUST75103337,Dawn Campbell,Male,45,Data scientist,Divorced,"West Anthonyport, Texas, 66794",45-54
CUST35019597,Melissa Pratt,Female,45,"Designer, blown glass/stained glass",Married,"Port Samanthaville, Delaware, 08672",45-54
CUST05460288,Tina Christian,Other,45,Mudlogger,Divorced,"Barnettmouth, Ohio, 18004",45-54
CUST89614433,Wayne Richards,Other,45,Naval architect,Divorced,"Jonesberg, Texas, 35551",45-54
CUST24079117,William Santana,Male,45,"Presenter, broadcasting",Widowed,"New Jeremy, South Dakota, 09482",45-54
CUST98113752,Sandra Young,Other,45,Computer games developer,Married,"Lake Barbara, Connecticut, 37294",45-54
CUST22694751,Stephanie Gallegos,Female,45,Forensic scientist,Divorced,"Davisview, Michigan, 06731",45-54
CUST31168114,Monica Ruiz,Male,45,Health promotion specialist,Divorced,"North Jacob, California, 80543",45-54
CUST56613068,Robert Brady,Female,45,Art gallery manager,Divorced,"South Sheryl, Delaware, 73834",45-54
CUST36335557,Tony Anderson,Female,45,Financial controller,Single,"Edwardsburgh, North Carolina, 67793",45-54
CUST69954109,Margaret Patel,Female,45,"Engineer, manufacturing",Married,"Reneeburgh, Michigan, 33637",45-54
CUST01095607,Paul Pratt,Female,45,Hospital doctor,Married,"Jeffreychester, Michigan, 84004",45-54
CUST73191515,April Lynch,Female,45,Geochemist,Married,"Sharonborough, Florida, 04789",45-54
CUST35605114,Gavin Vega,Male,45,"Scientist, marine",Single,"Brookeberg, New Jersey, 42502",45-54
CUST66760762,Gary Villarreal,Other,45,Chartered loss adjuster,Single,"Ballmouth, Idaho, 72987",45-54
CUST05644018,Sharon Turner,Female,45,Video editor,Widowed,"East Elizabethchester, Michigan, 10993",45-54
CUST55728141,Gary Christian,Male,45,Make,Married,"Kathleenland, Idaho, 57374",45-54
CUST62703583,Kent Dickson,Other,45,Educational psychologist,Divorced,"Moranburgh, New York, 38894",45-54
CUST42782916,Laura Clay,Other,45,Music therapist,Widowed,"Charlesview, Illinois, 32135",45-54
CUST59780961,Justin Riley,Male,45,Emergency planning/management officer,Single,"Stephaniestad, Connecticut, 55563",45-54
CUST64381675,Dawn Smith,Female,45,"Therapist, drama",Divorced,"East Richardberg, Tennessee, 72381",45-54
CUST20570615,Derrick Beck,Female,45,"Development worker, community",Divorced,"West Elijahside, Nevada, 53804",45-54
CUST15947977,Wendy Velez,Male,45,IT technical support officer,Married,"Brooksland, Idaho, 11413",45-54
CUST02023654,Dennis Hardin,Male,45,Multimedia specialist,Widowed,"Martinburgh, Louisiana, 20158",45-54
CUST31348063,Michelle Winters,Female,45,"Restaurant manager, fast food",Divorced,"East Jose, New Mexico, 35323",45-54
CUST75615977,Amber Smith,Other,45,"Therapist, drama",Single,"West Travisside, Nebraska, 09361",45-54
CUST69820003,Ashley Dodson,Female,45,Careers adviser,Divorced,"North Connie, New Jersey, 94692",45-54
CUST50162217,Christian Thomas,Male,45,Electronics engineer,Widowed,"North Darrenchester, Montana, 39765",45-54
CUST39825791,Nicholas Wong,Female,45,Animator,Widowed,"Cannonborough, Montana, 45691",45-54
CUST82595798,Andrew Gomez,Other,45,Veterinary surgeon,Married,"South Douglas, Florida, 71410",45-54
CUST52742404,John Guzman,Other,45,"Secretary, company",Widowed,"Lake Aprilport, Missouri, 06337",45-54
CUST03591575,Seth Lee,Other,44,Tax inspector,Divorced,"East Linda, Georgia, 71671",35-44
CUST72304045,Lindsey Chan,Female,44,Fast food restaurant manager,Single,"Billymouth, Montana, 82565",35-44
CUST80410152,Steven Perez,Other,44,Plant breeder/geneticist,Widowed,"New Kelseychester, Colorado, 35033",35-44
CUST34068296,James Baxter,Other,44,Intelligence analyst,Widowed,"North Douglas, Arizona, 50838",35-44
CUST15630813,Valerie White,Other,44,Advertising copywriter,Single,"Edwardhaven, Massachusetts, 79985",35-44
CUST47383876,Emily Pena,Male,44,Research scientist (medical),Widowed,"East Davidborough, Iowa, 13374",35-44
CUST86901460,Daniel Holland,Male,44,"Therapist, sports",Divorced,"West Nathan, Maryland, 91568",35-44
CUST86774118,Teresa Smith,Male,44,Video editor,Married,"Josephland, Alabama, 78348",35-44
CUST99752125,Evelyn Hess,Female,44,"Horticulturist, commercial",Married,"Nicholefort, Delaware, 92237",35-44
CUST03595954,Alexandra Price,Female,44,"Therapist, horticultural",Single,"Butlermouth, Georgia, 01448",35-44
CUST12138426,Nicole Valencia,Male,44,"Teacher, English as a foreign language",Married,"New Bryan, Michigan, 34467",35-44
CUST06225282,Kyle Schmidt,Male,44,"Designer, textile",Widowed,"Jessicatown, New York, 63425",35-44
CUST90316221,Marc Stephens,Male,44,Estate agent,Divorced,"East Andrew, New Hampshire, 22924",35-44
CUST48027613,Nancy Price,Other,44,"Designer, exhibition/display",Married,"Lake Krystal, Hawaii, 27011",35-44
CUST09191874,Margaret Middleton,Female,44,"Engineer, site",Married,"Susanport, Arizona, 32865",35-44
CUST28361361,Sarah Vance,Other,44,Restaurant manager,Widowed,"South James, Maine, 52726",35-44
CUST72978845,Russell Gross,Female,44,Product designer,Single,"Lake Daniel, Minnesota, 37504",35-44
CUST56179922,Kelly Collins,Male,44,Bookseller,Married,"Simpsonport, Hawaii, 02817",35-44
CUST96657435,Mrs. Melissa Miller,Male,44,Local government officer,Widowed,"Guerreromouth, Connecticut, 82510",35-44
CUST98995553,Lee Gonzalez,Male,44,Air traffic controller,Divorced,"Jenniferchester, Louisiana, 39362",35-44
CUST38727661,Bradley Ross,Other,44,"Scientist, water quality",Married,"Ryanport, Mississippi, 02099",35-44
CUST41557491,Felicia Fuller,Other,44,Chartered public finance accountant,Divorced,"South Patrick, Idaho, 05006",35-44
CUST27119109,Shannon Williams,Female,44,Pensions consultant,Widowed,"North Richardville, Washington, 53111",35-44
CUST11777771,Lisa Ray,Female,44,Building control surveyor,Widowed,"West Richard, North Carolina, 97289",35-44
CUST31010582,Kimberly Bryant,Female,44,Jewellery designer,Married,"Port Elizabeth, Wisconsin, 18603",35-44
CUST52571540,William Martin,Male,44,Proofreader,Divorced,"Nelsonhaven, Alaska, 00952",35-44
CUST59420580,Melissa Sharp,Female,44,Health service manager,Divorced,"New Nathaniel, Wisconsin, 78586",35-44
CUST57596772,Donald Barton,Male,44,Dancer,Single,"Ryanhaven, Ohio, 48224",35-44
CUST47857969,Carrie Duncan,Female,44,Financial trader,Divorced,"Robertton, Maine, 01586",35-44
CUST42809710,Raymond Alvarez,Male,44,"Engineer, maintenance (IT)",Widowed,"Richardland, Wyoming, 31101",35-44
CUST89021447,Patricia Mckenzie,Male,44,Academic librarian,Married,"Chloeview, Georgia, 75131",35-44
CUST21286210,Dawn Dalton,Other,44,"Designer, graphic",Divorced,"New Dylanberg, Delaware, 10781",35-44
CUST39600411,Todd Boyer,Other,44,Food technologist,Divorced,"Christopherside, Iowa, 86101",35-44
CUST53546051,Sara Parker,Female,44,Chartered certified accountant,Divorced,"Antonioshire, Utah, 26403",35-44
CUST75336004,Marc Stevenson,Other,44,Politician's assistant,Widowed,"Victorhaven, Mississippi, 14200",35-44
CUST41108480,Christine Castaneda,Female,44,Insurance broker,Widowed,"Johnburgh, Virginia, 90827",35-44
CUST02924046,Michael Martinez,Other,44,"Designer, graphic",Divorced,"Andersonfort, Virginia, 10062",35-44
CUST64749211,Michelle Lopez,Male,44,Astronomer,Divorced,"Hughesmouth, Ohio, 17243",35-44
CUST12207142,Megan Marsh,Other,44,Air cabin crew,Married,"New Davidberg, Massachusetts, 69089",35-44
CUST86083356,Jonathan Romero,Other,44,Chief Marketing Officer,Married,"Suttonton, Vermont, 79645",35-44
CUST71340569,Destiny Stevens,Other,44,Scientific laboratory technician,Widowed,"East Barbarachester, Montana, 71410",35-44
CUST31204776,Yolanda Lucas,Female,44,Print production planner,Widowed,"Susanland, Idaho, 41796",35-44
CUST84381709,Philip Stevens,Male,44,"Engineer, electronics",Widowed,"Lake Anthony, Arkansas, 78851",35-44
CUST72669050,Andrew Cook,Other,44,"Programmer, systems",Divorced,"Edwardsport, Wisconsin, 52001",35-44
CUST10291399,Wayne Cook,Other,44,Retail banker,Married,"Kristenport, Delaware, 40548",35-44
CUST29077292,Zachary Williams,Male,44,"Investment banker, corporate",Single,"West Jeremy, Iowa, 75875",35-44
CUST88551633,Kristina Rodriguez,Male,44,Government social research officer,Widowed,"Lake Destinyborough, Colorado, 75313",35-44
CUST12848381,Miguel Hernandez,Male,44,Art therapist,Widowed,"Gibsonburgh, Hawaii, 53436",35-44
CUST03489911,Christy Cisneros,Female,44,Scientific laboratory technician,Single,"South Troy, North Dakota, 12456",35-44
CUST31569641,Paul Santana,Male,44,Community education officer,Divorced,"Christinabury, New York, 46558",35-44
CUST94782863,Joshua Ortiz,Female,44,"Conservation officer, historic buildings",Divorced,"West Sara, Arkansas, 99156",35-44
CUST71761032,Gregory Holden,Other,44,"Loss adjuster, chartered",Divorced,"South Juan, Georgia, 30334",35-44
CUST22979259,Lauren Arnold,Female,44,Ambulance person,Widowed,"Millermouth, Oklahoma, 46442",35-44
CUST11301044,Patrick Hubbard,Other,44,"Scientist, clinical (histocompatibility and immunogenetics)",Widowed,"North Keith, Utah, 35279",35-44
CUST34127687,Cheyenne Osborne,Female,44,"Copywriter, advertising",Divorced,"North Daniel, Hawaii, 48060",35-44
CUST16880284,James Hogan,Female,44,Editorial assistant,Divorced,"Williambury, Pennsylvania, 42955",35-44
CUST13820593,Paige Rich,Male,44,Medical sales representative,Married,"West Benjaminside, Vermont, 20477",35-44
CUST58973094,Michael Mcknight,Female,44,Retail manager,Married,"Morenostad, Kansas, 59014",35-44
CUST12404420,Steven Clark,Other,44,Equities trader,Married,"Morrisborough, Nebraska, 98264",35-44
CUST81845496,Darrell Wilson,Female,44,"Engineer, biomedical",Married,"Ashleyside, Idaho, 33998",35-44
CUST15254113,Rebecca Gross,Male,44,"Production designer, theatre/television/film",Single,"Careytown, Virginia, 22353",35-44
CUST68066282,Kenneth Shelton,Male,44,Agricultural consultant,Single,"North Sydneyborough, Pennsylvania, 44065",35-44
CUST99101813,Phillip Leblanc,Female,44,Scientific laboratory technician,Divorced,"New Caroline, Wisconsin, 52503",35-44
CUST82710023,Sarah Brown,Male,44,Industrial/product designer,Widowed,"South Catherinemouth, Georgia, 20257",35-44
CUST09336650,Grant Hall,Female,44,Writer,Married,"Courtneymouth, Idaho, 95684",35-44
CUST39822278,Sarah Crawford,Female,44,Physiotherapist,Divorced,"Nicoleshire, Maryland, 62732",35-44
CUST38662751,Dawn Thomas,Male,44,Tax inspector,Married,"New Dan, Utah, 03171",35-44
CUST66425605,Jessica Walls,Male,44,Advertising art director,Single,"West Stacy, Wisconsin, 84883",35-44
CUST81158705,Edward Adkins,Female,44,Landscape architect,Married,"Brandonmouth, New Mexico, 50605",35-44
CUST87762807,Beth Johnson,Male,44,Industrial/product designer,Married,"West Meghan, Texas, 74353",35-44
CUST14684934,Devon Morgan,Female,43,Mental health nurse,Married,"West Kimberlyton, Arizona, 35840",35-44
CUST22118188,Michele Moran,Male,43,Armed forces training and education officer,Single,"Port Angelafurt, Idaho, 45681",35-44
CUST69367329,Kim Thomas,Female,43,Mudlogger,Married,"Jimmyfurt, Minnesota, 51653",35-44
CUST71225485,Donna Logan,Other,43,Fish farm manager,Married,"West Carla, Missouri, 55367",35-44
CUST64673977,Anthony Mccarthy,Male,43,Publishing rights manager,Widowed,"Johnsonland, Maryland, 13401",35-44
CUST82752040,Brittney Lopez,Male,43,Town planner,Single,"Bellshire, Georgia, 75555",35-44
CUST56456814,Lindsey Campbell,Male,43,Scientific laboratory technician,Married,"Thomasmouth, West Virginia, 94588",35-44
CUST27079346,Daniel Hamilton,Male,43,Historic buildings inspector/conservation officer,Divorced,"North Stevenfurt, Indiana, 21528",35-44
CUST75976777,Nancy Hoffman,Male,43,"Geneticist, molecular",Widowed,"East Brianview, Nevada, 69256",35-44
CUST70179932,John Ortiz,Female,43,Management consultant,Married,"Davidberg, Vermont, 47342",35-44
CUST28552848,Christopher Thompson,Female,43,"Editor, magazine features",Single,"Leehaven, Wyoming, 06440",35-44
CUST86071121,Shannon Campbell,Male,43,Hotel manager,Divorced,"Richardmouth, Delaware, 45924",35-44
CUST97905597,Sandra Walton,Other,43,Interpreter,Divorced,"Karenfurt, Mississippi, 91302",35-44
CUST47201239,Krista Glenn,Other,43,Metallurgist,Widowed,"Martinezside, Iowa, 83860",35-44
CUST59814160,Sean Lester,Female,43,Police officer,Married,"Joshuaview, Missouri, 76451",35-44
CUST48852582,Jason Padilla,Female,43,Environmental manager,Single,"Millershire, New Mexico, 69503",35-44
CUST68580787,Thomas Sullivan,Male,43,Industrial buyer,Widowed,"Andrewstad, Connecticut, 74416",35-44
CUST61706207,Kelly Nicholson,Male,43,"Designer, television/film set",Married,"Molinatown, Louisiana, 33398",35-44
CUST24275546,Jennifer Thompson,Male,43,"Psychologist, prison and probation services",Divorced,"Allenshire, South Carolina, 02199",35-44
CUST40045796,James Tran,Male,43,Web designer,Married,"South Cody, Colorado, 75584",35-44
CUST41518415,Jason Wright,Male,43,Academic librarian,Divorced,"North Donnaborough, Wyoming, 86321",35-44
CUST72968104,Jason Ayers,Female,43,Actor,Divorced,"Port Candaceland, Missouri, 69520",35-44
CUST86470817,Christie Smith,Other,43,Recruitment consultant,Married,"Jenniferfort, Alabama, 13654",35-44
CUST36431953,Crystal Pena,Male,43,"Editor, commissioning",Divorced,"South Herbertfort, Idaho, 27310",35-44
CUST93095008,Thomas Reed,Male,43,Early years teacher,Single,"South Ashleychester, Montana, 49713",35-44
CUST49016326,Patricia Walker,Female,43,Food technologist,Widowed,"New Ashley, Idaho, 26180",35-44
CUST78462039,Yolanda Foster,Male,43,Personal assistant,Widowed,"West Allisonland, Montana, 03615",35-44
CUST15805262,Kevin Graves,Other,43,Advertising account executive,Single,"Emilyburgh, Wyoming, 92807",35-44
CUST32721526,Megan Santos,Other,43,"Designer, industrial/product",Divorced,"South Carolineburgh, Florida, 39288",35-44
CUST27368820,Debra White,Female,43,Toxicologist,Single,"East Larrybury, Idaho, 89821",35-44
CUST05197144,Brandon May,Male,43,"Teacher, English as a foreign language",Divorced,"Abigailfurt, Alabama, 18065",35-44
CUST27496590,Melody Duncan,Male,43,"Teacher, primary school",Widowed,"New Evan, Alaska, 29248",35-44
CUST19821426,Seth Beard,Male,43,Financial controller,Married,"Port Tammyville, Nevada, 62157",35-44
CUST24107438,Kathryn Parker,Female,43,"Buyer, retail",Married,"Underwoodbury, Vermont, 61718",35-44
CUST42670563,Harry Mitchell,Other,43,"Designer, multimedia",Divorced,"South Ashleyborough, Idaho, 36677",35-44
CUST97231935,Kerry Huynh MD,Male,43,"Copywriter, advertising",Widowed,"Julianview, Pennsylvania, 64392",35-44
CUST63815413,Darren Smith,Female,43,Make,Widowed,"Lake Mackenzie, North Dakota, 49091",35-44
CUST37155070,William Duran,Female,43,"Investment banker, corporate",Married,"Kellyborough, Alaska, 11071",35-44
CUST32454205,Ariel Reynolds,Other,43,Paramedic,Married,"West Rhonda, Louisiana, 04293",35-44
CUST91786736,Michael Garcia,Male,43,Chief Financial Officer,Single,"Hollyburgh, Mississippi, 12959",35-44
CUST95901092,Sean Evans,Other,43,Logistics and distribution manager,Single,"East Sean, Oklahoma, 95914",35-44
CUST81363233,Andrew Harrison,Other,43,Glass blower/designer,Single,"Hinesside, Hawaii, 76495",35-44
CUST83519125,William Hall,Other,43,Clinical molecular geneticist,Single,"South Mariahborough, Ohio, 37310",35-44
CUST63174810,Ryan Barton,Female,43,Call centre manager,Married,"Port David, Maine, 61366",35-44
CUST20264514,Angela Wilson DDS,Male,43,"Engineer, technical sales",Divorced,"Coryfort, Alaska, 46563",35-44
CUST84639603,Amanda Deleon,Male,43,Sales promotion account executive,Divorced,"Georgeberg, Colorado, 98900",35-44
CUST05003547,Brian Lopez,Male,43,Health promotion specialist,Single,"Mayland, Texas, 11083",35-44
CUST48576637,Sean Mitchell,Other,43,Research scientist (medical),Single,"Alexandraberg, New Mexico, 06403",35-44
CUST94738616,Amanda Calhoun,Female,43,Exhibition designer,Widowed,"North Derrick, Pennsylvania, 08272",35-44
CUST52589788,Mark Phillips,Other,43,Health physicist,Married,"North Jillianfort, Mississippi, 11479",35-44
CUST78311321,Allison Robbins,Other,43,"Horticulturist, amenity",Divorced,"Salazarberg, Pennsylvania, 46167",35-44
CUST61547159,Kenneth Owens,Other,43,Educational psychologist,Divorced,"New Alicia, Nevada, 21620",35-44
CUST47833740,Janice Flores,Female,43,Media buyer,Widowed,"Jonesburgh, South Dakota, 71473",35-44
CUST39180048,Kyle Bell,Male,43,Chief of Staff,Married,"Farrellburgh, Oklahoma, 03344",35-44
CUST45693495,Tyler Suarez,Female,43,Drilling engineer,Widowed,"Kirkport, West Virginia, 63368",35-44
CUST91567525,Jacqueline Kirk,Male,43,Animal nutritionist,Single,"West Keith, Alabama, 87127",35-44
CUST54178038,Cameron Mckinney,Other,43,Automotive engineer,Divorced,"Michellechester, Virginia, 87163",35-44
CUST46821368,Amanda Matthews,Female,43,Corporate investment banker,Married,"Santanaview, Mississippi, 87578",35-44
CUST85268837,Antonio Rivera,Other,43,Company secretary,Widowed,"Lake Luke, Ohio, 90252",35-44
CUST96661441,Shannon Burke,Male,43,Research scientist (medical),Married,"Terryton, Rhode Island, 25247",35-44
CUST73136110,Gina Allen,Other,43,Press photographer,Married,"Hannahmouth, West Virginia, 31284",35-44
CUST78510997,Amanda Hall,Female,43,Sub,Married,"Julieshire, Washington, 99229",35-44
CUST41244783,Tyler Contreras,Male,43,"Scientist, water quality",Single,"Kirstenland, Minnesota, 41539",35-44
CUST55110150,Amanda Farrell,Other,43,Technical sales engineer,Married,"New Heather, South Carolina, 67451",35-44
CUST27766368,Cheryl Bell,Female,43,Ship broker,Married,"Port Melissaville, Arizona, 79701",35-44
CUST86957645,Molly Hodges,Male,43,Medical technical officer,Married,"Reedmouth, Michigan, 87905",35-44
CUST07975719,Daniel Goodwin,Male,43,Broadcast engineer,Widowed,"Tanyaview, Mississippi, 32800",35-44
CUST68667580,Travis Huerta,Female,43,Paramedic,Widowed,"Harrisstad, Arkansas, 58223",35-44
CUST84375768,Mark Duncan,Female,43,Diplomatic Services operational officer,Married,"Bradyside, Maine, 47871",35-44
CUST71007312,Alexandra Garrison,Other,43,Trade mark attorney,Widowed,"Christophermouth, Michigan, 53477",35-44
CUST04974384,Brittany Coleman,Male,43,"Producer, television/film/video",Single,"New Juliahaven, Louisiana, 69076",35-44
CUST47847817,Christopher Downs,Female,43,Ambulance person,Divorced,"East David, Alaska, 83017",35-44
CUST78579664,Adam Mitchell,Female,43,Public relations account executive,Divorced,"Elizabethberg, Nebraska, 21555",35-44
CUST91719852,Cindy Perkins,Other,43,Broadcast journalist,Widowed,"West Amandahaven, Connecticut, 12180",35-44
CUST85093335,Matthew Barker,Other,43,"Engineer, civil (contracting)",Married,"Snyderport, Maine, 72697",35-44
CUST44242225,Vanessa Williams,Female,43,"Therapist, art",Single,"Port Courtneybury, Utah, 77913",35-44
CUST79470405,Tammy Palmer,Male,43,"Doctor, general practice",Married,"Andersonborough, Connecticut, 85494",35-44
CUST79978670,Tracey Lyons,Other,43,Radiation protection practitioner,Single,"Dawnburgh, Michigan, 01263",35-44
CUST27514705,Dawn Roach,Female,43,"Investment banker, operational",Single,"South Ryan, Delaware, 33697",35-44
CUST78457687,Natalie Acevedo,Female,43,Occupational therapist,Married,"Douglasfort, New Mexico, 51240",35-44
CUST64208709,Robert Garcia,Female,43,"Production assistant, television",Widowed,"Deniseview, Kentucky, 44649",35-44
CUST15581534,Jennifer Soto,Other,43,Communications engineer,Widowed,"Deanborough, Vermont, 26007",35-44
CUST43175295,Caitlin Gomez,Male,43,"Engineer, site",Widowed,"Rebeccachester, Kansas, 27729",35-44
CUST40967783,Debbie Hall,Male,42,Commissioning editor,Divorced,"East Jessicabury, Indiana, 37798",35-44
CUST46661036,Bruce Jacobs,Other,42,"Engineer, communications",Single,"Lake Steventown, North Dakota, 81948",35-44
CUST25671537,Charlotte Bird,Female,42,Sport and exercise psychologist,Married,"East Jessechester, Virginia, 21058",35-44
CUST07114589,Jillian Harris,Male,42,"Education officer, community",Widowed,"Catherineland, Ohio, 65608",35-44
CUST57624902,Kristen Austin,Female,42,"Engineer, maintenance (IT)",Divorced,"South Andrewfort, Virginia, 97979",35-44
CUST59883971,Stephanie Howard,Other,42,"Programmer, applications",Married,"West Zacharyport, New Jersey, 07875",35-44
CUST04837076,Kyle Gross,Female,42,Sports therapist,Widowed,"North Michellefurt, Montana, 37592",35-44
CUST34283335,Brian Mcmahon,Female,42,Television production assistant,Married,"Tinatown, Oregon, 06928",35-44
CUST22997992,Scott Ward,Female,42,Music tutor,Divorced,"Grantport, New Mexico, 06309",35-44
CUST82362920,Katherine Scott,Other,42,"Engineer, agricultural",Widowed,"New Wandafurt, Georgia, 92321",35-44
CUST95327409,Katrina Smith,Male,42,"Exhibitions officer, museum/gallery",Single,"North Ashley, Kentucky, 38611",35-44
CUST74535070,William Griffin,Male,42,Manufacturing engineer,Single,"Colonport, New York, 62512",35-44
CUST24464034,Christopher Benjamin,Female,42,Recruitment consultant,Divorced,"Valerieland, Rhode Island, 86343",35-44
CUST51342866,Jennifer Ramos,Female,42,Cartographer,Married,"Patricktown, Vermont, 68893",35-44
CUST76930376,David Martin,Female,42,Scientific laboratory technician,Single,"Penningtonton, Oklahoma, 79096",35-44
CUST86702805,Jennifer Santiago,Female,42,Community education officer,Divorced,"Davenportmouth, Nebraska, 87806",35-44
CUST78820833,Madison Butler,Other,42,Learning mentor,Widowed,"South Caitlinland, Texas, 50033",35-44
CUST27430641,John Simpson,Other,42,Forest/woodland manager,Widowed,"Madisonville, New Mexico, 43073",35-44
CUST13295036,Patrick Baker,Male,42,Biomedical scientist,Divorced,"New Amandaview, Connecticut, 60953",35-44
CUST92738858,Holly White,Female,42,"Lecturer, higher education",Divorced,"Kellyside, Utah, 57296",35-44
CUST24902165,Larry Anderson,Male,42,Optometrist,Single,"New Andrewstad, Kentucky, 68498",35-44
CUST12896128,Harold Rhodes,Other,42,Arboriculturist,Divorced,"Whitneyport, New Jersey, 91367",35-44
CUST85243014,Alexander Nash,Other,42,Archivist,Divorced,"Anthonyview, New York, 80466",35-44
CUST37561778,Phillip Wilkins,Female,42,Community education officer,Single,"Lake Hannahville, Alaska, 67519",35-44
CUST41157897,Jesse Jones Jr.,Male,42,Colour technologist,Married,"North Alyssa, Rhode Island, 15226",35-44
CUST50351779,Jasmine Smith,Other,42,Financial planner,Widowed,"Rogersport, Indiana, 81845",35-44
CUST55602929,Jennifer Paul,Other,42,Archaeologist,Divorced,"Houstonfort, North Dakota, 99764",35-44
CUST62924194,April Rojas,Other,42,Forensic scientist,Divorced,"East Connieburgh, Virginia, 10430",35-44
CUST40617629,Hannah Walker DDS,Other,42,Phytotherapist,Divorced,"Willieside, Tennessee, 89393",35-44
CUST61338684,Lisa Soto,Male,42,Early years teacher,Widowed,"Cindytown, Alaska, 43388",35-44
CUST94676233,Brandon Page,Other,42,"Engineer, petroleum",Married,"South Nicoleview, North Carolina, 77227",35-44
CUST21925115,Bridget Reynolds,Male,42,Microbiologist,Widowed,"Schneiderstad, Wisconsin, 85114",35-44
CUST04526090,Andrea Hatfield,Other,42,Statistician,Widowed,"North Anthony, Connecticut, 52070",35-44
CUST44108597,Haley Jackson,Male,42,Dispensing optician,Widowed,"North Erin, Pennsylvania, 19229",35-44
CUST85740069,Kevin Powell,Female,42,Private music teacher,Single,"West Brianna, Texas, 78542",35-44
CUST89730762,Gary Cook,Other,42,Graphic designer,Single,"Romanville, Nebraska, 66712",35-44
CUST60185623,Ryan Campbell,Female,42,Amenity horticulturist,Married,"Nelsonborough, Connecticut, 55658",35-44
CUST73583530,Kimberly Brown,Male,42,Tourist information centre manager,Married,"Kellyland, Wisconsin, 67832",35-44
CUST98923180,Steven Walker,Male,42,"Scientist, forensic",Married,"Berrychester, Oregon, 76234",35-44
CUST01038276,Elizabeth Mason,Male,42,Information systems manager,Widowed,"Rossstad, Michigan, 53455",35-44
CUST28914554,Gene Jones,Female,42,Health service manager,Married,"South William, Utah, 06520",35-44
CUST91044153,Scott Mcclain,Female,42,"Sound technician, broadcasting/film/video",Divorced,"Whiteheadberg, North Carolina, 04364",35-44
CUST76436268,Jonathan Bell,Male,42,Trading standards officer,Divorced,"Kevinberg, Pennsylvania, 64770",35-44
CUST80772087,Justin Walker,Male,42,Fitness centre manager,Single,"Jacksonton, Louisiana, 65888",35-44
CUST68676616,Austin Russo,Female,42,Animal nutritionist,Divorced,"Port Melissa, West Virginia, 54960",35-44
CUST99634994,Tyler Baker,Female,42,Commercial/residential surveyor,Single,"Johnsontown, Nebraska, 48039",35-44
CUST19239938,Brittany Silva,Other,42,Health visitor,Divorced,"East Melvin, Minnesota, 58637",35-44
CUST65630801,William Hurst,Other,42,"Scientist, research (physical sciences)",Married,"New Andrewchester, Wyoming, 01486",35-44
CUST04616261,Elizabeth Ramirez,Other,42,Theme park manager,Divorced,"Port Tylerville, Iowa, 63675",35-44
CUST57806407,Emily Waters,Female,42,Civil Service fast streamer,Widowed,"New Natalie, Arkansas, 71925",35-44
CUST55688813,Derek Reed,Male,42,Education administrator,Divorced,"South Christopherchester, Indiana, 55808",35-44
CUST61172155,James Shaw,Male,42,Health promotion specialist,Divorced,"Port Kaitlinfort, Texas, 14877",35-44
CUST71942907,Shannon Wright,Male,42,Data processing manager,Divorced,"Lake Janetchester, California, 76446",35-44
CUST01800996,Jerry Miller,Female,42,Advertising art director,Widowed,"West Franciscoport, Montana, 66157",35-44
CUST06284514,Ronald Evans,Male,42,Stage manager,Single,"East Christopherchester, California, 28126",35-44
CUST91136281,Dr. Mary Hampton,Other,42,Animal technologist,Married,"North Michael, Wyoming, 78028",35-44
CUST22147743,Gabrielle Campos,Other,42,Claims inspector/assessor,Single,"West Brandonstad, Missouri, 21186",35-44
CUST61967973,Ryan Garcia,Male,42,"Teacher, special educational needs",Single,"East Angela, Maine, 41199",35-44
CUST72861108,Douglas Perez,Other,42,Government social research officer,Married,"Barronview, North Dakota, 34868",35-44
CUST06354639,Melissa Stone,Female,42,Quantity surveyor,Divorced,"Lake Sharonside, South Carolina, 01777",35-44
CUST36325248,Valerie Cox,Female,42,"Administrator, sports",Married,"North Matthewmouth, West Virginia, 89800",35-44
CUST25164344,Mary Gonzalez,Male,42,"Engineer, biomedical",Widowed,"Byrdfurt, South Dakota, 29053",35-44
CUST12258027,Amanda Hernandez,Other,42,Psychiatric nurse,Married,"Lake Jeffery, Nevada, 25467",35-44
CUST23968699,Robert Bass,Other,42,"Buyer, retail",Widowed,"Morganmouth, Massachusetts, 39916",35-44
CUST85127866,Ronald Taylor,Male,42,"Sales professional, IT",Single,"Beckchester, Michigan, 98792",35-44
CUST68761847,Cassidy Stevens,Other,42,Equality and diversity officer,Married,"Smithmouth, Oregon, 43463",35-44
CUST65424416,Colleen Brown,Other,42,Metallurgist,Widowed,"Ramosfort, Virginia, 13002",35-44
CUST48850257,Lisa Barajas,Female,42,"Journalist, newspaper",Widowed,"West Dan, Massachusetts, 32732",35-44
CUST36567638,Jennifer Brown,Female,42,Training and development officer,Married,"Fergusonmouth, New Mexico, 49814",35-44
CUST69194840,Kathy Kim,Female,42,"Journalist, newspaper",Widowed,"Matthewview, New Jersey, 48447",35-44
CUST11810816,Melody Haas,Male,41,Marketing executive,Single,"West Chloefort, Pennsylvania, 83095",35-44
CUST17557194,Luis Ward,Other,41,Charity officer,Divorced,"Port Lindseytown, Pennsylvania, 67694",35-44
CUST77596982,Gina Tran,Male,41,"Designer, television/film set",Married,"Weissview, Michigan, 18545",35-44
CUST24392889,Mrs. Erica Murphy MD,Other,41,Accommodation manager,Widowed,"Lake Debra, South Dakota, 24952",35-44
CUST67301841,Crystal Brown,Female,41,Social researcher,Widowed,"West Sandy, Washington, 40309",35-44
CUST63226034,Robert Williams,Female,41,Land,Married,"Tuckershire, Alaska, 70616",35-44
CUST91280167,Amy Jones,Other,41,Structural engineer,Divorced,"Nancyshire, Washington, 35701",35-44
CUST00941598,Cynthia Lucas,Male,41,Equality and diversity officer,Married,"South Sarahshire, North Dakota, 29832",35-44
CUST91001557,Jennifer Gonzalez,Female,41,"Engineer, building services",Divorced,"New Jasonside, North Carolina, 80092",35-44
CUST44787736,Michael Bauer,Male,41,Learning disability nurse,Married,"Richardsonfurt, Nebraska, 19812",35-44
CUST66949628,Darren Obrien,Female,41,Medical illustrator,Single,"West Kaylashire, North Carolina, 65607",35-44
CUST10668017,Valerie Fry,Male,41,Marketing executive,Single,"North David, Mississippi, 15960",35-44
CUST00904754,James Gonzalez,Other,41,Mental health nurse,Married,"Port Emilystad, Minnesota, 67000",35-44
CUST84706456,Ashley Harmon,Female,41,"Teacher, music",Single,"East Randall, New York, 94268",35-44
CUST71233635,Kaitlyn Mcpherson,Female,41,"Engineer, agricultural",Single,"Lake Nathan, Indiana, 66495",35-44
CUST73495153,Raymond Pham,Female,41,Travel agency manager,Divorced,"Davidview, Arizona, 95112",35-44
CUST85231947,Mark West,Male,41,Metallurgist,Widowed,"West Denisechester, West Virginia, 83289",35-44
CUST20865863,Thomas Payne,Other,41,"Restaurant manager, fast food",Single,"Amyside, New Hampshire, 55030",35-44
CUST17339433,Richard Lin,Other,41,"Engineer, civil (consulting)",Widowed,"Taylorfurt, Nebraska, 02947",35-44
CUST97870459,Michelle Phelps,Other,41,Production manager,Single,"West Troy, North Carolina, 61373",35-44
CUST79902753,Elizabeth Walker,Other,41,Medical technical officer,Single,"Katherinefort, Kansas, 65943",35-44
CUST79329161,Michelle Bryant,Other,41,Farm manager,Widowed,"Jillianchester, West Virginia, 52906",35-44
CUST99034747,Laura Rodriguez,Female,41,Retail buyer,Single,"West Jerryview, Oklahoma, 81304",35-44
CUST83570718,Brianna Thompson,Other,41,Restaurant manager,Widowed,"West Pamela, North Dakota, 33092",35-44
CUST80872989,Edgar Mcgee,Male,41,"Nurse, adult",Divorced,"East Phillipland, New Jersey, 23137",35-44
CUST85518785,Kathy Scott,Other,41,Dispensing optician,Widowed,"Lake Joanne, New Jersey, 63157",35-44
CUST28700323,Lisa Bates,Other,41,Volunteer coordinator,Widowed,"Port Emily, North Dakota, 94407",35-44
CUST82861470,Andrew Woods,Male,41,Charity fundraiser,Widowed,"South Edwin, Wyoming, 32199",35-44
CUST17994890,Jacob Castro DVM,Other,41,Planning and development surveyor,Widowed,"Jackburgh, Arkansas, 72784",35-44
CUST44831266,Alexandria Hall,Female,41,Product/process development scientist,Married,"Danielstad, Illinois, 83253",35-44
CUST96676460,Mr. Justin Yang,Female,41,Market researcher,Single,"Laurenstad, Maine, 11267",35-44
CUST61439560,Brian Cochran,Female,41,Medical technical officer,Married,"South Victoriabury, Utah, 08678",35-44
CUST60184493,Robert Kelly,Male,41,"Therapist, occupational",Widowed,"West Whitneyhaven, Texas, 88593",35-44
CUST31776240,Rachel Ellis,Other,41,Commercial horticulturist,Divorced,"New Christopherberg, Hawaii, 56106",35-44
CUST26368794,Elizabeth Thomas,Female,41,Minerals surveyor,Married,"Sarahchester, Nevada, 39895",35-44
CUST26374212,Jennifer Robinson,Other,41,Consulting civil engineer,Single,"Booneshire, Wisconsin, 15476",35-44
CUST99094010,Joanne Williams,Male,41,Solicitor,Married,"Jackiemouth, New Jersey, 82948",35-44
CUST70959994,Belinda Warren,Other,41,Interior and spatial designer,Divorced,"Andersonshire, Kentucky, 43808",35-44
CUST38136369,Janet Gonzalez,Other,41,Human resources officer,Widowed,"Norrisfurt, Utah, 24128",35-44
CUST66439456,Jeanette Mcmillan,Female,41,Public relations account executive,Single,"Kimberlyton, Vermont, 56387",35-44
CUST51906206,Steven Chan,Female,41,Petroleum engineer,Single,"New Charles, Mississippi, 12039",35-44
CUST28505987,Luis Howard,Other,41,Dentist,Divorced,"New Ashleyborough, Florida, 46953",35-44
CUST35136000,Kimberly Fuller,Other,41,"Engineer, electronics",Married,"South Aprilshire, South Carolina, 97659",35-44
CUST20233555,Elizabeth Larsen,Female,41,"Programmer, applications",Widowed,"Robinsontown, Arkansas, 77775",35-44
CUST89683690,Margaret Williams,Other,41,"Teacher, English as a foreign language",Single,"Bryantfurt, North Dakota, 46045",35-44
CUST48386491,Joseph Thomas,Other,41,"Journalist, newspaper",Single,"Christopherberg, Massachusetts, 59199",35-44
CUST06667152,Aaron Johnson,Other,41,Radio broadcast assistant,Widowed,"South Alexander, Oregon, 22796",35-44
CUST94375722,Brianna Vasquez,Other,41,Jewellery designer,Widowed,"East Reginaldton, Rhode Island, 98085",35-44
CUST33729814,Daniel Miller,Female,41,"Development worker, community",Divorced,"North Jennifer, Mississippi, 19064",35-44
CUST97214840,Tyler Smith,Other,41,Quarry manager,Single,"Baileyview, Florida, 54729",35-44
CUST46739999,Amanda Farmer,Other,41,Leisure centre manager,Single,"Blakestad, Connecticut, 35601",35-44
CUST94791078,Andrea Nunez,Female,41,Plant breeder/geneticist,Single,"Port Jennifer, Hawaii, 41070",35-44
CUST94865192,Christopher Peters,Female,41,"Education officer, museum",Widowed,"Jamestown, Alaska, 25722",35-44
CUST50834097,Mary Jensen,Other,41,Personnel officer,Single,"West Shellyfurt, Arkansas, 80064",35-44
CUST20299805,Joseph Manning,Other,41,Music therapist,Single,"Lopezbury, North Dakota, 83119",35-44
CUST85943219,Jeffrey Flores,Female,41,Herbalist,Divorced,"Fosterchester, Iowa, 66698",35-44
CUST27795956,Crystal Vasquez,Other,41,Building surveyor,Married,"New Ronald, West Virginia, 02867",35-44
CUST39549313,Jason Thompson,Other,41,"Optician, dispensing",Widowed,"Robertshire, Tennessee, 31397",35-44
CUST62519012,Kyle Cardenas,Female,41,Jewellery designer,Widowed,"Calvintown, Arizona, 36789",35-44
CUST79471258,Adam Lane,Other,41,Field trials officer,Married,"Lake Kenneth, South Carolina, 51276",35-44
CUST86198760,Stephen Golden,Male,41,Air broker,Single,"Ortegaburgh, North Carolina, 03913",35-44
CUST70668160,Carolyn Mack,Male,41,Comptroller,Married,"New Courtneytown, Ohio, 32348",35-44
CUST14963709,Mr. Michael Jordan,Male,41,"Engineer, maintenance (IT)",Married,"Hansenburgh, Louisiana, 75566",35-44
CUST90979606,Tanya Watson,Male,40,"Programmer, applications",Divorced,"New Matthew, South Dakota, 19698",35-44
CUST86005273,James Hunter,Female,40,"Psychologist, prison and probation services",Widowed,"North James, Kansas, 12970",35-44
CUST66721944,Lawrence Rivera,Male,40,Ophthalmologist,Single,"New Amy, Illinois, 04639",35-44
CUST32639304,Ricky Barnes,Other,40,Electronics engineer,Divorced,"Boothbury, Washington, 89723",35-44
CUST89681403,Sheila Mclean,Female,40,Corporate investment banker,Single,"Underwoodmouth, Florida, 91186",35-44
CUST85950802,David Gomez,Male,40,Medical illustrator,Widowed,"Reneefurt, Illinois, 02784",35-44
CUST73828464,Shawn Miller,Other,40,Amenity horticulturist,Married,"Jaredchester, Oregon, 91550",35-44
CUST95825518,Lindsey Collier,Female,40,Operations geologist,Married,"Russellfurt, Hawaii, 17656",35-44
CUST78057650,Mathew Mccullough,Other,40,Museum/gallery exhibitions officer,Single,"South Joshuaton, Michigan, 06327",35-44
CUST66228845,William Edwards,Other,40,"Psychologist, counselling",Married,"West Vanessa, Arkansas, 57242",35-44
CUST27330763,Bobby Bender,Female,40,Education administrator,Widowed,"Sharonshire, North Dakota, 19659",35-44
CUST67451348,Jonathan Fowler,Other,40,Arts administrator,Divorced,"Dicksonmouth, Arizona, 71369",35-44
CUST39333215,Donna Boyd,Other,40,Dietitian,Divorced,"Perrybury, Mississippi, 36365",35-44
CUST52856544,Brett Howard,Other,40,Animal nutritionist,Married,"Amybury, Oregon, 29836",35-44
CUST14877396,Mark Mccoy,Male,40,Sales executive,Divorced,"South Sarah, Kansas, 59150",35-44
CUST41888458,Kimberly Kelley,Male,40,"Therapist, music",Widowed,"North Ronaldchester, New Mexico, 27599",35-44
CUST54482939,Shannon Klein,Other,40,Legal secretary,Divorced,"Port Wendyberg, Nevada, 66529",35-44
CUST77585503,Lisa Davis,Other,40,Financial risk analyst,Single,"East Maureen, Massachusetts, 38843",35-44
CUST14157799,April Salazar,Other,40,Actuary,Widowed,"Sethmouth, Indiana, 07736",35-44
CUST45479654,Madison Miller,Other,40,"Scientist, marine",Widowed,"South Rhonda, Ohio, 15314",35-44
CUST85614849,Zachary Gentry,Other,40,General practice doctor,Widowed,"Ambermouth, Colorado, 70890",35-44
CUST15729440,Trevor Williams,Other,40,"Administrator, sports",Divorced,"Port Dylantown, Maine, 23544",35-44
CUST95248757,David Johnson,Female,40,Adult nurse,Single,"Timothymouth, Idaho, 83667",35-44
CUST61282767,Connie Mclaughlin,Female,40,"Doctor, hospital",Divorced,"New Heather, Alabama, 21414",35-44
CUST08537547,Jennifer Tucker,Male,40,Environmental health practitioner,Divorced,"Port Albertmouth, Hawaii, 52449",35-44
CUST55415032,Garrett Woodard,Male,40,"Surveyor, commercial/residential",Widowed,"Dylanmouth, Nevada, 85366",35-44
CUST03426492,Jenny Villegas,Other,40,Insurance risk surveyor,Married,"Davisborough, New Jersey, 53992",35-44
CUST38172611,Andrew Morrison,Female,40,Secretary/administrator,Divorced,"Donnaborough, Washington, 19106",35-44
CUST48638550,Franklin Leon,Female,40,Educational psychologist,Divorced,"North Samantha, Connecticut, 66265",35-44
CUST15082164,Martha Martin,Male,40,"Designer, television/film set",Divorced,"South Stephanie, Massachusetts, 92831",35-44
CUST45432761,Jade Lopez,Male,40,Haematologist,Divorced,"Lake Ryantown, Alaska, 79073",35-44
CUST02511241,Nancy Harvey,Other,40,Ecologist,Married,"Lake Deannaborough, Hawaii, 98343",35-44
CUST20957674,Anthony Reeves,Female,40,Chartered loss adjuster,Married,"Davidsonbury, Idaho, 62629",35-44
CUST08272758,Barbara Randall,Male,40,Automotive engineer,Married,"Nicholasborough, Ohio, 25473",35-44
CUST61341413,Alexa Callahan,Other,40,"Nurse, adult",Divorced,"North Deborah, Delaware, 30518",35-44
CUST86652981,Christopher Hansen,Male,40,Horticultural therapist,Widowed,"Jonesport, Michigan, 12364",35-44
CUST61884842,Daniel Vaughn,Male,40,Emergency planning/management officer,Widowed,"Josephhaven, Mississippi, 98386",35-44
CUST22459264,Kelsey Robinson,Female,40,Financial trader,Divorced,"East Chrisport, Mississippi, 36736",35-44
CUST08408995,Samantha Marquez,Female,40,Petroleum engineer,Single,"Bowenburgh, Louisiana, 35683",35-44
CUST61594133,Ashley Irwin,Male,40,Research scientist (physical sciences),Divorced,"Carrieborough, Pennsylvania, 48431",35-44
CUST59366163,Casey Le,Other,40,Control and instrumentation engineer,Single,"Kimmouth, New York, 23368",35-44
CUST93210567,Peter Lamb,Male,40,"Engineer, communications",Married,"East Allisonland, Nebraska, 41318",35-44
CUST74096037,Matthew Lindsey,Male,40,Health visitor,Married,"Leechester, Maine, 98601",35-44
CUST93345506,Megan Morgan,Male,40,Technical brewer,Married,"Fowlertown, Florida, 13568",35-44
CUST27428442,Danielle Thompson,Other,40,"Surveyor, building",Divorced,"North Dean, Kansas, 93869",35-44
CUST18459815,Nicholas Singleton,Other,40,Psychiatrist,Single,"North Brian, Arkansas, 12673",35-44
CUST44217285,James King,Other,40,"Teacher, adult education",Widowed,"Smithmouth, West Virginia, 94168",35-44
CUST19673795,Frederick Ramos,Male,40,Contracting civil engineer,Married,"Joshuabury, Connecticut, 89752",35-44
CUST70347017,Gary Zimmerman,Female,40,Land/geomatics surveyor,Widowed,"South Jonathan, California, 64089",35-44
CUST16566663,Amanda Edwards,Other,40,Telecommunications researcher,Single,"Port Kristen, West Virginia, 86971",35-44
CUST06037966,Tracey Reyes,Male,40,"Lecturer, higher education",Divorced,"Port Jennifer, Oregon, 35726",35-44
CUST19435664,Sylvia Weaver,Female,40,Corporate investment banker,Divorced,"Hernandeztown, Virginia, 21172",35-44
CUST89128570,Vanessa Macias,Male,40,Hotel manager,Widowed,"New Laura, Nebraska, 29898",35-44
CUST34247122,Benjamin Sutton,Female,40,Bonds trader,Widowed,"South Jillian, Ohio, 26668",35-44
CUST21849697,Daniel Dennis,Male,40,Art therapist,Divorced,"Lake Lynnbury, Pennsylvania, 57971",35-44
CUST70969219,Roger Horn,Other,40,"Research officer, political party",Married,"Tammymouth, Washington, 38143",35-44
CUST25382552,Charles Burgess,Female,40,"Designer, furniture",Married,"Port Eileen, New Hampshire, 13981",35-44
CUST94537086,Rebecca Hansen,Other,40,Health physicist,Married,"Nathanfort, South Carolina, 30444",35-44
CUST88742271,Cynthia Hodge,Male,40,Geophysicist/field seismologist,Single,"Sandraborough, Michigan, 13869",35-44
CUST13561615,Marcus Stewart,Other,40,Editorial assistant,Married,"Atkinstown, Arizona, 17861",35-44
CUST35757093,Joshua Nelson,Female,40,Visual merchandiser,Single,"Deanland, Illinois, 07458",35-44
CUST36847829,Samuel Smith,Female,40,Microbiologist,Single,"Lake Jacquelineberg, New Hampshire, 16695",35-44
CUST21705316,Jonathan Hinton,Female,40,Bonds trader,Divorced,"East Larryborough, Missouri, 59347",35-44
CUST86775842,Charles Fry,Other,40,"Presenter, broadcasting",Divorced,"New Bryanberg, Wisconsin, 43506",35-44
CUST92249874,Rodney Boyer,Other,40,Travel agency manager,Widowed,"West Melissa, Rhode Island, 06311",35-44
CUST24838453,Keith Johnson,Other,40,Chief Financial Officer,Divorced,"North Kimberly, Nebraska, 71970",35-44
CUST63907008,Amy Haynes,Female,40,Speech and language therapist,Married,"East Monica, Oklahoma, 11728",35-44
CUST31531027,Chase Johnson,Female,39,Catering manager,Divorced,"Masseyhaven, Louisiana, 68893",35-44
CUST40456329,Ashlee Thomas,Female,39,English as a foreign language teacher,Married,"Port Audreyside, Rhode Island, 89707",35-44
CUST52977202,Joseph Curtis,Female,39,"Loss adjuster, chartered",Widowed,"Port Erictown, Arizona, 05830",35-44
CUST85897751,Jean Robinson,Female,39,"Engineer, building services",Single,"Bentleyshire, Virginia, 07027",35-44
CUST70814033,Nancy Parks,Male,39,"Psychologist, counselling",Divorced,"New Sandrachester, Missouri, 22955",35-44
CUST83454246,Chad Price,Male,39,Prison officer,Divorced,"South Sarahland, Tennessee, 77599",35-44
CUST90338285,Christopher Barrett,Female,39,Veterinary surgeon,Widowed,"Willisbury, Alabama, 07599",35-44
CUST96523275,Tiffany Guzman,Male,39,Structural engineer,Divorced,"North Travis, New Jersey, 58285",35-44
CUST36852217,David Gibbs,Female,39,Legal secretary,Divorced,"Townsendstad, Mississippi, 35637",35-44
CUST89341750,Charles Dickson,Male,39,Tax adviser,Single,"Paynemouth, Rhode Island, 25209",35-44
CUST54169586,Dan Coleman,Male,39,"Social research officer, government",Divorced,"East Gregorybury, Oklahoma, 12139",35-44
CUST61345201,Leslie Ruiz,Male,39,"Engineer, building services",Divorced,"Gordonview, Kansas, 05929",35-44
CUST47950419,Kayla Nolan,Male,39,Multimedia specialist,Widowed,"Keithview, Colorado, 82599",35-44
CUST51484143,Brandon Brown,Female,39,Arts administrator,Widowed,"Lake Carl, Delaware, 15062",35-44
CUST16725047,Anthony Anderson,Male,39,Chief Financial Officer,Divorced,"Derrickmouth, Arizona, 58714",35-44
CUST99831160,Theresa Campbell,Female,39,Trade mark attorney,Widowed,"Lake Hollytown, Wisconsin, 35601",35-44
CUST97070999,Timothy Garner,Female,39,Homeopath,Single,"Williamston, Montana, 51840",35-44
CUST79849439,Katherine Riley,Male,39,Theatre stage manager,Divorced,"Makaylaberg, North Carolina, 23953",35-44
CUST24472456,Jennifer Perry,Male,39,Exhibition designer,Widowed,"Lake Christopherchester, Massachusetts, 40786",35-44
CUST03939333,Kimberly Dixon,Male,39,Music tutor,Married,"Alicialand, Arizona, 65756",35-44
CUST50842928,Rachel Wilson,Male,39,"Scientist, biomedical",Widowed,"Andersonville, Pennsylvania, 96195",35-44
CUST18894944,Aimee Kim,Other,39,Dietitian,Divorced,"Lake Andrew, New Mexico, 70879",35-44
CUST32262761,Eugene James,Other,39,Operational researcher,Divorced,"Floresbury, Tennessee, 37779",35-44
CUST23642771,Laura Thompson,Other,39,"Engineer, civil (consulting)",Single,"Lake John, Pennsylvania, 53866",35-44
CUST70768869,Nicole Hester,Other,39,Electronics engineer,Single,"Port Benjaminview, Kansas, 16645",35-44
CUST33429180,Jennifer Taylor,Female,39,Training and development officer,Widowed,"East Deannaberg, Kansas, 89515",35-44
CUST64711803,Blake Richardson,Other,39,Press sub,Single,"Lake Harry, Colorado, 63647",35-44
CUST87296488,Miranda Moon,Male,39,Veterinary surgeon,Divorced,"North Angelatown, Vermont, 01462",35-44
CUST96102930,Laura Young,Female,39,Land/geomatics surveyor,Divorced,"Lake Eric, New Jersey, 62439",35-44
CUST24587752,Frank Howard,Male,39,Forest/woodland manager,Divorced,"North Erika, Mississippi, 05384",35-44
CUST78131729,Kimberly George,Male,39,Pharmacologist,Married,"Brianberg, Idaho, 12887",35-44
CUST36963533,Christopher Jones,Male,39,Risk manager,Married,"Hodgesmouth, New Mexico, 09041",35-44
CUST27130653,Justin Shaw,Other,39,Futures trader,Single,"West Alexmouth, Oklahoma, 35132",35-44
CUST47971973,Dorothy Mercer,Other,39,Government social research officer,Widowed,"New Johntown, Missouri, 96580",35-44
CUST04877675,Laura Brown,Male,39,"Accountant, chartered public finance",Single,"Sarahfurt, Ohio, 04601",35-44
CUST12161602,Joshua Wright,Female,39,Fisheries officer,Widowed,"Frankmouth, Illinois, 79830",35-44
CUST71194311,Tyler Schroeder,Other,39,Actuary,Single,"Harrisville, Oklahoma, 18328",35-44
CUST74110140,Paula Olson,Other,39,Scientific laboratory technician,Divorced,"Port Gregoryburgh, Oklahoma, 77382",35-44
CUST68142431,Anthony Acevedo,Male,39,Sport and exercise psychologist,Divorced,"Lisafort, New Hampshire, 59129",35-44
CUST75262403,Nicholas Reed,Male,39,Research scientist (physical sciences),Widowed,"Monicatown, Michigan, 58322",35-44
CUST92113679,Jill Powell,Male,39,"Geologist, engineering",Married,"Gonzalezborough, Idaho, 32670",35-44
CUST94332597,Eric Nielsen,Other,39,Radiation protection practitioner,Single,"Michaelport, Maryland, 76697",35-44
CUST76033212,Karl Rodriguez,Male,39,"Radiographer, diagnostic",Single,"West Kevin, Georgia, 17211",35-44
CUST65210542,Amanda Carter,Female,39,Administrator,Widowed,"Delgadostad, Oklahoma, 72891",35-44
CUST79592014,Crystal Howe,Other,39,Town planner,Married,"Lake Victor, Utah, 80423",35-44
CUST24080829,Connie Wagner,Female,39,Naval architect,Divorced,"New Travis, West Virginia, 12578",35-44
CUST63170748,Alyssa Gonzales,Female,39,Field seismologist,Widowed,"Coreytown, Texas, 02909",35-44
CUST13919839,Cameron Lee,Other,39,Research scientist (maths),Widowed,"New Sophia, Kentucky, 07611",35-44
CUST10903677,Diane Salazar,Male,39,Marine scientist,Divorced,"East Lauraland, Mississippi, 56475",35-44
CUST92762986,Kristie Peters,Other,39,Quality manager,Widowed,"West James, Oklahoma, 83196",35-44
CUST03582753,Nicholas Ross,Other,39,Financial adviser,Widowed,"South Lisa, Alaska, 87527",35-44
CUST76892770,Kristin Preston,Other,39,"Accountant, chartered",Widowed,"Port Charlestown, Kentucky, 28536",35-44
CUST27098051,Robert Garcia,Other,39,Radiation protection practitioner,Widowed,"New Alison, West Virginia, 90773",35-44
CUST38129701,Olivia Scott,Male,39,Public house manager,Widowed,"Lake Tammyfurt, Michigan, 58308",35-44
CUST97565253,Joseph Williams,Male,39,"Administrator, Civil Service",Divorced,"Port Timothy, North Dakota, 03228",35-44
CUST16021924,Anthony Evans,Other,39,Television camera operator,Widowed,"Archertown, Nebraska, 15162",35-44
CUST06926508,Caitlin Lopez,Other,39,Magazine journalist,Married,"South Joseton, Oklahoma, 24618",35-44
CUST04517893,Brandy Hunt,Male,39,Agricultural consultant,Single,"Zacharyborough, Mississippi, 69156",35-44
CUST10853274,Jeremy Dudley,Female,39,Technical author,Married,"Leslieville, Ohio, 88493",35-44
CUST20848847,Miss Kelly Fitzgerald,Other,39,Landscape architect,Single,"Nicholasland, Pennsylvania, 20140",35-44
CUST62174358,Alicia Smith,Male,39,Oceanographer,Married,"Tannerhaven, Nebraska, 30427",35-44
CUST53988881,Shannon Thompson,Other,39,Barista,Married,"New Emily, Michigan, 34720",35-44
CUST90537815,Jason King,Female,39,Artist,Widowed,"Brianstad, North Carolina, 64982",35-44
CUST38787696,Jack Singh,Female,39,Volunteer coordinator,Divorced,"Port Savannahmouth, Wisconsin, 14625",35-44
CUST55513053,Jerome Thompson,Other,39,Mudlogger,Married,"North Ericatown, California, 09127",35-44
CUST04597579,Angela King,Female,39,Air traffic controller,Widowed,"West Nathanberg, Vermont, 59397",35-44
CUST29536604,William Lee,Male,39,Computer games developer,Single,"Aliciahaven, Nevada, 64667",35-44
CUST16983930,Paul Schwartz,Other,39,"Social research officer, government",Single,"North Andreachester, Wisconsin, 73127",35-44
CUST60958047,Jessica Brown,Male,39,Advice worker,Widowed,"South Keithmouth, South Carolina, 38164",35-44
CUST45035095,Katrina Parker,Male,39,"Conservation officer, nature",Married,"East Calebburgh, Florida, 42155",35-44
CUST82139236,Dr. Victor Wallace,Female,39,Nature conservation officer,Widowed,"East Jasminside, Illinois, 39272",35-44
CUST11435905,Tammy Soto,Male,39,"Designer, furniture",Widowed,"Millerbury, Tennessee, 72311",35-44
CUST08266988,Daniel Butler,Other,39,Farm manager,Married,"Deannaburgh, New Jersey, 45065",35-44
CUST45922273,Richard Smith,Other,39,Associate Professor,Married,"Matthewmouth, Vermont, 61116",35-44
CUST75871374,Jessica West,Male,39,Manufacturing engineer,Widowed,"Foxshire, Idaho, 05973",35-44
CUST19107145,Chad Montgomery,Male,39,Colour technologist,Widowed,"Keithport, Kentucky, 19996",35-44
CUST06959252,Robert West,Male,39,Production engineer,Widowed,"Hollyburgh, Michigan, 06216",35-44
CUST36740300,Crystal Johnston,Male,39,Food technologist,Single,"Port Maria, New Jersey, 17915",35-44
CUST98747364,Douglas Jones,Male,39,"Surveyor, building control",Married,"East Jennifermouth, Nevada, 51531",35-44
CUST21175199,Kenneth Brown,Female,39,Advertising account planner,Divorced,"East Elizabeth, Alaska, 14617",35-44
CUST25975924,Catherine Lyons,Other,39,Television production assistant,Widowed,"South Crystalmouth, Pennsylvania, 15558",35-44
CUST38406182,Stuart Fitzgerald,Male,39,Medical laboratory scientific officer,Divorced,"East Jacobmouth, North Carolina, 45890",35-44
CUST38063830,Karen Tyler,Male,39,Psychiatric nurse,Single,"Thomasmouth, Wyoming, 68986",35-44
CUST01001245,Danny Rhodes,Female,39,Mining engineer,Divorced,"Brockfort, Montana, 95770",35-44
CUST55176228,Brandon Blake,Female,39,"Journalist, magazine",Married,"Mooreberg, Nevada, 46615",35-44
CUST48602212,Andrew Schmidt,Male,38,Sub,Widowed,"Sarahton, New Jersey, 52282",35-44
CUST13779414,Tiffany Castillo,Female,38,Furniture designer,Married,"North Ana, Nevada, 37031",35-44
CUST12667505,Billy Page,Male,38,Careers adviser,Widowed,"Gardnerside, Florida, 22682",35-44
CUST07808725,Stephanie Smith,Female,38,Financial manager,Married,"Coleview, Nebraska, 45759",35-44
CUST37149471,Alicia Taylor,Female,38,Clinical molecular geneticist,Married,"West Rebeccaborough, Wyoming, 08720",35-44
CUST95445734,Justin Smith,Male,38,Theatre stage manager,Widowed,"West Kimberlystad, Michigan, 11809",35-44
CUST91794539,Daniel Ryan,Female,38,Adult nurse,Married,"Port Shanemouth, Georgia, 85172",35-44
CUST20833509,Mark Archer,Male,38,Merchant navy officer,Divorced,"New Tiffanyberg, South Carolina, 62771",35-44
CUST67308084,Charles Hernandez,Female,38,Marketing executive,Married,"West Reginafurt, Connecticut, 41618",35-44
CUST45822612,April Phillips,Male,38,Medical technical officer,Widowed,"South Kathleenton, South Carolina, 06051",35-44
CUST76016105,Troy Gutierrez,Female,38,"Geologist, engineering",Single,"Port Robertland, Minnesota, 84029",35-44
CUST01418738,Daniel Smith,Male,38,Armed forces logistics/support/administrative officer,Single,"South Pamela, New Mexico, 13040",35-44
CUST27455507,Kathleen Klein,Other,38,"Production designer, theatre/television/film",Married,"Williamsshire, Utah, 36099",35-44
CUST03953857,Megan Stewart,Other,38,"Engineer, broadcasting (operations)",Married,"Port Nicholas, Missouri, 77989",35-44
CUST73260643,Lance Aguilar,Female,38,Community pharmacist,Widowed,"Cookmouth, Connecticut, 81627",35-44
CUST87141280,Kelly Perez,Female,38,Broadcast engineer,Single,"Hughesfort, North Carolina, 40372",35-44
CUST88248320,Hannah Medina,Male,38,Special effects artist,Divorced,"Annchester, Oregon, 33116",35-44
CUST52209708,Sierra Thomas MD,Male,38,Charity fundraiser,Single,"North Williamside, Illinois, 08154",35-44
CUST93015168,Alyssa Freeman,Female,38,Management consultant,Married,"West Kathrynton, South Carolina, 88367",35-44
CUST09286655,Shaun Noble,Other,38,Music tutor,Widowed,"Joshuafort, Massachusetts, 39807",35-44
CUST97809981,Samantha Gonzales,Other,38,"Designer, furniture",Widowed,"North Christinachester, Michigan, 28085",35-44
CUST82284495,Timothy Green,Male,38,Chief Technology Officer,Divorced,"Hahnstad, North Dakota, 53560",35-44
CUST18709688,John Frost,Female,38,Estate agent,Single,"New David, Vermont, 75098",35-44
CUST14676481,Johnny Williams,Other,38,Mudlogger,Widowed,"West Robert, Missouri, 86414",35-44
CUST44655257,Sarah Valencia,Female,38,Public affairs consultant,Single,"Port Annbury, Kentucky, 96204",35-44
CUST99747043,Jasmine Garrett,Female,38,Product/process development scientist,Single,"Johnsonhaven, Virginia, 16429",35-44
CUST92695966,Beth Phillips DDS,Male,38,Oceanographer,Divorced,"Lake Laura, Indiana, 55490",35-44
CUST34904975,Christopher Howard,Other,38,Cytogeneticist,Divorced,"Teresaside, Nebraska, 15218",35-44
CUST08981537,Chloe Ball,Male,38,Surgeon,Widowed,"North Christina, New Jersey, 60145",35-44
CUST97947934,Susan Johnson,Other,38,Garment/textile technologist,Married,"Coxview, Kansas, 63466",35-44
CUST88694549,Taylor Jones,Other,38,"Designer, interior/spatial",Married,"North Frederickchester, Ohio, 42035",35-44
CUST50659335,Bethany Gonzalez,Female,38,Professor Emeritus,Married,"Pricemouth, Louisiana, 82128",35-44
CUST29874081,Stephanie Chavez,Male,38,"Designer, exhibition/display",Widowed,"Geraldchester, North Carolina, 90650",35-44
CUST83014142,Nicole Dickerson,Male,38,"Designer, graphic",Married,"Fisherfurt, Michigan, 90943",35-44
CUST88866557,Lisa Morales,Male,38,Consulting civil engineer,Widowed,"Bishopland, North Dakota, 56761",35-44
CUST19123465,Michelle Shaw,Male,38,Public librarian,Widowed,"New Jennifershire, South Carolina, 96378",35-44
CUST28741806,Melissa Becker,Male,38,Site engineer,Single,"Brittanytown, Mississippi, 40459",35-44
CUST18953599,Kathy Soto,Male,38,Health and safety adviser,Divorced,"Harrisborough, Virginia, 76744",35-44
CUST78971979,Matthew Martinez,Female,38,Travel agency manager,Single,"North Tammyville, Michigan, 90444",35-44
CUST41151561,Ebony Lee,Male,38,Risk manager,Married,"Marshallberg, South Dakota, 67067",35-44
CUST58126411,Shane Arnold,Other,38,Drilling engineer,Divorced,"Lake Theresaland, Kentucky, 59228",35-44
CUST42668135,Aaron Levine,Other,38,Drilling engineer,Married,"Arnoldstad, Louisiana, 25972",35-44
CUST37031571,Karen Sanders,Male,38,Interior and spatial designer,Married,"East Bruce, Florida, 14855",35-44
CUST42111371,Sharon Rhodes,Other,38,"Engineer, civil (consulting)",Divorced,"Glassview, Montana, 66700",35-44
CUST91869415,Blake King,Other,38,"Investment banker, corporate",Widowed,"Markton, Ohio, 78610",35-44
CUST22858384,Deborah Lewis,Female,38,Interpreter,Divorced,"South Bobby, Wyoming, 18433",35-44
CUST19731188,Sherry Oconnell,Female,38,Catering manager,Widowed,"Adamsburgh, Washington, 57058",35-44
CUST78371218,Shawn Moore,Female,38,"Librarian, academic",Divorced,"Melissamouth, New Mexico, 61811",35-44
CUST14953772,Justin Burnett,Female,38,"Therapist, sports",Divorced,"Mendezmouth, New York, 44599",35-44
CUST23186598,Chad Ryan,Male,38,Ceramics designer,Married,"Billyton, Mississippi, 66584",35-44
CUST04991827,Nicole Ellis,Other,38,Colour technologist,Single,"New Davidfort, West Virginia, 25456",35-44
CUST87783555,Catherine Mullins,Male,38,Counsellor,Married,"Port Chadburgh, Minnesota, 02313",35-44
CUST35981575,Shelia Johnson,Male,38,"Producer, television/film/video",Widowed,"Parkerchester, Massachusetts, 30737",35-44
CUST86592215,Amanda Castro,Other,38,Sports therapist,Single,"Stevenland, Louisiana, 60773",35-44
CUST00252018,Shelley Martinez,Female,38,Furniture designer,Single,"Martinezburgh, North Carolina, 21892",35-44
CUST09995414,Raymond Harris,Other,38,"Designer, television/film set",Divorced,"Piercefurt, Maine, 84990",35-44
CUST61133269,Cody Gonzalez,Female,38,Mining engineer,Widowed,"Sheenahaven, Kansas, 50692",35-44
CUST05504991,Lori Medina,Other,38,Medical secretary,Single,"Port Jessicafurt, Tennessee, 18035",35-44
CUST55038762,Michael Burke,Male,38,Estate agent,Married,"North Michaelchester, New Hampshire, 19659",35-44
CUST99806690,Thomas Pierce,Female,38,"Psychologist, prison and probation services",Divorced,"Sheriland, Indiana, 74648",35-44
CUST40565180,Ryan Martinez,Male,38,Barista,Widowed,"Lutztown, Indiana, 78286",35-44
CUST16392890,James Greene,Female,38,Careers information officer,Widowed,"Port Mariefort, Virginia, 30717",35-44
CUST40235072,Marisa Sanchez,Male,38,Firefighter,Married,"Hernandezburgh, Pennsylvania, 30570",35-44
CUST69739288,Jeffrey Gutierrez,Female,38,Broadcast presenter,Widowed,"East Kevin, Indiana, 75947",35-44
CUST89597330,Daniel Lee,Other,38,Illustrator,Single,"South Robin, Kansas, 94681",35-44
CUST49324501,Gary Peterson,Female,38,Astronomer,Single,"New Jeremiah, Oregon, 88758",35-44
CUST37900794,Gregory Henderson,Male,38,Counselling psychologist,Divorced,"Bowmanton, Washington, 13319",35-44
CUST87110325,Roger King,Female,38,Chief of Staff,Widowed,"Port Andrew, Alaska, 66769",35-44
CUST87170513,William Pittman,Female,38,Barista,Widowed,"Washingtonberg, Delaware, 04104",35-44
CUST19168713,Jeremy Berg,Female,38,Clinical embryologist,Widowed,"Moorebury, Michigan, 88567",35-44
CUST55932299,Linda Elliott,Male,38,Mining engineer,Divorced,"South Alyssaborough, Virginia, 31694",35-44
CUST60943361,James Haney,Other,38,Purchasing manager,Divorced,"Fishershire, New York, 33154",35-44
CUST58637584,William Johnson,Female,38,"Journalist, newspaper",Married,"New Brian, South Dakota, 45019",35-44
CUST14974213,Tiffany Huff,Male,38,Exercise physiologist,Married,"Port Carlashire, California, 46191",35-44
CUST41268290,Megan Hudson,Female,38,Copy,Married,"North Jasmine, South Dakota, 54421",35-44
CUST90831097,Pam Scott,Male,38,Equities trader,Divorced,"Smithstad, Arizona, 44883",35-44
CUST69404737,Jeremy Porter,Female,38,Environmental education officer,Widowed,"North Bobbyton, California, 92223",35-44
CUST69980952,Rhonda Johnson,Other,38,Sales promotion account executive,Single,"Port Paulborough, Hawaii, 41956",35-44
CUST28036132,Christian Murphy,Other,38,"Restaurant manager, fast food",Widowed,"Bergerport, Virginia, 43078",35-44
CUST72503109,John Brown,Female,38,English as a second language teacher,Single,"West Nicholas, Illinois, 22612",35-44
CUST00521520,Jason Avery,Female,38,"Accountant, chartered management",Single,"New Jared, Wisconsin, 98634",35-44
CUST19554325,Rebecca Simmons,Male,38,"Teacher, special educational needs",Married,"Patriciaside, Arkansas, 29918",35-44
CUST62222602,Christopher Lyons,Other,38,Software engineer,Single,"Baileyport, Tennessee, 25008",35-44
CUST37811403,Veronica Lowe,Other,37,Veterinary surgeon,Married,"East Davidborough, Maryland, 37198",35-44
CUST86623105,Marc Key,Male,37,"Horticulturist, commercial",Divorced,"East Karen, Maine, 25562",35-44
CUST83775497,Tonya Cooper,Female,37,Prison officer,Single,"West Max, Hawaii, 40465",35-44
CUST48150903,Jennifer Crawford,Male,37,Advertising art director,Single,"Jodyton, Kentucky, 89725",35-44
CUST93083757,Julie Nguyen,Other,37,Housing manager/officer,Single,"Lake Samuel, Vermont, 38083",35-44
CUST95473042,Justin Ibarra,Other,37,Television camera operator,Married,"Lake John, Wyoming, 39742",35-44
CUST84093200,Audrey Jones,Male,37,"Geologist, wellsite",Married,"Michaelfort, Montana, 78026",35-44
CUST81304670,Andrew Jensen,Male,37,"Scientist, clinical (histocompatibility and immunogenetics)",Single,"Clarkborough, Montana, 11999",35-44
CUST50409831,Ashley Jensen,Other,37,"Biochemist, clinical",Divorced,"Port Daniel, Hawaii, 58771",35-44
CUST76224474,Pamela Price,Male,37,Engineering geologist,Widowed,"Deborahmouth, Utah, 17854",35-44
CUST58139807,Roger Ryan,Other,37,"Geologist, wellsite",Single,"Samanthahaven, Wyoming, 80213",35-44
CUST19875655,Brian Logan,Male,37,"Engineer, control and instrumentation",Widowed,"Michellehaven, Kansas, 86666",35-44
CUST72531071,Mark Jefferson,Male,37,Veterinary surgeon,Married,"Boydchester, New Mexico, 98028",35-44
CUST40667180,Sean Webster,Female,37,Automotive engineer,Widowed,"West Vincentfurt, New York, 45380",35-44
CUST70332531,Daniel Sanders,Other,37,"Conservator, furniture",Divorced,"Mirandaside, Ohio, 06350",35-44
CUST00283741,Adrienne Gallagher,Female,37,"Engineer, building services",Married,"Robinsonland, Louisiana, 69037",35-44
CUST82677243,Kathryn Frazier,Female,37,"Optician, dispensing",Widowed,"New Destinyhaven, California, 81450",35-44
CUST25780379,Jessica Russo,Female,37,Interior and spatial designer,Married,"West Dakota, South Carolina, 68056",35-44
CUST58637821,Matthew Martinez MD,Other,37,Press sub,Divorced,"North Joseph, Hawaii, 73079",35-44
CUST35883996,William Walker,Male,37,Water engineer,Divorced,"West Anna, New York, 52236",35-44
CUST90453067,Tina Camacho,Male,37,Diplomatic Services operational officer,Divorced,"Wilsonport, Illinois, 35803",35-44
CUST53450793,Steven Walker,Male,37,"Engineer, materials",Widowed,"Morrisshire, New Mexico, 05931",35-44
CUST65203808,Keith Harris,Female,37,Radiation protection practitioner,Married,"Williamsonchester, Kentucky, 31275",35-44
CUST91529292,Rachel Carter,Male,37,Tour manager,Divorced,"Howardmouth, Iowa, 48145",35-44
CUST95685023,Joseph Romero,Other,37,Research scientist (physical sciences),Married,"Karenborough, Alaska, 06794",35-44
CUST02904724,Nicole Carpenter,Male,37,Physiotherapist,Divorced,"West Brandon, West Virginia, 06385",35-44
CUST03769712,Mark Yates,Female,37,Technical sales engineer,Married,"Jamesberg, Virginia, 84313",35-44
CUST55319324,Kathryn Berry,Female,37,Associate Professor,Single,"New Charles, New Jersey, 30833",35-44
CUST05322016,Benjamin Brown,Female,37,"Therapist, horticultural",Divorced,"South Richardshire, Wisconsin, 98220",35-44
CUST11543439,Robert Gill,Female,37,Retail banker,Single,"Port Andrewbury, Texas, 20451",35-44
CUST22618398,Thomas Reyes,Other,37,Customer service manager,Widowed,"Warrenborough, Illinois, 61745",35-44
CUST23238777,Melody Martinez,Female,37,"Pharmacist, hospital",Single,"Chrisstad, South Dakota, 45124",35-44
CUST43913785,Summer Robinson,Male,37,Child psychotherapist,Married,"Port Peterside, Utah, 95541",35-44
CUST89191740,Jacqueline Conner,Other,37,Private music teacher,Single,"Lake Allen, Texas, 50857",35-44
CUST14150904,Lisa Hayden,Other,37,Chiropractor,Married,"New Scottton, Washington, 63895",35-44
CUST90250475,Jamie Murphy,Female,37,Veterinary surgeon,Single,"Erictown, North Carolina, 93576",35-44
CUST29065825,Ryan Nelson,Male,37,Town planner,Divorced,"Moralesside, Indiana, 14775",35-44
CUST60126456,Michael Smith,Female,37,Television camera operator,Widowed,"West Wayneland, Massachusetts, 81895",35-44
CUST06247712,John Stewart,Other,37,Multimedia programmer,Single,"South Kimberly, Florida, 52029",35-44
CUST40294984,Megan Harding,Male,37,"Engineer, broadcasting (operations)",Single,"East Brian, Idaho, 29816",35-44
CUST17818654,Bryan Stephens,Other,37,Sports development officer,Widowed,"West Michaelshire, Illinois, 56497",35-44
CUST47750723,James Shannon,Male,37,"Sales professional, IT",Married,"Frankville, Utah, 01747",35-44
CUST97878610,Andrew Cline,Other,37,Naval architect,Widowed,"East Tonya, North Dakota, 39904",35-44
CUST34132427,Andrew Smith,Other,37,Surgeon,Divorced,"Lauraside, Michigan, 97130",35-44
CUST15787065,Alexander Morales,Female,37,"Therapist, occupational",Married,"Hansenmouth, Texas, 81097",35-44
CUST75033036,Diane Brown,Other,37,Gaffer,Married,"Kellyfort, Oklahoma, 63262",35-44
CUST16801720,Heather Watson,Other,37,Health and safety adviser,Divorced,"West Richardport, New Jersey, 37922",35-44
CUST58432918,Tina Nolan,Male,37,Gaffer,Single,"North Williamton, Maine, 78206",35-44
CUST16143790,Kathryn Marsh,Other,37,"Nurse, learning disability",Divorced,"Brianview, New York, 48108",35-44
CUST52643367,Jason Morales,Other,37,Museum/gallery curator,Divorced,"Melindaview, Arizona, 41131",35-44
CUST81809833,Loretta Caldwell PhD,Male,37,General practice doctor,Married,"Hernandezshire, Florida, 40136",35-44
CUST19037538,Kyle Griffith,Other,37,"Horticulturist, amenity",Married,"West William, New Hampshire, 13971",35-44
CUST69576688,John Bishop,Other,37,Pensions consultant,Married,"New Jeremy, Wyoming, 10174",35-44
CUST38395038,Paul Gilmore,Male,37,Arts administrator,Married,"South Anthonyport, South Dakota, 04222",35-44
CUST08154097,Ashley Allen,Other,37,Social researcher,Married,"East Sarahton, New Mexico, 71548",35-44
CUST94055095,Thomas Holland,Other,37,"Administrator, local government",Divorced,"Patelhaven, Utah, 57913",35-44
CUST35883503,George Dean,Other,37,Music therapist,Married,"South Brentton, Alabama, 93683",35-44
CUST24412701,Courtney Ward,Male,37,Jewellery designer,Widowed,"South Davidhaven, Virginia, 06820",35-44
CUST68759665,Edwin Jones,Other,37,Herbalist,Married,"Mccoyport, Texas, 82954",35-44
CUST81169273,Angel Hooper,Other,37,"Surveyor, hydrographic",Widowed,"North Kristinaside, Florida, 98773",35-44
CUST53692233,Frank Davila,Male,37,"Journalist, magazine",Single,"Austinview, South Carolina, 39059",35-44
CUST45359555,William Gonzales,Female,37,Physiological scientist,Widowed,"East Mackenzie, Idaho, 84997",35-44
CUST26046350,David Leonard,Female,37,"Radiographer, diagnostic",Divorced,"Caseyborough, Washington, 80648",35-44
CUST42649877,Victoria Young,Female,37,Chief Financial Officer,Divorced,"Miguelmouth, Louisiana, 92238",35-44
CUST74326403,Susan Nichols,Other,37,"Scientist, water quality",Divorced,"North Virginiamouth, Wyoming, 05071",35-44
CUST80282687,Ronnie Case,Other,37,Financial adviser,Married,"Kathrynmouth, Indiana, 49508",35-44
CUST04317619,Christopher Lee,Female,37,Nature conservation officer,Divorced,"North Lauramouth, New York, 33778",35-44
CUST53761632,Jack Martinez,Other,37,Higher education careers adviser,Divorced,"Alvaradoview, Arkansas, 11021",35-44
CUST11656367,Lauren Davis,Female,37,Quarry manager,Widowed,"North Jerry, Tennessee, 64964",35-44
CUST28493429,Jennifer Marks,Other,37,Chartered loss adjuster,Married,"Joshuamouth, Arizona, 35481",35-44
CUST80612800,Thomas Kramer,Female,36,"Engineer, water",Widowed,"Millerbury, Kentucky, 77208",35-44
CUST14314844,Heidi Kennedy,Other,36,"Horticulturist, commercial",Divorced,"Sharonside, South Dakota, 43359",35-44
CUST17249857,David Miller,Female,36,Risk analyst,Married,"Loribury, New Jersey, 33068",35-44
CUST47527169,James Collins,Other,36,Ship broker,Divorced,"East Timothyville, Texas, 15799",35-44
CUST21120236,Eric Payne,Male,36,Equities trader,Divorced,"Alexanderchester, Minnesota, 09792",35-44
CUST10091017,Sara Thomas,Male,36,Electrical engineer,Widowed,"Parrishton, Minnesota, 56303",35-44
CUST64866983,April Bridges,Female,36,"Geologist, wellsite",Widowed,"New Stacey, Florida, 82859",35-44
CUST86143785,Brian Jenkins,Female,36,"Radiographer, diagnostic",Widowed,"New Carolynshire, New Jersey, 40304",35-44
CUST11625185,Emily Rios,Female,36,Economist,Married,"Perezhaven, Colorado, 03502",35-44
CUST15673149,Ann Compton,Male,36,Make,Divorced,"East Jose, Michigan, 22808",35-44
CUST15533958,Jeffery Castillo,Other,36,"Psychologist, educational",Widowed,"Besttown, North Dakota, 76670",35-44
CUST61538911,Jared Wilson,Other,36,Make,Single,"North Nathan, Connecticut, 66082",35-44
CUST21126941,Dustin Reed,Female,36,Legal secretary,Married,"South Seanburgh, Massachusetts, 33211",35-44
CUST40097802,Mariah Miller,Female,36,"Surveyor, quantity",Divorced,"Lake Nicholasview, Georgia, 72027",35-44
CUST84858008,Richard Johnson,Female,36,Environmental health practitioner,Married,"North Danielle, North Carolina, 64032",35-44
CUST40844404,Laura Wade,Male,36,Clinical embryologist,Widowed,"North Regina, Mississippi, 28819",35-44
CUST92395089,Hannah Johnson,Male,36,"Runner, broadcasting/film/video",Married,"Stevensborough, Rhode Island, 10250",35-44
CUST52686016,Natalie Brown,Female,36,Fish farm manager,Married,"Edwardport, Hawaii, 39301",35-44
CUST91487291,Joseph West,Other,36,Armed forces operational officer,Single,"North Derekshire, California, 50005",35-44
CUST87781611,Tammy Walker,Male,36,Field seismologist,Widowed,"Lake Jennifershire, North Carolina, 13574",35-44
CUST77693572,John Meyer,Male,36,Museum education officer,Single,"Wyatthaven, Arizona, 36957",35-44
CUST46880578,Ashley Smith,Female,36,Health visitor,Married,"Rushland, Pennsylvania, 07189",35-44
CUST76931679,Donald Hudson,Female,36,Merchant navy officer,Widowed,"New Timothyhaven, Utah, 24851",35-44
CUST26621310,Courtney Hensley,Female,36,"Sales professional, IT",Single,"South Michaelfurt, Illinois, 58797",35-44
CUST78396108,Michele Duncan,Other,36,"Clinical scientist, histocompatibility and immunogenetics",Single,"South James, Kansas, 85203",35-44
CUST66609255,Ivan Williamson,Other,36,Corporate investment banker,Single,"Port Allison, Ohio, 29809",35-44
CUST27052495,Luke Martinez MD,Male,36,Early years teacher,Widowed,"Port Christopher, Kansas, 61955",35-44
CUST06278301,Shawn Wright,Female,36,Music tutor,Divorced,"Ramostown, Maryland, 79146",35-44
CUST36306016,Terry Saunders,Male,36,"Designer, multimedia",Married,"North Brucemouth, Ohio, 50914",35-44
CUST66474083,Lonnie Nelson,Other,36,Warehouse manager,Married,"Morriston, Hawaii, 09954",35-44
CUST49356497,Jennifer Larsen,Male,36,Solicitor,Single,"Tammyberg, Missouri, 74846",35-44
CUST62423574,Jennifer Yoder,Female,36,Graphic designer,Widowed,"Lake Ashleyview, Florida, 54651",35-44
CUST32339116,Daniel Aguilar,Male,36,Games developer,Divorced,"Angelaport, Alaska, 06678",35-44
CUST97879695,Matthew Barber,Male,36,Risk manager,Divorced,"Jeffreyshire, Ohio, 77300",35-44
CUST16543182,Charles Diaz,Female,36,Electrical engineer,Married,"Anthonymouth, Tennessee, 79266",35-44
CUST15097861,Mary Flores,Female,36,Naval architect,Widowed,"Jamesberg, Vermont, 69929",35-44
CUST66759242,Sandra Parrish,Male,36,Ranger/warden,Divorced,"Lake Timothymouth, Idaho, 09943",35-44
CUST56206893,Monica Smith,Other,36,Glass blower/designer,Single,"Melissatown, Georgia, 01044",35-44
CUST24119331,Caleb Baker,Male,36,Illustrator,Married,"Mcbridebury, New Jersey, 23727",35-44
CUST50223337,Diana Hammond,Female,36,Radio broadcast assistant,Widowed,"South Kimberlyborough, Iowa, 64996",35-44
CUST32050937,Calvin Reid,Female,36,Homeopath,Married,"Stephanieview, Iowa, 93497",35-44
CUST60349469,Tammy George,Male,36,Land/geomatics surveyor,Divorced,"North Tami, Nevada, 71519",35-44
CUST41801829,Adam Hayes,Male,36,Warden/ranger,Single,"South Beth, New York, 71958",35-44
CUST11262459,Kendra Smith,Other,36,Bookseller,Married,"Lisahaven, Maine, 19030",35-44
CUST40593734,Christopher Rice,Other,36,"Conservator, museum/gallery",Married,"Riceburgh, Alaska, 97253",35-44
CUST58105765,Dalton Harrison,Other,36,"Engineer, agricultural",Divorced,"West Richard, California, 47726",35-44
CUST00745482,Anna White,Male,36,Art therapist,Single,"Wilsonside, Michigan, 84163",35-44
CUST23837000,Joy Rogers,Female,36,"Engineer, production",Married,"Tonyamouth, Mississippi, 86770",35-44
CUST41420543,Lisa Lewis,Female,36,"Lecturer, further education",Married,"Hectorfurt, Maryland, 27835",35-44
CUST80334188,Kelli Duncan,Other,36,"Psychologist, prison and probation services",Married,"Jessicaside, New York, 59122",35-44
CUST25703315,Nicole Powell,Other,36,Archivist,Widowed,"West Morganfurt, New Jersey, 90187",35-44
CUST97218353,Nicole Tucker,Female,36,Public librarian,Single,"South Vanessa, Louisiana, 01754",35-44
CUST62646710,Robert Smith,Male,36,"Surveyor, planning and development",Widowed,"West Charles, Indiana, 30071",35-44
CUST39001919,Eric Hayden,Female,36,Homeopath,Single,"Bradystad, Texas, 26675",35-44
CUST51111317,Sherri Jarvis,Other,36,Operations geologist,Widowed,"Deanmouth, Kansas, 15973",35-44
CUST46531153,Bill Gonzales,Male,36,Lawyer,Divorced,"Taylorside, Vermont, 11575",35-44
CUST73670288,Jonathan Garcia,Other,36,Restaurant manager,Divorced,"South Andrewshire, New York, 70265",35-44
CUST65508780,Michelle Walker,Male,36,Early years teacher,Married,"East Joseph, Arkansas, 80863",35-44
CUST02111840,Austin Chan,Male,36,Media buyer,Widowed,"East Matthew, West Virginia, 61934",35-44
CUST47056375,Janet Sanders,Other,36,Estate manager/land agent,Widowed,"Lake Joseph, Connecticut, 69325",35-44
CUST47187133,Tricia Anderson,Male,36,Equality and diversity officer,Divorced,"East Nicole, South Dakota, 70113",35-44
CUST11780026,Michael Morrow,Female,36,Film/video editor,Widowed,"Woodborough, Washington, 95552",35-44
CUST13006395,Connie Lee,Female,36,Careers adviser,Divorced,"Port Brandontown, Wyoming, 08141",35-44
CUST13120356,Brian Zuniga,Female,36,Clinical embryologist,Divorced,"Robertsview, Alabama, 66758",35-44
CUST35355567,Elizabeth Taylor,Male,36,"Surveyor, minerals",Divorced,"North Heatherfort, Illinois, 69970",35-44
CUST40676066,Cassandra Jackson,Other,36,Museum education officer,Divorced,"Katherinehaven, California, 34434",35-44
CUST94941262,Kelly Wilkinson,Male,36,Warden/ranger,Widowed,"East Julia, West Virginia, 99169",35-44
CUST10202721,Ann Green,Other,36,Politician's assistant,Married,"Stacyport, Indiana, 27922",35-44
CUST21424834,Stacy Rogers,Female,36,Public affairs consultant,Married,"East Heather, Iowa, 74431",35-44
CUST53436708,Paul Wade,Male,36,Newspaper journalist,Divorced,"Hodgemouth, Mississippi, 72853",35-44
CUST08466512,Jacob Watson,Female,36,Games developer,Divorced,"Crystalville, South Carolina, 44277",35-44
CUST65678125,Jonathan Ruiz,Other,35,Midwife,Widowed,"Ryanstad, Montana, 94134",35-44
CUST01781896,Kimberly Jones,Other,35,Architect,Single,"Port Stephanieville, Nebraska, 50971",35-44
CUST85191045,Steven Holloway,Male,35,Technical brewer,Widowed,"South Davidfort, Ohio, 05883",35-44
CUST98147889,Ryan Adams,Other,35,Musician,Widowed,"Jamesfort, Kentucky, 68053",35-44
CUST01665752,Craig Harris,Female,35,Recycling officer,Single,"Lake Christopher, North Dakota, 91397",35-44
CUST13437941,Brianna Howard,Female,35,Sales promotion account executive,Widowed,"South Kimberly, Rhode Island, 78991",35-44
CUST68817743,Roy Henry,Male,35,"Copywriter, advertising",Single,"Jamietown, Maine, 82208",35-44
CUST76982457,Charles Norris,Male,35,Media planner,Single,"West Deborahborough, Pennsylvania, 18254",35-44
CUST03838421,Deanna Smith,Male,35,Video editor,Widowed,"Lake Shaun, Rhode Island, 20036",35-44
CUST81496501,Daniel Cook,Male,35,Magazine features editor,Divorced,"Dylanmouth, Colorado, 33868",35-44
CUST21222525,Ashley Valdez,Other,35,Mining engineer,Widowed,"Marcusmouth, Missouri, 46667",35-44
CUST44732504,Jessica Huffman,Male,35,Secretary/administrator,Widowed,"Andreafort, Montana, 93613",35-44
CUST69497414,Robert Kane,Male,35,"Surveyor, minerals",Divorced,"South James, Wyoming, 51018",35-44
CUST28060598,Jacqueline Sanford,Female,35,Community development worker,Divorced,"New Stevenberg, Oklahoma, 56950",35-44
CUST64813229,Pamela Montgomery,Female,35,"Embryologist, clinical",Married,"Jimmyside, Mississippi, 59882",35-44
CUST27590039,Daniel Reyes,Female,35,Animal nutritionist,Single,"Boonetown, Nevada, 97370",35-44
CUST07737448,Sarah Murray,Female,35,"Therapist, sports",Single,"West Rebecca, Alabama, 35265",35-44
CUST89620632,Timothy Gill,Male,35,"Development worker, international aid",Single,"Jillianburgh, Iowa, 85363",35-44
CUST34620167,Laura Harper,Other,35,"Scientist, research (maths)",Married,"East Amyside, New York, 04583",35-44
CUST81158872,John Beck,Other,35,Historic buildings inspector/conservation officer,Divorced,"Lake Thomasfurt, Arizona, 03920",35-44
CUST69469981,Douglas Luna,Female,35,Farm manager,Divorced,"Holmesborough, Mississippi, 96879",35-44
CUST33229536,James Torres,Male,35,Claims inspector/assessor,Married,"Taylorberg, New Jersey, 62055",35-44
CUST44617899,Jessica Morgan,Male,35,Magazine journalist,Divorced,"Brianchester, California, 36485",35-44
CUST91159441,Evelyn Lawson,Other,35,"Biochemist, clinical",Married,"East Donald, Arkansas, 72191",35-44
CUST02064269,Theresa Miller,Other,35,Holiday representative,Divorced,"Christensenville, Oklahoma, 69310",35-44
CUST12639819,James Marshall,Female,35,"Investment banker, corporate",Divorced,"North Jennifer, Missouri, 69542",35-44
CUST03661198,Beth Nguyen,Female,35,"Therapist, horticultural",Widowed,"Kirkmouth, Oklahoma, 78578",35-44
CUST46842449,Robert Lloyd,Female,35,Television floor manager,Widowed,"Scottmouth, Delaware, 55023",35-44
CUST76762056,Jared Paul,Other,35,Ambulance person,Widowed,"North Barbara, Hawaii, 17766",35-44
CUST98043397,Robert Rivera,Other,35,"Therapist, nutritional",Single,"Port Rebecca, Oregon, 69806",35-44
CUST85912220,Tyler Floyd,Male,35,"Scientist, audiological",Divorced,"Port Mindyfurt, Montana, 88164",35-44
CUST32275714,Tanner Torres,Male,35,Patent attorney,Divorced,"South Brianside, Nebraska, 86371",35-44
CUST42165970,Jonathan Baxter,Other,35,Community education officer,Married,"East Victor, Vermont, 79164",35-44
CUST26740405,Sean Bailey,Male,35,Electrical engineer,Married,"Cynthiashire, New Hampshire, 08218",35-44
CUST26111447,Mark Nichols,Male,35,Ceramics designer,Widowed,"Stephanieside, Colorado, 36293",35-44
CUST46718435,Mikayla Nelson,Female,35,"Therapist, horticultural",Single,"Masonbury, Wyoming, 20088",35-44
CUST27713376,Jennifer Bonilla,Other,35,Logistics and distribution manager,Widowed,"West Chelsea, Maryland, 65241",35-44
CUST38994996,Andrew Thomas,Female,35,"Designer, furniture",Single,"South Johnmouth, Arkansas, 67703",35-44
CUST24581529,Ashley Mercado,Other,35,"Research officer, government",Divorced,"North Cody, Louisiana, 68713",35-44
CUST38893331,Patricia Rodriguez,Female,35,Chief Strategy Officer,Single,"North Kenneth, Nebraska, 47561",35-44
CUST79910497,Gerald Johnson,Female,35,"Radiographer, therapeutic",Married,"East Brianhaven, New York, 39512",35-44
CUST97609761,Alexander Snow,Female,35,Recycling officer,Married,"Nicholasfurt, Michigan, 59895",35-44
CUST43397937,Paul Barr,Other,35,Technical brewer,Married,"West Nicholas, Maryland, 66751",35-44
CUST86116437,Melinda Henderson,Male,35,Regulatory affairs officer,Married,"North Danny, Washington, 71575",35-44
CUST45330849,Kevin Burton,Other,35,"Designer, ceramics/pottery",Widowed,"Port Raymond, Connecticut, 57315",35-44
CUST22181311,Mark Turner,Male,35,"Geneticist, molecular",Divorced,"West Jenniferbury, New Jersey, 13825",35-44
CUST14947689,Selena Collier,Other,35,Toxicologist,Divorced,"East Marybury, Rhode Island, 11351",35-44
CUST79927545,Tony Schneider,Male,35,Intelligence analyst,Married,"Everettmouth, Alabama, 13564",35-44
CUST75556581,Edward Fernandez,Other,35,Theme park manager,Single,"North Catherine, Missouri, 39456",35-44
CUST51674931,Lauren Harrell,Male,35,Diplomatic Services operational officer,Divorced,"Cindyhaven, Wyoming, 09900",35-44
CUST11027799,Jennifer Herrera MD,Female,35,Optometrist,Divorced,"Colleenmouth, Washington, 75406",35-44
CUST83712658,Lawrence Wilson,Other,35,"Engineer, petroleum",Married,"Glennborough, North Carolina, 80464",35-44
CUST66496256,Marissa Taylor,Male,35,Chief Marketing Officer,Single,"Hallfurt, Maryland, 66671",35-44
CUST00907682,Justin Garcia,Female,35,Musician,Widowed,"Jasmineville, North Carolina, 82209",35-44
CUST83398691,Dean Cordova,Male,35,Radio broadcast assistant,Single,"North Anthonybury, Kentucky, 16789",35-44
CUST81943675,Christina Vargas,Female,35,Nature conservation officer,Widowed,"Hallview, New Jersey, 12517",35-44
CUST03629630,Melissa Williams,Female,35,Mining engineer,Married,"Lake Codymouth, South Carolina, 34378",35-44
CUST70150477,Tyler Beard,Female,35,"Engineer, structural",Single,"Joannaborough, Alabama, 76311",35-44
CUST01414778,Scott Walker,Other,35,Printmaker,Widowed,"Marquezside, New Mexico, 09690",35-44
CUST64129937,Amber Nichols,Male,35,"Designer, blown glass/stained glass",Widowed,"Port Elizabethland, Minnesota, 89681",35-44
CUST39534406,Sheri Lewis,Other,35,"Solicitor, Scotland",Divorced,"South Lori, Mississippi, 83177",35-44
CUST05450712,Diane Williams,Male,35,Furniture designer,Married,"North Sandratown, Alabama, 26154",35-44
CUST75487537,Lisa Hernandez,Other,35,Physiological scientist,Married,"Haynesborough, West Virginia, 83003",35-44
CUST79307397,Adam Garza,Male,35,"Engineer, broadcasting (operations)",Widowed,"Shaneville, Florida, 45577",35-44
CUST82989625,Christian Taylor,Other,35,"Nurse, mental health",Widowed,"South Mary, Nevada, 04811",35-44
CUST98301856,Don Walker,Male,35,Armed forces operational officer,Married,"South Charleschester, Minnesota, 04270",35-44
CUST31313583,Dawn Mcguire,Other,35,Information officer,Widowed,"West Steven, Ohio, 05107",35-44
CUST45277962,Patricia Bautista,Male,35,Counselling psychologist,Widowed,"Nathanberg, Mississippi, 39048",35-44
CUST53920813,Briana Wong,Male,35,"Horticulturist, amenity",Widowed,"East Carolynport, Tennessee, 79888",35-44
CUST40396385,Melanie Pennington,Male,35,"Research officer, government",Married,"Thomasshire, Missouri, 44439",35-44
CUST27390395,Kristopher Page,Male,35,Brewing technologist,Widowed,"Sonyashire, Virginia, 05219",35-44
CUST13577579,Denise Delgado,Other,35,"Surveyor, commercial/residential",Divorced,"North Gabrielfurt, Wisconsin, 03241",35-44
CUST75428036,Kevin Brown,Female,35,Optometrist,Single,"North Julieside, California, 27655",35-44
CUST38338802,Timothy Gross,Male,35,Animator,Married,"South Jill, Idaho, 14036",35-44
CUST26322745,Joseph Rodriguez,Female,35,Veterinary surgeon,Widowed,"Lake Abigail, Alabama, 39545",35-44
CUST56207034,Abigail Montoya MD,Female,35,Personnel officer,Single,"Petersonstad, Oregon, 79114",35-44
CUST38807396,Todd Jones,Other,35,"Nurse, children's",Divorced,"Davidbury, Connecticut, 24072",35-44
CUST68698582,Jeffrey Stewart,Other,35,"Designer, exhibition/display",Married,"Lauramouth, Maryland, 96878",35-44
CUST69983756,Angela Sparks,Other,35,Gaffer,Divorced,"Johnsonside, South Carolina, 30800",35-44
CUST73022932,Lisa Huff,Female,34,Building control surveyor,Divorced,"North Deborah, Minnesota, 57657",25-34
CUST81127641,William Williams,Female,34,Geophysical data processor,Single,"New Michaelstad, Michigan, 89260",25-34
CUST02447950,Corey Burns,Male,34,Personnel officer,Widowed,"East Johnport, Ohio, 39091",25-34
CUST46003286,Janet Clark,Other,34,Actuary,Married,"North Cindychester, Delaware, 54846",25-34
CUST34213033,Lisa Mahoney,Male,34,Animal nutritionist,Single,"Jacobfort, Florida, 85204",25-34
CUST92770977,Tracy Kirk,Male,34,Licensed conveyancer,Married,"Pruittberg, Ohio, 64437",25-34
CUST40653183,Susan Leonard,Other,34,"Engineer, building services",Divorced,"West Laura, Colorado, 28170",25-34
CUST24472977,Elizabeth Jackson,Female,34,"Engineer, materials",Divorced,"New Deborahmouth, Wyoming, 98710",25-34
CUST36088787,Ashley Walls,Male,34,Animal technologist,Widowed,"South Dominique, West Virginia, 44710",25-34
CUST11931054,Shelby Blair,Female,34,Site engineer,Widowed,"Hollandmouth, Wisconsin, 75203",25-34
CUST96536738,Cindy Larson,Female,34,Electronics engineer,Widowed,"Andreaview, Nebraska, 14054",25-34
CUST43700526,Jonathan Phillips,Other,34,Civil Service administrator,Widowed,"Boydstad, Colorado, 94922",25-34
CUST43749702,Amanda Cummings,Other,34,Broadcast engineer,Single,"East Calebchester, Washington, 80448",25-34
CUST71712287,Colleen Bird,Male,34,Energy manager,Married,"South Monica, Delaware, 01499",25-34
CUST55627676,Eric Smith,Other,34,"Pilot, airline",Single,"Garciamouth, Arizona, 84208",25-34
CUST10189147,Alejandro Welch,Female,34,"Surveyor, hydrographic",Divorced,"Brownmouth, Arizona, 03188",25-34
CUST78427928,Jacob Collins,Other,34,Computer games developer,Single,"West Veronicaside, Kentucky, 38228",25-34
CUST17621953,Dale Glenn,Other,34,Quarry manager,Divorced,"Dianefort, Alaska, 65607",25-34
CUST97411245,Elizabeth Fritz,Male,34,Copy,Widowed,"Emilychester, Connecticut, 95120",25-34
CUST35801046,Clinton Ruiz,Male,34,"Teacher, primary school",Married,"Davisburgh, Utah, 70982",25-34
CUST58477431,Cynthia Gordon,Female,34,"Administrator, charities/voluntary organisations",Divorced,"Robinsonfurt, Connecticut, 91967",25-34
CUST16749479,Tricia Cannon,Female,34,Financial trader,Married,"West Jenniferland, New Mexico, 04089",25-34
CUST26361887,Timothy Marks,Female,34,Public relations account executive,Divorced,"Williamsshire, South Dakota, 53136",25-34
CUST20289751,Catherine Mays,Other,34,Land,Widowed,"Sanchezland, Maine, 14487",25-34
CUST78546729,Brian Solis,Female,34,Hydrographic surveyor,Married,"Ashleyhaven, Arkansas, 51899",25-34
CUST62389831,Greg Williams,Female,34,"Solicitor, Scotland",Single,"South Angela, Illinois, 59908",25-34
CUST31889067,Richard Fitzgerald,Female,34,Structural engineer,Divorced,"Rayland, Idaho, 31851",25-34
CUST60275705,Mr. William Wagner,Male,34,Consulting civil engineer,Divorced,"Wallside, Alabama, 31277",25-34
CUST58339732,Stephanie Haynes,Female,34,Theatre director,Widowed,"Flemingland, Michigan, 84644",25-34
CUST68160825,Mark Stevens,Other,34,Fashion designer,Single,"Lake Angelica, California, 71668",25-34
CUST79013283,Dustin Chapman,Other,34,Higher education careers adviser,Single,"Andreborough, Illinois, 21288",25-34
CUST94848993,Anthony Nielsen,Male,34,Charity fundraiser,Widowed,"Thomasside, Vermont, 32899",25-34
CUST97269015,Jeff Estrada,Male,34,Psychotherapist,Divorced,"Port Eileen, Washington, 95597",25-34
CUST31115875,Willie Estrada,Other,34,Technical author,Divorced,"Davidberg, Louisiana, 75832",25-34
CUST91482023,Sarah Ruiz,Male,34,Fashion designer,Single,"South Justin, Maryland, 85348",25-34
CUST01490586,Caroline Wade,Male,34,Operational investment banker,Married,"East Williamland, Oregon, 46018",25-34
CUST72045926,Keith Smith,Other,34,"Radiographer, therapeutic",Single,"West Kathyhaven, Vermont, 05121",25-34
CUST97655058,Theresa Simon,Other,34,Haematologist,Widowed,"Brittanyside, Oklahoma, 20029",25-34
CUST33480983,Stephanie White,Female,34,Dance movement psychotherapist,Widowed,"East Jerrystad, Maryland, 91139",25-34
CUST99665209,Marissa Eaton,Male,34,"Pilot, airline",Widowed,"Whitechester, Louisiana, 35780",25-34
CUST10853720,Mrs. Susan Jarvis,Male,34,Sales promotion account executive,Divorced,"Diazside, South Carolina, 74562",25-34
CUST05637069,Dawn Taylor DVM,Other,34,"Teacher, early years/pre",Divorced,"Nicholasside, Hawaii, 73255",25-34
CUST73558747,Nicole White,Female,34,Actor,Single,"Yateschester, North Dakota, 80821",25-34
CUST00882253,Rebecca Smith,Other,34,"Surveyor, mining",Widowed,"Briantown, Kentucky, 07833",25-34
CUST68979889,Mr. Joseph Ward MD,Other,34,Educational psychologist,Single,"North Alanmouth, North Carolina, 84026",25-34
CUST47158334,Alexandra Foster,Other,34,Air traffic controller,Single,"Port Christopherstad, Hawaii, 85270",25-34
CUST67011602,Lance Fuller,Male,34,"Radiographer, therapeutic",Divorced,"Howeberg, New Mexico, 98759",25-34
CUST85782454,Justin Crane,Female,34,Music therapist,Divorced,"Derekport, Michigan, 77662",25-34
CUST90642961,Anthony Nelson,Male,34,Paramedic,Single,"Warrenton, Tennessee, 30325",25-34
CUST24733880,Jessica Webster,Male,34,Research scientist (life sciences),Single,"North James, Pennsylvania, 43344",25-34
CUST55190857,Samuel Hawkins,Male,34,Local government officer,Single,"North Robertville, New Hampshire, 37061",25-34
CUST59332218,Sharon Fox,Male,34,"Psychologist, clinical",Married,"Anthonymouth, West Virginia, 80499",25-34
CUST88780782,Veronica Lopez PhD,Other,34,Equality and diversity officer,Divorced,"Rodriguezview, New Mexico, 82663",25-34
CUST09752104,Natalie Horton,Other,34,Purchasing manager,Widowed,"Carrland, Minnesota, 24812",25-34
CUST90321947,Jennifer Jenkins,Female,34,Hotel manager,Married,"Kennedybury, Utah, 12206",25-34
CUST60606082,Jennifer King,Other,34,Purchasing manager,Divorced,"Marvinfurt, North Carolina, 34224",25-34
CUST71891504,Douglas Hill,Male,34,Facilities manager,Widowed,"Dawsonville, Rhode Island, 17380",25-34
CUST41646342,Emma Christian,Female,34,"Psychologist, counselling",Married,"North Jeffrey, Colorado, 27792",25-34
CUST76637684,Amy Adams,Male,34,Sports therapist,Married,"Leeburgh, Vermont, 36145",25-34
CUST94707703,Mr. Bryan Hansen,Other,34,Occupational hygienist,Widowed,"Jacobview, Colorado, 60795",25-34
CUST18484796,James Le,Other,34,"Editor, magazine features",Single,"Deborahburgh, Kentucky, 16738",25-34
CUST24190671,Frank Davis,Male,34,Horticultural therapist,Single,"Lake William, North Carolina, 13678",25-34
CUST51555314,Teresa Allen,Other,34,Fish farm manager,Divorced,"Brownmouth, Indiana, 20168",25-34
CUST14766617,Tracy Shannon,Male,34,"Engineer, automotive",Single,"Jenniferburgh, Utah, 94507",25-34
CUST93762087,Jerry Smith,Male,34,Commercial/residential surveyor,Widowed,"Crawfordshire, North Dakota, 06470",25-34
CUST22739741,Teresa Stone,Other,34,"Scientist, product/process development",Divorced,"Alanborough, Nevada, 35026",25-34
CUST13242806,Lisa Gordon,Female,34,"Engineer, communications",Single,"Port Sarahshire, West Virginia, 85356",25-34
CUST01806122,Joseph Oliver,Other,34,Social worker,Divorced,"Medinatown, Wyoming, 79517",25-34
CUST42376640,Kelsey Pennington,Male,34,"Chemist, analytical",Divorced,"West Alyssaport, Indiana, 36834",25-34
CUST94119943,Richard Lucas,Male,34,"Research officer, government",Widowed,"Chavezburgh, Kansas, 21153",25-34
CUST03503260,James Walker,Other,34,Astronomer,Single,"Alvaradofort, Iowa, 64546",25-34
CUST29528053,Philip Nash,Male,34,TEFL teacher,Married,"Johnmouth, Wyoming, 01861",25-34
CUST15011948,Lisa Lloyd,Male,34,Lobbyist,Married,"Silvashire, Kansas, 29979",25-34
CUST22023548,Luis Brown,Female,34,Public librarian,Widowed,"Lake Ginachester, South Carolina, 63600",25-34
CUST89555445,Janet Ingram,Male,34,"Psychotherapist, child",Divorced,"South Zachary, West Virginia, 45329",25-34
CUST14092929,Christina Benton,Other,34,Press photographer,Married,"Masonland, New York, 08137",25-34
CUST41264235,David Mitchell,Male,34,Building services engineer,Single,"North Jeanne, Idaho, 29559",25-34
CUST56082389,Brian Rivera,Female,34,Architect,Divorced,"West Jamesfort, Colorado, 18654",25-34
CUST09845524,Jeremy Ramos,Other,34,Marketing executive,Divorced,"Carolynberg, Arkansas, 08271",25-34
CUST54414917,Amanda Burton,Other,34,Trade union research officer,Married,"North Brandon, New Mexico, 66197",25-34
CUST41669791,Theresa Henderson,Other,34,"Scientist, marine",Single,"New Ronnie, Kentucky, 43483",25-34
CUST51776470,Kurt George,Other,34,"Therapist, nutritional",Married,"Wagnerfort, Illinois, 39525",25-34
CUST90005709,Heather Harrison,Female,34,Maintenance engineer,Married,"Bowersfurt, Hawaii, 64470",25-34
CUST31488748,William Ho,Female,34,"Restaurant manager, fast food",Divorced,"South Adam, New York, 41352",25-34
CUST06096310,Susan Hicks,Female,34,"Librarian, public",Widowed,"Jenniferland, Utah, 29612",25-34
CUST09520022,Darrell Pena,Male,34,Administrator,Divorced,"Port Sarahburgh, Wisconsin, 51659",25-34
CUST80351004,David Knight,Male,34,Chartered public finance accountant,Married,"Brightfurt, Nevada, 98078",25-34
CUST82733526,Rita Miller,Other,34,Building surveyor,Single,"Smithmouth, Louisiana, 28278",25-34
CUST29433392,Richard Williams,Other,34,"Engineer, petroleum",Married,"Martinezborough, Delaware, 26912",25-34
CUST77141677,Miguel Hughes,Male,34,English as a foreign language teacher,Married,"East Julia, Arkansas, 17911",25-34
CUST75735893,Don Rowland,Female,34,Animal technologist,Married,"Katherinemouth, California, 80318",25-34
CUST20544880,Danielle Brown,Female,34,"Administrator, education",Married,"South Keith, Indiana, 12483",25-34
CUST01712934,Bobby Williams PhD,Other,33,Garment/textile technologist,Single,"Lake Zacharyland, Michigan, 47496",25-34
CUST20322995,Robin Perez,Female,33,"Designer, interior/spatial",Widowed,"Port Melissaburgh, Alaska, 84808",25-34
CUST34792290,Russell Little,Female,33,Geophysical data processor,Widowed,"Port Theresamouth, Massachusetts, 72308",25-34
CUST34079657,Brian Ortiz,Male,33,"Social research officer, government",Single,"West Jason, New Jersey, 32585",25-34
CUST40825204,Joshua Steele,Other,33,"Programmer, applications",Divorced,"Ferrellmouth, Alabama, 49616",25-34
CUST09198200,Mr. Garrett Williams,Male,33,Retail merchandiser,Single,"Lindaview, Michigan, 56278",25-34
CUST25676469,Kristin Walker,Male,33,"Surveyor, hydrographic",Widowed,"Harrisonburgh, Arizona, 81960",25-34
CUST13621481,Vanessa Kent,Other,33,Adult guidance worker,Widowed,"New Jacquelineview, Louisiana, 35822",25-34
CUST27802626,Jeffrey Payne,Other,33,Field seismologist,Single,"Ashleyberg, Texas, 90033",25-34
CUST70037973,Theresa Lewis,Female,33,Toxicologist,Divorced,"Port Ralphside, Pennsylvania, 03751",25-34
CUST96670367,Melissa Rios,Male,33,Statistician,Divorced,"East Joe, Maine, 27192",25-34
CUST03559971,Steven Blevins,Other,33,Patent examiner,Divorced,"Alvarezshire, Oregon, 56865",25-34
CUST82298035,Anna Taylor,Male,33,Forensic psychologist,Divorced,"Nelsonland, Idaho, 26516",25-34
CUST57011741,Brandon Martin,Male,33,Statistician,Divorced,"Adamsstad, South Carolina, 97770",25-34
CUST72186583,Maria Marshall,Male,33,"Psychotherapist, child",Married,"Christopherville, South Dakota, 47471",25-34
CUST78179789,Diana Chavez,Male,33,Dancer,Divorced,"Nicolemouth, Indiana, 36341",25-34
CUST67865574,Jim Richardson,Female,33,Toxicologist,Widowed,"North Darinfurt, Oklahoma, 30904",25-34
CUST94761505,Antonio Smith,Other,33,Merchant navy officer,Single,"West Davidview, Wyoming, 13770",25-34
CUST85325622,Martin Wallace,Other,33,Forest/woodland manager,Divorced,"West Tabithaberg, Mississippi, 91073",25-34
CUST75576477,Ashley Roy,Other,33,Academic librarian,Widowed,"West Vanessa, Texas, 43291",25-34
CUST28975795,Leonard Nelson,Male,33,Transport planner,Widowed,"North Derekborough, Utah, 58510",25-34
CUST57716148,Robert Watts,Other,33,Site engineer,Divorced,"Lake Jenniferbury, Vermont, 51512",25-34
CUST31570146,Alexandra Kramer,Female,33,Ergonomist,Married,"Dawnview, Utah, 54833",25-34
CUST29968354,Timothy Wilson,Other,33,Waste management officer,Married,"New Meganmouth, Nebraska, 27783",25-34
CUST25888759,Kerry Hall,Female,33,Archaeologist,Widowed,"Danielview, Arizona, 11941",25-34
CUST75044858,Jesse Hanna,Male,33,Forensic scientist,Married,"Frostchester, Idaho, 08351",25-34
CUST35677309,Hunter Stark,Female,33,"Engineer, building services",Divorced,"Herreraland, California, 98407",25-34
CUST59546198,Nicole Jacobs,Other,33,Lobbyist,Married,"Steelefurt, North Dakota, 17312",25-34
CUST85625931,Catherine Williams,Male,33,"Designer, television/film set",Widowed,"Jamesfurt, Massachusetts, 81098",25-34
CUST68736069,Deanna King,Female,33,"Administrator, local government",Divorced,"West Desireeburgh, New York, 39007",25-34
CUST93881915,Jeffery Young,Female,33,Ambulance person,Divorced,"Lake Rhonda, Missouri, 87758",25-34
CUST56689252,Timothy Blake,Male,33,"Designer, furniture",Single,"Jacquelineland, North Dakota, 32286",25-34
CUST00470351,Kellie Cook,Other,33,Mudlogger,Single,"Westmouth, California, 74855",25-34
CUST53936403,Joseph Hutchinson,Male,33,Physiological scientist,Divorced,"Port Lorifort, South Dakota, 92848",25-34
CUST12307049,Kristie Fisher,Other,33,Gaffer,Married,"North Stephentown, Massachusetts, 33454",25-34
CUST87244601,John Bright,Male,33,Waste management officer,Divorced,"Taylorshire, Louisiana, 99038",25-34
CUST95609787,Alison Garrett,Male,33,Location manager,Single,"Markberg, Tennessee, 84677",25-34
CUST76347079,James Turner,Male,33,Pensions consultant,Single,"Mooreton, Oregon, 89588",25-34
CUST83482447,Erik Scott,Male,33,Corporate treasurer,Divorced,"Weberland, Florida, 17816",25-34
CUST82633434,Dr. Paul Summers MD,Male,33,"Librarian, public",Widowed,"Port Samanthatown, Idaho, 57882",25-34
CUST45195955,Eric Lee,Female,33,Clothing/textile technologist,Divorced,"Tylerbury, Washington, 98412",25-34
CUST26683550,Brian Aguilar,Male,33,"Engineer, structural",Divorced,"West Paul, Virginia, 09648",25-34
CUST54476544,Erica Harrison,Male,33,Futures trader,Widowed,"Greenfort, California, 13070",25-34
CUST04470605,Patricia Allen,Male,33,Water engineer,Widowed,"Danielborough, Minnesota, 71133",25-34
CUST27469959,Mr. Jon Rodriguez,Female,33,"Buyer, retail",Single,"Lake Elizabeth, New Mexico, 01664",25-34
CUST97293125,Christopher Black,Other,33,Fast food restaurant manager,Single,"South Sharon, California, 24463",25-34
CUST99086698,Justin Berry,Other,33,Animal nutritionist,Divorced,"East Andreafurt, Texas, 38838",25-34
CUST74158487,Bryan Lewis,Other,33,Risk analyst,Married,"New Julialand, Alaska, 62835",25-34
CUST40514613,Megan Smith,Other,33,"Editor, commissioning",Widowed,"Lopezmouth, Oregon, 93881",25-34
CUST58320097,Chelsea Walker,Other,33,Outdoor activities/education manager,Single,"Baileyview, South Carolina, 93720",25-34
CUST44420798,Julia Gonzalez,Male,33,Translator,Divorced,"South John, Alabama, 33625",25-34
CUST63094148,Nancy Walker,Male,33,"Psychotherapist, child",Divorced,"Kennedyton, West Virginia, 18560",25-34
CUST32053376,David Ramirez,Female,33,Barista,Married,"North Kyle, Mississippi, 98246",25-34
CUST93188806,Stephanie Holmes,Other,33,Multimedia specialist,Single,"Port Kimbury, Kansas, 40597",25-34
CUST68517617,Brad Robinson,Male,33,Child psychotherapist,Divorced,"Dalehaven, Virginia, 80885",25-34
CUST64902351,Taylor Townsend,Other,33,"Journalist, magazine",Married,"East Robinside, Nevada, 07123",25-34
CUST73036111,Dr. Linda Maddox,Other,33,Art gallery manager,Divorced,"Woodsmouth, Arkansas, 94233",25-34
CUST26257902,Michael Jones,Other,33,Animator,Single,"North Michael, Delaware, 68704",25-34
CUST60321460,Lauren Moreno,Female,33,Veterinary surgeon,Widowed,"Spencemouth, Kansas, 61838",25-34
CUST14679491,Terry Garcia,Female,33,Freight forwarder,Divorced,"Port Michaeltown, South Carolina, 79778",25-34
CUST03282774,Matthew Parker,Other,33,Biomedical scientist,Single,"Cruzfort, Kentucky, 28354",25-34
CUST47180859,Sean Matthews,Female,33,Tour manager,Married,"Davidland, Alaska, 20554",25-34
CUST00957425,Mary Clark,Other,33,Event organiser,Widowed,"New Lucasbury, Nevada, 85435",25-34
CUST29339598,Matthew Blair,Other,33,Purchasing manager,Divorced,"East Jeremyfurt, New Hampshire, 76130",25-34
CUST79755040,Kimberly Pratt,Other,33,"Psychologist, counselling",Married,"Port Danielburgh, Michigan, 04440",25-34
CUST63713525,Monica Rogers,Other,33,Immunologist,Divorced,"Ortegamouth, Nevada, 63424",25-34
CUST76335555,Michelle Austin,Female,33,Microbiologist,Married,"Danchester, Louisiana, 44641",25-34
CUST66928513,Kimberly Malone,Female,33,Theatre manager,Single,"Wangshire, Texas, 57725",25-34
CUST15563808,Douglas Romero,Female,33,"Engineer, building services",Married,"New Sydney, Pennsylvania, 81738",25-34
CUST39534997,Robin Hampton,Female,33,Planning and development surveyor,Widowed,"South Brooke, Florida, 53057",25-34
CUST17014924,Grant Ross,Male,33,"Surveyor, mining",Married,"Sarashire, Tennessee, 38312",25-34
CUST86885915,James Golden,Other,33,Insurance account manager,Married,"South Marybury, New Jersey, 23624",25-34
CUST63366212,Jesus Clark,Female,33,"Engineer, structural",Married,"Port Sandra, Michigan, 59964",25-34
CUST21236193,Heather Morris,Female,33,"Conservation officer, historic buildings",Single,"Griffinhaven, Nevada, 27637",25-34
CUST28330638,Megan Rivera,Male,33,Chartered accountant,Divorced,"West Markstad, Nevada, 55265",25-34
CUST96208724,Laura Rodriguez,Other,33,Barrister,Widowed,"Wellsmouth, Iowa, 25816",25-34
CUST39846764,Matthew Beasley,Female,33,Chief Financial Officer,Married,"Lake Manuelland, Missouri, 85505",25-34
CUST50617473,Jessica Sanchez,Other,33,"Engineer, production",Single,"Peterberg, New Mexico, 71338",25-34
CUST33123037,Lori Hunter,Male,33,"Engineer, water",Married,"Amandafort, Maryland, 04499",25-34
CUST72471300,Terri Wood DDS,Female,33,Technical brewer,Single,"South Maryhaven, Wisconsin, 01511",25-34
CUST71549116,Preston Gutierrez,Male,32,"Engineer, production",Widowed,"Salazarchester, Oklahoma, 99437",25-34
CUST83910830,Daniel Herman,Other,32,Research scientist (maths),Widowed,"East Jessica, Iowa, 50912",25-34
CUST51192764,Chad Holmes,Female,32,Food technologist,Divorced,"Lake Daletown, Vermont, 19099",25-34
CUST40195700,Natasha Conway,Other,32,"Psychologist, prison and probation services",Married,"Jessehaven, Arizona, 95554",25-34
CUST95002629,Nicholas Cooper,Male,32,"Designer, multimedia",Widowed,"Port Joannehaven, Texas, 22113",25-34
CUST55031433,Tiffany Santiago,Male,32,"Programmer, multimedia",Divorced,"Elizabethmouth, Iowa, 85587",25-34
CUST17894108,Mr. Ryan Wood,Male,32,Dancer,Single,"New Marcland, Mississippi, 25616",25-34
CUST86782240,Reginald Miller,Female,32,Dance movement psychotherapist,Married,"Johnsonmouth, Arkansas, 83278",25-34
CUST35180038,Christopher Perez,Other,32,Exercise physiologist,Widowed,"East Ruthmouth, Nevada, 13546",25-34
CUST76280899,Alexis Weiss,Female,32,Occupational hygienist,Widowed,"Jasonshire, Minnesota, 38988",25-34
CUST20742959,Heather Hernandez,Other,32,Community development worker,Married,"Jessicaport, Idaho, 64207",25-34
CUST50318524,Joseph Burke,Male,32,Risk analyst,Married,"West Bonnieside, South Dakota, 81852",25-34
CUST25324242,Mary Gonzalez,Male,32,"Social research officer, government",Single,"New Zachary, Maryland, 69135",25-34
CUST30167097,John Bradley,Male,32,Industrial buyer,Divorced,"Smithside, Arizona, 75622",25-34
CUST54376410,Keith Casey,Female,32,Interpreter,Divorced,"Pattersonborough, Hawaii, 63444",25-34
CUST12153504,Matthew Long,Female,32,"Engineer, agricultural",Married,"South Ashleyhaven, Texas, 03338",25-34
CUST21712883,Casey Phillips,Male,32,Acupuncturist,Married,"North Melissa, Oklahoma, 36501",25-34
CUST16662419,Amanda Brewer,Female,32,"Pharmacist, community",Single,"South Jeffrey, Vermont, 09380",25-34
CUST43169159,Tyler Hernandez,Other,32,Commercial/residential surveyor,Divorced,"Port Alexland, Louisiana, 97131",25-34
CUST82440426,Julie Rivera,Female,32,Dentist,Single,"New Matthew, Missouri, 46515",25-34
CUST59827537,Janice Johnson,Male,32,Farm manager,Widowed,"West Justinfurt, New Jersey, 44152",25-34
CUST15359796,Susan Short,Male,32,Leisure centre manager,Single,"Carrillotown, Washington, 20302",25-34
CUST44835273,James Smith,Male,32,Health promotion specialist,Widowed,"Isabelton, Hawaii, 75095",25-34
CUST91619309,Christopher Robertson,Other,32,Artist,Divorced,"Amberfurt, Montana, 87010",25-34
CUST95945675,Stephen Mathis,Other,32,"Producer, television/film/video",Widowed,"Leeland, New Mexico, 76941",25-34
CUST84108163,Marisa Ward,Other,32,"Scientist, water quality",Widowed,"Scottside, Utah, 95921",25-34
CUST37759234,Thomas Johnson,Male,32,"Buyer, industrial",Divorced,"Port Dale, Hawaii, 98441",25-34
CUST11207741,Morgan Jones,Male,32,Theme park manager,Divorced,"Hollowayfurt, Hawaii, 10121",25-34
CUST92538561,Thomas Cole,Male,32,Make,Divorced,"Andersonburgh, Mississippi, 55910",25-34
CUST17804693,Amanda Garcia,Other,32,Radio producer,Divorced,"Mcconnellmouth, Maryland, 07324",25-34
CUST96555170,Robyn Kerr,Male,32,"Psychologist, counselling",Single,"New Danieltown, Alaska, 06951",25-34
CUST35872715,Michael Dunn,Other,32,"Engineer, structural",Widowed,"South William, Vermont, 86022",25-34
CUST12304533,Nicole Hansen,Female,32,Paramedic,Divorced,"Cruzview, Montana, 61011",25-34
CUST04458473,Holly Petty,Male,32,"Librarian, public",Divorced,"West Brian, Georgia, 18117",25-34
CUST35260349,Courtney Haynes,Female,32,Sports therapist,Married,"Amberberg, Michigan, 74077",25-34
CUST08157560,Gary Harrison,Male,32,Air cabin crew,Married,"South Stacey, New Hampshire, 49111",25-34
CUST96227591,Christopher Jones,Male,32,Recycling officer,Single,"New Kenneth, New York, 48554",25-34
CUST10569713,Shawn Carson,Female,32,"Pharmacist, community",Single,"Dakotaland, Georgia, 52330",25-34
CUST48354172,Jesus Garcia,Female,32,Editorial assistant,Married,"Juanbury, Montana, 36713",25-34
CUST23299845,Mr. Mitchell Martinez,Female,32,"Surveyor, building",Widowed,"New Isaacstad, Ohio, 45176",25-34
CUST03356078,Ryan Moran,Other,32,"Therapist, music",Single,"Millerstad, South Dakota, 02732",25-34
CUST91372394,Christopher Smith,Female,32,"Programmer, applications",Single,"Nancyhaven, Mississippi, 07351",25-34
CUST07508637,Emily Powell,Other,32,"Education officer, community",Married,"South Nicole, Georgia, 88862",25-34
CUST45352096,Nicholas Mahoney,Other,32,Accommodation manager,Divorced,"Samanthaberg, Washington, 22841",25-34
CUST92569604,Kimberly Solomon,Male,32,Computer games developer,Single,"West Jamestown, Arkansas, 40467",25-34
CUST77824781,Justin Frye,Male,32,"Engineer, water",Married,"Port Mark, Nevada, 81731",25-34
CUST50645546,John Garza,Other,32,"Optician, dispensing",Married,"Port Jeremyfurt, New Jersey, 18024",25-34
CUST86827517,Alan Peck,Male,32,"Administrator, sports",Divorced,"Stokesborough, Wyoming, 51687",25-34
CUST01163085,Dana James,Female,32,Corporate investment banker,Widowed,"East Michelleborough, Oklahoma, 67989",25-34
CUST96164301,Jordan Jennings,Male,32,Theatre stage manager,Widowed,"Brittanyport, Kansas, 96470",25-34
CUST78939221,Kathryn Harris,Male,32,Metallurgist,Widowed,"South Ericmouth, Illinois, 42739",25-34
CUST37327698,Sherri Frazier,Female,32,"Scientist, research (life sciences)",Married,"Hoffmanville, Kentucky, 24240",25-34
CUST37913516,Tara Davis MD,Female,32,Armed forces technical officer,Married,"East Benjaminside, Montana, 64787",25-34
CUST81463736,Craig Dickerson,Male,32,Research scientist (maths),Single,"New Trevorton, Washington, 54849",25-34
CUST51076259,David Huerta,Female,32,"Accountant, chartered",Married,"Denisehaven, Maryland, 88977",25-34
CUST94387289,Thomas Reynolds,Male,32,Technical brewer,Married,"New Karenstad, Idaho, 05562",25-34
CUST82342677,Julia Smith,Other,32,Armed forces logistics/support/administrative officer,Married,"Port Deborah, Florida, 33467",25-34
CUST06535842,Antonio Le,Male,32,"Education officer, environmental",Divorced,"Pierceside, North Carolina, 35297",25-34
CUST90909589,Brian Terrell,Other,32,Chartered management accountant,Widowed,"Lake Kellyton, North Dakota, 78812",25-34
CUST05750759,Elizabeth Johnson,Male,32,Podiatrist,Widowed,"New Shannonville, Arkansas, 30654",25-34
CUST59767575,Nicole Ramos,Other,32,Advertising copywriter,Married,"Wangton, Texas, 75421",25-34
CUST81451487,Jonathan Molina,Female,32,Historic buildings inspector/conservation officer,Married,"Graceberg, Vermont, 48323",25-34
CUST44614531,Michael Stein,Female,32,Barrister's clerk,Married,"Kennethtown, Rhode Island, 04933",25-34
CUST19259017,Matthew Reese,Other,32,Structural engineer,Married,"Jonesborough, Florida, 52712",25-34
CUST83723227,Keith Manning,Other,32,Sports administrator,Widowed,"Andersonshire, Kentucky, 60815",25-34
CUST77346588,Jamie Johnson,Female,32,"Lecturer, higher education",Married,"West Katelyn, Texas, 33294",25-34
CUST57886207,James Brown,Male,32,Physiotherapist,Married,"Teresatown, Idaho, 99342",25-34
CUST63486927,Brian Kerr,Female,32,Scientific laboratory technician,Widowed,"Kellyport, Minnesota, 49836",25-34
CUST95771051,Sean English,Male,32,Chartered legal executive (England and Wales),Married,"Phillipsstad, Utah, 14321",25-34
CUST10292264,Kara Rivas,Male,32,"Engineer, automotive",Single,"Ashleystad, Maryland, 19199",25-34
CUST32053848,Veronica Johnson,Female,32,Operations geologist,Widowed,"Jeffreyhaven, Minnesota, 34666",25-34
CUST74635880,Alisha Andrews,Other,32,"Programmer, applications",Married,"Gonzalesfurt, Maryland, 97606",25-34
CUST30166728,Andrew Rangel,Other,32,Mining engineer,Widowed,"Ashleyberg, Indiana, 08519",25-34
CUST51818089,Joseph Mercer,Other,32,"Designer, ceramics/pottery",Married,"West Debra, Oregon, 80989",25-34
CUST62984444,Rebecca Montes,Other,32,Careers adviser,Divorced,"Bryanberg, Colorado, 32910",25-34
CUST36432590,Michael Diaz,Female,32,"Programme researcher, broadcasting/film/video",Widowed,"Donnamouth, New Jersey, 60261",25-34
CUST20921135,Margaret Watson,Male,31,Soil scientist,Widowed,"East Nicholas, Maine, 01667",25-34
CUST60260387,Joy Clarke,Female,31,Call centre manager,Divorced,"North Toddtown, North Dakota, 87861",25-34
CUST56782683,Lindsay Archer,Other,31,Accommodation manager,Single,"New Bradley, Florida, 45241",25-34
CUST57866509,Luis Valdez,Other,31,"Administrator, Civil Service",Divorced,"Stephenside, West Virginia, 91576",25-34
CUST89417458,William Peterson,Other,31,Science writer,Married,"East Autumnfort, Delaware, 48734",25-34
CUST12934355,Sandy Lawson,Female,31,Chief Marketing Officer,Single,"Christophershire, Connecticut, 28931",25-34
CUST95703459,Timothy Murray,Other,31,Race relations officer,Widowed,"Lorraineport, New Mexico, 18976",25-34
CUST26337688,Anthony Walker,Female,31,Equities trader,Divorced,"Scottshire, Mississippi, 97023",25-34
CUST07852448,Kristen Townsend,Female,31,Newspaper journalist,Divorced,"Wardfort, South Carolina, 94598",25-34
CUST52258185,Rebecca Hopkins,Female,31,Armed forces operational officer,Married,"South Joan, South Dakota, 66959",25-34
CUST95188360,David Santos,Female,31,Personnel officer,Divorced,"Darrenborough, South Dakota, 39553",25-34
CUST17788808,Jon Underwood,Male,31,Sports coach,Widowed,"Parkbury, Delaware, 68133",25-34
CUST20740508,Ronald Ward,Male,31,Warehouse manager,Widowed,"Alvaradoport, Indiana, 53597",25-34
CUST16857555,Jose Edwards,Male,31,"Scientist, research (life sciences)",Widowed,"New Joseph, Kansas, 51820",25-34
CUST20225726,Sara Wagner,Female,31,Forensic scientist,Single,"Rachelshire, Arkansas, 15041",25-34
CUST11013072,Robert Bass,Male,31,Public librarian,Married,"Rileymouth, Tennessee, 90545",25-34
CUST49209352,April Soto,Female,31,"Research officer, trade union",Single,"Port Williamtown, California, 23563",25-34
CUST83956868,Bethany Black,Male,31,Historic buildings inspector/conservation officer,Single,"Patriciachester, North Dakota, 56614",25-34
CUST34054833,Devon Thornton,Male,31,"Biochemist, clinical",Single,"Richardmouth, Illinois, 47072",25-34
CUST77013632,Daniel Daniel,Other,31,Charity officer,Divorced,"East Patrick, Tennessee, 59498",25-34
CUST69123669,Aaron Adkins,Other,31,"Engineer, chemical",Widowed,"Roblesshire, North Carolina, 37680",25-34
CUST11825074,Susan Mendoza,Other,31,Lexicographer,Single,"Johnstown, Alaska, 41343",25-34
CUST07486035,Laura Reilly,Other,31,Community pharmacist,Single,"North Jenna, New Jersey, 83651",25-34
CUST10680740,Todd Fritz,Male,31,Chief Marketing Officer,Widowed,"Billyland, Alaska, 43608",25-34
CUST30299611,Steven Lopez,Male,31,Clinical molecular geneticist,Married,"Carterville, Oklahoma, 37589",25-34
CUST92104228,Kristin Cross,Female,31,"Lecturer, further education",Widowed,"Matthewberg, Georgia, 90689",25-34
CUST99166505,Brandon Elliott,Female,31,Early years teacher,Single,"Shannonbury, Massachusetts, 51065",25-34
CUST59310778,Michael Smith,Other,31,Paramedic,Single,"Guerreromouth, Massachusetts, 27547",25-34
CUST12600340,Courtney Woodard,Other,31,"Designer, exhibition/display",Divorced,"New Nathanfort, Colorado, 97791",25-34
CUST44940832,Lisa Hancock,Female,31,Armed forces training and education officer,Single,"Cunninghamton, Montana, 33341",25-34
CUST89048204,Kimberly Green,Male,31,"Scientist, biomedical",Widowed,"West Angela, South Dakota, 31102",25-34
CUST47260887,Garrett Swanson,Male,31,Arts development officer,Single,"Adammouth, Tennessee, 64550",25-34
CUST76312583,Jennifer Love,Other,31,"Designer, jewellery",Divorced,"West Thomaston, Michigan, 13497",25-34
CUST50492191,Danielle Morse,Female,31,Hydrologist,Widowed,"Carlastad, North Dakota, 35008",25-34
CUST63088474,Kristopher Ware,Female,31,"Production designer, theatre/television/film",Widowed,"Colemanburgh, Maine, 45249",25-34
CUST09709314,Jesse George,Male,31,Arboriculturist,Single,"Lake Erinville, Kentucky, 44113",25-34
CUST42287612,David Rodriguez,Male,31,Operational investment banker,Divorced,"Coxfurt, West Virginia, 88965",25-34
CUST65663636,Cheyenne Davis,Female,31,Building surveyor,Widowed,"North Deborahville, Illinois, 28064",25-34
CUST20926526,Mark Dixon,Female,31,"Accountant, chartered public finance",Widowed,"South Michaelstad, Montana, 90158",25-34
CUST32212525,Andrea Fletcher,Female,31,Secretary/administrator,Divorced,"Troyhaven, Missouri, 62323",25-34
CUST48382495,Melanie Hall,Female,31,Agricultural consultant,Divorced,"Lake Alexandrafort, Missouri, 65119",25-34
CUST97228824,Michael Flores,Male,31,Cabin crew,Divorced,"New Prestonburgh, Illinois, 44604",25-34
CUST97539220,Lisa Miller,Female,31,Chief of Staff,Married,"Josefurt, Vermont, 45487",25-34
CUST87187204,James Wells,Male,31,Tourism officer,Divorced,"Port Manuel, Virginia, 57796",25-34
CUST76193646,Erika Bates,Other,31,Contracting civil engineer,Single,"West Alexander, Colorado, 07316",25-34
CUST67456577,Angela Washington,Female,31,Dramatherapist,Single,"Farleyfurt, Alabama, 53199",25-34
CUST54601772,Sherri Dominguez,Female,31,Arts administrator,Divorced,"Lake Michaelland, Indiana, 65811",25-34
CUST89147872,Toni Carroll,Other,31,"Teacher, English as a foreign language",Married,"New Georgeside, New Hampshire, 92575",25-34
CUST13113384,Darryl Smith,Male,31,"Production designer, theatre/television/film",Married,"Townsendport, South Carolina, 80279",25-34
CUST70634368,Brittany Jones,Male,31,Technical sales engineer,Widowed,"West Jamesfort, Maryland, 07997",25-34
CUST68051906,Tracie Murphy,Other,31,Human resources officer,Divorced,"North Kevin, Pennsylvania, 40353",25-34
CUST82716734,Kayla Martinez,Female,31,Sports administrator,Divorced,"Brianport, Maryland, 37503",25-34
CUST03743893,Ryan Miller,Other,31,Toxicologist,Divorced,"North Marymouth, Indiana, 18667",25-34
CUST39585220,Bobby Green,Other,31,Estate manager/land agent,Single,"Lake Evan, Minnesota, 88505",25-34
CUST46993747,David Jackson,Other,31,"Education officer, environmental",Single,"Thomashaven, Florida, 63261",25-34
CUST40917837,Kayla Duncan,Male,31,Naval architect,Widowed,"Eatonshire, North Dakota, 68100",25-34
CUST57892719,Anthony Johnson,Female,31,"Designer, textile",Single,"East David, Wisconsin, 73385",25-34
CUST47750404,Matthew Silva,Other,31,Aid worker,Married,"New Tyler, South Dakota, 31681",25-34
CUST44929464,Destiny Gallegos,Female,31,"Doctor, hospital",Single,"Romeroton, Indiana, 68400",25-34
CUST85562047,Dylan Goodman,Other,31,Electrical engineer,Single,"Lake Albert, Missouri, 86285",25-34
CUST12266213,Randy Rogers,Female,31,Early years teacher,Widowed,"Barrfort, Oklahoma, 29741",25-34
CUST30959090,David Smith,Male,31,Chief of Staff,Widowed,"Schwartzchester, Kansas, 24902",25-34
CUST16164849,John Hernandez,Other,31,Telecommunications researcher,Single,"West Donna, Indiana, 21889",25-34
CUST28245316,Adrian Hicks,Other,31,Personal assistant,Widowed,"Jennaland, South Dakota, 05632",25-34
CUST79166932,Bianca Daniel,Other,31,Health promotion specialist,Married,"Candaceburgh, Texas, 07577",25-34
CUST01691078,Alicia Zhang,Other,31,Location manager,Single,"Mooremouth, Michigan, 06407",25-34
CUST32044131,Joanne Montoya,Other,31,Database administrator,Single,"West Waynefurt, New York, 13905",25-34
CUST84694293,Caitlin Williams,Male,31,Charity officer,Married,"Hamiltontown, New Hampshire, 54613",25-34
CUST94460812,Nathan Harrington,Female,31,Sales promotion account executive,Widowed,"Reginamouth, North Carolina, 37338",25-34
CUST85929334,Matthew Chung,Other,31,"Restaurant manager, fast food",Widowed,"Jessicamouth, South Carolina, 13015",25-34
CUST94632708,Jasmine Sandoval,Other,30,"Designer, exhibition/display",Married,"South Judithmouth, West Virginia, 06490",25-34
CUST63960070,Catherine Alvarez,Male,30,Occupational psychologist,Widowed,"North Joshuamouth, Delaware, 34119",25-34
CUST04667143,Robin Miller,Female,30,Ecologist,Single,"Jamesview, Massachusetts, 92304",25-34
CUST47797353,Karen Martinez,Other,30,Geoscientist,Divorced,"Lake Hollyview, Rhode Island, 97034",25-34
CUST37424132,Samuel Baldwin,Male,30,Psychiatrist,Widowed,"South Jose, Washington, 70776",25-34
CUST42919579,Charles Burke,Other,30,Cytogeneticist,Married,"Port Kathryn, Pennsylvania, 81846",25-34
CUST23444868,Elizabeth Evans,Other,30,"Designer, furniture",Married,"Mcbridetown, Rhode Island, 43052",25-34
CUST13507319,Julie Washington,Male,30,"Geologist, wellsite",Widowed,"Morganside, Tennessee, 83462",25-34
CUST76438251,Scott Brown,Male,30,Careers adviser,Single,"West Michelleberg, West Virginia, 07375",25-34
CUST75390064,Sierra Rivas,Other,30,Landscape architect,Single,"West Jeff, Maine, 51174",25-34
CUST98628885,Melanie Jackson,Male,30,Legal executive,Married,"East Timothy, Hawaii, 13193",25-34
CUST62840759,Michael Perez,Female,30,Pension scheme manager,Divorced,"East Mary, Arizona, 67068",25-34
CUST75395843,Christina Richardson,Female,30,Therapeutic radiographer,Single,"Reginachester, North Dakota, 39182",25-34
CUST78335604,George Barton,Female,30,Fisheries officer,Single,"Samuelhaven, Kentucky, 70248",25-34
CUST12796395,Dawn Murphy,Other,30,Sales promotion account executive,Married,"East Michaelland, Minnesota, 04760",25-34
CUST34592732,Bryan Williams,Male,30,Database administrator,Single,"Matthewtown, Virginia, 28106",25-34
CUST02967545,Leon Pham,Female,30,Homeopath,Divorced,"Juliefort, Idaho, 81487",25-34
CUST10241954,Kristy Davidson DVM,Female,30,"Librarian, public",Single,"East Adam, New York, 24200",25-34
CUST58200674,David Evans,Female,30,IT sales professional,Single,"New Markshire, Ohio, 38827",25-34
CUST36007037,James Rasmussen,Male,30,Insurance underwriter,Divorced,"East Jordanborough, Virginia, 99205",25-34
CUST34519019,Jason Long,Male,30,Holiday representative,Single,"Lake Larry, Illinois, 93079",25-34
CUST82593555,John Grant,Other,30,Waste management officer,Single,"Fergusonshire, Minnesota, 88333",25-34
CUST71058064,Joshua Cruz,Male,30,Theme park manager,Single,"Coxland, California, 59276",25-34
CUST18771479,Denise Quinn,Other,30,Senior tax professional/tax inspector,Divorced,"Starkside, New York, 66683",25-34
CUST66017391,Daniel Molina,Female,30,Paediatric nurse,Single,"North Ashleyborough, Indiana, 95364",25-34
CUST57060968,Melissa Thompson,Other,30,Broadcast engineer,Widowed,"Loriborough, Delaware, 14805",25-34
CUST04966172,Jacqueline Sullivan,Female,30,Hospital doctor,Married,"North Stacytown, Delaware, 94651",25-34
CUST43659883,Sarah Skinner,Male,30,"Accountant, chartered certified",Single,"Lake Amber, Hawaii, 41130",25-34
CUST47694771,Alexandra Long,Female,30,"Chemist, analytical",Married,"South Barryside, Wisconsin, 28909",25-34
CUST32764229,Lisa Hebert,Female,30,Accounting technician,Widowed,"South Brettton, Maine, 90488",25-34
CUST97543920,Melissa Combs,Female,30,Travel agency manager,Widowed,"Rachelborough, Iowa, 20721",25-34
CUST62756135,Misty Barry,Other,30,Theme park manager,Divorced,"Port Cindyview, Ohio, 68606",25-34
CUST39340553,Vanessa Ellis,Male,30,Food technologist,Divorced,"North Victoriachester, Vermont, 76467",25-34
CUST75793791,Heather Dixon,Other,30,Research scientist (physical sciences),Divorced,"East Spencer, Alaska, 24495",25-34
CUST21153655,Rebekah Rivera,Male,30,Drilling engineer,Widowed,"Mullinsville, Georgia, 67521",25-34
CUST18784995,Thomas Delgado,Male,30,Mental health nurse,Married,"Julietown, Montana, 59825",25-34
CUST96043315,Patricia Wilson,Male,30,Product manager,Married,"East Laurie, Maryland, 67845",25-34
CUST80245365,Ashley Bray,Other,30,Seismic interpreter,Married,"Port Deanbury, Iowa, 50472",25-34
CUST46799300,Denise Watson,Female,30,Brewing technologist,Single,"East Theresa, Hawaii, 25536",25-34
CUST38633324,Katherine Edwards,Male,30,"Horticulturist, commercial",Married,"North Ashley, New Mexico, 34020",25-34
CUST73072285,Debbie King,Male,30,Music therapist,Married,"Jessicatown, Rhode Island, 70755",25-34
CUST73244149,Heather Anthony,Female,30,Trading standards officer,Divorced,"South Carlhaven, Utah, 45386",25-34
CUST38595108,John Nguyen,Male,30,Prison officer,Widowed,"East Mary, Utah, 80757",25-34
CUST83393682,Christopher Haney,Female,30,Advice worker,Widowed,"South Natalieton, New Hampshire, 02919",25-34
CUST22618142,Wesley Johnston,Female,30,"Programmer, systems",Married,"Howardshire, Vermont, 48793",25-34
CUST64319646,Roy Gross,Other,30,"Administrator, education",Widowed,"Stephaniemouth, Alaska, 33735",25-34
CUST57696429,Kyle Bradley,Female,30,Fast food restaurant manager,Single,"Tuckershire, Alaska, 11405",25-34
CUST70280738,Christie Walton,Other,30,Public relations account executive,Divorced,"West Angelmouth, Ohio, 20226",25-34
CUST63889194,Brittany Moore,Female,30,"Designer, textile",Married,"Kristinamouth, Delaware, 69777",25-34
CUST83000820,David Walker,Female,30,Tax adviser,Widowed,"Camposmouth, West Virginia, 67713",25-34
CUST65456148,Brianna Patton,Male,30,"Scientist, research (physical sciences)",Single,"Eddiestad, Georgia, 16391",25-34
CUST00558554,David Buckley,Female,30,"Engineer, electronics",Married,"West Darrylfort, Washington, 10929",25-34
CUST43643465,Christopher Trujillo,Other,30,Music therapist,Widowed,"Stevenburgh, Indiana, 39663",25-34
CUST92072153,Douglas Bennett,Female,30,"Sales professional, IT",Married,"North Alexfort, Colorado, 99791",25-34
CUST65392826,Kathy Valentine,Other,30,Fish farm manager,Widowed,"West Sandramouth, Kentucky, 02369",25-34
CUST61552560,Shaun Stuart,Female,30,Meteorologist,Widowed,"Port Davidfurt, Maryland, 49078",25-34
CUST78877445,Dominique Weber,Female,30,"Engineer, agricultural",Single,"Gabriellahaven, West Virginia, 46991",25-34
CUST39256607,Candace Harris,Other,30,"Surveyor, building control",Single,"New Jamie, Minnesota, 57901",25-34
CUST28266429,Andrew Moore,Male,30,"Embryologist, clinical",Single,"Wagnerburgh, Connecticut, 47515",25-34
CUST62512574,Angie Mosley,Other,30,English as a second language teacher,Married,"West Melanieview, Indiana, 30353",25-34
CUST17544947,Melissa Rivera,Other,30,Records manager,Divorced,"East Stephaniefurt, Oklahoma, 38408",25-34
CUST50064478,Jessica Montgomery,Female,30,"Biochemist, clinical",Married,"Holmeston, Kansas, 05434",25-34
CUST15889374,Jennifer Pittman,Other,30,Homeopath,Married,"Reynoldsfort, California, 64956",25-34
CUST14094734,Gregory Taylor,Male,30,Airline pilot,Widowed,"Lake Bethburgh, Connecticut, 12124",25-34
CUST58084780,Troy Reyes,Male,30,Firefighter,Widowed,"East Edwardfurt, North Carolina, 02632",25-34
CUST93762757,Kristin Jones,Male,30,"Embryologist, clinical",Widowed,"South Stephanie, Nevada, 54594",25-34
CUST18956040,Brian Gonzalez,Female,30,Building surveyor,Widowed,"Jessicafurt, Montana, 29692",25-34
CUST72770326,Robert Cobb,Female,30,"Engineer, structural",Divorced,"New Ryanville, Connecticut, 43840",25-34
CUST95330608,Julian Freeman,Other,30,"Pharmacist, hospital",Single,"Lake Stacyville, Florida, 71852",25-34
CUST79483679,Rhonda Oconnell,Male,30,"Doctor, general practice",Widowed,"Jessebury, Florida, 20947",25-34
CUST71115981,Erica Myers,Female,30,"Administrator, local government",Widowed,"Lake Stephenstad, Kansas, 88050",25-34
CUST37727410,Lori Sherman,Male,30,Building control surveyor,Married,"South Brenda, Florida, 82928",25-34
CUST38324332,Janice Horton,Other,30,Probation officer,Single,"Matthewfort, Texas, 12862",25-34
CUST11230865,Gina King,Other,30,Magazine journalist,Divorced,"Brandonberg, California, 93070",25-34
CUST20309690,Teresa Davies,Male,30,Financial trader,Single,"Alexisside, Alabama, 64101",25-34
CUST03622805,Amanda Stone,Female,30,Arts development officer,Widowed,"East Emily, South Dakota, 49201",25-34
CUST83363685,Jennifer Flores,Female,30,Consulting civil engineer,Single,"West Bryan, California, 09410",25-34
CUST06930299,Jessica Obrien,Female,30,"Therapist, speech and language",Single,"Lake Christopherfort, Connecticut, 96919",25-34
CUST12778863,Laura Reese,Male,30,Amenity horticulturist,Married,"West James, New York, 17423",25-34
CUST63525013,Carol Brown,Female,29,"Designer, industrial/product",Divorced,"Rosefort, Oklahoma, 79665",25-34
CUST46259140,Brad Hancock,Female,29,Media planner,Widowed,"North Jamesville, Texas, 71361",25-34
CUST78015254,Karen Knight,Male,29,Outdoor activities/education manager,Single,"West Timothyville, Maine, 18991",25-34
CUST98992009,Dillon Cruz,Female,29,Local government officer,Widowed,"Nathanielborough, West Virginia, 71505",25-34
CUST48783124,Karen Johnson,Male,29,Counselling psychologist,Widowed,"Lake Philipshire, West Virginia, 30007",25-34
CUST78652368,Douglas Miranda,Female,29,Chiropodist,Widowed,"Annestad, Arizona, 95300",25-34
CUST18843090,Betty Welch,Female,29,Writer,Single,"Samanthahaven, Iowa, 28789",25-34
CUST70028179,Jeffrey Rodriguez,Other,29,"Engineer, control and instrumentation",Divorced,"Jillville, North Carolina, 55838",25-34
CUST13245016,Timothy Hebert,Other,29,"Civil engineer, contracting",Divorced,"South Lisa, Minnesota, 66907",25-34
CUST79329107,Christopher Greer,Male,29,Community development worker,Married,"Moorefurt, Iowa, 94619",25-34
CUST85136844,Albert Conway,Other,29,Interior and spatial designer,Married,"Linhaven, Wisconsin, 29211",25-34
CUST78500212,Tyrone Rivas,Male,29,Water engineer,Single,"Port Pennyville, Massachusetts, 51493",25-34
CUST17793294,Maureen Conner,Other,29,Broadcast presenter,Married,"Robersonburgh, Illinois, 06877",25-34
CUST19595178,Henry Poole,Other,29,"Doctor, hospital",Divorced,"Leeton, Alaska, 35634",25-34
CUST20723913,Courtney Joseph,Other,29,Retail merchandiser,Single,"Ryanmouth, Washington, 63184",25-34
CUST34234173,Katie Martin,Male,29,Cabin crew,Married,"South Michael, West Virginia, 78560",25-34
CUST82455264,Jessica Blair,Male,29,Ecologist,Single,"Hensleyland, Illinois, 61370",25-34
CUST85315369,Mr. Timothy Marquez,Female,29,Systems developer,Widowed,"Elliottmouth, Kansas, 76532",25-34
CUST17600382,Mary Griffin,Female,29,Oceanographer,Widowed,"Christineview, Alaska, 35064",25-34
CUST02452911,Brianna Anthony,Other,29,Orthoptist,Divorced,"Port Williamburgh, New Mexico, 00703",25-34
CUST09630360,Tina Weber,Other,29,Catering manager,Widowed,"South Nicolechester, Wisconsin, 73035",25-34
CUST44017106,Maria Lopez,Male,29,"Engineer, land",Widowed,"Ballardborough, Virginia, 93917",25-34
CUST34833670,Jessica French,Male,29,Solicitor,Married,"Port Justinmouth, Tennessee, 97510",25-34
CUST81583434,Chelsea King,Male,29,Emergency planning/management officer,Married,"North Ronaldshire, Ohio, 45044",25-34
CUST29309248,Kenneth Ramirez,Male,29,Administrator,Widowed,"Mortonside, Washington, 12868",25-34
CUST88770537,James Jordan,Male,29,Neurosurgeon,Divorced,"Austinport, Indiana, 07965",25-34
CUST59014511,Derek Pope,Male,29,Museum/gallery conservator,Married,"Thomasbury, Georgia, 86135",25-34
CUST81405860,Lisa Jenkins,Male,29,Mental health nurse,Widowed,"Chelseaport, Pennsylvania, 52002",25-34
CUST73914849,Aaron Pope,Other,29,"Lecturer, further education",Widowed,"New Josephborough, Vermont, 65668",25-34
CUST63614687,Alison Ryan,Other,29,"Scientist, clinical (histocompatibility and immunogenetics)",Single,"Bergmouth, Alaska, 99076",25-34
CUST84080526,Dylan Meyers,Male,29,Forensic psychologist,Single,"South Williambury, Colorado, 12803",25-34
CUST05002100,Lisa Sanford,Other,29,Magazine journalist,Widowed,"Thomasland, Maryland, 15785",25-34
CUST00802272,Susan Lee DVM,Male,29,Land/geomatics surveyor,Single,"Staceymouth, West Virginia, 32599",25-34
CUST59507045,Sarah Sanchez,Female,29,Personal assistant,Divorced,"Stephensonstad, Michigan, 72410",25-34
CUST21599544,Carl Schaefer,Other,29,"Programmer, applications",Divorced,"Garciamouth, Minnesota, 03377",25-34
CUST60367399,Brian Chung,Female,29,"Restaurant manager, fast food",Single,"West Christopherhaven, Nevada, 27019",25-34
CUST84967828,Michael Richardson,Female,29,"Production assistant, radio",Single,"Port Ronaldtown, Nebraska, 13747",25-34
CUST97800780,Jeremiah Hughes,Other,29,Animal technologist,Married,"Floresland, Arkansas, 38951",25-34
CUST06462493,Mark Roberts,Other,29,Network engineer,Single,"Port Stephanie, South Carolina, 44072",25-34
CUST91857651,Emily King,Female,29,Microbiologist,Divorced,"Lake Robertchester, North Dakota, 43749",25-34
CUST42954424,Mr. Eric Roman DDS,Male,29,Special effects artist,Divorced,"Lewismouth, Vermont, 50837",25-34
CUST32263626,Shelly Carter,Other,29,Theatre stage manager,Married,"Joshuaport, Kansas, 08575",25-34
CUST65422529,Jeffery Solomon,Female,29,Dispensing optician,Divorced,"South Richard, Delaware, 10538",25-34
CUST85322399,Maria Lamb,Female,29,"Journalist, newspaper",Married,"Jeffreychester, New Mexico, 22973",25-34
CUST96733036,Kenneth Lawrence,Other,29,Camera operator,Married,"Lake Tina, New Hampshire, 33854",25-34
CUST78957103,James Patel,Other,29,IT trainer,Widowed,"Rebeccaberg, Massachusetts, 44131",25-34
CUST63154819,Mark Hall,Male,29,Careers information officer,Divorced,"South Roberthaven, California, 64415",25-34
CUST12423616,Joshua White,Female,29,"Scientist, forensic",Widowed,"Lake Davidfort, Kansas, 72673",25-34
CUST80003725,Sherri Fowler,Male,29,Waste management officer,Single,"Johnsonville, Kentucky, 06400",25-34
CUST86382364,Bryan Powell,Male,29,Banker,Widowed,"Schmitthaven, Washington, 67160",25-34
CUST76895088,Dr. James Kirby PhD,Female,29,"Teacher, secondary school",Widowed,"Jimenezborough, Maryland, 36479",25-34
CUST22960207,Derek Conley,Male,29,Dispensing optician,Single,"Lake Tammystad, California, 53267",25-34
CUST93219353,Maria Jefferson,Other,29,Marketing executive,Widowed,"Donovanmouth, Utah, 63413",25-34
CUST01201519,Crystal Smith,Male,29,Photographer,Widowed,"Port Davidfort, Vermont, 29700",25-34
CUST54960456,Curtis Hawkins,Other,29,"Therapist, occupational",Married,"Stephanieburgh, Alaska, 48891",25-34
CUST96630079,Jennifer Moses MD,Female,29,"Designer, blown glass/stained glass",Widowed,"East Susanside, Wisconsin, 15313",25-34
CUST24806892,David Reed,Male,29,Medical sales representative,Married,"Thomasstad, North Dakota, 17162",25-34
CUST57618841,Mark Griffin,Female,29,Media planner,Single,"East Michaelshire, New Hampshire, 60462",25-34
CUST00961403,Lori Hernandez,Male,29,Retail manager,Widowed,"West Melindaburgh, South Dakota, 99732",25-34
CUST29646268,Veronica Hinton,Female,29,Purchasing manager,Married,"Breannaside, Kentucky, 21499",25-34
CUST26717992,Amber Reynolds,Female,29,Pensions consultant,Divorced,"Lucasburgh, Arizona, 41529",25-34
CUST00135208,Teresa Fowler,Female,29,"Administrator, Civil Service",Married,"Robertton, Colorado, 87819",25-34
CUST39350909,Brian Hernandez II,Male,29,"Engineer, drilling",Married,"North Alexis, Minnesota, 09341",25-34
CUST55066086,Bobby Jackson,Female,29,Arboriculturist,Married,"Pattersonbury, South Carolina, 55453",25-34
CUST30535391,Kevin Mathis,Male,29,Local government officer,Single,"West Stevenport, Maryland, 44031",25-34
CUST85742293,Michael Allen,Other,29,Health and safety inspector,Widowed,"Rachelhaven, Utah, 42768",25-34
CUST34569594,Keith Dodson,Other,29,"Librarian, public",Single,"Port Katherine, Nebraska, 03943",25-34
CUST15704037,Andrea Berry,Female,29,Theatre manager,Married,"Raymondmouth, Virginia, 50293",25-34
CUST56211642,Joseph Andrews,Other,29,Housing manager/officer,Divorced,"New Melissatown, Pennsylvania, 04665",25-34
CUST68876572,Emily Boyd,Other,29,Food technologist,Widowed,"Samanthahaven, Michigan, 59628",25-34
CUST91695086,Jose Lee,Other,29,Cabin crew,Widowed,"New Lauramouth, Kentucky, 57259",25-34
CUST50635367,Jason Jackson,Male,29,Medical illustrator,Married,"North Sarahton, Kentucky, 96343",25-34
CUST55344519,Bryan Allen,Female,29,Civil Service administrator,Divorced,"Thompsonville, Rhode Island, 57344",25-34
CUST37200073,Sarah Turner,Male,29,"Nurse, learning disability",Single,"Hebertton, New Mexico, 03126",25-34
CUST20917291,Kristina Hernandez,Other,29,Theatre stage manager,Single,"East Kristina, Utah, 15162",25-34
CUST44275097,Kayla Williams,Female,29,Risk manager,Widowed,"West Peter, Connecticut, 20626",25-34
CUST99468207,Wesley Owens,Other,29,Financial risk analyst,Divorced,"Kevinville, Colorado, 96249",25-34
CUST29707490,Jacqueline Rogers,Male,29,Public librarian,Single,"Port Angelmouth, North Dakota, 73780",25-34
CUST89978032,Dorothy Wood,Male,29,Archivist,Single,"Lake Wesley, Utah, 65225",25-34
CUST88845350,Jared Mclaughlin,Other,29,Accommodation manager,Married,"South Derek, Iowa, 60022",25-34
CUST69508431,Austin Cameron,Male,29,Retail buyer,Widowed,"Kaitlinstad, Connecticut, 05573",25-34
CUST36923180,Cynthia Cook,Other,29,"Merchandiser, retail",Widowed,"New Gabrielafort, Arkansas, 24900",25-34
CUST00376151,Cheryl Cook,Female,29,"Engineer, broadcasting (operations)",Married,"Lopezside, Mississippi, 65460",25-34
CUST75990183,Lisa Kelly,Female,29,Hotel manager,Divorced,"Normanberg, Kansas, 38727",25-34
CUST88487295,Connie Mccormick,Other,29,"Editor, film/video",Divorced,"Lake Reneefurt, New Hampshire, 62935",25-34
CUST84348881,Kyle Ramos,Other,28,Economist,Married,"South Erinshire, North Carolina, 41322",25-34
CUST14823398,Steven Clark,Male,28,"Engineer, energy",Widowed,"Lake Adrianstad, Vermont, 03731",25-34
CUST57917005,Darius Valdez,Male,28,Broadcast engineer,Single,"West Teresachester, Florida, 28881",25-34
CUST66269166,Dillon Kim,Female,28,Market researcher,Single,"Christophertown, New York, 01938",25-34
CUST37063181,Scott Fitzgerald,Male,28,Music tutor,Divorced,"Port Jennifer, Ohio, 75111",25-34
CUST77664811,Jennifer Clay,Other,28,Sports therapist,Married,"New James, New York, 12409",25-34
CUST07678524,Stephanie Bruce,Other,28,Operational researcher,Divorced,"New Shaun, Louisiana, 44766",25-34
CUST99217012,John Knox,Male,28,Equality and diversity officer,Widowed,"East Devin, Virginia, 75248",25-34
CUST91325901,David Rosales,Male,28,Midwife,Widowed,"Mckayside, Maine, 93628",25-34
CUST28996576,Edwin Williams,Female,28,Chief Technology Officer,Divorced,"Taylorport, West Virginia, 18870",25-34
CUST08803697,Brandon David,Other,28,Energy manager,Single,"West Samuelland, North Carolina, 80226",25-34
CUST25075822,Christopher Leonard,Male,28,"Scientist, water quality",Married,"Lake Andrew, Arizona, 53240",25-34
CUST78381364,Julia Ochoa,Other,28,"Therapist, music",Married,"Madelinebury, Ohio, 84295",25-34
CUST52210185,Michael Barnes,Other,28,"Engineer, control and instrumentation",Single,"Albertshire, Minnesota, 00629",25-34
CUST06705323,Emma Murphy,Male,28,"Engineer, agricultural",Divorced,"New Patrickfurt, Virginia, 76272",25-34
CUST64434702,Thomas Davis,Other,28,Communications engineer,Single,"Mosleyborough, Maryland, 02447",25-34
CUST87226319,Stacy Lee,Male,28,"Optician, dispensing",Widowed,"Schaeferland, West Virginia, 31903",25-34
CUST71519906,Travis Taylor,Male,28,Health and safety adviser,Married,"Meganside, California, 78425",25-34
CUST58378011,Tommy Larson,Other,28,Dance movement psychotherapist,Single,"Jerryport, Florida, 32937",25-34
CUST17612389,Benjamin White,Male,28,English as a foreign language teacher,Divorced,"Wongberg, New York, 04449",25-34
CUST34385565,James Henderson,Female,28,Animator,Married,"South Carl, Michigan, 70183",25-34
CUST10054544,Linda Austin MD,Female,28,Ergonomist,Widowed,"Kimtown, Kentucky, 21049",25-34
CUST33673198,Heather Wells,Female,28,Immunologist,Single,"Austintown, Arizona, 66080",25-34
CUST90972821,Douglas Williams,Female,28,"Programmer, applications",Married,"North Christopherside, Alabama, 29406",25-34
CUST07400136,Jeremy Hickman,Other,28,Sports development officer,Single,"Georgetown, Virginia, 08602",25-34
CUST98006518,Christopher Washington,Male,28,Sub,Single,"East Matthewhaven, Michigan, 49373",25-34
CUST45336968,Crystal Harrison,Male,28,Stage manager,Single,"Hintonmouth, Mississippi, 18831",25-34
CUST39892656,Felicia Walker,Other,28,Accounting technician,Divorced,"New Bethmouth, Michigan, 49733",25-34
CUST78772673,Jeffrey Brock,Female,28,Product manager,Widowed,"Port Anthonyburgh, New Hampshire, 48907",25-34
CUST59932988,Jennifer Lambert,Female,28,Press photographer,Single,"Port Christopher, Arkansas, 74007",25-34
CUST37223429,Jesus Young,Male,28,Legal secretary,Widowed,"Lisatown, Texas, 17944",25-34
CUST04555144,Karen Mitchell,Female,28,"Designer, fashion/clothing",Married,"Walkerhaven, Florida, 88527",25-34
CUST80484391,Colleen Baker,Male,28,"Investment banker, corporate",Married,"North Erin, Hawaii, 13616",25-34
CUST58361697,John Carr,Female,28,Horticultural therapist,Divorced,"Lake Joshua, Massachusetts, 93643",25-34
CUST33904147,James Stevens,Male,28,Building services engineer,Divorced,"Wadetown, Kentucky, 14917",25-34
CUST88861172,Tyler Roberts,Other,28,"Scientist, research (maths)",Married,"Julieville, New Mexico, 71965",25-34
CUST46217498,Kimberly Brown,Female,28,Paediatric nurse,Single,"Sherriland, Iowa, 07768",25-34
CUST99368564,Michael Wilson,Male,28,Meteorologist,Divorced,"Lake Erinberg, Massachusetts, 77710",25-34
CUST63850923,Brandon Sellers,Other,28,Hospital pharmacist,Widowed,"Davidtown, New Mexico, 94262",25-34
CUST08216494,Ryan Anderson,Female,28,Analytical chemist,Widowed,"Cohenfurt, Virginia, 52945",25-34
CUST05146543,Alexandra Hall,Female,28,Field trials officer,Married,"East Tammy, Indiana, 14724",25-34
CUST30962816,Jamie Jones,Male,28,"Surveyor, building control",Widowed,"Curryborough, New Mexico, 83218",25-34
CUST04170108,Jackie Lopez,Female,28,Newspaper journalist,Single,"South Darrenville, Oklahoma, 24177",25-34
CUST71857951,Heather Hernandez,Male,28,"Engineer, structural",Single,"South Thomasfort, Iowa, 41779",25-34
CUST93074291,Daniel Simpson,Female,28,Aeronautical engineer,Widowed,"Lopezfurt, Oregon, 66329",25-34
CUST13689205,Melody Thompson,Male,28,Theme park manager,Widowed,"Elizabethtown, Missouri, 12266",25-34
CUST49261866,Scott Diaz,Other,28,"Designer, interior/spatial",Divorced,"Zacharyland, Oklahoma, 99403",25-34
CUST59282032,Mary Drake,Other,28,Barrister's clerk,Single,"North Carmen, Maine, 67138",25-34
CUST78157907,Frank Keller,Other,28,Medical physicist,Divorced,"Clarkmouth, Virginia, 24189",25-34
CUST97084481,Casey Alexander,Female,28,"Designer, furniture",Divorced,"Joeltown, Alabama, 53439",25-34
CUST90010071,Deborah Martinez,Other,28,"Therapist, art",Widowed,"North Shane, Arkansas, 08947",25-34
CUST36554150,Kristi Pierce,Other,28,"Conservator, furniture",Single,"North Richard, Florida, 34488",25-34
CUST25385376,Lisa Holland,Other,28,"Sound technician, broadcasting/film/video",Single,"Turnershire, Florida, 61651",25-34
CUST94168956,Samuel White,Other,28,Clothing/textile technologist,Widowed,"Donnamouth, New Hampshire, 64542",25-34
CUST04625096,Tiffany Gilbert,Male,28,"Teacher, English as a foreign language",Single,"North Nicoleburgh, New Jersey, 15851",25-34
CUST76197402,Stephen Miranda,Male,28,Exhibition designer,Divorced,"Smithbury, Delaware, 58979",25-34
CUST48911938,Adam Gray,Female,28,"Engineer, site",Widowed,"Mariahfurt, South Carolina, 35936",25-34
CUST07379731,Derrick Vargas,Female,28,Heritage manager,Divorced,"West Hannah, Texas, 67063",25-34
CUST25430988,Kelly Thomas,Male,28,Mechanical engineer,Widowed,"North Sherriberg, New Mexico, 49303",25-34
CUST34809863,Daniel Lindsey,Male,28,Air cabin crew,Divorced,"Rodriguezview, Utah, 81724",25-34
CUST04086033,Melanie Cochran,Male,28,"Embryologist, clinical",Single,"East Jamesfurt, Texas, 21549",25-34
CUST73787900,Cynthia Edwards,Male,28,"Designer, graphic",Married,"Williamsonborough, Louisiana, 64714",25-34
CUST47146794,David Dennis,Female,28,"Producer, radio",Widowed,"West Mike, Iowa, 03868",25-34
CUST87023565,Rachel Alexander,Male,28,Archivist,Single,"Westton, Pennsylvania, 58902",25-34
CUST33692337,Linda Smith,Female,28,Field seismologist,Single,"Lake Ashley, North Dakota, 99765",25-34
CUST15087891,Casey Lee,Other,28,"Therapist, drama",Widowed,"Nathanielchester, Oregon, 30542",25-34
CUST79764095,Jessica Hill,Male,28,Secondary school teacher,Married,"Port Marcus, Tennessee, 09036",25-34
CUST41499625,Brady Hull,Male,28,"Research officer, trade union",Divorced,"Port Stevetown, California, 16610",25-34
CUST18563939,Tracy Lopez,Male,28,"Scientist, audiological",Divorced,"Albertfurt, Florida, 63035",25-34
CUST46955608,Bruce Mendez,Male,28,Drilling engineer,Divorced,"Maysbury, Pennsylvania, 69108",25-34
CUST63928747,Brandon Nguyen,Male,28,"Conservator, museum/gallery",Widowed,"East Kristin, Indiana, 51283",25-34
CUST58583093,Todd Solis,Other,28,Fitness centre manager,Widowed,"Williamland, Alaska, 40802",25-34
CUST43675849,Heather Parrish,Male,28,Editorial assistant,Married,"South Alexandra, Hawaii, 15432",25-34
CUST97872637,Jessica Crawford,Female,28,"Psychologist, clinical",Divorced,"West Ashlee, Texas, 52782",25-34
CUST85928680,Angela Mendez,Other,28,Jewellery designer,Divorced,"North Robert, New Jersey, 76078",25-34
CUST76990350,Benjamin Parker,Other,28,"Development worker, community",Married,"South Sarah, Kansas, 87842",25-34
CUST98568437,Kristy Davila,Female,28,Broadcast engineer,Married,"Rickytown, Idaho, 84650",25-34
CUST44574821,Isaac Hurst MD,Other,28,Broadcast journalist,Single,"West Lisa, South Carolina, 79082",25-34
CUST96709554,Paul Kaiser,Male,28,Health physicist,Married,"Mossfurt, New Jersey, 60032",25-34
CUST95988340,Laura Morales,Female,28,Mudlogger,Divorced,"Markmouth, Pennsylvania, 18891",25-34
CUST10203071,Kayla Jones,Female,28,Merchant navy officer,Single,"South Ryanton, Indiana, 49795",25-34
CUST00163744,Jesse Palmer,Female,28,"Engineer, maintenance (IT)",Widowed,"Colemanfurt, Nebraska, 25685",25-34
CUST53281509,Ashley Sharp,Male,28,Patent attorney,Single,"North Joanne, Florida, 01673",25-34
CUST40782869,Sarah Jacobson,Other,27,Theme park manager,Single,"Rileymouth, New York, 87040",25-34
CUST70030309,Kathy Santana,Female,27,Retail buyer,Married,"New Christopherhaven, Wisconsin, 79162",25-34
CUST24920399,Rachel Holmes,Male,27,"Programmer, multimedia",Divorced,"Port Rachel, Oklahoma, 20531",25-34
CUST31962963,Andrea Thompson,Other,27,Facilities manager,Widowed,"South Patrick, Alabama, 57623",25-34
CUST82696043,Manuel Walsh,Other,27,"Secretary, company",Single,"New Robert, Alabama, 48530",25-34
CUST75208784,Tammy Underwood,Male,27,Environmental manager,Married,"Port Marymouth, Michigan, 79723",25-34
CUST08493059,Dalton Cox,Other,27,Editorial assistant,Married,"Lindabury, Maryland, 25927",25-34
CUST59630968,Gregory Castillo,Male,27,Landscape architect,Divorced,"Marcusport, South Dakota, 53582",25-34
CUST12048374,Christina Stanley,Male,27,Merchant navy officer,Divorced,"Onealstad, North Dakota, 78720",25-34
CUST60130955,Richard Mendez,Female,27,Microbiologist,Divorced,"Thompsonchester, Maine, 26093",25-34
CUST54256562,Martha Ramirez,Other,27,Soil scientist,Widowed,"West Jasonborough, Missouri, 65169",25-34
CUST38032932,Ashley Wright,Female,27,Housing manager/officer,Married,"West Craig, Missouri, 55476",25-34
CUST03535141,Linda Johnson,Male,27,Outdoor activities/education manager,Divorced,"Lake Nathanmouth, Vermont, 37815",25-34
CUST87543401,Sandra Rodriguez,Other,27,Public relations account executive,Divorced,"Schneiderbury, Hawaii, 19316",25-34
CUST78895527,Maxwell Aguirre MD,Female,27,"Accountant, chartered certified",Married,"West Angela, South Carolina, 37256",25-34
CUST10684171,Morgan Flynn,Other,27,"Surveyor, rural practice",Married,"Adambury, New Jersey, 22020",25-34
CUST72216292,Matthew Mitchell,Male,27,Biomedical engineer,Widowed,"West Brent, Maine, 74254",25-34
CUST50809150,Benjamin Harris,Female,27,Astronomer,Married,"Warrenstad, Washington, 79807",25-34
CUST49174127,Rebecca Fuller,Male,27,Aid worker,Single,"South Andrew, Vermont, 96754",25-34
CUST39201783,Jennifer Green,Female,27,Air cabin crew,Widowed,"Francischester, North Dakota, 65403",25-34
CUST52208190,Elizabeth Hernandez DVM,Female,27,Recruitment consultant,Divorced,"Jamesbury, Oregon, 75332",25-34
CUST19737564,Amy Powell,Female,27,"Producer, television/film/video",Divorced,"Jenniferton, Oklahoma, 42467",25-34
CUST69637385,Ralph Castaneda,Other,27,Teaching laboratory technician,Married,"Tylerhaven, Maine, 06921",25-34
CUST29343676,Joseph Clark,Female,27,Corporate treasurer,Single,"East Mary, Maryland, 39033",25-34
CUST50891319,Jackie Collins,Male,27,Product/process development scientist,Divorced,"Port Rebeccahaven, West Virginia, 30733",25-34
CUST09036377,Jacob James,Female,27,Tourist information centre manager,Divorced,"West Donaldville, Minnesota, 38356",25-34
CUST93527354,Troy Harrell,Female,27,Clinical psychologist,Married,"North Brandonhaven, Illinois, 50704",25-34
CUST61153740,Timothy Stevens,Male,27,Arts development officer,Widowed,"North Suzanne, Oregon, 11821",25-34
CUST99574693,Rebecca Hatfield,Male,27,Mechanical engineer,Divorced,"Lake Hailey, South Dakota, 91622",25-34
CUST91838380,Andrew Cochran,Female,27,Aeronautical engineer,Divorced,"Brianstad, Michigan, 13450",25-34
CUST73947513,Cynthia Oconnell,Other,27,Community pharmacist,Married,"East Aaron, Maine, 73167",25-34
CUST76960209,Lauren Lopez,Other,27,Neurosurgeon,Married,"Russellmouth, Kansas, 84688",25-34
CUST88070850,Jason Newton,Other,27,Patent examiner,Divorced,"New Jessicaborough, South Carolina, 07336",25-34
CUST49100278,Paul Rivera,Male,27,"Programmer, applications",Divorced,"New Charleschester, North Dakota, 26582",25-34
CUST51740354,Jeremy Gibson,Male,27,Planning and development surveyor,Single,"Blakemouth, Minnesota, 07659",25-34
CUST41638643,Janet Reyes,Other,27,Naval architect,Widowed,"South Timothy, California, 31243",25-34
CUST59650319,Stephanie Fisher,Male,27,"Administrator, education",Divorced,"East Rebecca, Georgia, 11060",25-34
CUST88279966,Eric Ray,Other,27,Forensic scientist,Widowed,"Staceystad, South Dakota, 86104",25-34
CUST05954822,Paul Walsh,Other,27,Water engineer,Married,"Lake Maryview, Alaska, 37982",25-34
CUST68257518,Raven Jones,Female,27,Public house manager,Divorced,"Gardnerville, Hawaii, 64124",25-34
CUST59348600,Michael Martinez,Female,27,Building control surveyor,Divorced,"East Johnview, Wyoming, 62082",25-34
CUST30937953,Christopher Roberts,Male,27,Air traffic controller,Single,"Martinhaven, North Dakota, 23435",25-34
CUST15980899,Kerry Wright,Female,27,Merchant navy officer,Married,"South Kellichester, New Mexico, 71191",25-34
CUST65760842,Jessica Phillips,Male,27,Cabin crew,Widowed,"South Amanda, California, 02080",25-34
CUST89278891,Jerry Henderson,Female,27,"Research officer, trade union",Married,"Smithhaven, West Virginia, 29231",25-34
CUST40281146,Brandon Martinez,Female,27,Catering manager,Widowed,"Danielchester, Missouri, 94789",25-34
CUST80620284,Anthony Griffin,Female,27,Site engineer,Single,"Lake Sheri, Utah, 81047",25-34
CUST03409387,Aaron Bean,Other,27,"Radiographer, therapeutic",Widowed,"Luiston, Louisiana, 71334",25-34
CUST96215040,Anthony Sanchez,Other,27,Landscape architect,Single,"Nelsonmouth, Connecticut, 15364",25-34
CUST09948159,Tony Reed,Other,27,Public affairs consultant,Widowed,"Aguilarberg, Minnesota, 29397",25-34
CUST39586417,Darren Nash,Other,27,Archaeologist,Divorced,"Smithville, Washington, 88070",25-34
CUST99682254,Jennifer Schwartz,Female,27,"Nurse, mental health",Single,"Baxterstad, Delaware, 72215",25-34
CUST41171867,Jason Brown,Other,27,"Psychologist, occupational",Married,"West Heather, New Mexico, 69927",25-34
CUST23936480,Luis Pierce,Other,27,Exhibition designer,Single,"Lake Brianville, Virginia, 04328",25-34
CUST07899216,Thomas Pratt,Other,27,"Nurse, children's",Single,"Lake Loriburgh, South Carolina, 56101",25-34
CUST23067628,Chase Smith,Female,27,"Surveyor, quantity",Widowed,"North Destiny, Washington, 85444",25-34
CUST08627957,Manuel Brown,Male,27,Retail banker,Widowed,"Lisamouth, Utah, 04417",25-34
CUST60176426,Amy Mills,Female,27,"Solicitor, Scotland",Divorced,"North Lindsay, West Virginia, 89519",25-34
CUST49589480,Javier Young,Male,27,Water engineer,Widowed,"Port Michellehaven, Michigan, 56799",25-34
CUST19900410,George Simmons,Other,27,"Nurse, adult",Divorced,"Clarkfort, Alabama, 58355",25-34
CUST97783571,Elizabeth Obrien,Other,27,Advertising account planner,Single,"Brownburgh, Montana, 92177",25-34
CUST89603721,Nicole Ford,Male,27,Architect,Divorced,"Karenchester, Texas, 69191",25-34
CUST34020568,Shannon Mitchell,Male,27,Geoscientist,Widowed,"Port Karashire, Alaska, 89447",25-34
CUST44011114,Brittany Conner,Male,27,"Pharmacist, community",Single,"Port Stevenside, Nebraska, 03147",25-34
CUST22920840,David Brown,Other,27,"Sound technician, broadcasting/film/video",Single,"West Angelastad, Vermont, 93201",25-34
CUST57346076,Emily Griffith,Other,27,"Programmer, systems",Divorced,"Manningland, Maine, 46370",25-34
CUST29542458,Jennifer Livingston,Female,27,"Restaurant manager, fast food",Single,"Keithton, Rhode Island, 93300",25-34
CUST76716233,Rebecca Owen,Other,27,Exercise physiologist,Widowed,"South Ethan, Vermont, 21574",25-34
CUST40026003,Billy Ruiz,Female,27,"Nurse, mental health",Single,"North Meghanbury, Connecticut, 77438",25-34
CUST56346440,Anthony Gates,Female,27,"Surveyor, land/geomatics",Married,"Hansonhaven, Missouri, 01167",25-34
CUST95268122,Jeremy Russell,Other,27,Industrial buyer,Widowed,"Schroedermouth, Kentucky, 52769",25-34
CUST93468923,Melanie Bennett,Female,27,Land/geomatics surveyor,Single,"Hineston, Florida, 99531",25-34
CUST20284069,Jody Dixon,Other,27,Research scientist (life sciences),Widowed,"Port Jorgeberg, Connecticut, 09427",25-34
CUST13923788,Seth Bryant,Male,27,"Therapist, drama",Married,"Matthewport, Rhode Island, 13810",25-34
CUST21650393,Christine Foster,Male,27,Associate Professor,Married,"Sharistad, Alaska, 15055",25-34
CUST82090464,Amanda Brown,Female,27,Aid worker,Divorced,"Websterberg, Vermont, 30186",25-34
CUST80947233,Ann Scott,Other,27,"Scientist, research (life sciences)",Single,"South Rachel, Colorado, 05547",25-34
CUST10455345,Tiffany Smith,Other,27,Television/film/video producer,Divorced,"Port Brian, Michigan, 79363",25-34
CUST45193864,Daniel Ross,Other,27,Administrator,Widowed,"West Chad, Washington, 44265",25-34
CUST24079126,Kim Chandler,Other,27,"Administrator, local government",Single,"Hartbury, Alabama, 65500",25-34
CUST37983734,Kevin Gonzalez,Female,27,Meteorologist,Divorced,"South Jenniferland, New Hampshire, 67912",25-34
CUST47220106,Henry Wright,Male,26,Merchant navy officer,Widowed,"South Rickychester, Washington, 42531",25-34
CUST92395712,Sharon Castillo MD,Other,26,Product designer,Single,"West Sarah, West Virginia, 25003",25-34
CUST76889885,Andrea Griffin,Male,26,"Production designer, theatre/television/film",Single,"New Courtney, North Carolina, 38401",25-34
CUST53857349,Adam Fields,Female,26,Arts development officer,Married,"North Danielleberg, Wyoming, 18962",25-34
CUST57858762,Breanna Liu,Female,26,Further education lecturer,Married,"Kramerberg, West Virginia, 81268",25-34
CUST07448310,Wanda Hall,Other,26,Aeronautical engineer,Widowed,"Ericfort, California, 13554",25-34
CUST36016837,Martin Stout,Male,26,Oncologist,Widowed,"South Jesuschester, Oregon, 61452",25-34
CUST14823336,Thomas Torres,Other,26,"Engineer, automotive",Widowed,"New Shannonchester, Texas, 62532",25-34
CUST82378527,Gina Green,Other,26,Geophysicist/field seismologist,Divorced,"Lake Michellefurt, Minnesota, 01214",25-34
CUST32332586,Jeremy Russo,Other,26,Physiological scientist,Widowed,"South Danielmouth, Kentucky, 22322",25-34
CUST01155477,Natalie Williams,Male,26,Clinical cytogeneticist,Divorced,"South Heather, Wyoming, 99734",25-34
CUST87889630,Miguel Burns,Female,26,"Loss adjuster, chartered",Widowed,"Jacobshire, Oregon, 63807",25-34
CUST18765344,Derek Khan,Other,26,Holiday representative,Divorced,"Greenestad, Kansas, 83320",25-34
CUST20617837,Catherine Jensen,Male,26,"Accountant, chartered management",Married,"Stephanieton, Delaware, 50322",25-34
CUST47117991,Tamara Barnett,Other,26,Medical sales representative,Widowed,"Jamieland, Minnesota, 81755",25-34
CUST27332701,Gloria Morton,Male,26,Airline pilot,Divorced,"Port Meghan, Maine, 55616",25-34
CUST34666419,Kimberly Lawson,Male,26,Automotive engineer,Single,"Robertberg, Virginia, 32732",25-34
CUST13190567,Robert Perry,Male,26,Network engineer,Widowed,"Lambertton, Wyoming, 32214",25-34
CUST17128189,Carol Lane,Female,26,Advertising account executive,Widowed,"Chelseamouth, Florida, 10775",25-34
CUST22227034,Richard Price,Female,26,"Pilot, airline",Divorced,"Sandraton, New York, 18208",25-34
CUST29766156,Lauren Ferguson,Other,26,Health physicist,Married,"New Brian, Arizona, 97526",25-34
CUST66262326,Richard Morse,Other,26,Geographical information systems officer,Widowed,"Martinezchester, Arizona, 12395",25-34
CUST28037030,Carolyn George,Other,26,Records manager,Married,"Lake David, Nevada, 45788",25-34
CUST71162559,Joseph Randolph,Male,26,"Programme researcher, broadcasting/film/video",Married,"Lake Jessicamouth, Nevada, 77299",25-34
CUST19175258,John Gonzales,Other,26,Music therapist,Married,"New John, Indiana, 61470",25-34
CUST81677510,Lisa Burton,Other,26,Statistician,Divorced,"West Kari, West Virginia, 13515",25-34
CUST29255794,Matthew Anderson,Female,26,Dancer,Married,"North Timothy, New Jersey, 95418",25-34
CUST12032876,Amanda Solomon,Female,26,"Clinical scientist, histocompatibility and immunogenetics",Single,"Millsfort, Pennsylvania, 88484",25-34
CUST93110612,Nicole Roberts,Other,26,Artist,Divorced,"Leachhaven, Massachusetts, 36207",25-34
CUST05254424,Olivia Brooks,Other,26,Fashion designer,Widowed,"Valerietown, Wyoming, 27383",25-34
CUST44252702,Jason Francis,Male,26,Chief Technology Officer,Single,"West Leonardtown, New York, 28089",25-34
CUST59238532,Curtis Miller,Male,26,Sales promotion account executive,Married,"East Carmen, Illinois, 02158",25-34
CUST98627901,Edward Rhodes,Male,26,Engineering geologist,Married,"Petersonfurt, West Virginia, 55036",25-34
CUST33829695,Erik Thomas,Other,26,Bookseller,Married,"Stephanieville, Rhode Island, 03780",25-34
CUST98453099,Steven Meyer,Other,26,Broadcast engineer,Single,"South Gerald, Texas, 92211",25-34
CUST42550834,Christopher Watson,Male,26,"Nurse, mental health",Divorced,"Lake Karenport, New Mexico, 31001",25-34
CUST57147206,Carrie Vincent,Other,26,Outdoor activities/education manager,Married,"Alanfort, Arkansas, 93629",25-34
CUST49376374,Kenneth Beltran,Other,26,Call centre manager,Divorced,"Howehaven, Texas, 04843",25-34
CUST07442199,Brooke Wright,Male,26,Theatre manager,Widowed,"Cherrymouth, Minnesota, 34897",25-34
CUST42335952,Jaime Wright,Female,26,Psychiatrist,Divorced,"Christensenshire, Connecticut, 06158",25-34
CUST61955198,Nathan Mendoza,Other,26,Control and instrumentation engineer,Divorced,"Johnnyfurt, New Hampshire, 84980",25-34
CUST02532377,Stacy Lee,Female,26,Public house manager,Divorced,"East Mallory, South Carolina, 07799",25-34
CUST30512637,Amanda Peterson,Other,26,Microbiologist,Married,"Lake Markshire, Wisconsin, 16032",25-34
CUST39886299,Dawn Armstrong,Male,26,"Designer, graphic",Divorced,"Lake Cameron, California, 62557",25-34
CUST83922513,Eugene Martin,Other,26,Broadcast journalist,Widowed,"Riveratown, California, 11307",25-34
CUST97654101,Nicholas Powell,Other,26,Passenger transport manager,Divorced,"New Cheryl, Hawaii, 90900",25-34
CUST49079642,Jacqueline Townsend,Male,26,Food technologist,Single,"Derekfort, Rhode Island, 86522",25-34
CUST91026302,Brittany Castillo,Male,26,"Surveyor, insurance",Widowed,"Dickersonbury, Indiana, 40740",25-34
CUST34341732,Jeremy Stevens,Other,26,Call centre manager,Divorced,"East Melinda, Louisiana, 81110",25-34
CUST07413594,Sheila Ross,Other,26,Armed forces technical officer,Widowed,"Angelafurt, Illinois, 04743",25-34
CUST31761859,Anthony Wood,Male,26,Ergonomist,Married,"Port Cynthiaborough, Oregon, 48680",25-34
CUST78792705,Darin Mooney,Female,26,"Teacher, secondary school",Divorced,"South Teresa, Iowa, 95815",25-34
CUST79236950,Danny Clark,Male,26,Psychiatrist,Widowed,"Chapmanberg, Idaho, 57197",25-34
CUST60571276,Kristen Jones,Male,26,"Scientist, product/process development",Married,"Sandrastad, West Virginia, 84093",25-34
CUST03351773,Heather Owens,Male,26,Race relations officer,Divorced,"Coffeyhaven, Vermont, 06572",25-34
CUST84146717,Jennifer Strong,Other,26,"Sales professional, IT",Married,"Sotohaven, Oregon, 34720",25-34
CUST80460923,Joshua Greene,Female,26,Nutritional therapist,Divorced,"Lindseymouth, Oklahoma, 56601",25-34
CUST74749138,Victoria Olson,Other,26,Passenger transport manager,Widowed,"Robertfort, Alabama, 66899",25-34
CUST34955941,Jeffrey Savage,Other,26,Outdoor activities/education manager,Divorced,"Port Kristamouth, Kentucky, 05058",25-34
CUST98710411,Randy Scott,Other,26,"Accountant, chartered public finance",Widowed,"Cynthiaberg, Maryland, 94249",25-34
CUST34425698,Kimberly Christian,Female,26,"Psychologist, forensic",Married,"Shaneview, Washington, 26147",25-34
CUST69636680,Joshua Payne,Other,26,Civil Service administrator,Widowed,"Davisstad, Kentucky, 55572",25-34
CUST00584755,Meghan Lee,Male,26,Geographical information systems officer,Single,"North Rachelview, Alaska, 74135",25-34
CUST57146043,Megan Hernandez,Other,25,Manufacturing engineer,Widowed,"Johnsonmouth, Missouri, 60647",25-34
CUST22475971,Charles Estrada,Female,25,Medical technical officer,Divorced,"Warrenview, Florida, 03450",25-34
CUST47515795,Billy Hudson,Female,25,Social worker,Divorced,"East Mariomouth, Oklahoma, 94384",25-34
CUST34452768,Billy Graham,Female,25,Licensed conveyancer,Divorced,"Port Danielmouth, Pennsylvania, 14323",25-34
CUST56389454,Jeremy Woods,Other,25,Lawyer,Divorced,"Port Micheleport, Connecticut, 45291",25-34
CUST21670322,Edward Cole,Other,25,"Engineer, drilling",Single,"Greenfort, Illinois, 59837",25-34
CUST85843138,Samuel Gray,Other,25,Biomedical scientist,Widowed,"Port Cassieton, Mississippi, 20532",25-34
CUST64486961,Elizabeth Medina,Female,25,Equality and diversity officer,Single,"South Darrellborough, New Hampshire, 38528",25-34
CUST38431270,Christopher Sandoval,Male,25,Television camera operator,Married,"Scottshire, Colorado, 41264",25-34
CUST71971429,Kevin Lopez,Other,25,Commercial/residential surveyor,Married,"South Joseph, Ohio, 78089",25-34
CUST38649810,Jesus Bean,Male,25,"Designer, blown glass/stained glass",Widowed,"Kimberlyville, Maryland, 41384",25-34
CUST64207063,Stephanie Jones,Other,25,"Teacher, special educational needs",Divorced,"West Sherri, Hawaii, 80780",25-34
CUST57508453,Doris Davis,Female,25,Advertising art director,Single,"Hillton, Virginia, 33411",25-34
CUST24463070,Bradley Neal,Other,25,Pension scheme manager,Widowed,"West Theresa, New York, 06067",25-34
CUST08620277,Erika Williams,Other,25,IT trainer,Divorced,"North Vanessafort, Missouri, 76179",25-34
CUST23770178,Krystal Garcia,Male,25,Psychiatric nurse,Widowed,"Bellchester, Arkansas, 06231",25-34
CUST23587687,Kristy Hess,Other,25,"Psychologist, forensic",Married,"East Jonathanfort, Wyoming, 67104",25-34
CUST21270152,Nancy Williams,Male,25,Minerals surveyor,Single,"Joannland, Alabama, 41626",25-34
CUST82999951,Mrs. Ashley Holland,Female,25,Commercial art gallery manager,Married,"Burgessberg, North Dakota, 94408",25-34
CUST81522179,Daniel Rodriguez,Male,25,Multimedia specialist,Widowed,"Barryfort, Kentucky, 92149",25-34
CUST21029932,Anthony Atkinson,Male,25,"Secretary, company",Single,"Kimberlymouth, Maine, 15528",25-34
CUST89622514,Christopher Anderson,Female,25,Theatre director,Married,"West Lisa, Louisiana, 95311",25-34
CUST97232751,Mark Flynn,Female,25,Soil scientist,Single,"South Erinburgh, Kentucky, 46924",25-34
CUST59752065,Kathy Ward,Other,25,Restaurant manager,Widowed,"Davisland, Utah, 87617",25-34
CUST69530630,Cheryl Reyes,Male,25,"Therapist, occupational",Widowed,"Kimberlyside, North Carolina, 16188",25-34
CUST09846051,Kristy Drake,Other,25,Aid worker,Widowed,"North Anthony, Idaho, 42889",25-34
CUST65686409,Steven Nixon,Other,25,Systems analyst,Married,"Alisonborough, New Jersey, 97271",25-34
CUST12400861,Jennifer Harvey,Male,25,Armed forces training and education officer,Widowed,"Danielleport, Nevada, 65611",25-34
CUST42048042,George Murphy,Female,25,Armed forces logistics/support/administrative officer,Single,"Terrifurt, Nebraska, 59542",25-34
CUST43474845,Cassandra Jackson,Other,25,Armed forces technical officer,Single,"Lake Nicole, Minnesota, 51090",25-34
CUST12777952,Mitchell White,Other,25,Water engineer,Married,"Port Joshuaberg, North Dakota, 88545",25-34
CUST09191986,Alexandra Wilson,Other,25,"Runner, broadcasting/film/video",Single,"Contrerasburgh, Missouri, 48315",25-34
CUST21853719,Jon Cannon,Female,25,Water quality scientist,Widowed,"Ashleyton, Minnesota, 90366",25-34
CUST96327064,Brandi Lopez,Male,25,Systems developer,Single,"Amandaborough, Maine, 72718",25-34
CUST80341849,Daniel Warner,Other,25,Clinical cytogeneticist,Single,"Allentown, Maine, 53610",25-34
CUST16617729,Megan Wilkins,Other,25,"Presenter, broadcasting",Single,"Scottberg, Maine, 88152",25-34
CUST84693284,Amber Ramos,Male,25,Biomedical engineer,Single,"Port Jeffreybury, Pennsylvania, 15987",25-34
CUST69865534,Roy Smith,Male,25,Orthoptist,Widowed,"Ortiztown, North Dakota, 71875",25-34
CUST00900820,Kelly Petty,Female,25,Patent attorney,Married,"South Ashley, Virginia, 94943",25-34
CUST07265929,George Jackson,Other,25,Holiday representative,Single,"North Angela, Kansas, 03298",25-34
CUST55740087,Gregory Hernandez,Female,25,Water quality scientist,Widowed,"Tonyville, North Carolina, 48276",25-34
CUST20569770,William Holmes,Male,25,Ophthalmologist,Married,"Parkerport, Rhode Island, 26583",25-34
CUST45786640,Adam Sexton,Female,25,Corporate investment banker,Widowed,"Briantown, Connecticut, 65739",25-34
CUST06384819,Patricia Fitzgerald,Other,25,Visual merchandiser,Divorced,"Nancymouth, Michigan, 49168",25-34
CUST99001820,Brandon Price,Female,25,Higher education careers adviser,Married,"East Robert, Rhode Island, 22500",25-34
CUST29123454,Ryan Guzman,Male,25,"Surveyor, land/geomatics",Widowed,"New William, Ohio, 51090",25-34
CUST40187120,Ebony Johnson,Male,25,Industrial buyer,Widowed,"Jensentown, Louisiana, 06294",25-34
CUST87238120,Timothy Salazar Jr.,Female,25,Counselling psychologist,Divorced,"North Valerie, Ohio, 31193",25-34
CUST10059686,Kevin Mendoza,Other,25,Proofreader,Divorced,"Maynardport, Oregon, 12035",25-34
CUST17382241,Holly Padilla,Male,25,Educational psychologist,Married,"Harveystad, Ohio, 37301",25-34
CUST89565074,Yvette Forbes,Female,25,Commercial art gallery manager,Divorced,"South Lori, New Mexico, 96250",25-34
CUST30763587,Dr. Kevin Thomas,Female,25,Theatre manager,Widowed,"Phillipsbury, Arkansas, 47254",25-34
CUST63404306,Janet Lester DVM,Male,25,"Programmer, multimedia",Married,"East Thomas, Kentucky, 27858",25-34
CUST30959100,Lisa Smith,Male,25,Occupational hygienist,Widowed,"Rivasfurt, Utah, 64534",25-34
CUST60031192,Brittany Morgan,Male,25,"Embryologist, clinical",Married,"Morenoborough, West Virginia, 05713",25-34
CUST62739813,Seth Johnson,Other,25,"Designer, interior/spatial",Divorced,"Medinamouth, Nevada, 56862",25-34
CUST22251191,Nicholas Martinez,Male,25,"Psychologist, occupational",Single,"New Desiree, Oregon, 82313",25-34
CUST79022165,Linda Fletcher,Female,25,Trade union research officer,Widowed,"South Angelaberg, Ohio, 11265",25-34
CUST07515760,Kenneth Perez,Male,25,"Psychotherapist, dance movement",Single,"Port Michaelville, Oklahoma, 78048",25-34
CUST02032066,Dawn Bartlett,Female,25,Prison officer,Single,"East Daniel, Arkansas, 83251",25-34
CUST97466999,Julie Walker,Other,25,Biomedical scientist,Single,"Lake Rebekah, Connecticut, 87599",25-34
CUST97733557,Daniel Garcia,Other,25,Intelligence analyst,Single,"West Sarahland, Alaska, 04621",25-34
CUST17495271,Christine Quinn,Female,25,Medical sales representative,Divorced,"West Lisafort, New York, 91552",25-34
CUST73360817,Jennifer Marks,Male,25,Ceramics designer,Single,"Lake Michael, Maryland, 53008",25-34
CUST29998774,Andrew Vega,Other,25,Commercial horticulturist,Widowed,"New Kevin, Connecticut, 93972",25-34
CUST27363084,Sarah Cherry,Female,25,Make,Married,"Port Oliviamouth, New York, 58654",25-34
CUST12138999,Kelly Williams,Other,25,Agricultural consultant,Divorced,"North Courtneyview, Iowa, 53775",25-34
CUST07468344,William Wright,Female,25,Estate manager/land agent,Married,"North Carl, Connecticut, 19508",25-34
CUST90307097,Mary Howell,Male,25,Leisure centre manager,Divorced,"Lake Tammy, New York, 22138",25-34
CUST57301590,Sara Davis,Female,25,Geochemist,Divorced,"North Ashleymouth, Montana, 63347",25-34
CUST13761576,Shawn Bush,Other,25,Building surveyor,Widowed,"Huangburgh, Hawaii, 81327",25-34
CUST25673219,Joseph Martinez,Female,25,Minerals surveyor,Divorced,"New Gwendolynstad, South Carolina, 88722",25-34
CUST88974312,Michael Brown,Other,25,Food technologist,Single,"South Kimberlystad, Idaho, 63769",25-34
CUST78768706,Holly Hines,Male,25,"Designer, textile",Married,"North Reneeview, Wisconsin, 48267",25-34
CUST10343076,Elizabeth Watson,Other,25,"Solicitor, Scotland",Married,"North Meghanbury, Idaho, 40619",25-34
CUST15002948,William Ruiz,Female,25,"Engineer, electronics",Married,"Ericstad, Washington, 87977",25-34
CUST60676525,Elizabeth Scott,Other,25,Geophysicist/field seismologist,Married,"Andersonmouth, Ohio, 63737",25-34
CUST95136751,Barbara Cooper,Female,25,Environmental health practitioner,Single,"North Aaronchester, Washington, 71522",25-34
CUST71790707,Chloe Little,Male,25,Television production assistant,Married,"Port Madelinefurt, Illinois, 49071",25-34
CUST93489747,Ann Thomas,Other,25,"Teacher, early years/pre",Married,"Jeannebury, Idaho, 85327",25-34
CUST64170902,Holly Rodriguez,Female,25,Retail banker,Widowed,"Pattersonview, Colorado, 83569",25-34
CUST98348345,David Anderson,Other,25,Information officer,Married,"South Catherineburgh, Tennessee, 67315",25-34
CUST09968398,Angela Reilly,Male,25,"Surveyor, insurance",Widowed,"West Thomasmouth, Georgia, 92984",25-34
CUST02350229,Brandi Simmons,Other,25,Nutritional therapist,Married,"South Meghan, Kentucky, 02388",25-34
CUST26217841,Mrs. Leslie Vargas,Female,25,Pathologist,Single,"Gibsonside, South Dakota, 06508",25-34
CUST61232802,Kathryn Turner,Male,25,Theatre manager,Divorced,"Stevenburgh, Illinois, 99423",25-34
CUST32352924,Ronald Bell,Male,25,Camera operator,Divorced,"South Emily, Alaska, 91963",25-34
CUST39692323,Tina Walter,Male,25,Intelligence analyst,Widowed,"Elizabethburgh, Nebraska, 42818",25-34
CUST86068304,Jessica Howard,Female,24,Bonds trader,Single,"New Shannonborough, Delaware, 65655",18-24
CUST97526474,Tracy Sanders,Female,24,Environmental consultant,Single,"Leeville, Rhode Island, 11723",18-24
CUST54360382,Catherine Martinez,Female,24,Leisure centre manager,Single,"North Robert, Arkansas, 92099",18-24
CUST38035904,Melissa Wells,Male,24,Sales executive,Widowed,"Harrisonmouth, Oklahoma, 45041",18-24
CUST65104226,Reginald Jenkins,Other,24,Product manager,Single,"New Richardmouth, Iowa, 56794",18-24
CUST06925714,John Munoz,Male,24,Horticultural consultant,Widowed,"Murphyport, Texas, 12124",18-24
CUST27977781,Joseph Grant,Other,24,Leisure centre manager,Widowed,"East Aaronmouth, Wisconsin, 44768",18-24
CUST65201495,Kristine Hart,Male,24,Catering manager,Widowed,"Michaelberg, New Jersey, 49079",18-24
CUST71179981,Heather Garza,Other,24,Charity fundraiser,Single,"East Danielfort, Virginia, 86261",18-24
CUST21926121,Roberto Rhodes,Female,24,"Optician, dispensing",Single,"Mcmahonberg, Alabama, 69295",18-24
CUST43819647,Holly Kirby,Male,24,Oceanographer,Single,"Lisachester, Texas, 34731",18-24
CUST93559926,Nancy Hess,Other,24,Chief Strategy Officer,Single,"Shawnville, Florida, 40307",18-24
CUST53626958,Thomas Lang,Male,24,"Engineer, chemical",Single,"North Kevin, Wyoming, 81143",18-24
CUST54127030,Amy Torres,Other,24,"Designer, television/film set",Single,"New Jillfort, South Carolina, 11188",18-24
CUST96951275,Mark Lucas,Female,24,Chemical engineer,Widowed,"Samanthabury, Idaho, 57646",18-24
CUST05573540,Kyle Price,Female,24,Press photographer,Divorced,"Millerport, California, 15671",18-24
CUST96251665,Lisa Snyder,Female,24,Regulatory affairs officer,Widowed,"Lake Jeremy, Arkansas, 13299",18-24
CUST65548125,Wanda Tyler,Female,24,Public librarian,Widowed,"Roblesfurt, Kentucky, 54208",18-24
CUST04000203,David Morris,Other,24,Psychotherapist,Divorced,"New Stevenport, Connecticut, 02106",18-24
CUST26337225,Tiffany Bradley,Female,24,Animal nutritionist,Widowed,"South Tonyafort, South Dakota, 22562",18-24
CUST77936094,Jordan Castro,Female,24,Magazine features editor,Divorced,"Ashleyfort, Alaska, 10805",18-24
CUST55542041,Jonathan Castaneda,Male,24,Art gallery manager,Married,"Donnaberg, Delaware, 13896",18-24
CUST17011157,Brian Garcia,Female,24,Special effects artist,Married,"New Cynthiamouth, Virginia, 33237",18-24
CUST35923084,Brian Garcia,Male,24,"Librarian, academic",Widowed,"Murphytown, Georgia, 28270",18-24
CUST19277490,Ashley Stokes,Female,24,Recruitment consultant,Married,"New Jonathonport, Hawaii, 15787",18-24
CUST69351265,Jerry Young,Other,24,"Teacher, special educational needs",Divorced,"East Lindsey, Alabama, 74584",18-24
CUST05890581,Mary Mendoza,Male,24,Data scientist,Widowed,"West Williamville, Idaho, 63111",18-24
CUST20923093,Crystal Miller,Male,24,"Sound technician, broadcasting/film/video",Divorced,"New Eric, South Dakota, 29468",18-24
CUST40987292,Maureen Robinson,Female,24,Environmental health practitioner,Widowed,"Lake James, New Mexico, 79802",18-24
CUST18172080,Kimberly Hodges,Female,24,Sport and exercise psychologist,Single,"Randolphfort, Wisconsin, 90165",18-24
CUST18874246,Crystal Anthony,Female,24,Drilling engineer,Single,"Charlesshire, Delaware, 38863",18-24
CUST89320263,Shelby Turner,Male,24,"Doctor, general practice",Divorced,"Moralesberg, Wyoming, 10386",18-24
CUST46133992,Jessica Gray,Male,24,English as a second language teacher,Divorced,"Port Melissamouth, Hawaii, 84332",18-24
CUST06140505,Alexa Matthews,Male,24,Commercial art gallery manager,Single,"Connorfurt, New Jersey, 76532",18-24
CUST92194699,Felicia Cooke,Other,24,Advice worker,Divorced,"North Amy, New Mexico, 21003",18-24
CUST04924479,Willie Clark,Male,24,Animator,Married,"West Brandi, Nevada, 22425",18-24
CUST51779748,Chase Mitchell,Other,24,"Geologist, engineering",Single,"West Michael, Ohio, 45708",18-24
CUST41660600,Michael Johnson,Female,24,Environmental consultant,Widowed,"South Luisberg, Minnesota, 36861",18-24
CUST71216300,Philip Salazar,Other,24,Theatre director,Single,"Port Devon, Rhode Island, 41100",18-24
CUST68477005,Holly Schultz,Female,24,"Nurse, adult",Widowed,"West Lynntown, Ohio, 90242",18-24
CUST06392747,Melissa Hughes,Male,24,Animator,Divorced,"Port Patriciaberg, New York, 21062",18-24
CUST58397879,Anthony Ellis,Other,24,Computer games developer,Widowed,"Martinezshire, Indiana, 35985",18-24
CUST15511549,Jill Hale,Other,24,Sports development officer,Divorced,"Colonhaven, Connecticut, 87054",18-24
CUST72879222,Heather Nguyen,Male,24,Colour technologist,Divorced,"Dylanberg, Georgia, 60252",18-24
CUST95105858,Anthony Walsh,Male,24,Textile designer,Married,"Sanfordstad, Georgia, 70897",18-24
CUST54318231,Mrs. Donna Cunningham,Female,24,"Teacher, music",Single,"Cruzshire, Pennsylvania, 50763",18-24
CUST77367814,Barbara Williams,Female,24,Ceramics designer,Divorced,"West Carlside, Virginia, 18042",18-24
CUST61057737,Kristina Bell,Other,24,Data scientist,Divorced,"Burnettshire, Maryland, 79942",18-24
CUST53675259,Eric Anderson,Other,24,Research scientist (maths),Widowed,"Port Donna, Oklahoma, 91210",18-24
CUST50549264,Mrs. Kelly Parker,Male,24,Pensions consultant,Married,"Campbellchester, Missouri, 86748",18-24
CUST05013566,Dana Cordova,Female,24,Community pharmacist,Married,"South James, New York, 25128",18-24
CUST74889507,Dana Daniel,Other,24,Marketing executive,Married,"Reedshire, Rhode Island, 34549",18-24
CUST75015193,John Aguilar,Male,24,Industrial buyer,Single,"South Victoriamouth, Tennessee, 04947",18-24
CUST21864148,Diane Pennington,Male,24,"Investment banker, corporate",Single,"Gailville, Pennsylvania, 76015",18-24
CUST64134005,Kenneth Gutierrez,Female,24,"Sound technician, broadcasting/film/video",Single,"Baileyview, South Dakota, 17162",18-24
CUST97839593,Samuel Mccarthy,Female,24,"Education officer, community",Single,"Martinezstad, Missouri, 61468",18-24
CUST59843637,Jose Graham,Male,24,Lobbyist,Divorced,"South Aaron, Wyoming, 02305",18-24
CUST33662644,David Johnson,Other,24,Risk analyst,Widowed,"New Debbiehaven, Texas, 39534",18-24
CUST54301146,Daniel Delgado,Other,23,"Research officer, trade union",Single,"Payneland, Kentucky, 18516",18-24
CUST39514860,Charles Wolf,Female,23,Statistician,Divorced,"New Janet, Rhode Island, 15540",18-24
CUST21955381,Lisa Jackson,Other,23,"Optician, dispensing",Married,"Lake Stephanieland, Idaho, 51662",18-24
CUST03213830,Patrick Mills,Male,23,Ergonomist,Divorced,"East Denise, Connecticut, 15792",18-24
CUST67999059,Tina Martin,Other,23,"Engineer, technical sales",Married,"Port Amyville, North Dakota, 29023",18-24
CUST76124613,Catherine Harrell,Male,23,Writer,Single,"Lake Jonathanborough, California, 81310",18-24
CUST75164246,Maurice Lawrence,Male,23,"Surveyor, land/geomatics",Divorced,"North Tiffany, Michigan, 54902",18-24
CUST78421127,Kevin Lynch,Male,23,Advertising account executive,Widowed,"Coreyton, Nevada, 04944",18-24
CUST06363360,Timothy Lopez,Female,23,Adult nurse,Widowed,"North Christopherstad, Rhode Island, 95163",18-24
CUST81702042,Kimberly Schwartz,Female,23,Licensed conveyancer,Widowed,"North Janet, Virginia, 98809",18-24
CUST84918429,April Richards,Other,23,Bonds trader,Widowed,"East Johnborough, Michigan, 53844",18-24
CUST71838554,Michael Roberts,Female,23,Advertising art director,Married,"Port Andrew, Alaska, 44449",18-24
CUST94687217,Jessica Wilson,Female,23,Furniture designer,Widowed,"East Carly, Idaho, 05402",18-24
CUST16576579,Greg Stone,Female,23,"Journalist, newspaper",Divorced,"Lake Julie, North Carolina, 31639",18-24
CUST58492223,Mackenzie Bolton,Male,23,Travel agency manager,Divorced,"South Julia, Rhode Island, 48627",18-24
CUST18608017,Mrs. Janet Barnett,Other,23,Petroleum engineer,Divorced,"Harrisonshire, Hawaii, 33231",18-24
CUST87766213,Jason Taylor,Female,23,"Administrator, sports",Single,"Lake Stacey, Utah, 53331",18-24
CUST09318482,Daniel Mcdowell,Male,23,Architect,Single,"West Renee, Nebraska, 67596",18-24
CUST58901594,Brian Jenkins,Female,23,"Horticulturist, amenity",Widowed,"Masseyborough, Alabama, 74631",18-24
CUST11459699,Mark Miller,Female,23,"Teacher, secondary school",Divorced,"Davidburgh, Missouri, 06263",18-24
CUST06409997,Heidi Kemp,Female,23,Biomedical engineer,Single,"New Drew, Maine, 30648",18-24
CUST94135201,Laura Stein,Female,23,Financial risk analyst,Single,"Joshuamouth, Virginia, 61470",18-24
CUST63242536,Brenda Moran,Other,23,Financial risk analyst,Married,"New Breannaberg, New Mexico, 66851",18-24
CUST39633416,Lori Allen,Female,23,Banker,Widowed,"Jennifershire, Vermont, 79190",18-24
CUST50835416,Jeff Mcclain,Female,23,"Administrator, education",Single,"Russellstad, Massachusetts, 44529",18-24
CUST97909960,Henry Alvarado,Male,23,Writer,Widowed,"Davisside, Arkansas, 41716",18-24
CUST36361372,Christina Hernandez,Other,23,Chartered loss adjuster,Married,"Kevinhaven, Nevada, 61475",18-24
CUST34047367,Mark Ortiz,Other,23,Audiological scientist,Divorced,"Reidland, Minnesota, 73376",18-24
CUST23879674,Jacob Oneill,Male,23,Publishing rights manager,Widowed,"Douglasborough, Vermont, 70107",18-24
CUST37051867,Paul Baldwin,Female,23,Retail banker,Single,"South Scott, Oklahoma, 17556",18-24
CUST91053694,Nicole Mccarthy,Male,23,Media planner,Divorced,"Smithland, Nevada, 96584",18-24
CUST47925352,Ronald Cruz,Male,23,Photographer,Widowed,"Andreaville, Missouri, 66542",18-24
CUST15461765,Patrick Ware,Other,23,"Surveyor, building control",Married,"South Monique, New York, 12915",18-24
CUST29207627,Kevin Holloway,Other,23,"Surveyor, minerals",Single,"Wintersfort, New York, 41183",18-24
CUST78004383,Stephen Chavez,Other,23,Warehouse manager,Married,"Robertland, Vermont, 53681",18-24
CUST66067826,Christopher Herrera,Other,23,Homeopath,Divorced,"Juliemouth, Illinois, 71362",18-24
CUST38458880,Michael Allen,Female,23,Retail manager,Divorced,"West Pamela, South Dakota, 62270",18-24
CUST24684721,Barbara Ramos,Female,23,Chief of Staff,Divorced,"New Andrew, Washington, 80508",18-24
CUST79612783,Christine Mullins,Other,23,Radio producer,Widowed,"West Raymond, Vermont, 14894",18-24
CUST20722191,Jamie Harding,Female,23,Graphic designer,Divorced,"Jamesfurt, North Carolina, 77605",18-24
CUST80923006,Jeffrey Pierce,Other,23,Scientific laboratory technician,Single,"Blanchardtown, Tennessee, 98944",18-24
CUST62714347,Melinda Mosley,Female,23,Social researcher,Divorced,"North Robert, Missouri, 10505",18-24
CUST48289484,Mike Goodman,Male,23,"Designer, multimedia",Single,"West Brookefurt, Tennessee, 68050",18-24
CUST47288183,Danny Caldwell,Male,23,Medical sales representative,Married,"Lake Jodiside, Utah, 82320",18-24
CUST93707879,Angela Smith,Female,23,Commercial horticulturist,Widowed,"North Ronaldborough, Ohio, 91359",18-24
CUST37261327,Wesley Walker,Male,23,"Editor, film/video",Widowed,"Port Jessica, South Carolina, 75827",18-24
CUST27208908,Michelle Warner,Other,23,Research scientist (life sciences),Married,"Castroton, Massachusetts, 84179",18-24
CUST65063643,Jonathon Mills,Other,23,Colour technologist,Widowed,"West Andrewchester, Tennessee, 43796",18-24
CUST12969634,Erin Mcclure,Other,23,"Scientist, biomedical",Divorced,"New Geoffreyside, Hawaii, 65117",18-24
CUST46080578,Wesley Miller,Male,23,Exhibition designer,Divorced,"West Jose, Delaware, 06817",18-24
CUST69731138,John Thornton,Other,23,"Engineer, electrical",Divorced,"Lake Tracieview, Wisconsin, 01778",18-24
CUST28287397,Michelle Chase,Female,23,Maintenance engineer,Single,"New Jeffreyburgh, North Carolina, 91636",18-24
CUST43223037,Taylor Davis,Male,23,Adult guidance worker,Married,"West Melissa, Maryland, 09513",18-24
CUST13440030,Heidi Peters,Male,23,Sports administrator,Widowed,"North Patrickton, Virginia, 31748",18-24
CUST72990336,Wayne Watson,Male,23,"Designer, furniture",Widowed,"North Sheilastad, Kentucky, 65830",18-24
CUST01172692,Jessica Blankenship,Other,23,Government social research officer,Single,"New Amanda, Pennsylvania, 81005",18-24
CUST25793814,David Swanson,Female,23,Secretary/administrator,Single,"Kennethmouth, Montana, 03464",18-24
CUST16866580,Alicia Nelson,Male,23,Environmental manager,Divorced,"Port Robert, Illinois, 13656",18-24
CUST37990717,Holly Jordan,Other,23,Agricultural engineer,Married,"West Vincentmouth, Illinois, 30174",18-24
CUST97972533,John Ali,Female,23,Herbalist,Divorced,"West Sherriview, California, 91858",18-24
CUST27230496,Mathew Dawson,Female,23,Fitness centre manager,Married,"Mayoshire, Illinois, 26066",18-24
CUST93659498,Lauren Flores,Male,23,Legal secretary,Widowed,"East Marcusberg, Pennsylvania, 20642",18-24
CUST09634289,Brandy Cook,Female,23,"Runner, broadcasting/film/video",Married,"West Mary, California, 35429",18-24
CUST19034045,Scott Pham,Male,23,Microbiologist,Divorced,"Leonardshire, Georgia, 48753",18-24
CUST04003999,Jennifer James,Male,23,Data processing manager,Divorced,"New David, Illinois, 18423",18-24
CUST94276053,Rickey Patel,Female,23,Biomedical engineer,Married,"North Jesseton, Kentucky, 62768",18-24
CUST37011872,Mr. Anthony Cooper,Male,23,"Pharmacist, community",Widowed,"Mariaville, West Virginia, 91293",18-24
CUST79806237,Hannah Medina,Male,23,Teaching laboratory technician,Widowed,"Grahamburgh, Missouri, 55239",18-24
CUST31924421,Jamie Navarro,Female,23,Multimedia programmer,Divorced,"Adrianbury, Minnesota, 27450",18-24
CUST50346422,Anthony Scott,Female,23,Theatre stage manager,Single,"Michaelstad, Wisconsin, 97470",18-24
CUST00581257,Jesus Olson,Other,23,Passenger transport manager,Single,"West Ericport, Maine, 94963",18-24
CUST35480006,Mike Sanders,Male,23,Tax adviser,Single,"Lake Lorraine, Ohio, 90291",18-24
CUST97835908,Cynthia Friedman,Other,23,Travel agency manager,Married,"Port Anna, Pennsylvania, 84812",18-24
CUST44389397,Diana Torres,Male,23,Advertising account planner,Married,"Danielleport, New Hampshire, 02075",18-24
CUST92031887,Katie Mays,Male,22,Colour technologist,Married,"Adammouth, Georgia, 43789",18-24
CUST11864773,Angela Gonzales,Female,22,Operational researcher,Divorced,"Arnoldhaven, California, 29248",18-24
CUST60955477,Wendy Santana,Other,22,Farm manager,Single,"North Kristinaport, Colorado, 77583",18-24
CUST95420914,Catherine Gonzalez,Male,22,Sports therapist,Single,"West Scottville, Arkansas, 60180",18-24
CUST28918428,Cheryl Booth,Other,22,Geoscientist,Widowed,"New Melissa, Texas, 64065",18-24
CUST68869346,Kathryn Young,Other,22,"Scientist, biomedical",Widowed,"Kristenview, Illinois, 98053",18-24
CUST61590599,Kerry Knight,Male,22,Systems developer,Divorced,"West Ryanville, Arizona, 13597",18-24
CUST26412723,Ronald Rodriguez,Male,22,"Chemist, analytical",Single,"Jonathanton, Wisconsin, 14477",18-24
CUST02687600,Gregory Knox,Female,22,Electronics engineer,Widowed,"Port Joanna, Idaho, 67130",18-24
CUST44315907,Lindsey Smith,Other,22,Equality and diversity officer,Divorced,"South Adam, Montana, 42753",18-24
CUST60267160,James Nguyen,Male,22,Teaching laboratory technician,Divorced,"Meganburgh, Missouri, 88855",18-24
CUST79614623,Lauren James,Male,22,"Editor, magazine features",Married,"Port Angela, Montana, 81227",18-24
CUST53171437,Tanya Schneider,Male,22,"Therapist, horticultural",Single,"North Charlesside, California, 75766",18-24
CUST91954014,Jonathan Gonzalez,Other,22,Emergency planning/management officer,Divorced,"Adamfurt, Nebraska, 88760",18-24
CUST67064326,Stephanie Barton,Other,22,"Producer, radio",Widowed,"Shaunmouth, Alaska, 02535",18-24
CUST04740255,John Olson,Male,22,"Engineer, maintenance",Divorced,"Rogersborough, West Virginia, 93355",18-24
CUST09899735,Brian Bauer,Female,22,Child psychotherapist,Divorced,"Brandonville, Ohio, 88987",18-24
CUST93366412,Samantha Buck,Female,22,Pathologist,Widowed,"North Robert, Nebraska, 32949",18-24
CUST72042501,Jessica Bautista,Female,22,Secretary/administrator,Divorced,"North Adam, Utah, 74102",18-24
CUST96165215,Andrea Knapp,Other,22,"Research officer, government",Married,"Shannonmouth, Montana, 81426",18-24
CUST52359238,Laura Zimmerman,Other,22,Fast food restaurant manager,Married,"Thompsonstad, Kentucky, 99834",18-24
CUST86185759,Sarah Hanson,Male,22,"Psychologist, forensic",Single,"North Barbaratown, Oregon, 06309",18-24
CUST33439572,Micheal Kane,Male,22,Naval architect,Widowed,"East Kenneth, Colorado, 11541",18-24
CUST69752997,Adam Taylor,Female,22,Statistician,Divorced,"Edwardborough, New Mexico, 09936",18-24
CUST88047990,Nathan White,Other,22,Environmental manager,Single,"Lynchshire, Michigan, 91068",18-24
CUST44462533,Kathy Lopez,Male,22,Financial risk analyst,Married,"New Collinville, Rhode Island, 39330",18-24
CUST48959535,Elizabeth Wheeler,Female,22,Financial planner,Married,"Reginaldburgh, Delaware, 50584",18-24
CUST43421687,Kenneth Davila,Male,22,"Education officer, environmental",Married,"Port Frankberg, New York, 57549",18-24
CUST53625384,Ronald Price,Female,22,"Nurse, learning disability",Widowed,"Ramirezview, Oregon, 12712",18-24
CUST58198958,Alec Jordan,Male,22,"Conservation officer, historic buildings",Widowed,"New Joseph, Nevada, 77123",18-24
CUST96369225,Breanna Saunders,Male,22,Commissioning editor,Widowed,"North Rhonda, Missouri, 11304",18-24
CUST73472975,Summer Jones,Male,22,Operational researcher,Married,"Karenburgh, North Carolina, 90769",18-24
CUST76589155,William Powell,Female,22,Tax inspector,Divorced,"Jeremyhaven, Indiana, 97586",18-24
CUST39091393,Michael Hill,Other,22,Facilities manager,Single,"South Karen, Vermont, 79426",18-24
CUST29805169,Patricia Davis,Female,22,Jewellery designer,Single,"Andersonmouth, Vermont, 01999",18-24
CUST08647989,Elizabeth Barrera,Male,22,"Surveyor, hydrographic",Widowed,"Boyletown, South Carolina, 06235",18-24
CUST13129700,Thomas Flores,Male,22,Volunteer coordinator,Widowed,"Warrenberg, Alabama, 38121",18-24
CUST94946021,Daniel Mcclain,Female,22,Health and safety inspector,Widowed,"Laurenburgh, Ohio, 22428",18-24
CUST56870887,Richard Schultz,Other,22,Commercial/residential surveyor,Single,"Port Leah, Kansas, 37739",18-24
CUST86961737,Richard Atkinson,Male,22,Medical secretary,Married,"Smithborough, New Hampshire, 46460",18-24
CUST06274402,Michelle Durham,Other,22,Forensic scientist,Single,"Jessicaberg, Arizona, 81591",18-24
CUST90546438,Lisa Mcintosh,Male,22,Recycling officer,Single,"West Laurenhaven, South Dakota, 36151",18-24
CUST15379998,Sarah Foster,Other,22,Accounting technician,Married,"Manuelborough, South Dakota, 61848",18-24
CUST54690850,Paula Mcmahon,Male,22,Oceanographer,Married,"Stephanieborough, West Virginia, 87451",18-24
CUST09520667,Joshua Callahan,Female,22,Metallurgist,Widowed,"West Tony, Rhode Island, 97544",18-24
CUST83456609,Kelly Woods,Female,22,Radiation protection practitioner,Single,"Sanchezville, North Dakota, 42640",18-24
CUST46734169,Tracy Dixon,Female,22,Music tutor,Divorced,"New Alejandro, Minnesota, 98477",18-24
CUST63224514,Brenda Brown,Female,22,Careers information officer,Married,"Josephhaven, Kentucky, 76546",18-24
CUST14754808,Steven Mcdaniel,Other,22,"Producer, television/film/video",Widowed,"Troybury, Oregon, 74922",18-24
CUST06026925,Sarah Lewis,Other,22,Publishing copy,Divorced,"Hickschester, Illinois, 63676",18-24
CUST21321824,Ashley Cook,Male,22,Tour manager,Widowed,"Powersland, Kentucky, 31673",18-24
CUST76633869,Michelle Young,Male,22,Sales promotion account executive,Single,"Ashleyside, Maine, 39260",18-24
CUST25685755,Michael Rose,Female,22,Radiation protection practitioner,Widowed,"Garciachester, Maryland, 64008",18-24
CUST49675622,Vanessa Reed,Male,22,Press photographer,Married,"Holmesland, Vermont, 79247",18-24
CUST61807621,Kimberly Lamb,Male,22,Operational researcher,Divorced,"West Michaelchester, Indiana, 81293",18-24
CUST71237340,John Rivera,Other,22,"Programmer, systems",Divorced,"South Jamesberg, Oklahoma, 41834",18-24
CUST51873917,Regina Murphy,Female,22,Data processing manager,Single,"Andersonstad, Florida, 35229",18-24
CUST26022925,Melanie Powers,Male,22,Public affairs consultant,Married,"North Dennisfurt, Michigan, 32008",18-24
CUST51166467,Jonathan Horton,Male,22,Chartered accountant,Single,"North John, New Hampshire, 33188",18-24
CUST90133836,Mrs. Deanna Wagner,Female,22,Operational investment banker,Divorced,"New Anthony, Ohio, 06246",18-24
CUST43207124,Anthony Howell,Male,22,Chief Financial Officer,Single,"West John, Delaware, 70283",18-24
CUST28101646,Andrew Knight,Female,22,Armed forces logistics/support/administrative officer,Widowed,"Tiffanystad, Virginia, 16492",18-24
CUST84659893,Julie Williams,Other,22,Fashion designer,Married,"South Fernandochester, North Carolina, 55049",18-24
CUST93249760,Kimberly Martinez,Female,22,Agricultural engineer,Married,"Barbaraton, Montana, 29423",18-24
CUST07740232,Mary Matthews,Male,22,Tourist information centre manager,Married,"Johnstonville, South Dakota, 93786",18-24
CUST18584565,Monica Lyons,Female,22,Clinical research associate,Single,"Andrewmouth, Missouri, 28412",18-24
CUST33486221,Christopher Mitchell,Male,22,Arts administrator,Married,"Underwoodland, Arkansas, 61010",18-24
CUST39238197,Jason Williams,Female,22,"Scientist, biomedical",Married,"North Cynthiaton, Maine, 68327",18-24
CUST74762381,Ms. Kimberly Meadows,Male,22,Education administrator,Married,"Hannahchester, Maryland, 22941",18-24
CUST00157628,Mr. Shane Thompson,Other,22,Public house manager,Divorced,"Barnesborough, North Dakota, 47260",18-24
CUST37160593,Marissa Nguyen,Female,22,Speech and language therapist,Divorced,"Williamfort, Iowa, 74970",18-24
CUST10128452,Keith Martin,Other,22,Broadcast journalist,Married,"Lucasport, Florida, 47521",18-24
CUST26587958,Stephanie Sandoval,Other,22,Translator,Single,"South Michelleberg, New Jersey, 93891",18-24
CUST41656109,Erika Long,Female,22,Television/film/video producer,Married,"East Charles, New Jersey, 07493",18-24
CUST43260573,Tanya Phillips,Other,22,"Education officer, environmental",Divorced,"East Williamstad, North Dakota, 95324",18-24
CUST31816631,Christopher Vazquez,Female,22,Office manager,Widowed,"West Deborahbury, Illinois, 44067",18-24
CUST21236149,Heather Kennedy,Other,21,Pathologist,Divorced,"South Tracy, North Carolina, 42213",18-24
CUST45840087,Judith Hernandez,Female,21,Town planner,Single,"West Matthewfurt, Alaska, 82521",18-24
CUST03009511,Michele Hickman,Female,21,"Engineer, maintenance (IT)",Widowed,"Paulview, Indiana, 15704",18-24
CUST90354954,Kevin Phillips,Female,21,Architectural technologist,Single,"Andreaton, Utah, 54312",18-24
CUST24626933,Steven Evans,Female,21,Systems analyst,Widowed,"East Ryan, Kentucky, 67920",18-24
CUST28641281,Charles Werner,Other,21,Graphic designer,Widowed,"Rowlandmouth, Louisiana, 85168",18-24
CUST28135219,Andrew Reed,Female,21,Passenger transport manager,Single,"Harringtonbury, Maine, 64032",18-24
CUST50132199,Larry Perez,Female,21,Editorial assistant,Single,"Lake Abigailchester, Utah, 57059",18-24
CUST28917499,Timothy Richardson,Male,21,Chief Executive Officer,Married,"Alexanderchester, Indiana, 77372",18-24
CUST53206356,John Perry,Female,21,"Therapist, music",Single,"Clarkchester, Tennessee, 57821",18-24
CUST98979035,Elizabeth Ayala,Other,21,Tourist information centre manager,Widowed,"Lake Zachary, Massachusetts, 72954",18-24
CUST53642388,Paul Williamson,Male,21,Research scientist (medical),Divorced,"New Melissa, Illinois, 02240",18-24
CUST01330639,Randall Green,Female,21,"Pharmacist, community",Divorced,"Barbarafort, Nevada, 31724",18-24
CUST84437642,Evan Smith,Female,21,Brewing technologist,Widowed,"Alyssaton, Louisiana, 79490",18-24
CUST21113517,Anthony Lawson,Female,21,"Restaurant manager, fast food",Widowed,"Millsmouth, Tennessee, 13303",18-24
CUST21569193,Leon Gomez,Female,21,"Programmer, systems",Widowed,"Tamarafort, Tennessee, 93904",18-24
CUST13886532,Timothy Johnson,Male,21,Operational researcher,Divorced,"North Danieltown, Maine, 06289",18-24
CUST91405420,Jonathan Snyder,Female,21,Educational psychologist,Married,"West Joshua, Alabama, 20870",18-24
CUST81795137,Aaron Vega,Other,21,"Engineer, maintenance (IT)",Married,"Richardsland, Oregon, 14299",18-24
CUST35323431,Nicole Reid,Other,21,Metallurgist,Widowed,"Aaronton, Missouri, 76608",18-24
CUST69160366,Miss Jennifer Miller,Male,21,Industrial buyer,Widowed,"Christineshire, New Mexico, 88563",18-24
CUST92370305,Ronald Ward,Female,21,Aid worker,Single,"Shawmouth, North Dakota, 67532",18-24
CUST72951479,Megan Powell DVM,Female,21,Health visitor,Widowed,"North Thomas, Michigan, 01470",18-24
CUST40436276,Amy Rogers,Other,21,"Scientist, research (maths)",Divorced,"North Felicia, Missouri, 95059",18-24
CUST04083412,Lisa Gutierrez,Female,21,"Accountant, chartered management",Widowed,"Lake Desiree, Ohio, 51865",18-24
CUST28614516,Misty Jackson,Male,21,Public relations officer,Divorced,"Lake Danielle, Alaska, 24750",18-24
CUST45487451,Linda Ryan,Female,21,"Engineer, structural",Married,"West Luis, Iowa, 38784",18-24
CUST29647833,Brianna Bowers,Other,21,Occupational psychologist,Married,"North Justinstad, Ohio, 45585",18-24
CUST42191707,Lauren Maddox,Other,21,"Engineer, aeronautical",Divorced,"Port Saraside, Texas, 03882",18-24
CUST33962049,Katherine Buck,Male,21,Architect,Divorced,"West Brandon, New Jersey, 05209",18-24
CUST90517764,Brenda Medina,Male,21,Print production planner,Single,"Brianhaven, New Hampshire, 52589",18-24
CUST34193731,Debra Mccann,Male,21,Special educational needs teacher,Divorced,"Cannonport, Mississippi, 12923",18-24
CUST04562066,Dr. Troy Ross DVM,Male,21,Manufacturing systems engineer,Single,"East Alexanderchester, Wisconsin, 48374",18-24
CUST22367504,Janet Jones,Other,21,"Engineer, structural",Divorced,"East Stephanietown, Idaho, 38857",18-24
CUST26214584,Alexis Williams,Female,21,Actuary,Single,"Connieshire, Mississippi, 32225",18-24
CUST44692135,Todd Gill,Other,21,Chartered legal executive (England and Wales),Divorced,"Perezside, Maine, 53312",18-24
CUST97117972,Mary Wolfe,Male,21,Oceanographer,Widowed,"Parkhaven, New York, 16731",18-24
CUST31812391,Patrick Austin,Female,21,Dietitian,Divorced,"Jamiechester, California, 23406",18-24
CUST95332571,Marcus Moore,Male,21,Chief Marketing Officer,Single,"Aguilarville, Hawaii, 76872",18-24
CUST70709579,Mark Odonnell,Other,21,Press sub,Widowed,"North Davidstad, Minnesota, 02184",18-24
CUST52409774,Ashley Washington,Female,21,"Designer, exhibition/display",Married,"Brianfurt, Delaware, 83412",18-24
CUST23459195,Daniel Harris,Male,21,"Therapist, horticultural",Married,"West Dana, Mississippi, 47509",18-24
CUST99194885,Sara Jackson,Female,21,"Copywriter, advertising",Widowed,"North Sarafort, Ohio, 77121",18-24
CUST03615219,James Foley,Female,21,Barrister's clerk,Divorced,"Olsonville, Iowa, 98438",18-24
CUST18960781,Jonathan Walker,Male,21,Primary school teacher,Married,"Julieville, Hawaii, 71974",18-24
CUST50417497,Luis Robinson,Other,21,"Administrator, education",Married,"Mathismouth, Louisiana, 89400",18-24
CUST29877876,Deborah Larson,Female,21,Technical sales engineer,Single,"Port Kevinborough, Oklahoma, 33913",18-24
CUST87010052,Lucas Green,Other,21,Community development worker,Single,"South Nicolefurt, North Carolina, 84461",18-24
CUST83761200,Carol Cabrera,Female,21,Legal executive,Widowed,"Jamieburgh, Tennessee, 52411",18-24
CUST26092604,Jonathan Gilbert,Other,21,Physiotherapist,Married,"Vaughanbury, Hawaii, 74322",18-24
CUST41261747,Stephanie Gillespie,Other,21,"Designer, blown glass/stained glass",Married,"West Leemouth, Oregon, 33357",18-24
CUST86814379,Michelle Mcdaniel,Male,21,Ophthalmologist,Single,"Lake Eric, South Dakota, 32842",18-24
CUST72237129,Kim Fletcher,Male,21,Printmaker,Divorced,"Amandaburgh, Pennsylvania, 13937",18-24
CUST04721057,Ryan King,Female,21,"Scientist, product/process development",Married,"East Brent, Oklahoma, 38522",18-24
CUST62208028,Diana Merritt,Other,21,"Engineer, electronics",Married,"Port Reneeton, Pennsylvania, 19463",18-24
CUST36078159,Patricia Ross,Female,21,International aid/development worker,Widowed,"Lake Aaron, Pennsylvania, 68346",18-24
CUST23823094,Shawn Harrison,Male,21,Emergency planning/management officer,Divorced,"Mathewsmouth, Ohio, 22175",18-24
CUST01832116,Lucas Webb,Other,21,"Engineer, automotive",Divorced,"Alexahaven, Oregon, 66011",18-24
CUST25931546,David Bartlett,Male,21,Sports administrator,Widowed,"Randyfort, Maryland, 78000",18-24
CUST58666649,Gabriel Curtis,Male,21,Herpetologist,Single,"Lake Nataliechester, Tennessee, 71552",18-24
CUST82358888,Ryan Austin,Female,21,Planning and development surveyor,Single,"South Codyport, Colorado, 85973",18-24
CUST84489412,Charles Fleming,Male,21,"Sound technician, broadcasting/film/video",Divorced,"Davisburgh, Hawaii, 64178",18-24
CUST47385609,Gabriela Spencer,Female,21,Press sub,Widowed,"Velazquezchester, Maryland, 61328",18-24
CUST80924673,Carlos Harrington,Other,21,"Conservator, furniture",Single,"Lake Andrewville, Arizona, 20298",18-24
CUST57878535,Brandi Young,Female,21,Trade mark attorney,Single,"Port Christopherton, Washington, 30486",18-24
CUST95179444,Anthony Maddox,Other,21,Herpetologist,Divorced,"Leeborough, Pennsylvania, 11022",18-24
CUST61933067,Cody Barrett,Female,21,Best boy,Divorced,"Kevinbury, North Dakota, 14350",18-24
CUST16829183,Brandy Gill,Male,20,Race relations officer,Divorced,"Chelseastad, Pennsylvania, 83567",18-24
CUST43485981,Charles Collins,Female,20,Land/geomatics surveyor,Married,"Reyeschester, Kentucky, 70454",18-24
CUST25851292,Jennifer Baker,Other,20,Event organiser,Widowed,"Erikberg, New Jersey, 09524",18-24
CUST80146621,Mr. Jeffrey Terry DVM,Male,20,"Development worker, international aid",Widowed,"Jamesberg, Iowa, 39932",18-24
CUST35415891,Nicholas Gross,Other,20,Industrial/product designer,Divorced,"Petershire, Louisiana, 43993",18-24
CUST30861958,Michael Price,Male,20,"Social research officer, government",Single,"Andreahaven, New Hampshire, 73361",18-24
CUST72604656,Ashley Mcgee,Male,20,"Surveyor, planning and development",Widowed,"Lake Franceshaven, South Carolina, 91999",18-24
CUST08294495,Luis Townsend,Male,20,Diplomatic Services operational officer,Divorced,"East Desireetown, North Dakota, 52859",18-24
CUST44578468,Michael Morgan,Other,20,Barrister's clerk,Single,"Fredland, Washington, 87874",18-24
CUST68739275,Eric Miller,Female,20,"Designer, jewellery",Married,"New Heather, Nevada, 84070",18-24
CUST29849064,Sara Daniel,Male,20,Land/geomatics surveyor,Single,"Destinyhaven, Vermont, 10723",18-24
CUST80785298,Craig Banks,Other,20,"Engineer, manufacturing",Single,"Michellehaven, New Hampshire, 85186",18-24
CUST73631605,Mrs. Kathryn Mack,Other,20,Paediatric nurse,Divorced,"Kaylastad, New York, 02406",18-24
CUST52790228,Jessica Stein,Female,20,Gaffer,Single,"Ambermouth, Oregon, 38581",18-24
CUST10189744,Erika Wilkins,Female,20,Medical laboratory scientific officer,Single,"Deniseton, Virginia, 04969",18-24
CUST92594694,Samantha Cochran,Male,20,Chief Financial Officer,Single,"Port Melissa, Connecticut, 50776",18-24
CUST71550072,Deborah Davis,Other,20,Museum/gallery curator,Divorced,"Hobbsmouth, Colorado, 02393",18-24
CUST24465661,Craig Gray,Male,20,Technical sales engineer,Divorced,"Davisville, Virginia, 73766",18-24
CUST55602775,John Travis,Male,20,Sports coach,Married,"West Matthew, Iowa, 44071",18-24
CUST32696633,Mrs. Caroline Grant,Male,20,Warehouse manager,Single,"Richardschester, New Jersey, 04163",18-24
CUST99786491,Christina Glenn,Male,20,Sport and exercise psychologist,Single,"Jakestad, Minnesota, 91177",18-24
CUST34288091,Jerry Sharp III,Other,20,Operational researcher,Widowed,"New Williechester, California, 22732",18-24
CUST55028225,Anna Dodson,Male,20,"Engineer, civil (consulting)",Married,"Bakerview, Virginia, 98350",18-24
CUST31129000,Jessica Goodwin,Female,20,Curator,Single,"West Maryview, Virginia, 58177",18-24
CUST76794173,Jason Chavez,Female,20,Legal secretary,Widowed,"South Joshua, Massachusetts, 99447",18-24
CUST95211111,Matthew Heath,Other,20,Comptroller,Divorced,"Murphyville, New York, 96642",18-24
CUST70419362,Jeffery Robertson,Other,20,Corporate investment banker,Widowed,"New Nancychester, Maryland, 27610",18-24
CUST59222858,Vanessa Strong,Other,20,Tax inspector,Single,"New Lisaside, New Hampshire, 62189",18-24
CUST22689401,Tracey Carter,Male,20,"Designer, ceramics/pottery",Single,"South Erikmouth, Kansas, 22595",18-24
CUST01743153,Gregory Williams,Female,20,Operational investment banker,Widowed,"Garciafurt, Pennsylvania, 70044",18-24
CUST45848469,Ashley Rose,Female,20,Set designer,Widowed,"Vaughnland, Minnesota, 30680",18-24
CUST91874119,Jerry Hayes,Other,20,Forest/woodland manager,Married,"West Matthewtown, Pennsylvania, 04375",18-24
CUST42731200,Christine Johnson,Other,20,"Designer, interior/spatial",Single,"Jenniferhaven, Georgia, 72981",18-24
CUST93857577,Cheryl Schmitt,Female,20,"Engineer, site",Widowed,"Andersonside, Wyoming, 03699",18-24
CUST65477864,Deborah Lewis,Female,20,Agricultural consultant,Widowed,"Cervantesstad, North Carolina, 27739",18-24
CUST82451970,David Cortez,Other,20,Analytical chemist,Married,"Port Isabelton, Montana, 39133",18-24
CUST25095552,Paul Fernandez,Male,20,Music tutor,Widowed,"Hayston, Delaware, 42537",18-24
CUST80027772,James Gomez,Male,20,Automotive engineer,Single,"West Cassie, Oklahoma, 35255",18-24
CUST65825398,Devin Sullivan,Female,20,"Therapist, nutritional",Widowed,"Port Sherylmouth, Georgia, 70730",18-24
CUST02184808,Peggy Davis,Other,20,Statistician,Widowed,"Williamsberg, South Dakota, 42294",18-24
CUST52874310,Vincent Dean,Male,20,Intelligence analyst,Single,"Thomasstad, Louisiana, 63034",18-24
CUST02848032,Perry Garcia,Male,20,"Surveyor, building",Divorced,"Sextonberg, Alabama, 23237",18-24
CUST01068208,Dr. Jamie Cochran,Male,20,"Librarian, academic",Divorced,"East Chad, Montana, 01707",18-24
CUST97766035,Ashley Juarez,Female,20,Waste management officer,Divorced,"Ianborough, Louisiana, 05775",18-24
CUST75631858,Alicia Hart,Male,20,Field seismologist,Married,"Nielsenview, Pennsylvania, 49481",18-24
CUST69731918,Jeffrey Cervantes,Female,20,Building control surveyor,Married,"Melissaborough, Wyoming, 11334",18-24
CUST71560537,Jeffery Humphrey,Other,20,Geochemist,Married,"Port Loganstad, Alaska, 85505",18-24
CUST39273723,Julie Murray DDS,Female,20,Actor,Widowed,"Port Michaelchester, Massachusetts, 51890",18-24
CUST20106314,Samuel Long,Male,20,"Biochemist, clinical",Married,"Port Ryanburgh, New Hampshire, 51287",18-24
CUST61585782,Robin Garcia,Female,20,Exhibition designer,Single,"Martinezside, Delaware, 34143",18-24
CUST94142986,Amy Flores,Male,20,"Engineer, energy",Single,"Kimberlyville, Minnesota, 15694",18-24
CUST24232471,Charles Lane,Male,20,Copy,Divorced,"North Alyssaland, West Virginia, 21171",18-24
CUST63700759,David Rogers,Male,20,"Surveyor, minerals",Married,"Markfort, Massachusetts, 38447",18-24
CUST05493584,William Maynard,Other,20,"Psychologist, counselling",Single,"Port Joseph, Vermont, 78827",18-24
CUST46832830,Kimberly Burnett,Female,20,Diplomatic Services operational officer,Single,"New Christopherfort, Vermont, 59913",18-24
CUST06792439,Brian Goodwin,Other,20,Environmental education officer,Single,"Keithville, Wisconsin, 58022",18-24
CUST84828807,Kimberly Castillo,Male,20,Ship broker,Single,"Jasonchester, Washington, 61810",18-24
CUST70531363,Kelly Smith,Other,20,Financial risk analyst,Divorced,"New Kimberly, Missouri, 44252",18-24
CUST64051127,Virginia Johnson,Other,20,"Scientist, research (physical sciences)",Divorced,"Leeberg, Connecticut, 13920",18-24
CUST84358476,Sandra Jones,Female,20,English as a foreign language teacher,Single,"South Cody, Oregon, 57594",18-24
CUST98498472,Karen Ferguson,Female,20,Public affairs consultant,Widowed,"Katieshire, Michigan, 69284",18-24
CUST33904631,Eric Austin,Other,20,Trade union research officer,Widowed,"West Coleside, Louisiana, 51179",18-24
CUST94841919,Donna Jackson,Female,20,Public relations officer,Divorced,"New Kristen, New York, 48142",18-24
CUST46066510,Justin Smith,Female,20,Office manager,Married,"Mariastad, Arkansas, 13853",18-24
CUST59727399,Susan Glenn,Male,20,Furniture conservator/restorer,Married,"Oscarfort, Nevada, 22305",18-24
CUST68459371,Tony Summers,Male,20,Systems developer,Married,"South Andreatown, South Dakota, 11694",18-24
CUST30957934,Andre Black,Male,20,Counsellor,Divorced,"East Michaelmouth, Idaho, 43625",18-24
CUST78208572,Daniel Rowe,Female,20,Art therapist,Married,"North Lonnietown, West Virginia, 35905",18-24
CUST40193994,Melanie Robinson,Female,20,Consulting civil engineer,Divorced,"East Joshua, Nevada, 61139",18-24
CUST90683254,Caleb Lopez,Male,19,Teaching laboratory technician,Widowed,"South Christopherville, Arizona, 79865",18-24
CUST69896361,Tyler Lopez,Other,19,Community pharmacist,Widowed,"Clarkton, Utah, 03487",18-24
CUST79033345,Lori Schmidt,Male,19,Paediatric nurse,Divorced,"Figueroaview, Maine, 58482",18-24
CUST82431397,Brittany Stewart,Female,19,"Engineer, manufacturing",Widowed,"South Michael, Missouri, 56506",18-24
CUST08133131,Tina Kemp,Other,19,"Surveyor, mining",Divorced,"Lake Christian, Rhode Island, 14087",18-24
CUST15432662,Kayla Adams,Male,19,Volunteer coordinator,Divorced,"South Christopher, Arizona, 01875",18-24
CUST49776976,Tyler Munoz,Female,19,"Development worker, community",Married,"Millerhaven, Maine, 90761",18-24
CUST32845434,Sara Evans,Female,19,"Psychotherapist, dance movement",Married,"Lake Michaelville, Connecticut, 65286",18-24
CUST36604631,Jamie Watson,Female,19,Jewellery designer,Married,"Stoutbury, Oregon, 91393",18-24
CUST47030666,Jodi Mills,Other,19,Recycling officer,Single,"Lisahaven, Maryland, 58653",18-24
CUST01048832,Stephen Lang,Female,19,Physiotherapist,Single,"West Cameronfort, Maryland, 32615",18-24
CUST62113220,Annette Jackson,Female,19,"Designer, jewellery",Married,"Port Susanview, Indiana, 70837",18-24
CUST95138343,Brittney Taylor,Female,19,Sports development officer,Divorced,"South Paul, Mississippi, 38277",18-24
CUST43829622,Shelia Harrell,Other,19,Sports administrator,Widowed,"Pamelaberg, Arizona, 01714",18-24
CUST60334028,Blake Hall,Male,19,Occupational psychologist,Divorced,"Mccoytown, Georgia, 81063",18-24
CUST07333688,Robert Parker,Female,19,Armed forces operational officer,Single,"West Todd, Delaware, 80877",18-24
CUST86319543,Joshua Wilson,Other,19,"Surveyor, mining",Divorced,"Michelleville, South Carolina, 49192",18-24
CUST61223740,Michele Hoffman,Other,19,"Engineer, manufacturing systems",Married,"Stevenchester, Iowa, 69833",18-24
CUST08745607,Kimberly Joseph,Female,19,Chief Technology Officer,Widowed,"Boydfort, Tennessee, 03166",18-24
CUST90544654,Crystal Long,Male,19,Community arts worker,Divorced,"Lisachester, California, 82879",18-24
CUST20485481,Shirley Peterson,Male,19,Manufacturing systems engineer,Single,"Transtad, Massachusetts, 78315",18-24
CUST16869985,Daniel Bradford,Female,19,Chartered public finance accountant,Married,"Shelleyside, Alaska, 10630",18-24
CUST35077184,Noah Sparks,Male,19,Psychiatrist,Single,"Michelleburgh, Hawaii, 33349",18-24
CUST20186186,Jessica Brown,Other,19,Retail buyer,Widowed,"Port Nathanville, Louisiana, 95129",18-24
CUST48069749,Brett Becker,Female,19,Barista,Widowed,"North Nicole, California, 74021",18-24
CUST01173822,Kristi Powers,Other,19,"Engineer, water",Single,"South Christine, Texas, 56123",18-24
CUST81991546,Michael Horton,Other,19,"Surveyor, rural practice",Widowed,"South Michael, New Mexico, 60341",18-24
CUST91408001,Johnny Jones,Female,19,Phytotherapist,Widowed,"East Richardstad, Rhode Island, 90433",18-24
CUST32273076,Daniel Jackson,Other,19,Youth worker,Widowed,"Rebeccaburgh, Washington, 25498",18-24
CUST99845463,Megan Ortiz,Female,19,Training and development officer,Married,"Fergusonborough, Massachusetts, 22127",18-24
CUST57383224,Andrew Hebert,Other,19,"Designer, fashion/clothing",Single,"Carsonfort, Washington, 09829",18-24
CUST98519257,Laura Poole,Female,19,"Therapist, music",Widowed,"Seanborough, New Jersey, 64518",18-24
CUST95482935,Melissa Mckay,Male,19,"Surveyor, commercial/residential",Divorced,"Hartstad, Arkansas, 69067",18-24
CUST48914571,Derek Hill,Female,19,Diplomatic Services operational officer,Married,"Joshuabury, Michigan, 97634",18-24
CUST53295282,David Jones,Male,19,IT sales professional,Single,"Bellview, Vermont, 13214",18-24
CUST09887458,Tina Arnold,Female,19,"Engineer, manufacturing",Divorced,"New Michelle, South Carolina, 09686",18-24
CUST81965218,Darlene Carr,Other,19,Media planner,Single,"Mikeland, North Dakota, 56509",18-24
CUST23275371,Ethan Rodriguez,Female,19,Forensic psychologist,Widowed,"East Bethstad, West Virginia, 34450",18-24
CUST83022384,Scott Mayer,Male,19,Estate manager/land agent,Married,"New Patrickfort, Washington, 25129",18-24
CUST13521389,Joshua Estes,Other,19,Clinical embryologist,Divorced,"Lake Sethshire, Minnesota, 66113",18-24
CUST95377392,Bridget Burnett,Male,19,"Physicist, medical",Widowed,"Port Josehaven, Maine, 44167",18-24
CUST02862865,Timothy Dorsey,Other,19,"Programmer, multimedia",Married,"Heathershire, Oregon, 40105",18-24
CUST84444696,James Mason,Female,19,Mudlogger,Single,"South John, Florida, 61130",18-24
CUST03439759,Evelyn Rose,Other,19,Sport and exercise psychologist,Widowed,"Allisonmouth, Oregon, 61378",18-24
CUST67155912,Mackenzie Juarez,Male,19,"Producer, radio",Divorced,"Shannonside, Georgia, 03971",18-24
CUST35412527,Susan Mcguire,Female,19,Advertising art director,Married,"South Andrewshire, Iowa, 34519",18-24
CUST74645435,Donald Rasmussen,Male,19,"Designer, television/film set",Single,"Lake Sarahland, Kansas, 53889",18-24
CUST23274828,Danielle Jimenez,Male,19,"Engineer, chemical",Married,"New Benjaminport, South Carolina, 25620",18-24
CUST28880284,Gregory Harrison,Female,19,Patent attorney,Married,"South Amy, Kansas, 75407",18-24
CUST91449119,Samantha Smith,Other,19,"Therapist, sports",Married,"Evanshaven, Michigan, 03200",18-24
CUST00800509,Susan Jackson,Female,19,Exhibition designer,Widowed,"Paigeton, Maine, 21241",18-24
CUST81225418,Billy Welch,Female,19,Agricultural consultant,Single,"Jamestown, Texas, 87934",18-24
CUST40947181,Wendy Blackburn,Female,19,Hydrographic surveyor,Divorced,"Smithhaven, Washington, 51773",18-24
CUST77135900,Jacqueline Jones,Female,19,"Scientist, biomedical",Widowed,"East Gloria, Maine, 46064",18-24
CUST13734620,Sean Irwin,Male,19,Economist,Single,"South Ericside, Florida, 15801",18-24
CUST94716191,Kristie Gonzalez,Other,19,Barista,Married,"West Brittanyborough, Indiana, 79452",18-24
CUST70976650,Scott Franklin,Male,19,Chief Marketing Officer,Divorced,"East Randallbury, Tennessee, 97576",18-24
CUST49342141,Kathryn Martin,Other,19,Learning mentor,Married,"Lucasview, New Mexico, 44574",18-24
CUST62813092,Tina Hayes,Female,19,Geophysical data processor,Married,"New Michael, Alabama, 53699",18-24
CUST93910058,Jill Jones,Male,19,Herbalist,Single,"East Victoriaville, Georgia, 41728",18-24
CUST31751893,Krista Torres,Female,19,"Pilot, airline",Divorced,"South Stevenview, Massachusetts, 31160",18-24
CUST70357391,John Hatfield,Male,19,Oncologist,Single,"Watsonchester, Minnesota, 06784",18-24
CUST62653757,Ethan Peck,Male,19,Agricultural engineer,Divorced,"Moralesport, Wyoming, 61344",18-24
CUST63054181,Annette Moore,Female,19,Chiropodist,Widowed,"Port Roy, Florida, 68522",18-24
CUST72548833,Megan Lam,Female,19,Mental health nurse,Married,"Russellside, Arkansas, 02816",18-24
CUST78330003,Jerome Collins,Female,19,Health visitor,Married,"New Adam, North Carolina, 05974",18-24
CUST90221509,Andrew Gray,Male,19,Archaeologist,Divorced,"New Robert, New York, 42720",18-24
CUST98748320,David Lawson,Female,19,"Scientist, clinical (histocompatibility and immunogenetics)",Single,"Dianachester, Maine, 83485",18-24
CUST80105553,Carly Decker,Other,19,Arts development officer,Divorced,"Lake Mason, Indiana, 84968",18-24
CUST94440051,Jessica Miller MD,Male,19,"Psychologist, prison and probation services",Single,"Mayerburgh, Missouri, 13667",18-24
CUST63841241,Dominic Davis,Female,19,"Teacher, primary school",Widowed,"Johnsonport, Ohio, 37002",18-24
CUST69448912,Charles Roy,Male,19,"Administrator, local government",Married,"East Angela, Florida, 94626",18-24
CUST82850738,Martin Harris,Other,18,Sub,Widowed,"Ramoshaven, Kentucky, 08664",18-24
CUST21707227,Paul Gomez,Other,18,"Engineer, building services",Widowed,"North Chadview, Maryland, 70446",18-24
CUST80309158,Amanda Davis,Male,18,"Horticulturist, commercial",Widowed,"South Joel, Minnesota, 21771",18-24
CUST11166559,Gabriel Wilson,Male,18,Medical physicist,Single,"East Stephanietown, Missouri, 70569",18-24
CUST00694485,John Strong,Female,18,Diplomatic Services operational officer,Married,"Bushshire, Alaska, 73995",18-24
CUST46852573,Patrick Young,Other,18,"Scientist, research (medical)",Divorced,"Lake Lisamouth, Arizona, 69225",18-24
CUST51646223,Chris Clark,Female,18,"Conservator, furniture",Divorced,"West Jason, Oregon, 78223",18-24
CUST73664349,Kyle Shaw,Male,18,Economist,Married,"Lake Brent, Kansas, 13265",18-24
CUST92638924,Megan Singleton,Female,18,Public librarian,Single,"North Stevenchester, Iowa, 36624",18-24
CUST67558837,Keith Parker,Other,18,Colour technologist,Widowed,"North Rebeccachester, New Hampshire, 09455",18-24
CUST23997683,Frederick Wiley,Female,18,Patent examiner,Single,"Gregorybury, West Virginia, 42109",18-24
CUST45732465,Lisa Bowman,Female,18,"Engineer, maintenance (IT)",Widowed,"Lake Ashley, Nebraska, 03704",18-24
CUST35698237,John Acevedo,Female,18,"Engineer, production",Widowed,"North Maryfurt, North Dakota, 77074",18-24
CUST10055277,Margaret Bailey,Male,18,Television/film/video producer,Single,"Watersview, Iowa, 97520",18-24
CUST52528472,Christine Navarro,Male,18,Counsellor,Single,"Lake Tonyachester, Pennsylvania, 31731",18-24
CUST65008360,Heather Taylor MD,Female,18,"Scientist, research (maths)",Divorced,"North Jessicaview, Missouri, 58051",18-24
CUST47228790,Timothy Turner,Other,18,Chartered certified accountant,Divorced,"Marymouth, Missouri, 07374",18-24
CUST99513573,Derrick Carter,Male,18,Diagnostic radiographer,Divorced,"Janicemouth, Louisiana, 75999",18-24
CUST43093410,Caleb Dickson,Other,18,Human resources officer,Divorced,"New Christine, Washington, 53464",18-24
CUST28840291,Jeffrey Hill,Male,18,Licensed conveyancer,Divorced,"Sheppardland, Minnesota, 65068",18-24
CUST69923276,Ray Frazier,Male,18,Higher education lecturer,Widowed,"Danielland, Maryland, 80436",18-24
CUST34864876,Scott Anderson,Female,18,Senior tax professional/tax inspector,Widowed,"East Natashastad, Oklahoma, 28229",18-24
CUST30998709,Barry Church,Male,18,Mining engineer,Single,"West Alexamouth, Illinois, 50865",18-24
CUST40696387,Richard Barrera,Other,18,Commercial horticulturist,Widowed,"South Justin, Ohio, 76122",18-24
CUST91620963,Brandi Duncan,Male,18,Tourism officer,Single,"Hannahburgh, Mississippi, 64736",18-24
CUST03789210,Jessica Hall,Other,18,Nature conservation officer,Divorced,"Hamiltonhaven, Indiana, 58262",18-24
CUST78299783,John Gomez,Other,18,"Teacher, English as a foreign language",Divorced,"Krystalville, South Carolina, 15983",18-24
CUST77059763,Danny Jensen,Female,18,Midwife,Single,"Powellville, Mississippi, 11679",18-24
CUST13863991,Chris Smith,Female,18,"Journalist, magazine",Divorced,"Port Davidville, Arkansas, 72362",18-24
CUST36576560,Mark Aguirre,Other,18,"Engineer, biomedical",Married,"Johnsonside, New Hampshire, 40403",18-24
CUST40654986,William Golden,Other,18,Architect,Single,"Chelseafurt, Texas, 05320",18-24
CUST22335197,Cassandra Jackson,Male,18,Ranger/warden,Married,"Jeffersonland, Florida, 88916",18-24
CUST94262195,Mercedes Houston,Female,18,Child psychotherapist,Divorced,"Marcusmouth, South Carolina, 86583",18-24
CUST63362256,Gerald Lawrence,Other,18,Farm manager,Married,"Patrickland, Virginia, 75286",18-24
CUST17737767,Anna Johnson,Other,18,Patent attorney,Widowed,"East Patricia, Vermont, 65559",18-24
CUST32788367,Lisa Graham,Female,18,Games developer,Divorced,"East John, California, 14776",18-24
CUST76917791,John Livingston,Female,18,"Doctor, general practice",Married,"Donnaborough, Idaho, 66881",18-24
CUST93910585,Andrea Miller,Female,18,Musician,Married,"North Aaronmouth, Wyoming, 57669",18-24
CUST69199405,Kara Baker,Male,18,Animal technologist,Single,"Youngport, Kansas, 95314",18-24
CUST74243218,Amanda Delacruz,Other,18,Chief Marketing Officer,Married,"Lake Henry, Rhode Island, 38326",18-24
CUST81996742,Brian Evans,Other,18,Research scientist (physical sciences),Married,"Montgomeryport, Utah, 31680",18-24
CUST30216438,Jeffrey Williams,Male,18,Historic buildings inspector/conservation officer,Widowed,"New Arielberg, Utah, 42205",18-24
CUST22847625,Barry Drake,Male,18,"Nurse, children's",Divorced,"Brooksport, California, 49902",18-24
CUST51227667,Kim Hernandez,Male,18,"Therapist, occupational",Married,"Stevenville, Pennsylvania, 34446",18-24
CUST74177262,Jeffery Lewis,Male,18,Quarry manager,Widowed,"Christinaton, Illinois, 21948",18-24
CUST78602331,Douglas Reed,Female,18,Historic buildings inspector/conservation officer,Single,"North Aliciaside, New Mexico, 93611",18-24
CUST39036444,Madison Watkins,Female,18,Advertising art director,Married,"New Nicholas, Nebraska, 76845",18-24
CUST26607486,Christopher Romero,Other,18,Archaeologist,Single,"Lake Melindafurt, Montana, 16337",18-24
CUST84681832,Amy Allen,Other,18,Mechanical engineer,Divorced,"New Jeffreybury, Wyoming, 21497",18-24
CUST94432521,Nathaniel Coffey,Female,18,Police officer,Married,"Millerburgh, Minnesota, 81900",18-24
CUST44416294,Ashley Norris,Other,18,"Surveyor, rural practice",Divorced,"Maryview, Texas, 24004",18-24
CUST40584372,Andrew Brady,Female,18,Oceanographer,Married,"New Roberthaven, North Dakota, 31908",18-24
CUST03374811,Sheena Klein,Female,18,Physiotherapist,Married,"Lake Susanmouth, Pennsylvania, 85285",18-24
CUST94208610,Felicia Harper,Other,18,Public affairs consultant,Divorced,"Lake Thomas, Vermont, 03484",18-24
CUST18243812,Joseph Miller,Female,18,Mechanical engineer,Widowed,"Lake Lisa, Alaska, 38121",18-24
CUST28638399,Crystal Johnson,Female,18,"Psychologist, forensic",Widowed,"Jenniferview, Oklahoma, 64328",18-24
CUST56006203,Lindsay Rodriguez,Other,18,Multimedia specialist,Married,"South Christopher, Wyoming, 35102",18-24
CUST09832061,Kathryn Hardy,Female,18,Chiropodist,Married,"Theresatown, Connecticut, 51495",18-24
CUST90764307,Dennis Warner,Other,18,"Scientist, research (medical)",Single,"Christinechester, Michigan, 80300",18-24
CUST04695158,Ronald Cline,Female,18,Retail manager,Divorced,"Vincentville, New Hampshire, 85144",18-24
CUST90447392,Susan Price PhD,Other,18,Field seismologist,Married,"New Jack, Washington, 93474",18-24
CUST47821240,Nina Reyes,Other,18,"Surveyor, building control",Widowed,"East Robert, Texas, 38517",18-24
CUST73141277,Debbie Lewis,Other,18,Exhibition designer,Married,"West Seth, Wisconsin, 56895",18-24
CUST54167728,Alicia Collins,Other,18,"Designer, multimedia",Married,"Kevinview, Michigan, 35998",18-24
CUST05440655,Kevin Turner,Female,18,Retail buyer,Married,"Port Eric, North Carolina, 01740",18-24
CUST02205321,Ashley Martin,Male,18,Environmental education officer,Widowed,"Floydmouth, Colorado, 48430",18-24
CUST96724886,Sarah Murray,Female,18,Commercial art gallery manager,Married,"East Kyle, Minnesota, 55199",18-24
