Payment ID,Date of Payment,Amount Paid,Payment Method,Payment Status,Policy ID
PAY00503494,2024-02-16,1121.13,Cash,Successful,POL09901587
PAY78887551,2023-01-19,1420.69,Bank Transfer,Successful,POL73324138
PAY14700139,2023-07-31,490.76,Cash,Successful,POL71278302
PAY00915248,2022-04-07,1150.59,Cash,Failed,POL24753734
PAY94123626,2022-08-05,1490.26,Cash,Failed,POL18290935
PAY53415430,2024-09-05,1318.96,Credit Card,Failed,POL98372511
PAY84843365,2023-09-18,158.43,Cash,Failed,POL20843719
PAY97836039,2023-09-27,994.21,Credit Card,Failed,POL03845436
PAY65075228,2023-02-08,233.3,Bank Transfer,Successful,POL70775475
PAY17334868,2024-06-14,176.91,Bank Transfer,Failed,POL23603808
PAY39650460,2022-12-08,513.88,Cash,Failed,POL52535973
PAY81033711,2024-09-10,380.15,Credit Card,Failed,POL52256054
PAY23131064,2024-08-26,885.34,Credit Card,Failed,POL10285665
PAY61404327,2022-09-11,476.34,Bank Transfer,Failed,POL04601577
PAY70078321,2022-02-22,1296.45,Cash,Failed,POL93399992
PAY46848057,2022-05-17,129.52,Bank Transfer,Failed,POL30420925
PAY71647365,2024-02-05,663.46,Credit Card,Successful,POL65725229
PAY44865582,2024-01-25,452.98,Cash,Successful,POL06989593
PAY38998359,2024-04-11,777.54,Credit Card,Successful,POL39585916
PAY72241449,2022-02-05,102.79,Credit Card,Failed,POL79940322
PAY87905940,2024-11-19,1423.5,Cash,Successful,POL99941160
PAY04724076,2022-05-30,418.47,Bank Transfer,Failed,POL56060343
PAY12613104,2022-03-05,1154.16,Credit Card,Failed,POL93664406
PAY77543077,2024-12-16,1276.35,Bank Transfer,Successful,POL03123237
PAY47346394,2024-07-06,908.13,Bank Transfer,Failed,POL93775978
PAY55889575,2022-03-19,1099.68,Credit Card,Failed,POL23778009
PAY23205278,2023-01-01,728.14,Bank Transfer,Failed,POL21956809
PAY95814567,2023-04-02,1263.27,Cash,Successful,POL67043142
PAY50561125,2022-12-15,1165.26,Bank Transfer,Failed,POL81192447
PAY69438502,2022-03-14,1234.66,Bank Transfer,Successful,POL98385553
PAY29494840,2024-05-01,742.54,Bank Transfer,Failed,POL45444901
PAY35834324,2024-04-01,228.02,Bank Transfer,Failed,POL06119117
PAY31440664,2023-03-30,265.76,Bank Transfer,Successful,POL70483793
PAY25455131,2023-01-08,943.53,Credit Card,Successful,POL46961879
PAY38353271,2023-01-13,730.38,Bank Transfer,Failed,POL30619857
PAY21574684,2022-10-04,829.54,Credit Card,Failed,POL78045083
PAY02564038,2024-08-03,842.11,Cash,Successful,POL39337647
PAY42202633,2023-02-14,716.2,Credit Card,Failed,POL18021070
PAY97878598,2023-03-29,60.33,Cash,Failed,POL76750122
PAY92981765,2024-10-22,476.82,Credit Card,Successful,POL66073787
PAY04936308,2023-03-18,575.64,Bank Transfer,Failed,POL80170716
PAY50872609,2023-06-01,248.9,Bank Transfer,Successful,POL27717636
PAY90324234,2023-07-01,976.14,Credit Card,Failed,POL68917134
PAY59444329,2024-02-24,1300.04,Credit Card,Failed,POL38116452
PAY61476184,2024-05-21,366.41,Cash,Successful,POL83352802
PAY87777836,2023-01-25,482.64,Credit Card,Successful,POL91109221
PAY43986423,2022-01-05,622.9,Bank Transfer,Failed,POL69907310
PAY36108756,2022-05-19,1111.71,Cash,Failed,POL35855900
PAY41543920,2022-12-05,673.14,Cash,Failed,POL74728288
PAY19766369,2024-04-23,1351.89,Cash,Successful,POL79918238
PAY19966051,2021-12-28,855.26,Bank Transfer,Successful,POL53156329
PAY95964937,2023-02-03,122.78,Bank Transfer,Successful,POL20662516
PAY43394679,2022-11-30,708.29,Cash,Failed,POL15506424
PAY93695049,2022-04-20,587.51,Bank Transfer,Successful,POL68885255
PAY78326009,2023-09-24,1101.83,Credit Card,Successful,POL69146247
PAY20946748,2022-09-04,873.25,Credit Card,Failed,POL33853949
PAY98224577,2024-06-07,153.74,Credit Card,Failed,POL98320101
PAY57044240,2024-03-08,735.24,Bank Transfer,Successful,POL88240464
PAY16009231,2023-11-13,1256.68,Bank Transfer,Failed,POL72738203
PAY73687982,2024-04-01,643.25,Bank Transfer,Failed,POL63841611
PAY79066960,2023-03-27,300,Cash,Successful,POL98385553
PAY60341804,2023-12-31,1437.08,Bank Transfer,Successful,POL19972510
PAY17957034,2022-02-10,746.62,Bank Transfer,Failed,POL97266170
PAY81138084,2024-05-08,655.14,Credit Card,Failed,POL55078458
PAY60576294,2024-11-28,938.45,Bank Transfer,Successful,POL63461298
PAY19253746,2022-01-16,773.61,Bank Transfer,Failed,POL80129143
PAY83114509,2024-11-23,1404.96,Bank Transfer,Successful,POL06449689
PAY02232582,2024-01-11,554.07,Bank Transfer,Successful,POL43758168
PAY58408652,2024-08-22,352.94,Cash,Successful,POL88017939
PAY60794812,2022-04-21,340.29,Credit Card,Failed,POL27444083
PAY00363013,2022-06-24,1199.23,Bank Transfer,Successful,POL10754194
PAY66695180,2022-07-03,588.58,Credit Card,Successful,POL28656372
PAY75032532,2022-10-21,1216.4,Bank Transfer,Successful,POL58266398
PAY09416544,2024-09-28,762.4,Credit Card,Failed,POL11516583
PAY13772937,2023-11-29,1091.85,Bank Transfer,Failed,POL04691373
PAY85507710,2023-06-23,110.15,Credit Card,Successful,POL94564854
PAY62337683,2024-10-19,992.28,Credit Card,Failed,POL96274415
PAY46347920,2023-04-06,213.16,Cash,Failed,POL33832316
PAY26392516,2023-05-05,1183.44,Cash,Failed,POL31533848
PAY15542110,2022-06-24,1359.07,Cash,Failed,POL86478823
PAY66206871,2022-11-17,700.58,Bank Transfer,Failed,POL76932868
PAY92930006,2024-11-19,499.21,Bank Transfer,Successful,POL06565717
PAY40050279,2022-05-10,1346.81,Credit Card,Failed,POL36666009
PAY76363350,2023-07-18,1121.18,Bank Transfer,Failed,POL08111147
PAY53745015,2023-02-03,969.36,Cash,Failed,POL45081491
PAY70064579,2024-05-25,1454.96,Cash,Failed,POL63694348
PAY99113645,2022-08-22,1249.75,Bank Transfer,Successful,POL21822034
PAY96226115,2023-05-08,164.93,Cash,Successful,POL13070623
PAY22141953,2023-12-31,1083.47,Bank Transfer,Successful,POL62149179
PAY03568278,2022-03-26,152.09,Credit Card,Failed,POL83258516
PAY07803986,2023-06-08,1154.73,Credit Card,Successful,POL32140351
PAY65298430,2023-12-02,1167.52,Bank Transfer,Failed,POL02312997
PAY96143715,2024-04-05,707.12,Cash,Failed,POL78513544
PAY70409269,2022-02-01,1069.85,Bank Transfer,Failed,POL03845436
PAY90114481,2022-03-23,616.77,Bank Transfer,Failed,POL01681251
PAY35235538,2022-03-14,989.86,Credit Card,Successful,POL34373487
PAY25116857,2023-12-16,1399.78,Cash,Failed,POL88351498
PAY36577326,2024-11-12,676.78,Credit Card,Failed,POL52938288
PAY03768212,2024-01-22,1217.15,Credit Card,Failed,POL45153648
PAY76124418,2022-09-13,1376.39,Cash,Successful,POL96583337
PAY93236596,2024-10-07,250.31,Bank Transfer,Successful,POL16680260
PAY87852335,2022-11-04,221.67,Cash,Successful,POL67510645
PAY98406274,2022-05-16,795.63,Credit Card,Failed,POL83116097
PAY54515029,2022-04-09,1391.88,Credit Card,Failed,POL15948540
PAY07229877,2022-02-21,1483.26,Credit Card,Failed,POL08764986
PAY05750407,2023-06-15,880,Credit Card,Successful,POL78499068
PAY26127195,2023-03-28,355.41,Cash,Successful,POL18608877
PAY56228408,2023-01-17,1012.14,Cash,Successful,POL34306249
PAY11164056,2022-02-25,970.43,Cash,Successful,POL09886051
PAY89311147,2023-09-20,1043.18,Cash,Successful,POL11682509
PAY38564214,2024-07-10,1314.08,Cash,Successful,POL69691492
PAY71439803,2023-08-30,360.59,Cash,Successful,POL92865559
PAY84220599,2024-03-29,798.56,Credit Card,Failed,POL34108237
PAY52475564,2022-11-06,1244.04,Bank Transfer,Failed,POL92351882
PAY58092382,2022-07-13,933.54,Cash,Successful,POL13704102
PAY50986431,2023-11-18,1165.22,Cash,Failed,POL39531025
PAY07477603,2023-04-05,823.12,Credit Card,Successful,POL38182158
PAY30707673,2023-10-03,515.16,Cash,Successful,POL85450794
PAY52711719,2023-06-19,711.03,Credit Card,Successful,POL55315698
PAY96135803,2022-08-07,618.38,Bank Transfer,Successful,POL86299537
PAY87806837,2023-08-22,62.25,Cash,Successful,POL41657581
PAY28080391,2023-03-04,620.51,Credit Card,Failed,POL00874992
PAY37365093,2023-12-13,1283.9,Credit Card,Successful,POL00228879
PAY31559747,2023-08-24,1318.94,Bank Transfer,Successful,POL33352305
PAY82091623,2022-03-19,1331.66,Bank Transfer,Failed,POL39644432
PAY85611452,2023-09-05,1475.58,Bank Transfer,Failed,POL91208117
PAY91287391,2023-12-20,330.62,Bank Transfer,Successful,POL96578326
PAY48314485,2023-10-23,951.85,Cash,Successful,POL94568655
PAY39368200,2024-08-24,1127.03,Cash,Successful,POL69146247
PAY82926844,2023-01-26,820.4,Bank Transfer,Failed,POL89387677
PAY55647203,2024-03-28,485.48,Bank Transfer,Failed,POL96023706
PAY21269372,2022-11-24,969.29,Bank Transfer,Failed,POL02336146
PAY13105314,2023-06-22,404.06,Cash,Successful,POL74477795
PAY72425798,2024-03-21,538.19,Cash,Failed,POL31461864
PAY74738263,2022-09-07,761.45,Bank Transfer,Successful,POL45751576
PAY42094573,2024-05-22,902.76,Cash,Successful,POL58855449
PAY62526371,2023-09-24,1488.48,Bank Transfer,Successful,POL30351443
PAY92082696,2023-07-29,628.95,Bank Transfer,Failed,POL65528035
PAY03039403,2022-06-20,1419.11,Credit Card,Successful,POL12925982
PAY36605213,2022-12-22,215.78,Cash,Successful,POL70698520
PAY82892888,2023-11-11,1308.86,Bank Transfer,Failed,POL23203391
PAY56010076,2023-10-22,595.11,Cash,Failed,POL28853856
PAY88286709,2022-10-14,798.59,Credit Card,Successful,POL54824622
PAY32731847,2024-03-04,870.66,Cash,Successful,POL86234151
PAY72552360,2024-09-30,611.3,Credit Card,Failed,POL82016751
PAY83773684,2022-11-06,1068.51,Cash,Successful,POL14385172
PAY57436817,2024-10-16,667.79,Bank Transfer,Failed,POL99568401
PAY14985955,2024-03-21,1185.95,Credit Card,Failed,POL02004502
PAY96159971,2023-03-01,1308.12,Credit Card,Failed,POL89539607
PAY16211133,2023-04-25,1445.57,Cash,Successful,POL83650350
PAY46006800,2022-12-10,1283.01,Bank Transfer,Successful,POL69068296
PAY22193714,2023-03-18,1211.44,Cash,Failed,POL33049382
PAY12532938,2022-02-27,992.38,Credit Card,Successful,POL65664761
PAY40933801,2024-06-25,1081.1,Bank Transfer,Failed,POL15165645
PAY64924577,2024-02-15,658.31,Credit Card,Successful,POL84549394
PAY83300750,2024-07-18,1077.02,Cash,Successful,POL09884871
PAY90259742,2024-08-24,55.44,Cash,Successful,POL19823419
PAY16906069,2023-12-02,1460.45,Cash,Successful,POL35891090
PAY77762866,2024-03-29,308.26,Bank Transfer,Failed,POL55857160
PAY06600629,2024-03-11,364.41,Bank Transfer,Failed,POL24131589
PAY01366714,2021-12-23,973.22,Cash,Successful,POL13181341
PAY03214505,2024-07-15,1386.67,Credit Card,Failed,POL21893654
PAY13035822,2024-12-12,1335.23,Cash,Successful,POL31194577
PAY98460564,2024-06-02,1005.17,Bank Transfer,Successful,POL54348718
PAY79042841,2023-03-02,785.22,Cash,Failed,POL43533359
PAY13776972,2023-02-25,1320.08,Credit Card,Failed,POL75806090
PAY53643402,2022-06-29,465.79,Cash,Failed,POL09607120
PAY54163715,2022-01-31,897.34,Bank Transfer,Successful,POL81473954
PAY99613031,2022-06-09,1211.08,Bank Transfer,Failed,POL85357404
PAY09212278,2022-03-03,584.73,Credit Card,Failed,POL68099694
PAY24120373,2023-11-20,1251.77,Cash,Successful,POL17436318
PAY43153681,2022-12-29,727.28,Bank Transfer,Failed,POL61445310
PAY91410832,2024-09-28,975,Bank Transfer,Failed,POL25998313
PAY23682900,2024-01-10,1031.25,Credit Card,Failed,POL65284354
PAY61550970,2023-12-10,100.83,Credit Card,Failed,POL11657273
PAY71855954,2024-07-12,807.22,Cash,Successful,POL79051924
PAY32301407,2024-07-16,1479.54,Cash,Successful,POL35077867
PAY76132318,2024-06-17,1134.9,Cash,Failed,POL31729294
PAY95643662,2023-06-30,986.39,Bank Transfer,Failed,POL47598430
PAY49370163,2023-10-18,216.24,Cash,Failed,POL88776548
PAY46406752,2022-05-30,714.96,Cash,Failed,POL43684594
PAY98634188,2024-08-13,919.58,Credit Card,Failed,POL86552601
PAY50661024,2023-10-19,1248.05,Cash,Failed,POL37412181
PAY58994098,2022-11-17,1213.24,Cash,Successful,POL96802208
PAY54976039,2023-08-17,1100.39,Credit Card,Successful,POL29892884
PAY48576029,2024-11-06,1477.76,Bank Transfer,Failed,POL11213350
PAY82390971,2023-05-25,1192.82,Credit Card,Successful,POL79145337
PAY71523073,2022-03-15,875.88,Bank Transfer,Failed,POL21241927
PAY07129426,2024-01-19,744.06,Cash,Failed,POL88177917
PAY53277943,2022-01-16,1264.67,Bank Transfer,Successful,POL31936663
PAY38207761,2024-01-02,980.03,Bank Transfer,Failed,POL91301507
PAY89744174,2022-11-27,655.45,Bank Transfer,Successful,POL82520665
PAY17721134,2022-01-05,864.54,Cash,Failed,POL02648001
PAY64662538,2022-07-14,1236.6,Credit Card,Failed,POL93648130
PAY29558755,2022-11-20,677.93,Credit Card,Successful,POL98433170
PAY07801515,2023-12-09,1361.21,Cash,Failed,POL23599244
PAY69709669,2023-10-09,337.98,Credit Card,Failed,POL89182008
PAY75020726,2022-03-17,1004.39,Credit Card,Failed,POL04101668
PAY59217270,2022-01-28,832.14,Credit Card,Successful,POL17206182
PAY93349893,2022-04-15,184.31,Cash,Successful,POL68879274
PAY96261555,2023-06-22,595.66,Bank Transfer,Failed,POL76734987
PAY18274740,2023-10-18,609.16,Cash,Failed,POL34621999
PAY57535748,2023-07-31,378.06,Cash,Successful,POL16254654
PAY70944236,2023-08-30,677.83,Cash,Successful,POL99602250
PAY76035874,2024-03-23,864.16,Cash,Successful,POL87600552
PAY40661323,2024-04-16,1287.74,Credit Card,Successful,POL26112372
PAY13711651,2023-05-14,1364.44,Bank Transfer,Failed,POL98940145
PAY04486553,2023-09-10,942.93,Bank Transfer,Failed,POL81378407
PAY78479290,2022-10-12,239.1,Credit Card,Successful,POL40288131
PAY71414816,2024-03-19,1388.33,Bank Transfer,Failed,POL22946424
PAY25031732,2023-11-24,1040.8,Bank Transfer,Failed,POL88647419
PAY39642442,2023-08-27,975.73,Bank Transfer,Successful,POL66984423
PAY79333766,2024-07-19,1234.18,Bank Transfer,Failed,POL44476991
PAY02765895,2024-10-17,1350.45,Cash,Failed,POL87625141
PAY13508448,2023-08-03,1183.36,Credit Card,Failed,POL93447913
PAY37041680,2022-09-27,1406.35,Cash,Successful,POL64386769
PAY13302535,2024-05-07,275.5,Credit Card,Successful,POL75784905
PAY24808575,2023-02-26,1154.12,Bank Transfer,Failed,POL06543318
PAY19531576,2023-01-27,1213.31,Bank Transfer,Failed,POL29315631
PAY47679388,2023-01-01,70.35,Cash,Successful,POL25507617
PAY31718493,2022-12-23,71.15,Credit Card,Successful,POL12964771
PAY53248348,2022-09-01,836.54,Cash,Failed,POL10592751
PAY35485347,2023-10-21,1171.99,Bank Transfer,Successful,POL95336212
PAY32221134,2023-11-11,312.65,Cash,Successful,POL24466673
PAY32580582,2022-03-24,306.32,Bank Transfer,Failed,POL20175576
PAY67077723,2022-11-16,682.51,Credit Card,Successful,POL63838195
PAY20944059,2023-03-16,66.55,Cash,Successful,POL17801092
PAY12651123,2022-03-26,497.09,Bank Transfer,Failed,POL76989054
PAY45673239,2022-09-24,217.73,Cash,Successful,POL34042376
PAY44759955,2023-04-03,1039.25,Cash,Successful,POL48112744
PAY57434460,2024-05-05,310.58,Cash,Successful,POL39701482
PAY50375777,2023-01-30,1342.91,Bank Transfer,Failed,POL46303313
PAY05082589,2024-07-20,832.71,Cash,Failed,POL38583909
PAY37479545,2022-07-27,737.35,Cash,Successful,POL98348434
PAY89079939,2022-09-29,179.8,Bank Transfer,Successful,POL25617891
PAY76032399,2024-10-09,931.69,Bank Transfer,Successful,POL68966328
PAY69447355,2024-11-22,750.97,Cash,Failed,POL01267201
PAY29441732,2024-01-05,821.32,Cash,Successful,POL79310767
PAY38929096,2023-01-06,1473.86,Bank Transfer,Successful,POL01356668
PAY86741971,2022-06-27,497.52,Cash,Failed,POL64188394
PAY26628620,2023-05-10,570.52,Cash,Successful,POL83845394
PAY30887883,2022-04-07,1448.29,Credit Card,Successful,POL40546562
PAY27307038,2023-06-18,381.01,Credit Card,Successful,POL23203391
PAY47572215,2024-01-16,1463.42,Credit Card,Failed,POL74597020
PAY40437712,2023-06-30,198.51,Bank Transfer,Failed,POL61913458
PAY81676243,2023-12-15,544.5,Bank Transfer,Successful,POL54524104
PAY04055848,2023-07-15,1057.23,Cash,Successful,POL66952651
PAY51680287,2024-08-17,1310.95,Bank Transfer,Successful,POL91121585
PAY38467490,2024-06-13,80.59,Credit Card,Successful,POL61062551
PAY63321375,2023-02-21,1334.87,Bank Transfer,Failed,POL86299537
PAY16159584,2024-08-08,1310.97,Credit Card,Failed,POL88709617
PAY74865622,2022-01-24,1350.43,Cash,Failed,POL43397255
PAY64162293,2024-05-10,948.01,Credit Card,Successful,POL84360532
PAY98034301,2023-04-09,441.79,Cash,Failed,POL07383816
PAY31296442,2023-10-23,725.2,Cash,Successful,POL06557000
PAY95090459,2022-07-08,1034.15,Credit Card,Failed,POL96832435
PAY83826881,2023-06-01,950.65,Cash,Successful,POL52134760
PAY96720869,2023-11-06,595.34,Cash,Failed,POL13931730
PAY18307090,2024-06-05,744.02,Bank Transfer,Failed,POL68532142
PAY46238103,2023-11-26,793.67,Cash,Successful,POL95524303
PAY75776099,2024-04-06,469.23,Credit Card,Successful,POL69557850
PAY60730693,2022-05-23,1151.92,Cash,Failed,POL30563403
PAY15475792,2022-03-14,419.34,Credit Card,Failed,POL35769314
PAY93991175,2023-02-24,771.45,Credit Card,Failed,POL93399992
PAY19470718,2022-01-29,613.37,Bank Transfer,Successful,POL93327871
PAY29820332,2023-02-26,1411.1,Cash,Failed,POL93504222
PAY74335619,2023-09-30,1083.55,Credit Card,Failed,POL21020862
PAY75895858,2022-11-30,574.54,Credit Card,Successful,POL46201776
PAY70424863,2022-04-28,783.53,Bank Transfer,Successful,POL31856502
PAY14609864,2022-12-06,852.11,Bank Transfer,Failed,POL45309482
PAY51524295,2023-10-13,1176.72,Cash,Successful,POL77188684
PAY64614220,2023-06-12,330.49,Bank Transfer,Failed,POL83057308
PAY11951343,2024-02-04,1481.27,Bank Transfer,Successful,POL11532182
PAY83476182,2024-09-20,72.32,Cash,Failed,POL12305734
PAY63812408,2024-02-24,1434.02,Credit Card,Failed,POL26293582
PAY68033040,2022-12-07,1260.51,Cash,Successful,POL87381995
PAY46783052,2023-08-21,244.75,Bank Transfer,Failed,POL39271824
PAY16624909,2022-02-17,1423.17,Bank Transfer,Successful,POL32721241
PAY59080756,2023-07-27,716.29,Credit Card,Failed,POL40441861
PAY62705828,2023-04-26,643.6,Credit Card,Failed,POL53374047
PAY12936513,2022-07-09,903.43,Bank Transfer,Failed,POL29803500
PAY18888213,2024-10-08,632.17,Bank Transfer,Failed,POL20321964
PAY17591952,2024-01-12,905.82,Bank Transfer,Failed,POL05159511
PAY50016007,2023-08-28,992.96,Bank Transfer,Failed,POL92491659
PAY59993149,2024-02-03,109.34,Cash,Failed,POL91672539
PAY12916761,2024-11-29,210.4,Cash,Successful,POL54750482
PAY04351482,2022-05-12,1327.92,Credit Card,Failed,POL46853221
PAY21701209,2022-05-11,189.54,Cash,Successful,POL78823556
PAY84247190,2024-06-21,754.13,Credit Card,Successful,POL77366966
PAY55276943,2024-03-23,1448.65,Bank Transfer,Successful,POL17357252
PAY92017050,2022-08-21,144.67,Cash,Failed,POL82064166
PAY73267695,2023-06-15,213.87,Credit Card,Failed,POL14768104
PAY47697390,2023-03-08,1306.99,Cash,Failed,POL21533048
PAY97388548,2024-04-09,322.04,Bank Transfer,Failed,POL97881363
PAY48273422,2023-06-10,900.23,Cash,Successful,POL38588789
PAY80675129,2022-09-01,1317.36,Credit Card,Failed,POL59607702
PAY33489157,2023-04-24,1190.71,Credit Card,Failed,POL20597369
PAY02122166,2022-10-28,454.2,Credit Card,Failed,POL69129432
PAY09996932,2023-11-17,1441.47,Credit Card,Failed,POL40860073
PAY82494891,2023-06-13,515.93,Cash,Failed,POL25662324
PAY93243435,2022-03-01,1259.5,Cash,Failed,POL31936663
PAY36709004,2024-03-31,928.61,Bank Transfer,Successful,POL89376913
PAY96417144,2022-06-25,429.36,Cash,Failed,POL10008915
PAY58259878,2023-05-27,783.89,Bank Transfer,Failed,POL10223827
PAY90237545,2023-03-28,465.73,Cash,Failed,POL01033936
PAY45874159,2022-11-14,1414.39,Credit Card,Successful,POL42192806
PAY89514239,2024-11-07,380.55,Credit Card,Successful,POL45394277
PAY64039492,2024-08-03,674.88,Credit Card,Successful,POL37551406
PAY31379978,2022-12-28,765.74,Cash,Successful,POL87381995
PAY03983765,2023-01-20,694.37,Cash,Successful,POL91672539
PAY45156546,2022-04-19,1041.72,Credit Card,Failed,POL07946398
PAY73951818,2024-07-02,1054.81,Credit Card,Successful,POL47001205
PAY42000122,2022-06-22,1249,Credit Card,Successful,POL09615361
PAY24520197,2024-03-21,401.8,Credit Card,Failed,POL25392096
PAY65562283,2023-04-14,1011.8,Credit Card,Failed,POL36528332
PAY34122657,2024-05-31,781.64,Credit Card,Successful,POL92865559
PAY37636384,2023-06-23,1440.36,Bank Transfer,Failed,POL11532182
PAY71165313,2023-10-12,1207.37,Credit Card,Successful,POL67510645
PAY69943565,2022-01-25,140.71,Credit Card,Failed,POL33832316
PAY27586976,2022-12-19,246.55,Bank Transfer,Successful,POL54524104
PAY71768541,2022-09-23,852.89,Cash,Failed,POL53051476
PAY97479258,2022-04-03,1172.84,Credit Card,Failed,POL04448150
PAY23652325,2024-04-04,1322.98,Bank Transfer,Failed,POL60030374
PAY90334487,2023-08-03,737.28,Credit Card,Successful,POL88871637
PAY72648149,2022-10-01,1384.09,Credit Card,Failed,POL93532453
PAY89310578,2022-02-09,951.39,Credit Card,Failed,POL98989117
PAY75931416,2022-01-04,631.2,Credit Card,Successful,POL98972486
PAY09664664,2024-04-01,1474.81,Cash,Successful,POL66183736
PAY45403010,2021-12-23,1238.53,Cash,Failed,POL91532160
PAY98502713,2022-12-12,1203.92,Cash,Failed,POL14393103
PAY64922038,2022-12-31,1166.61,Cash,Failed,POL81122472
PAY33073571,2023-05-04,1069.63,Bank Transfer,Successful,POL56170272
PAY65663071,2023-07-07,1242.85,Bank Transfer,Failed,POL37801835
PAY47187177,2023-05-27,1493,Bank Transfer,Failed,POL04129775
PAY74364578,2023-12-29,1041.25,Bank Transfer,Successful,POL35541554
PAY96630141,2024-03-12,436.07,Credit Card,Failed,POL03499634
PAY95076380,2022-08-03,163.13,Cash,Failed,POL78176386
PAY50759997,2023-11-12,1347.98,Cash,Failed,POL71437971
PAY66202740,2024-12-09,300.73,Bank Transfer,Successful,POL07094060
PAY73332008,2023-02-24,885.19,Cash,Successful,POL71239767
PAY38412866,2024-06-08,946.6,Credit Card,Failed,POL66670427
PAY68237780,2023-09-13,596.81,Bank Transfer,Successful,POL63114558
PAY24677204,2022-07-12,470.69,Credit Card,Failed,POL23599244
PAY62336446,2024-09-20,1379.88,Bank Transfer,Successful,POL19165656
PAY21195634,2022-02-16,1256.63,Cash,Successful,POL83845394
PAY00042428,2022-12-20,1456.94,Bank Transfer,Failed,POL26638176
PAY12818279,2024-12-05,901.65,Credit Card,Successful,POL69546989
PAY52080192,2024-11-01,753.38,Cash,Successful,POL96194303
PAY05468546,2024-02-29,1403.8,Credit Card,Failed,POL47630985
PAY05669055,2022-11-05,641.71,Credit Card,Successful,POL12273521
PAY38756066,2023-11-12,163.33,Cash,Successful,POL32232315
PAY20731361,2022-11-29,1152.28,Credit Card,Successful,POL89850916
PAY81893411,2023-09-12,568.9,Credit Card,Successful,POL29470118
PAY83550357,2022-06-27,1140.83,Cash,Successful,POL09390236
PAY97683456,2024-06-18,1122.7,Cash,Failed,POL29315631
PAY29123645,2022-11-16,374.26,Credit Card,Successful,POL17982019
PAY25395155,2022-04-07,1228.3,Cash,Successful,POL16834109
PAY72802507,2024-08-17,1118.61,Cash,Failed,POL07841878
PAY86594261,2022-08-02,1166.96,Credit Card,Failed,POL27482488
PAY04448815,2021-12-23,84.16,Bank Transfer,Failed,POL95836164
PAY57132552,2022-07-05,293.32,Credit Card,Successful,POL09750798
PAY94296694,2023-03-03,1248.31,Cash,Failed,POL88672866
PAY74267466,2022-02-07,897.07,Cash,Successful,POL07094060
PAY83158533,2023-01-07,885.3,Cash,Successful,POL32660341
PAY20838585,2022-11-07,456.18,Cash,Successful,POL23057519
PAY62511207,2023-04-30,892.67,Cash,Failed,POL57676193
PAY37203091,2022-04-12,1012.13,Cash,Failed,POL13559855
PAY28611884,2022-04-22,114.6,Credit Card,Failed,POL19011462
PAY07670253,2024-10-09,129.34,Credit Card,Successful,POL57578050
PAY72914993,2022-07-02,884.4,Bank Transfer,Failed,POL88048338
PAY87339404,2022-11-16,129,Bank Transfer,Successful,POL64858473
PAY28625995,2022-11-07,1117.72,Bank Transfer,Failed,POL88411869
PAY08462822,2023-01-06,735.72,Bank Transfer,Failed,POL32646006
PAY92437940,2024-01-02,1040.77,Bank Transfer,Successful,POL57116310
PAY04045596,2023-06-09,172.47,Cash,Failed,POL92386046
PAY52364491,2022-10-06,1305.58,Bank Transfer,Successful,POL48245779
PAY72858448,2023-03-11,145.85,Credit Card,Successful,POL27372206
PAY28453114,2023-05-01,948.09,Bank Transfer,Failed,POL73147278
PAY25687609,2022-02-25,1076.17,Bank Transfer,Failed,POL32410068
PAY09436829,2023-03-18,1478.94,Credit Card,Failed,POL25823193
PAY39495224,2023-11-19,221.78,Bank Transfer,Failed,POL09338514
PAY01419335,2022-06-18,1087.26,Cash,Successful,POL30181067
PAY98290390,2022-05-03,139.91,Cash,Failed,POL47001205
PAY94241379,2023-07-05,369.77,Credit Card,Failed,POL12199855
PAY09968115,2024-06-23,373.6,Bank Transfer,Successful,POL54078734
PAY09540325,2023-08-21,1181.3,Bank Transfer,Failed,POL23666757
PAY80557586,2023-07-06,1313.78,Cash,Failed,POL40877445
PAY32735187,2024-08-13,1154.91,Cash,Failed,POL54226110
PAY81469258,2024-01-07,80.52,Cash,Failed,POL07768534
PAY18712219,2023-04-27,495.16,Bank Transfer,Successful,POL60130664
PAY67155725,2022-01-11,1064.02,Cash,Successful,POL98975002
PAY10570166,2024-06-12,1430.36,Bank Transfer,Failed,POL24466673
PAY36045832,2023-10-20,728.67,Cash,Successful,POL92547677
PAY92540957,2022-06-14,83.41,Bank Transfer,Failed,POL86559672
PAY02491521,2024-12-11,1409.89,Credit Card,Successful,POL94687907
PAY66423492,2023-12-05,1067.79,Cash,Failed,POL95639941
PAY46669985,2022-01-25,826.37,Bank Transfer,Successful,POL52933183
PAY69211977,2024-05-07,1478.3,Credit Card,Successful,POL81192447
PAY28577909,2023-05-11,1287.44,Credit Card,Successful,POL86878649
PAY09570814,2024-05-17,957.58,Cash,Failed,POL66022914
PAY15782944,2022-08-11,1456.98,Cash,Failed,POL38638977
PAY18024500,2023-09-06,98.67,Credit Card,Failed,POL13813789
PAY12365667,2023-12-09,345.25,Bank Transfer,Failed,POL83165381
PAY61267819,2022-03-14,1292.52,Cash,Failed,POL02313500
PAY17308658,2022-09-16,1188.07,Cash,Failed,POL04612795
PAY50055870,2022-06-14,728.72,Cash,Failed,POL43784976
PAY82131617,2022-10-29,198.24,Cash,Successful,POL91516623
PAY82297830,2024-09-10,1444.91,Credit Card,Successful,POL73793836
PAY16378903,2024-11-05,417.48,Bank Transfer,Successful,POL18546067
PAY75872742,2022-03-09,1147.63,Credit Card,Failed,POL58829430
PAY68655693,2023-11-09,928.55,Credit Card,Successful,POL87102563
PAY44188916,2024-02-26,723.48,Credit Card,Successful,POL33177916
PAY19527187,2022-10-16,1425.57,Bank Transfer,Failed,POL65041637
PAY77811608,2023-06-27,1239.64,Cash,Failed,POL19976069
PAY44411054,2022-07-13,847.62,Bank Transfer,Failed,POL37435643
PAY70255330,2023-03-20,518.5,Credit Card,Successful,POL90628400
PAY54691158,2023-05-07,1272.51,Bank Transfer,Successful,POL75133618
PAY36140200,2022-12-01,172.38,Credit Card,Successful,POL04847102
PAY34085482,2024-07-01,850.54,Credit Card,Failed,POL19957770
PAY51676003,2022-09-28,699.14,Cash,Failed,POL16164633
PAY59978515,2024-01-17,1085.51,Bank Transfer,Successful,POL69702312
PAY84379206,2022-02-07,652.28,Cash,Failed,POL08895135
PAY15169087,2023-04-18,1106.25,Cash,Failed,POL72359932
PAY32341034,2024-03-09,918.39,Credit Card,Successful,POL32150481
PAY89387523,2024-03-04,689.37,Credit Card,Failed,POL79722953
PAY63648293,2023-05-13,188.74,Credit Card,Successful,POL63810929
PAY82607281,2022-11-15,91.93,Bank Transfer,Failed,POL92070714
PAY89600229,2022-12-26,219.64,Bank Transfer,Successful,POL72790503
PAY95723382,2023-07-27,946.09,Cash,Successful,POL72485507
PAY01674523,2023-09-18,51.94,Credit Card,Successful,POL08713900
PAY41278633,2024-05-12,579.41,Cash,Successful,POL21502536
PAY66442522,2022-10-16,1261.37,Cash,Successful,POL91428444
PAY36865544,2022-12-19,1280.45,Cash,Successful,POL42310944
PAY54483929,2023-12-11,300.99,Cash,Failed,POL85106188
PAY61687674,2023-02-26,494.78,Cash,Failed,POL61565089
PAY78511662,2024-04-13,1068.07,Bank Transfer,Successful,POL73952203
PAY98672648,2022-05-12,439.12,Cash,Successful,POL63232424
PAY11222210,2022-05-20,1453.71,Credit Card,Successful,POL99450257
PAY46445341,2023-04-01,482.01,Cash,Successful,POL41321341
PAY57915420,2022-09-03,1380.38,Cash,Successful,POL64674789
PAY36815177,2022-05-20,587.62,Credit Card,Failed,POL94998693
PAY32133839,2022-01-08,978.26,Credit Card,Failed,POL02588835
PAY37710202,2023-04-07,218.54,Cash,Failed,POL03123237
PAY08302266,2023-02-02,589.77,Credit Card,Failed,POL49819394
PAY77302061,2023-04-10,1058.66,Credit Card,Failed,POL66023892
PAY96353424,2024-11-22,731.14,Cash,Successful,POL65886871
PAY14670314,2022-12-25,1007.5,Bank Transfer,Successful,POL83011095
PAY15107833,2023-06-09,761.38,Credit Card,Failed,POL06318068
PAY73792389,2024-09-23,1412.85,Credit Card,Successful,POL38489977
PAY82374228,2024-09-25,586.04,Cash,Failed,POL37801835
PAY02206423,2024-03-01,1092.27,Bank Transfer,Successful,POL84705908
PAY21749069,2023-08-21,269.43,Bank Transfer,Successful,POL01386021
PAY41606496,2024-02-22,849.94,Credit Card,Successful,POL83011095
PAY87959565,2023-05-25,838.46,Credit Card,Failed,POL89915201
PAY30942030,2023-03-11,1031.12,Cash,Failed,POL09045141
PAY70817127,2024-04-20,1205.42,Credit Card,Successful,POL13716373
PAY63457650,2022-05-21,440.34,Credit Card,Failed,POL96567148
PAY02943974,2022-05-27,670.84,Credit Card,Successful,POL95004499
PAY44963660,2023-11-12,428.94,Cash,Failed,POL22934928
PAY41487866,2022-09-27,1361.46,Bank Transfer,Successful,POL30115645
PAY66169734,2022-01-14,1251.09,Credit Card,Failed,POL17801092
PAY39032204,2023-06-15,219.4,Cash,Failed,POL59128367
PAY54378073,2023-05-19,1417.23,Credit Card,Failed,POL89451042
PAY54766170,2024-08-19,735.96,Credit Card,Failed,POL93764594
PAY86206496,2022-04-01,744.18,Cash,Failed,POL75180219
PAY46607532,2024-07-08,1116.22,Credit Card,Failed,POL23499238
PAY18601240,2024-12-10,1246.38,Bank Transfer,Failed,POL59950728
PAY01021395,2023-12-04,430.22,Credit Card,Successful,POL88647419
PAY90081265,2023-01-30,614.41,Cash,Successful,POL86241971
PAY30218859,2023-07-05,1201.62,Credit Card,Failed,POL34270146
PAY24700578,2024-01-11,162.44,Bank Transfer,Failed,POL95376981
PAY40230050,2024-01-14,1054.28,Bank Transfer,Successful,POL56975228
PAY59961479,2023-03-29,750.75,Cash,Failed,POL55604629
PAY18370010,2022-06-13,856.78,Cash,Failed,POL58108694
PAY59703479,2022-06-13,569.27,Cash,Successful,POL10977821
PAY59431509,2022-07-04,771.39,Cash,Successful,POL62665179
PAY08116612,2023-09-10,679.41,Bank Transfer,Successful,POL76724353
PAY58372043,2022-10-05,124.42,Credit Card,Failed,POL02913059
PAY91227520,2023-02-17,310.89,Bank Transfer,Failed,POL32669675
PAY59088614,2022-07-09,723.38,Cash,Failed,POL42310944
PAY41952294,2024-07-03,537.88,Cash,Failed,POL10264853
PAY66824040,2024-09-25,829.83,Bank Transfer,Failed,POL96005181
PAY09763770,2024-11-22,136.8,Credit Card,Successful,POL05159511
PAY30439687,2024-06-01,821.11,Cash,Successful,POL66161034
PAY07083308,2022-05-27,745.22,Cash,Successful,POL07546280
PAY36548411,2023-05-11,191.31,Cash,Successful,POL50614997
PAY99653088,2024-01-14,802.23,Cash,Successful,POL74496346
PAY53927149,2023-08-08,455.12,Cash,Failed,POL61919833
PAY99540339,2023-09-11,276.75,Bank Transfer,Failed,POL84892449
PAY93531156,2024-05-07,1402.67,Cash,Failed,POL49819394
PAY28284203,2024-07-29,1420.98,Credit Card,Failed,POL42519290
PAY87806358,2022-02-13,672.91,Cash,Successful,POL66984423
PAY11234430,2023-06-29,505.41,Cash,Successful,POL90960707
PAY92561342,2023-03-17,589.22,Credit Card,Failed,POL18917162
PAY22705907,2024-03-26,607.4,Bank Transfer,Successful,POL29858612
PAY66885407,2023-04-10,238.46,Cash,Failed,POL59147290
PAY70276421,2024-04-11,633.73,Cash,Failed,POL44633851
PAY28881884,2024-05-17,307.53,Cash,Successful,POL37985546
PAY30919666,2023-05-01,1226.64,Credit Card,Successful,POL60705643
PAY50563744,2022-05-01,705.84,Credit Card,Failed,POL82064166
PAY87609437,2024-08-12,969.48,Credit Card,Failed,POL73225608
PAY56090610,2024-04-15,1289.57,Bank Transfer,Successful,POL18735683
PAY81699979,2024-09-25,1081.42,Bank Transfer,Successful,POL72620502
PAY66647999,2022-06-24,484.58,Cash,Failed,POL32822609
PAY39284497,2024-09-05,355.58,Cash,Successful,POL75284988
PAY63975309,2022-05-28,256.03,Cash,Failed,POL06082159
PAY19981675,2023-05-02,919.73,Bank Transfer,Failed,POL47766482
PAY43057438,2024-01-19,253.44,Bank Transfer,Failed,POL16668072
PAY06993018,2024-09-11,1137,Cash,Failed,POL24807912
PAY88880505,2023-12-13,209.13,Cash,Failed,POL34332950
PAY97003643,2023-07-23,1467.79,Cash,Successful,POL03026921
PAY59145930,2024-01-20,86.11,Bank Transfer,Successful,POL89942249
PAY82547471,2023-03-28,871.9,Cash,Successful,POL71729242
PAY08666938,2022-12-10,968.6,Credit Card,Successful,POL80674848
PAY28804471,2022-02-05,996.22,Bank Transfer,Failed,POL68220534
PAY81796612,2024-07-16,985.67,Bank Transfer,Failed,POL07408282
PAY62375555,2022-04-23,1475.93,Cash,Successful,POL73147278
PAY41214784,2022-01-16,1408.59,Cash,Failed,POL45632663
PAY28220791,2023-05-09,803.12,Cash,Successful,POL87314266
PAY52414612,2024-03-17,1161.47,Credit Card,Successful,POL58913291
PAY44918789,2023-03-19,381.16,Bank Transfer,Failed,POL83977017
PAY87684443,2022-11-28,1356.42,Credit Card,Successful,POL30619857
PAY20405066,2023-02-28,1073.25,Bank Transfer,Successful,POL27171310
PAY49253069,2022-01-18,1360.32,Bank Transfer,Successful,POL45280706
PAY00666096,2022-12-26,509.69,Cash,Failed,POL43758168
PAY78073996,2022-01-07,209.76,Cash,Successful,POL78449319
PAY00529779,2023-05-15,923.9,Cash,Successful,POL03235385
PAY79629883,2024-10-22,855.7,Credit Card,Failed,POL57397238
PAY45879151,2023-01-11,1462.5,Credit Card,Failed,POL45419104
PAY14762738,2023-06-05,62.84,Credit Card,Successful,POL02312997
PAY12455871,2024-03-30,81.83,Bank Transfer,Failed,POL15832827
PAY50501210,2021-12-31,1106.81,Bank Transfer,Failed,POL82089087
PAY53649344,2023-09-25,616.25,Credit Card,Failed,POL05711134
PAY44385430,2022-02-14,1115.21,Cash,Successful,POL25392096
PAY89304359,2024-01-11,121.99,Cash,Successful,POL67053864
PAY45661483,2023-03-18,1261.82,Bank Transfer,Successful,POL18063392
PAY23563520,2022-01-05,341.44,Cash,Failed,POL21189445
PAY99047900,2024-04-29,352.98,Credit Card,Failed,POL39231633
PAY23593926,2023-08-30,764.5,Bank Transfer,Successful,POL85035096
PAY12649691,2022-01-27,1385.75,Bank Transfer,Failed,POL89307610
PAY53109458,2024-05-19,1447.47,Credit Card,Successful,POL36547956
PAY46215761,2024-03-02,1227.84,Cash,Successful,POL45419104
PAY62714573,2024-03-12,756.81,Cash,Successful,POL27460532
PAY31647245,2024-06-05,1482.49,Credit Card,Successful,POL76996418
PAY67000864,2022-08-13,659.41,Credit Card,Failed,POL61725675
PAY44260747,2023-07-19,1359.61,Bank Transfer,Failed,POL22478374
PAY54455078,2024-09-19,843.13,Credit Card,Successful,POL51514265
PAY10964661,2024-06-23,95.1,Cash,Failed,POL10125019
PAY11851725,2024-05-21,1067.38,Bank Transfer,Failed,POL08580196
PAY91843821,2022-08-12,1091.17,Bank Transfer,Failed,POL24379753
PAY46550449,2024-07-09,1468.65,Cash,Failed,POL56720424
PAY18990602,2022-11-19,695.78,Cash,Failed,POL92982957
PAY45787865,2024-01-08,1144.33,Bank Transfer,Failed,POL96864283
PAY80802402,2024-12-05,423.36,Cash,Successful,POL38939218
PAY87919561,2024-08-04,1302.31,Bank Transfer,Failed,POL20843719
PAY66632473,2023-10-28,487.82,Bank Transfer,Successful,POL99023082
PAY35410729,2023-12-20,1288.55,Credit Card,Successful,POL25694425
PAY64440151,2022-02-25,1186.74,Cash,Successful,POL30067784
PAY30559527,2022-11-08,166.07,Credit Card,Successful,POL50805715
PAY69247771,2022-02-18,390.73,Credit Card,Failed,POL38386145
PAY74212138,2023-02-24,166.77,Bank Transfer,Successful,POL28148630
PAY48104039,2022-04-25,62.09,Cash,Successful,POL14245598
PAY97839837,2023-08-30,1011.71,Cash,Failed,POL17909247
PAY05690486,2024-09-13,733.94,Bank Transfer,Successful,POL52467400
PAY02122438,2024-11-24,363.24,Credit Card,Successful,POL78045083
PAY10201592,2023-12-29,824.49,Credit Card,Successful,POL18985962
PAY89800864,2022-09-14,1424.95,Bank Transfer,Failed,POL66073787
PAY77495685,2024-06-05,669.23,Cash,Successful,POL05595265
PAY80274431,2023-05-29,246.63,Bank Transfer,Failed,POL72400250
PAY11777789,2022-06-22,357.6,Bank Transfer,Successful,POL98651688
PAY42073012,2023-04-12,621.81,Credit Card,Failed,POL55696704
PAY84369568,2023-04-29,1492.89,Credit Card,Failed,POL83494214
PAY06321947,2024-08-28,898.18,Bank Transfer,Failed,POL02376824
PAY51491118,2023-04-20,1279.19,Cash,Successful,POL28256709
PAY46438798,2022-05-28,54.29,Credit Card,Failed,POL07841878
PAY42198349,2024-08-31,615.46,Credit Card,Failed,POL62323938
PAY42512729,2022-12-24,111.26,Credit Card,Failed,POL88399292
PAY17665281,2023-02-06,562.47,Bank Transfer,Failed,POL95945115
PAY12960721,2022-06-06,1365.13,Bank Transfer,Successful,POL38196708
PAY43998772,2024-07-13,1290.04,Cash,Failed,POL51851655
PAY03560113,2023-07-09,76.27,Credit Card,Successful,POL14011432
PAY42094722,2022-01-26,964.74,Cash,Successful,POL81654453
PAY32779615,2022-03-14,400.04,Credit Card,Successful,POL89472328
PAY03976973,2024-12-17,105.4,Credit Card,Successful,POL20686006
PAY11960115,2022-08-28,551.03,Bank Transfer,Failed,POL13559855
PAY66124819,2024-07-14,602.57,Cash,Successful,POL93077983
PAY94714994,2024-12-13,203.77,Cash,Successful,POL38146133
PAY37576268,2024-01-25,276.23,Credit Card,Failed,POL02258663
PAY90581163,2023-09-15,1428.41,Cash,Successful,POL75089142
PAY93173386,2022-12-11,334.8,Credit Card,Failed,POL02598961
PAY37636848,2023-03-22,283.72,Credit Card,Successful,POL48112744
PAY61563755,2024-02-25,902.79,Cash,Failed,POL62890808
PAY58183905,2023-09-02,804.07,Credit Card,Failed,POL06079689
PAY05223514,2024-06-23,53.26,Credit Card,Successful,POL14328771
PAY95799012,2023-08-31,503.5,Bank Transfer,Successful,POL80418743
PAY49318750,2024-07-07,1214.07,Credit Card,Successful,POL18309119
PAY95196803,2024-02-19,249.67,Credit Card,Successful,POL84536532
PAY53959248,2023-07-08,753.56,Cash,Failed,POL81553263
PAY35601856,2022-09-05,1006.19,Credit Card,Successful,POL50777099
PAY06622291,2022-02-20,1095.64,Cash,Successful,POL32979560
PAY63920686,2023-05-13,1227.71,Bank Transfer,Successful,POL76262312
PAY14447814,2023-11-19,1363.99,Cash,Failed,POL54717291
PAY26959161,2023-12-17,924.9,Bank Transfer,Failed,POL71729242
PAY09105102,2023-06-02,1431.98,Credit Card,Failed,POL38773717
PAY74607289,2023-03-28,1280.28,Bank Transfer,Failed,POL20348552
PAY29166581,2024-08-21,906.71,Cash,Successful,POL92252183
PAY04451714,2023-09-25,1072.86,Credit Card,Failed,POL27083712
PAY48927057,2024-10-30,1330.54,Cash,Failed,POL11204815
PAY23751174,2024-07-15,739.47,Credit Card,Failed,POL70876228
PAY97095279,2024-02-10,1050.76,Credit Card,Failed,POL22260500
PAY59317229,2024-07-17,695.31,Credit Card,Failed,POL26049302
PAY45062226,2023-02-02,611.06,Cash,Failed,POL70601305
PAY08164415,2022-08-30,1435.74,Bank Transfer,Successful,POL32410068
PAY36357577,2022-12-03,826.1,Bank Transfer,Successful,POL72579941
PAY94265101,2022-07-12,774.98,Credit Card,Failed,POL21669788
PAY10691982,2023-08-22,616.52,Cash,Successful,POL87833198
PAY50060115,2023-04-09,937.42,Bank Transfer,Failed,POL25107234
PAY51820110,2022-06-14,1153.66,Bank Transfer,Successful,POL54140134
PAY24690146,2022-11-04,136.18,Bank Transfer,Successful,POL02543918
PAY22979240,2022-12-08,891.38,Cash,Successful,POL20029148
PAY03337881,2023-12-06,595.34,Bank Transfer,Failed,POL87577770
PAY15777305,2022-03-15,196.19,Cash,Failed,POL02585077
PAY84740611,2024-03-24,634.23,Cash,Successful,POL95639712
PAY09218065,2024-01-03,370.53,Bank Transfer,Successful,POL20505761
PAY78084109,2023-12-22,912.03,Cash,Successful,POL87284738
PAY07018889,2023-08-14,528.48,Bank Transfer,Failed,POL13559855
PAY02626905,2022-10-23,485.59,Bank Transfer,Successful,POL05477127
PAY98223943,2023-05-04,710.92,Credit Card,Failed,POL87603432
PAY39416161,2023-10-29,595.18,Credit Card,Failed,POL45280706
PAY82235976,2022-11-12,1005.58,Cash,Failed,POL20597369
PAY83039526,2024-06-05,348.13,Credit Card,Failed,POL58468979
PAY66950878,2022-06-10,1086.66,Cash,Successful,POL12305734
PAY02018546,2023-11-22,1180.23,Bank Transfer,Successful,POL40441861
PAY87777619,2023-12-11,820.94,Cash,Failed,POL54969569
PAY04369107,2023-06-05,1188.55,Bank Transfer,Successful,POL16772067
PAY66598298,2024-03-06,1273.4,Cash,Failed,POL11227831
PAY77880863,2022-10-29,1455.31,Cash,Successful,POL54226110
PAY61102158,2022-05-04,1211.57,Bank Transfer,Failed,POL61565872
PAY81974593,2023-09-11,663.54,Bank Transfer,Successful,POL41295564
PAY79618090,2022-12-09,1408.53,Credit Card,Failed,POL39805762
PAY02827140,2022-12-28,898.97,Bank Transfer,Failed,POL17832980
PAY95163341,2023-03-31,1441.6,Credit Card,Successful,POL12925982
PAY52741532,2022-04-17,1210.55,Cash,Successful,POL90115447
PAY62504930,2022-01-27,288.3,Cash,Failed,POL45984602
PAY62910381,2023-10-03,1176.55,Credit Card,Successful,POL63419367
PAY49288518,2022-12-14,1402.48,Bank Transfer,Failed,POL58601836
PAY66485289,2022-07-27,917.01,Credit Card,Failed,POL14316031
PAY04960984,2023-12-10,212.97,Bank Transfer,Failed,POL52356256
PAY09458391,2023-12-09,89.1,Credit Card,Successful,POL81900573
PAY81485546,2024-09-24,333.63,Cash,Failed,POL94744561
PAY86568955,2022-06-14,902.73,Credit Card,Successful,POL81452413
PAY18655691,2023-11-28,1150.14,Cash,Successful,POL48910951
PAY74446824,2024-01-12,186.63,Cash,Successful,POL23016733
PAY09985397,2022-06-01,1444.57,Cash,Failed,POL16772067
PAY72366202,2022-02-19,634.28,Cash,Successful,POL87258820
PAY05704182,2023-07-23,1438.65,Cash,Failed,POL93327871
PAY40302395,2022-07-21,1478.92,Credit Card,Failed,POL26231753
PAY24109802,2023-08-15,1483.33,Credit Card,Successful,POL56971563
PAY19993406,2023-09-07,384.76,Bank Transfer,Failed,POL00790731
PAY26370352,2023-04-07,1475.77,Cash,Successful,POL83585187
PAY64196730,2024-07-19,1136.49,Bank Transfer,Successful,POL64943722
PAY26414924,2024-07-04,87.78,Cash,Successful,POL50777099
PAY55160813,2022-09-30,1119.05,Credit Card,Successful,POL22879421
PAY76260919,2023-02-22,979.27,Cash,Successful,POL04124548
PAY53390182,2022-12-23,1233.4,Credit Card,Failed,POL15857890
PAY46286227,2022-01-06,1088.47,Cash,Successful,POL96624216
PAY84663660,2022-11-25,244.16,Cash,Failed,POL74252623
PAY99742278,2024-02-07,655.83,Cash,Successful,POL67788128
PAY49093162,2022-01-28,754.19,Cash,Successful,POL37350059
PAY72173858,2023-06-05,825.21,Cash,Successful,POL22321187
PAY07190807,2024-03-12,787.82,Credit Card,Failed,POL88240464
PAY17373123,2023-07-21,136.42,Bank Transfer,Successful,POL70127485
PAY79649032,2022-11-14,376.58,Credit Card,Failed,POL51728504
PAY93827561,2024-01-31,1335.27,Cash,Successful,POL17634644
PAY98063940,2022-02-04,1416.34,Credit Card,Successful,POL41761083
PAY94114048,2022-08-05,1313.96,Cash,Successful,POL86049888
PAY71542083,2023-01-31,1388.17,Cash,Successful,POL89180514
PAY21464550,2022-03-08,1376.33,Bank Transfer,Successful,POL19587292
PAY33608024,2024-09-19,1119.56,Credit Card,Successful,POL87154495
PAY79772437,2023-07-11,1483.5,Bank Transfer,Successful,POL63605662
PAY17569637,2023-03-28,786.04,Bank Transfer,Failed,POL90664485
PAY94455439,2024-06-14,62.46,Bank Transfer,Failed,POL41037493
PAY68483639,2022-06-14,603.93,Credit Card,Failed,POL39104228
PAY68771969,2024-02-29,1363.3,Cash,Successful,POL30061822
PAY78110840,2022-07-17,641.69,Credit Card,Failed,POL20853634
PAY08283480,2024-07-10,290.92,Bank Transfer,Failed,POL02268206
PAY44354813,2022-12-18,603.97,Cash,Failed,POL95259878
PAY50781812,2022-04-13,999.26,Bank Transfer,Successful,POL90638463
PAY20943250,2022-09-20,148.76,Cash,Successful,POL96459344
PAY69027489,2023-11-09,1162.72,Cash,Successful,POL87901300
PAY64862067,2022-01-17,338.13,Cash,Failed,POL43307974
PAY17401508,2022-10-26,1251.79,Bank Transfer,Failed,POL48633548
PAY33768197,2023-04-04,182.16,Bank Transfer,Successful,POL66183736
PAY54077204,2022-05-07,552.53,Bank Transfer,Failed,POL10223827
PAY04089445,2023-02-17,1159.1,Cash,Successful,POL20405348
PAY51872187,2022-03-16,623.61,Cash,Successful,POL11227831
PAY60622657,2022-05-25,1181.99,Cash,Failed,POL96855506
PAY38459116,2023-09-21,221.72,Cash,Successful,POL43920577
PAY28634594,2023-06-27,1374.79,Credit Card,Failed,POL85747478
PAY43257135,2023-12-10,1419.19,Cash,Failed,POL13716373
PAY67643059,2023-05-14,837.81,Bank Transfer,Failed,POL31185889
PAY85928663,2023-08-27,310.71,Credit Card,Failed,POL27741875
PAY33324475,2023-10-30,612.95,Credit Card,Failed,POL13721219
PAY18911155,2022-05-20,306.58,Cash,Successful,POL56063267
PAY33672648,2024-08-12,1389.39,Bank Transfer,Successful,POL56665937
PAY35097191,2023-11-16,652.81,Bank Transfer,Successful,POL01760964
PAY33132406,2022-04-20,810.67,Credit Card,Successful,POL44698969
PAY53993151,2023-09-20,1132.33,Cash,Failed,POL61653642
PAY75218473,2022-08-10,557.69,Bank Transfer,Successful,POL78018067
PAY75469483,2023-11-23,178.68,Credit Card,Successful,POL54704012
PAY12348479,2024-12-08,669,Cash,Successful,POL52685173
PAY53396699,2022-03-28,257.03,Bank Transfer,Successful,POL77315241
PAY83451620,2023-11-30,441.81,Cash,Successful,POL82889617
PAY52707306,2022-06-22,701.46,Bank Transfer,Successful,POL83011095
PAY82346753,2022-10-05,1029.28,Credit Card,Successful,POL09146332
PAY84553229,2023-08-14,1421.91,Bank Transfer,Successful,POL85669523
PAY47870710,2023-03-03,550.34,Bank Transfer,Failed,POL40501212
PAY86792556,2024-09-27,594.82,Cash,Failed,POL21148415
PAY47136864,2022-08-21,160.31,Credit Card,Successful,POL01562531
PAY90487031,2023-08-02,1038.87,Cash,Successful,POL75206437
PAY19289445,2024-07-11,251.13,Bank Transfer,Successful,POL54448931
PAY52956590,2023-12-02,371.56,Bank Transfer,Failed,POL61092074
PAY30410362,2022-05-02,1061.83,Credit Card,Successful,POL83680669
PAY30693742,2023-03-21,1257.22,Bank Transfer,Failed,POL77958772
PAY76941114,2022-10-17,689.34,Bank Transfer,Failed,POL34332950
PAY42037284,2022-04-29,124.89,Credit Card,Successful,POL45269265
PAY99450519,2024-05-29,385.41,Credit Card,Successful,POL84313861
PAY42810422,2022-04-20,1064.08,Credit Card,Successful,POL33112269
PAY74121986,2022-06-10,303.69,Credit Card,Successful,POL23193106
PAY87280127,2023-11-20,451.68,Bank Transfer,Successful,POL65018998
PAY38249563,2023-11-14,623.1,Cash,Successful,POL24210075
PAY10634549,2022-01-24,117.1,Cash,Successful,POL63051562
PAY63731047,2023-02-09,862.38,Credit Card,Failed,POL09338514
PAY24743817,2024-02-03,441.59,Bank Transfer,Failed,POL79392367
PAY61236953,2022-08-31,882.04,Cash,Failed,POL65041637
PAY35192570,2022-11-08,1150.79,Cash,Failed,POL49351450
PAY86275387,2024-09-17,568.17,Cash,Failed,POL80674848
PAY81732648,2022-01-07,964.33,Cash,Failed,POL54824622
PAY54755656,2024-09-10,592.03,Bank Transfer,Successful,POL13070623
PAY45031993,2024-05-14,1230.93,Credit Card,Failed,POL80491812
PAY61421148,2022-12-23,399.86,Bank Transfer,Failed,POL73426057
PAY37528077,2024-01-05,377.62,Cash,Failed,POL12104163
PAY15687274,2022-05-24,625.05,Bank Transfer,Successful,POL18325532
PAY55952452,2023-10-04,1387.87,Bank Transfer,Successful,POL44986450
PAY59451000,2022-12-18,1106.85,Credit Card,Failed,POL47692099
PAY79320188,2022-05-04,425.17,Bank Transfer,Failed,POL26905808
PAY85629865,2022-11-06,1351.94,Bank Transfer,Failed,POL48214691
PAY29015343,2022-05-20,449.76,Cash,Successful,POL89180514
PAY19778312,2022-09-16,1391.1,Bank Transfer,Successful,POL85481964
PAY95896535,2024-11-22,411.22,Cash,Successful,POL76419582
PAY31357326,2023-03-11,1302.13,Cash,Failed,POL45490530
PAY89264206,2024-04-28,1124.45,Cash,Successful,POL93493038
PAY04556244,2023-09-01,1015.2,Bank Transfer,Failed,POL47058325
PAY82538352,2022-04-14,389.61,Credit Card,Successful,POL30795826
PAY29532066,2022-10-08,1186.39,Bank Transfer,Successful,POL71437971
PAY41145868,2023-06-26,233.09,Credit Card,Failed,POL52520227
PAY40880964,2024-10-03,167.92,Cash,Failed,POL80902857
PAY21082057,2024-02-10,646,Credit Card,Successful,POL63225220
PAY42702786,2024-11-15,1181.61,Credit Card,Failed,POL42310944
PAY53524679,2023-03-11,1431.24,Cash,Successful,POL77562289
PAY60194338,2023-01-29,327.55,Credit Card,Failed,POL28255049
PAY06889624,2022-04-17,1079.93,Cash,Failed,POL99143995
PAY22014208,2024-12-02,1030.19,Cash,Failed,POL76204779
PAY40669587,2022-03-11,1116.02,Credit Card,Failed,POL19587292
PAY09196682,2024-08-13,119.46,Bank Transfer,Successful,POL05477127
PAY76747306,2022-07-13,1078.65,Bank Transfer,Failed,POL73557141
PAY42402312,2024-07-21,424.91,Cash,Successful,POL29296849
PAY12373101,2023-02-28,1411.55,Bank Transfer,Failed,POL76210793
PAY65671183,2023-07-13,491.17,Bank Transfer,Failed,POL84180502
PAY09480992,2023-01-18,303.73,Credit Card,Failed,POL30499231
PAY75925213,2022-05-01,492.6,Bank Transfer,Failed,POL81088577
PAY31256837,2024-07-24,292.83,Credit Card,Successful,POL56810401
PAY28905924,2022-08-29,407.45,Bank Transfer,Successful,POL63225220
PAY72400393,2023-06-16,299.2,Credit Card,Failed,POL73601567
PAY45520232,2024-06-29,458.66,Bank Transfer,Successful,POL54335250
PAY24490593,2023-05-07,1243.79,Bank Transfer,Successful,POL30601696
PAY26648683,2023-03-10,1335.82,Bank Transfer,Failed,POL88358873
PAY29629595,2023-07-15,533.29,Cash,Successful,POL84945685
PAY27626921,2022-02-02,1402.08,Bank Transfer,Failed,POL25208231
PAY59007055,2024-06-18,510.4,Bank Transfer,Successful,POL97030178
PAY68093029,2022-10-09,87.49,Credit Card,Failed,POL36980547
PAY36085469,2023-03-05,354.32,Bank Transfer,Failed,POL50975802
PAY16833237,2024-07-27,1018.91,Bank Transfer,Successful,POL49763923
PAY95354788,2022-03-11,296.09,Cash,Successful,POL96005181
PAY82455227,2023-05-17,1131.23,Bank Transfer,Successful,POL55857160
PAY63083444,2023-02-08,1038.33,Credit Card,Successful,POL13757692
PAY00937102,2024-09-03,1305.4,Credit Card,Failed,POL49457170
PAY53248799,2022-06-26,1378.53,Bank Transfer,Successful,POL36184966
PAY95504835,2022-06-07,326.1,Cash,Successful,POL12063534
PAY33990020,2024-08-22,1039.42,Credit Card,Successful,POL63539662
PAY26324110,2022-04-27,739.41,Bank Transfer,Successful,POL95538571
PAY32295255,2022-09-06,1286.3,Cash,Failed,POL70586146
PAY70106530,2023-11-04,1335.88,Cash,Failed,POL55061898
PAY63051537,2022-01-31,410.45,Credit Card,Successful,POL74599769
PAY09877118,2022-10-09,1335.21,Bank Transfer,Failed,POL73294320
PAY18853741,2024-07-14,356.97,Cash,Successful,POL41570616
PAY68411064,2023-06-24,287.45,Cash,Successful,POL88449964
PAY80389409,2023-11-29,136.56,Bank Transfer,Failed,POL75583220
PAY26464065,2022-06-13,313.57,Bank Transfer,Successful,POL14245598
PAY44381616,2023-10-31,305.29,Bank Transfer,Failed,POL22477939
PAY03658626,2024-01-28,612.65,Bank Transfer,Successful,POL96497115
PAY85088643,2023-06-25,621.59,Bank Transfer,Failed,POL38380842
PAY18322670,2022-12-16,120.29,Credit Card,Failed,POL69437529
PAY14693163,2024-06-08,1290.56,Bank Transfer,Successful,POL05346323
PAY56303249,2024-11-01,1212.33,Credit Card,Failed,POL72579941
PAY74162906,2023-08-18,1363.07,Credit Card,Successful,POL01236667
PAY26560885,2024-10-19,815.51,Cash,Successful,POL81192447
PAY91606290,2023-07-08,307.51,Cash,Successful,POL46013781
PAY43679774,2024-02-21,440.23,Credit Card,Successful,POL85051035
PAY92744786,2023-01-24,737.49,Cash,Successful,POL09615361
PAY83994294,2024-05-13,805.3,Bank Transfer,Successful,POL89484652
PAY95774410,2023-03-23,1060.08,Cash,Successful,POL82697180
PAY41507228,2022-10-31,1133.73,Bank Transfer,Successful,POL17832980
PAY41735260,2024-11-11,627.04,Bank Transfer,Successful,POL07768534
PAY94187851,2024-05-11,1164.3,Credit Card,Successful,POL43572641
PAY19011922,2022-06-02,1371.34,Bank Transfer,Successful,POL48887650
PAY91051892,2024-02-21,592.38,Bank Transfer,Successful,POL70866234
PAY56198457,2023-12-30,833.36,Cash,Successful,POL17289574
PAY96881090,2023-03-14,143.79,Bank Transfer,Failed,POL77625425
PAY41675384,2024-06-21,957.6,Credit Card,Failed,POL01422170
PAY19309130,2023-05-15,552.88,Credit Card,Successful,POL83145179
PAY50773323,2023-08-02,854.87,Credit Card,Failed,POL72738203
PAY79261663,2022-05-02,861.32,Bank Transfer,Failed,POL99892267
PAY10162312,2024-12-21,1435.92,Bank Transfer,Failed,POL35164229
PAY41773447,2023-08-01,594.48,Credit Card,Failed,POL44772123
PAY39633408,2023-11-15,137.35,Bank Transfer,Failed,POL50893138
PAY42743834,2022-01-25,1356.64,Credit Card,Successful,POL68885255
PAY70853919,2024-03-10,1289.48,Bank Transfer,Failed,POL12620607
PAY65198921,2024-11-25,762.71,Credit Card,Failed,POL63778192
PAY61330705,2024-03-28,901.35,Bank Transfer,Successful,POL47731308
PAY29203983,2023-07-20,1160.32,Cash,Failed,POL07444317
PAY68219042,2023-06-25,590.52,Credit Card,Successful,POL48606584
PAY07413373,2022-12-22,505.27,Credit Card,Failed,POL19159127
PAY23129371,2022-04-09,223.46,Cash,Failed,POL17099737
PAY47021039,2024-11-25,160.53,Credit Card,Successful,POL18831547
PAY67090712,2022-12-21,163.67,Cash,Successful,POL15880317
PAY29608326,2022-06-30,291.59,Cash,Successful,POL17904439
PAY50353575,2024-08-20,162.16,Credit Card,Successful,POL73676395
PAY22203034,2022-05-28,1030.27,Bank Transfer,Failed,POL99568401
PAY79324883,2024-04-12,1256.32,Credit Card,Failed,POL80491812
PAY17097027,2024-05-30,708.96,Bank Transfer,Failed,POL96627466
PAY24317131,2023-04-17,1297.11,Cash,Failed,POL59179996
PAY34583950,2023-12-02,446.95,Credit Card,Successful,POL91903305
PAY45208645,2022-10-16,1059.83,Bank Transfer,Successful,POL45897709
PAY33551408,2024-04-12,163.69,Bank Transfer,Failed,POL42519290
PAY52009568,2024-07-14,163.47,Bank Transfer,Successful,POL83671253
PAY58433912,2023-02-01,343.24,Credit Card,Successful,POL43978572
PAY19803561,2024-07-10,426.56,Credit Card,Successful,POL97021693
PAY58163680,2022-10-15,616.09,Credit Card,Failed,POL33988478
PAY06698971,2023-01-23,812.52,Credit Card,Failed,POL12305734
PAY59178395,2024-12-19,1353.45,Cash,Failed,POL14294149
PAY92872539,2023-10-23,1061.82,Bank Transfer,Successful,POL45490530
PAY38874935,2023-10-29,420.24,Bank Transfer,Failed,POL44369068
PAY12876834,2023-02-27,486.03,Credit Card,Successful,POL22321187
PAY30505282,2023-02-22,175.41,Credit Card,Successful,POL80243526
PAY42353516,2024-10-17,538.02,Bank Transfer,Successful,POL77763107
PAY61093214,2022-11-06,594.77,Bank Transfer,Successful,POL06550384
PAY76814219,2024-05-15,1240.6,Credit Card,Successful,POL17436318
PAY71816200,2022-12-05,1152.65,Credit Card,Successful,POL75284988
PAY14535269,2022-10-22,1012.55,Bank Transfer,Failed,POL85168651
PAY62053227,2022-06-13,1473.56,Cash,Successful,POL96934398
PAY38377737,2024-05-09,1155.96,Credit Card,Failed,POL11682509
PAY96214737,2022-11-04,1185.93,Bank Transfer,Failed,POL80418743
PAY64221904,2023-08-28,95.19,Bank Transfer,Failed,POL82524320
PAY82349210,2024-06-07,201.6,Bank Transfer,Successful,POL42688275
PAY00950723,2023-06-02,791.57,Credit Card,Successful,POL91232159
PAY54059611,2023-07-04,1116.61,Credit Card,Failed,POL12475138
PAY38459325,2022-05-07,1400.47,Credit Card,Successful,POL75494464
PAY72170452,2022-01-05,940.84,Bank Transfer,Failed,POL07444317
PAY56194593,2024-10-22,1485.58,Credit Card,Failed,POL33832316
PAY89974050,2023-12-29,367.54,Credit Card,Failed,POL17347712
PAY13174564,2022-09-29,939.5,Bank Transfer,Failed,POL60803243
PAY62433924,2024-07-14,1319.34,Bank Transfer,Successful,POL67932010
PAY14279571,2023-07-25,731.03,Cash,Failed,POL22950477
PAY26850113,2024-12-12,827.84,Bank Transfer,Successful,POL44473237
PAY96837435,2023-04-29,881.18,Cash,Failed,POL80560091
PAY77015608,2022-05-03,379.77,Bank Transfer,Failed,POL07060236
PAY33185985,2023-12-03,938.37,Bank Transfer,Failed,POL83412862
PAY44745981,2021-12-30,1099.39,Credit Card,Successful,POL65532247
PAY59641685,2023-03-15,625.88,Credit Card,Failed,POL01090154
PAY00329874,2022-07-31,361.21,Cash,Failed,POL39104228
PAY84829890,2024-06-26,817.16,Bank Transfer,Successful,POL84981148
PAY61966805,2022-11-01,762.15,Cash,Successful,POL31133103
PAY63084507,2023-04-19,644.14,Credit Card,Failed,POL71729242
PAY47139524,2023-01-04,662.1,Credit Card,Successful,POL51442309
PAY85089137,2024-08-29,715.74,Bank Transfer,Failed,POL65040463
PAY58625246,2023-12-12,84.94,Cash,Failed,POL74756717
PAY90632578,2022-03-17,749.61,Bank Transfer,Successful,POL90011725
PAY14583185,2023-06-20,1301.27,Credit Card,Successful,POL27667498
PAY87729165,2022-10-24,1387.44,Credit Card,Failed,POL00167399
PAY97281149,2024-06-27,756.55,Credit Card,Failed,POL10829873
PAY25782722,2024-09-30,445.78,Cash,Failed,POL63897899
PAY28145718,2024-02-14,928.39,Credit Card,Successful,POL63187776
PAY83391576,2022-04-25,1314.05,Credit Card,Failed,POL16238853
PAY99714744,2023-09-21,1199.89,Cash,Failed,POL66258798
PAY17354021,2023-10-23,755.71,Bank Transfer,Successful,POL53582347
PAY96822772,2023-06-02,707.81,Cash,Failed,POL70572993
PAY96776007,2023-12-06,968.87,Bank Transfer,Failed,POL81553263
PAY70051778,2022-06-09,553.58,Cash,Successful,POL97923307
PAY79321000,2024-02-13,846.93,Credit Card,Successful,POL74047876
PAY60697826,2023-11-02,1244.3,Credit Card,Successful,POL87581875
PAY95626314,2022-07-22,1214.52,Bank Transfer,Failed,POL91869303
PAY96165144,2024-06-07,418.71,Bank Transfer,Successful,POL41128359
PAY91422572,2023-11-02,869.17,Credit Card,Successful,POL75492947
PAY38229275,2022-11-02,950.38,Bank Transfer,Successful,POL43899916
PAY93931708,2022-05-04,796.6,Bank Transfer,Successful,POL70045571
PAY35120191,2024-04-04,208.04,Bank Transfer,Failed,POL31918611
PAY04694437,2024-10-25,982.92,Bank Transfer,Successful,POL64918904
PAY42744500,2022-09-13,333.76,Cash,Failed,POL68966328
PAY22585768,2024-01-30,934.13,Bank Transfer,Successful,POL66542527
PAY05280221,2023-10-04,389.66,Bank Transfer,Successful,POL57681580
PAY69175987,2024-10-29,676.31,Credit Card,Successful,POL17800247
PAY28374412,2024-08-23,78.46,Cash,Successful,POL78613616
PAY18565759,2024-09-11,449.17,Credit Card,Successful,POL85323496
PAY75896492,2023-02-20,1258.83,Bank Transfer,Successful,POL96375176
PAY04795243,2024-10-31,496.98,Bank Transfer,Failed,POL32493960
PAY33741936,2024-03-04,1239.34,Credit Card,Failed,POL07522607
PAY75284035,2024-08-22,1116.28,Credit Card,Successful,POL69754204
PAY46729644,2024-10-29,157.13,Credit Card,Failed,POL16364468
PAY32006674,2023-04-24,1437.51,Cash,Failed,POL00366536
PAY84276053,2024-01-23,1443.38,Credit Card,Successful,POL40125720
PAY64698891,2022-11-29,133.45,Cash,Successful,POL83671253
PAY93423433,2022-03-06,1135.45,Cash,Successful,POL80278196
PAY00610476,2024-08-31,133.29,Credit Card,Failed,POL16850731
PAY46556541,2024-03-02,440.65,Cash,Failed,POL64806756
PAY39173806,2022-03-08,1002.71,Credit Card,Failed,POL87981316
PAY92055907,2023-03-13,823.17,Credit Card,Failed,POL55253594
PAY71943496,2022-09-02,895.74,Credit Card,Successful,POL92654706
PAY67856175,2023-04-30,808.02,Credit Card,Failed,POL26361547
PAY74794348,2023-08-25,861.88,Credit Card,Failed,POL64767382
PAY85683567,2024-03-16,1372.81,Credit Card,Successful,POL07509618
PAY42065556,2024-07-24,312.45,Cash,Successful,POL44229118
PAY34712521,2024-02-27,1377.95,Credit Card,Failed,POL02303520
PAY24546032,2022-10-14,1256.34,Cash,Successful,POL20175576
PAY90145855,2024-11-24,287.23,Cash,Failed,POL10285665
PAY97548759,2022-01-09,178.91,Bank Transfer,Successful,POL81238149
PAY81082140,2022-09-22,751.07,Cash,Successful,POL37677741
PAY70922044,2023-11-25,353.58,Bank Transfer,Successful,POL75380530
PAY55873033,2023-09-24,767.24,Bank Transfer,Successful,POL25054429
PAY91758820,2022-07-31,514.33,Bank Transfer,Successful,POL20839843
PAY60630308,2022-07-22,198.05,Cash,Successful,POL79962283
PAY98875992,2024-02-28,61.7,Credit Card,Successful,POL84931770
PAY68688989,2022-11-30,835.74,Credit Card,Failed,POL06244566
PAY73310328,2024-09-05,742.2,Bank Transfer,Successful,POL35164038
PAY29538275,2024-06-06,1340.75,Cash,Successful,POL76633333
PAY42728305,2022-12-19,672.71,Credit Card,Successful,POL58762954
PAY42836916,2022-01-12,95.69,Cash,Failed,POL75410004
PAY47298656,2024-06-10,1384.36,Cash,Failed,POL81184325
PAY99249711,2022-07-23,423.32,Credit Card,Successful,POL46052776
PAY34721273,2022-06-22,290.79,Bank Transfer,Successful,POL09899083
PAY96497966,2023-04-26,229.15,Bank Transfer,Failed,POL11227831
PAY52778097,2022-12-09,107.08,Credit Card,Successful,POL05559370
PAY52119922,2023-11-25,287.52,Bank Transfer,Successful,POL44829275
PAY03642528,2024-10-19,399.14,Credit Card,Failed,POL49796640
PAY11718972,2023-05-10,732.72,Cash,Failed,POL96627466
PAY55646149,2023-10-03,72.67,Bank Transfer,Failed,POL73721889
PAY18760157,2024-03-26,1415.69,Bank Transfer,Successful,POL79106490
PAY12934654,2023-09-22,1283.35,Cash,Successful,POL38348666
PAY20856816,2022-10-12,1376.95,Credit Card,Failed,POL03121184
PAY74800299,2023-12-17,237.69,Credit Card,Successful,POL77060064
PAY14852377,2023-04-12,1018.03,Bank Transfer,Successful,POL97128772
PAY80794669,2024-04-02,679.13,Bank Transfer,Successful,POL42267896
PAY57370782,2024-01-16,1107.74,Cash,Successful,POL86878649
PAY08970602,2023-09-29,848.83,Bank Transfer,Successful,POL28145230
PAY55263536,2024-03-06,168.64,Cash,Failed,POL62155198
PAY40842874,2022-12-19,664.9,Credit Card,Successful,POL89253663
PAY10938302,2022-03-11,1352.56,Cash,Successful,POL76432131
PAY90920460,2024-02-06,542.15,Bank Transfer,Successful,POL15495647
PAY99668026,2022-03-23,79.12,Credit Card,Successful,POL91701869
PAY06335993,2022-04-30,491.11,Cash,Successful,POL71149711
PAY20508045,2022-08-12,1437.52,Credit Card,Successful,POL00027462
PAY91886510,2023-02-01,555.29,Cash,Successful,POL24429033
PAY30531390,2023-10-13,1267.27,Cash,Failed,POL17461415
PAY12896738,2023-03-20,219.23,Cash,Failed,POL38398875
PAY27468974,2024-11-03,1132.97,Credit Card,Successful,POL73888890
PAY26612502,2023-02-16,1343.13,Bank Transfer,Failed,POL65609940
PAY26632670,2023-10-01,1043.26,Credit Card,Failed,POL99187964
PAY25820145,2024-03-17,832.75,Credit Card,Successful,POL48558691
PAY84041511,2023-01-13,247.43,Bank Transfer,Failed,POL44316628
PAY68191700,2022-01-29,302.51,Bank Transfer,Successful,POL30983744
PAY39529306,2022-08-26,1030.66,Bank Transfer,Successful,POL32721241
PAY88935332,2023-08-22,426.21,Credit Card,Failed,POL73942123
PAY44917258,2024-10-02,158.01,Credit Card,Successful,POL07805552
PAY39577266,2024-03-31,241.51,Bank Transfer,Failed,POL58913291
PAY63229968,2024-12-14,149.3,Cash,Successful,POL51127842
PAY31617435,2023-07-15,494.41,Bank Transfer,Successful,POL07785199
PAY96620843,2022-01-24,1212.24,Bank Transfer,Failed,POL46495596
PAY99375120,2023-08-18,1126.62,Bank Transfer,Successful,POL64410288
PAY81762674,2023-05-14,1130.5,Bank Transfer,Failed,POL84291987
PAY47011095,2022-05-05,1108.99,Bank Transfer,Successful,POL33945420
PAY26023393,2024-11-26,715.55,Cash,Successful,POL00862798
PAY24972720,2024-08-01,1434.69,Bank Transfer,Failed,POL91451194
PAY19587316,2022-08-13,691.24,Bank Transfer,Successful,POL41639012
PAY25603197,2024-04-22,211.03,Cash,Successful,POL88672866
PAY18528034,2022-07-18,647.88,Bank Transfer,Successful,POL45105855
PAY64066087,2022-12-22,735.11,Credit Card,Failed,POL40752676
PAY14747751,2022-01-03,1041.01,Cash,Failed,POL54051658
PAY17021662,2023-10-31,1359.09,Bank Transfer,Successful,POL51851655
PAY27987589,2024-06-15,1472.29,Bank Transfer,Failed,POL77005000
PAY48988533,2022-06-05,868.01,Cash,Failed,POL92087266
PAY62776466,2022-12-05,1296.72,Bank Transfer,Successful,POL86299537
PAY87119745,2022-01-03,359.98,Cash,Successful,POL51383212
PAY92609761,2024-04-03,1243.15,Credit Card,Successful,POL20430828
PAY79498510,2024-08-06,616.29,Credit Card,Successful,POL55647153
PAY22935622,2022-05-19,605.87,Cash,Failed,POL22220595
PAY05018861,2023-11-26,230.51,Bank Transfer,Failed,POL43027986
PAY97839108,2024-07-25,1137.88,Bank Transfer,Successful,POL60099234
PAY15552866,2023-05-22,333.75,Cash,Failed,POL52952594
PAY21492917,2023-01-17,1118,Bank Transfer,Failed,POL42034856
PAY32537116,2024-07-24,683.58,Credit Card,Successful,POL22750173
PAY40908092,2022-03-15,965.3,Credit Card,Successful,POL08155490
PAY13731479,2022-03-27,374.49,Cash,Successful,POL23599244
PAY78933535,2022-02-07,1071.29,Cash,Successful,POL22939272
PAY93449946,2024-10-19,1135.48,Credit Card,Failed,POL75121871
PAY96516539,2022-06-28,1422.29,Bank Transfer,Successful,POL08632152
PAY37209182,2024-03-06,94.82,Cash,Successful,POL52344569
PAY16231446,2022-01-22,157.29,Credit Card,Successful,POL64655567
PAY60206783,2022-03-01,189.57,Bank Transfer,Successful,POL69805915
PAY28000024,2023-06-05,725.55,Cash,Successful,POL16699537
PAY61446068,2022-09-11,1296.61,Credit Card,Successful,POL68447418
PAY34219720,2023-11-19,667.09,Credit Card,Failed,POL22934928
PAY16389990,2023-05-10,151.84,Credit Card,Successful,POL24070236
PAY06999097,2023-09-24,631.37,Cash,Failed,POL86085378
PAY34097800,2022-12-04,130.48,Cash,Failed,POL49414469
PAY91793632,2023-06-09,508.15,Bank Transfer,Successful,POL82675358
PAY56897531,2022-04-13,222.24,Cash,Successful,POL28937515
PAY41818820,2024-10-25,908.72,Cash,Successful,POL62455700
PAY49632183,2022-07-05,1348.99,Bank Transfer,Failed,POL15046507
PAY69056404,2023-10-13,677.28,Cash,Successful,POL89576605
PAY39047811,2023-11-12,267.37,Cash,Successful,POL97850012
PAY31333859,2024-07-28,1420.67,Cash,Failed,POL45794212
PAY04763465,2022-04-16,668.05,Bank Transfer,Failed,POL64169471
PAY86632517,2024-02-22,965.11,Credit Card,Failed,POL38348666
PAY21669162,2024-11-14,1377.54,Cash,Failed,POL22162508
PAY52936996,2023-11-16,222.06,Credit Card,Failed,POL13181377
PAY33551504,2022-04-12,417.42,Bank Transfer,Successful,POL68111520
PAY56930914,2023-11-21,454.61,Cash,Failed,POL84852929
PAY17735997,2022-11-18,497.26,Cash,Successful,POL08364354
PAY96373338,2023-05-15,1298.75,Bank Transfer,Successful,POL28084608
PAY05295187,2024-09-23,515.63,Bank Transfer,Successful,POL65284354
PAY18007672,2023-09-12,1427.27,Bank Transfer,Failed,POL96262921
PAY91191463,2022-07-17,543.11,Cash,Successful,POL42638741
PAY95798002,2024-05-01,1478.64,Bank Transfer,Successful,POL13181261
PAY15531028,2024-11-10,857.45,Bank Transfer,Failed,POL28053301
PAY80981913,2023-05-14,832.43,Credit Card,Successful,POL22416843
PAY67355521,2022-05-24,1473.26,Cash,Successful,POL00700775
PAY45805476,2024-03-27,377.52,Bank Transfer,Successful,POL05586650
PAY77110890,2024-02-11,914.41,Bank Transfer,Failed,POL19823419
PAY13594153,2024-07-21,571.55,Bank Transfer,Successful,POL15857890
PAY21457611,2024-08-03,457.12,Bank Transfer,Successful,POL08895135
PAY80101718,2022-02-14,1079.11,Credit Card,Failed,POL34073978
PAY16594422,2024-01-24,1028.6,Credit Card,Successful,POL24535727
PAY47410389,2023-08-01,110.36,Credit Card,Failed,POL22426524
PAY15204627,2023-04-10,251.85,Bank Transfer,Successful,POL88593471
PAY56512682,2022-12-05,1415.82,Cash,Failed,POL97266170
PAY13790371,2023-03-01,1172.94,Cash,Successful,POL44633851
PAY96717295,2023-12-29,793.24,Bank Transfer,Failed,POL25608418
PAY78967297,2023-01-06,112.28,Bank Transfer,Failed,POL02597557
PAY38194064,2023-04-27,1467.8,Cash,Failed,POL05708532
PAY34878458,2023-06-20,683.98,Bank Transfer,Failed,POL74661339
PAY60263946,2024-09-03,524.09,Credit Card,Failed,POL51084784
PAY50053179,2024-05-18,549.2,Cash,Successful,POL42477290
PAY42466483,2024-08-04,1306.28,Bank Transfer,Successful,POL00986980
PAY20040999,2022-04-26,480.88,Bank Transfer,Failed,POL66167857
PAY99238624,2022-09-23,1296.1,Bank Transfer,Failed,POL70014788
PAY79465068,2022-09-29,1161.46,Credit Card,Successful,POL09010208
PAY83143567,2022-02-17,414.14,Credit Card,Successful,POL98526256
PAY65152582,2023-08-17,1015.31,Bank Transfer,Successful,POL23926738
PAY35822139,2022-08-15,206.19,Cash,Successful,POL18109413
PAY53979307,2023-06-22,1241.5,Cash,Successful,POL58798123
PAY58835116,2022-05-12,1188.97,Credit Card,Failed,POL72255591
PAY69454000,2022-09-08,362.27,Bank Transfer,Successful,POL38779532
PAY25843877,2022-06-23,187.2,Bank Transfer,Successful,POL06081128
PAY83069809,2023-11-20,1111.55,Credit Card,Successful,POL98458382
PAY81356349,2024-07-09,1434.5,Bank Transfer,Successful,POL05606987
PAY08790037,2024-02-10,1455.54,Cash,Failed,POL52704029
PAY97074736,2022-02-03,1062.5,Cash,Failed,POL60911272
PAY70734537,2022-03-06,507.48,Cash,Successful,POL54562646
PAY21225627,2024-10-19,1187.37,Cash,Successful,POL01744770
PAY07893883,2022-11-14,776.4,Cash,Successful,POL56561026
PAY58016912,2024-12-04,1142.97,Cash,Failed,POL20256570
PAY54919582,2024-06-25,1488.45,Bank Transfer,Successful,POL90011725
PAY43964057,2023-08-05,937.17,Bank Transfer,Failed,POL99884356
PAY83580384,2024-01-19,263.44,Credit Card,Successful,POL51022224
PAY82646522,2024-10-29,1046.52,Cash,Failed,POL58923628
PAY99657441,2024-06-13,826.31,Credit Card,Successful,POL96996235
PAY10592843,2022-07-19,1153.83,Credit Card,Failed,POL65310322
PAY87826516,2024-12-08,1122.11,Credit Card,Failed,POL40759511
PAY65399824,2023-04-29,563.4,Credit Card,Successful,POL96832435
PAY57029198,2022-05-25,326.81,Bank Transfer,Failed,POL09718181
PAY92656920,2023-03-03,684.81,Bank Transfer,Successful,POL66040683
PAY06198621,2022-06-03,416.71,Bank Transfer,Successful,POL06119117
PAY09510709,2023-07-23,457.31,Cash,Failed,POL22750173
PAY62894168,2024-06-23,371.96,Bank Transfer,Successful,POL93012338
PAY12515538,2024-01-13,1149.84,Credit Card,Failed,POL01897492
PAY27786962,2022-08-02,586.07,Bank Transfer,Successful,POL27569348
PAY15791255,2024-10-26,1485.83,Bank Transfer,Failed,POL81437740
PAY87509838,2024-10-29,1385.64,Bank Transfer,Failed,POL29993228
PAY52630297,2024-05-24,117.03,Bank Transfer,Failed,POL65991604
PAY76572765,2021-12-27,1484.18,Credit Card,Failed,POL90757042
PAY97093715,2023-12-16,764.98,Cash,Failed,POL58297595
PAY43519731,2022-10-08,1193.27,Bank Transfer,Failed,POL57255628
PAY19704535,2022-10-21,1359.88,Cash,Successful,POL85094282
PAY36914531,2023-09-19,168.49,Bank Transfer,Failed,POL13831480
PAY73826967,2024-02-01,1072.47,Credit Card,Failed,POL88518206
PAY25763145,2023-08-20,646.38,Cash,Successful,POL93664406
PAY00000581,2023-01-17,929.92,Bank Transfer,Successful,POL43817285
PAY47573118,2023-04-15,1149.07,Cash,Successful,POL40389475
PAY11521547,2023-02-08,124.81,Bank Transfer,Failed,POL43969785
PAY77501216,2022-06-04,1261.02,Credit Card,Successful,POL96864283
PAY14777123,2023-11-22,986.08,Bank Transfer,Successful,POL88784690
PAY73765779,2022-06-22,729.27,Cash,Successful,POL50787866
PAY58545345,2023-04-17,136.12,Credit Card,Failed,POL90263618
PAY45144464,2023-02-24,1288.93,Cash,Successful,POL71516749
PAY59170435,2023-09-16,793.43,Bank Transfer,Failed,POL46676491
PAY80374608,2023-08-15,1097.44,Bank Transfer,Failed,POL29803500
PAY28392436,2024-07-12,1209.03,Cash,Failed,POL44082493
PAY90875283,2023-10-14,1002.72,Credit Card,Failed,POL92392809
PAY38119723,2023-07-17,860.58,Credit Card,Successful,POL00831253
PAY44150197,2022-06-15,888.96,Cash,Successful,POL81138188
PAY68460644,2023-01-25,59.59,Cash,Successful,POL33132201
PAY27992024,2022-01-09,316.06,Cash,Successful,POL82419107
PAY78779746,2023-04-19,933.81,Cash,Successful,POL29520885
PAY09714980,2022-02-05,977.98,Cash,Failed,POL02404416
PAY24467647,2022-11-04,1233.83,Bank Transfer,Failed,POL71149711
PAY07120324,2024-01-20,357.77,Bank Transfer,Successful,POL27741875
PAY22551972,2024-03-07,527.23,Bank Transfer,Failed,POL84868487
PAY38360135,2024-09-21,1233.1,Cash,Failed,POL96011634
PAY57966169,2022-10-31,208.83,Cash,Failed,POL38067049
PAY72772029,2024-01-27,1360.36,Credit Card,Successful,POL04610081
PAY14475063,2024-01-26,475.68,Bank Transfer,Failed,POL63838195
PAY66830424,2024-11-28,794.2,Bank Transfer,Successful,POL21020862
PAY99394096,2024-02-03,922.24,Bank Transfer,Successful,POL14355041
PAY93124543,2023-05-20,850.71,Bank Transfer,Failed,POL67712226
PAY69721204,2022-04-08,1203.51,Bank Transfer,Failed,POL30839784
PAY38153925,2022-10-03,1049.47,Cash,Failed,POL75076805
PAY53025602,2022-12-19,815.03,Cash,Successful,POL01152460
PAY73548296,2022-07-03,659.72,Credit Card,Successful,POL85021281
PAY94492833,2022-06-26,1476.57,Bank Transfer,Successful,POL76405797
PAY57513953,2023-03-01,630.51,Cash,Failed,POL78863924
PAY07439952,2023-10-25,782.62,Cash,Failed,POL18326349
PAY88179463,2023-01-11,504.25,Cash,Failed,POL61904449
PAY63735630,2024-05-29,890.81,Cash,Failed,POL10073827
PAY64960616,2023-05-06,1295.23,Credit Card,Successful,POL76734987
PAY90215896,2024-09-19,1487.73,Cash,Failed,POL31916884
PAY33465501,2024-04-19,1419.26,Cash,Failed,POL34270146
PAY07852347,2022-10-21,622.01,Cash,Failed,POL38653037
PAY84385792,2022-11-13,463.68,Cash,Failed,POL02457698
PAY13633623,2023-12-19,667.76,Credit Card,Successful,POL71741246
PAY05042259,2022-05-08,833.88,Bank Transfer,Successful,POL09137788
PAY02430610,2022-09-17,1457.2,Bank Transfer,Failed,POL13831480
PAY71528381,2022-08-28,412.46,Bank Transfer,Failed,POL05553908
PAY91742579,2024-02-01,120.45,Bank Transfer,Failed,POL31494844
PAY10394046,2023-09-29,1015.81,Bank Transfer,Failed,POL30234855
PAY89172515,2022-01-14,208.5,Credit Card,Successful,POL00167399
PAY03563791,2022-03-20,745.94,Bank Transfer,Successful,POL32232315
PAY12989837,2024-05-26,733.63,Cash,Failed,POL30766028
PAY78936181,2024-08-05,905.58,Bank Transfer,Failed,POL47639612
PAY11080106,2023-04-11,926.56,Cash,Successful,POL24807912
PAY61898137,2023-07-12,892.67,Cash,Successful,POL84549394
PAY39623234,2023-12-20,1249.76,Cash,Successful,POL11723296
PAY03577030,2024-09-26,1285.93,Bank Transfer,Failed,POL14355041
PAY22258165,2023-11-17,837.76,Bank Transfer,Successful,POL64074481
PAY77377341,2022-08-04,749.03,Cash,Failed,POL42360341
PAY77549691,2022-12-16,690.79,Cash,Failed,POL98942710
PAY09689136,2024-11-08,493.09,Cash,Failed,POL89009482
PAY60218752,2024-07-21,1492.52,Cash,Failed,POL36441789
PAY03027416,2023-05-04,1255.23,Credit Card,Successful,POL84091621
PAY58062723,2024-12-19,1197.39,Credit Card,Failed,POL79429202
PAY13789638,2024-02-09,156.99,Credit Card,Successful,POL36096008
PAY46917066,2024-12-15,828.9,Cash,Failed,POL90664485
PAY55156766,2024-11-16,1231.79,Bank Transfer,Successful,POL62192158
PAY84445783,2023-03-22,170.96,Cash,Failed,POL69382278
PAY90223538,2022-03-21,1167.61,Cash,Successful,POL24753734
PAY06126871,2023-12-15,1402.37,Cash,Failed,POL09517154
PAY63398843,2022-09-21,1243.21,Credit Card,Successful,POL86872083
PAY51169818,2023-11-11,616.21,Credit Card,Successful,POL54361849
PAY50017025,2024-07-21,647.88,Bank Transfer,Successful,POL31127949
PAY33750245,2023-11-03,872.14,Cash,Failed,POL98412521
PAY28302933,2023-10-24,651.96,Credit Card,Successful,POL15628115
PAY83075069,2023-10-26,1012.77,Credit Card,Failed,POL56626279
PAY42947962,2022-07-14,120.44,Credit Card,Failed,POL66022914
PAY35795664,2024-12-21,984.68,Bank Transfer,Successful,POL95945115
PAY60726669,2022-07-27,1076.38,Bank Transfer,Failed,POL45256846
PAY58076065,2022-04-17,670.75,Cash,Failed,POL93524693
PAY55853750,2023-10-26,676.58,Cash,Failed,POL91245659
PAY77919913,2023-02-08,1233.6,Credit Card,Failed,POL96221318
PAY56394562,2022-06-06,59.9,Bank Transfer,Successful,POL53495954
PAY31111925,2024-08-08,107.56,Cash,Failed,POL51127842
PAY94527991,2024-01-06,81.33,Cash,Successful,POL54226110
PAY10220349,2024-06-10,1051.54,Bank Transfer,Failed,POL75492947
PAY32991975,2023-10-08,252.99,Credit Card,Successful,POL02097405
PAY90951808,2022-12-29,819.8,Cash,Successful,POL46846423
PAY62933410,2022-04-18,300.6,Bank Transfer,Failed,POL39271824
PAY25483675,2022-12-31,202.27,Bank Transfer,Failed,POL01957491
PAY42058797,2022-03-26,405.7,Credit Card,Failed,POL30677627
PAY63121594,2023-01-18,1027.84,Bank Transfer,Failed,POL23806593
PAY53738183,2022-07-04,437.4,Cash,Successful,POL85095212
PAY44410899,2024-08-08,86.57,Cash,Successful,POL89952764
PAY60096638,2023-02-13,530.59,Cash,Failed,POL14909944
PAY90009346,2023-01-29,1044.16,Bank Transfer,Failed,POL44693402
PAY96110859,2023-12-31,272.28,Credit Card,Failed,POL94737563
PAY08059883,2024-08-31,1263.15,Cash,Failed,POL31494844
PAY93970725,2024-07-26,232.84,Cash,Successful,POL91781501
PAY37201881,2022-09-04,906.05,Cash,Failed,POL62149179
PAY55750649,2022-07-18,452.31,Credit Card,Failed,POL06694262
PAY86312790,2023-02-24,312.39,Cash,Successful,POL29239310
PAY64695391,2022-10-25,81.7,Cash,Failed,POL76937321
PAY03001178,2024-10-06,1428.58,Credit Card,Successful,POL08734095
PAY99961958,2023-06-29,370.83,Credit Card,Successful,POL40389475
PAY51451915,2022-06-04,389.36,Bank Transfer,Failed,POL48692889
PAY73763555,2022-03-07,1374.34,Credit Card,Failed,POL12471063
PAY67404143,2024-04-19,857.51,Cash,Successful,POL47692099
PAY06608202,2022-11-15,312.72,Credit Card,Successful,POL15004770
PAY97359202,2022-12-13,531.83,Bank Transfer,Failed,POL82345838
PAY35236630,2023-08-18,1416.14,Cash,Failed,POL87324459
PAY70971183,2023-03-19,1046.15,Bank Transfer,Successful,POL86577388
PAY46646974,2022-09-18,506.77,Credit Card,Failed,POL17851408
PAY74114365,2024-10-24,460.05,Credit Card,Successful,POL45925285
PAY04723409,2023-02-12,492.31,Bank Transfer,Successful,POL64073712
PAY27268377,2022-11-29,1484.91,Credit Card,Successful,POL44871604
PAY59505235,2022-01-29,704.08,Cash,Successful,POL59708414
PAY63664048,2021-12-24,198.43,Bank Transfer,Failed,POL79310767
PAY57740777,2023-02-12,522.82,Credit Card,Successful,POL67753905
PAY84370685,2024-11-10,553.08,Cash,Successful,POL86871699
PAY16806315,2022-06-15,706.72,Cash,Successful,POL02268449
PAY71945704,2022-09-26,457.8,Credit Card,Failed,POL39150268
PAY74384288,2024-04-13,241.17,Credit Card,Successful,POL39660351
PAY19953147,2023-02-17,793.59,Bank Transfer,Failed,POL47731308
PAY78964469,2022-06-04,1352.15,Bank Transfer,Failed,POL47327506
PAY81644430,2024-07-11,329.73,Cash,Successful,POL76059961
PAY34497628,2023-03-31,674.25,Credit Card,Successful,POL14293644
PAY86937302,2023-02-05,511.15,Credit Card,Successful,POL97235049
PAY05265335,2024-05-13,833.49,Bank Transfer,Failed,POL66952651
PAY44029590,2023-03-26,1469.63,Cash,Successful,POL12305734
PAY80233242,2023-11-21,447.14,Cash,Successful,POL26217907
PAY87269113,2023-05-31,1257.01,Credit Card,Failed,POL14393103
PAY88236518,2022-12-05,1287.34,Cash,Successful,POL89382366
PAY00501634,2022-12-21,661.58,Bank Transfer,Failed,POL64856204
PAY97436218,2022-01-25,488.58,Bank Transfer,Successful,POL74597020
PAY84544116,2022-08-31,1262.62,Bank Transfer,Failed,POL30677627
PAY20564693,2023-06-27,77.81,Bank Transfer,Successful,POL77433567
PAY41622140,2023-10-10,424.41,Credit Card,Failed,POL22416756
PAY98264609,2024-03-13,650.94,Credit Card,Failed,POL47794870
PAY00936272,2023-10-15,74.26,Credit Card,Successful,POL95686589
PAY07183941,2024-07-07,233.86,Credit Card,Successful,POL24546559
PAY87836347,2023-03-03,1272.85,Bank Transfer,Successful,POL43904210
PAY40617247,2022-12-01,105.73,Cash,Successful,POL89737164
PAY11115028,2024-11-12,1066.02,Credit Card,Successful,POL12156543
PAY65710328,2022-07-18,813.31,Cash,Failed,POL83671253
PAY31275092,2022-03-20,1075.8,Credit Card,Failed,POL61900129
PAY44471302,2023-08-01,1117.06,Cash,Failed,POL38220056
PAY05176646,2024-12-18,701.29,Credit Card,Successful,POL32900389
PAY51955611,2023-11-07,224.59,Credit Card,Successful,POL32652128
PAY73235634,2023-01-15,60.68,Credit Card,Successful,POL97112066
PAY57499951,2022-08-27,1397.26,Bank Transfer,Failed,POL80116968
PAY22438212,2024-07-19,338.81,Bank Transfer,Failed,POL99941160
PAY49789060,2022-02-17,438.57,Credit Card,Successful,POL42936470
PAY21093330,2024-12-17,1185.14,Credit Card,Successful,POL20405348
PAY16157133,2023-05-01,826.91,Cash,Successful,POL70572993
PAY26414319,2023-03-26,509.51,Credit Card,Failed,POL57812937
PAY66177260,2022-09-20,143.73,Credit Card,Failed,POL22496499
PAY23477814,2024-09-29,289.65,Credit Card,Successful,POL75081520
PAY52719145,2024-04-08,1413.86,Bank Transfer,Failed,POL42903965
PAY35723077,2023-11-25,656.78,Cash,Failed,POL60601098
PAY56901432,2023-08-28,635.65,Bank Transfer,Failed,POL80109772
PAY94724264,2024-06-11,273.83,Credit Card,Successful,POL73654382
PAY94845386,2022-11-23,1155.11,Credit Card,Successful,POL14906583
PAY25344519,2023-11-05,1277.28,Cash,Successful,POL11227831
PAY21813588,2022-03-26,93.88,Credit Card,Failed,POL28472750
PAY59127019,2024-06-03,888.26,Cash,Successful,POL62033992
PAY57412041,2022-01-05,611.58,Cash,Successful,POL55809193
PAY36488490,2023-05-20,1153.5,Cash,Successful,POL14267045
PAY13525178,2023-05-01,375.42,Bank Transfer,Successful,POL93324177
PAY82559830,2023-02-04,490.51,Bank Transfer,Successful,POL88099393
PAY63343447,2022-04-09,55.57,Cash,Failed,POL43758168
PAY63214965,2023-06-23,702.17,Cash,Failed,POL04297854
PAY14432268,2024-05-24,668.24,Bank Transfer,Successful,POL72761852
PAY49707068,2024-10-14,241.9,Cash,Successful,POL11319886
PAY80545856,2023-08-26,692.33,Bank Transfer,Successful,POL72689700
PAY30856787,2023-09-14,1424.19,Cash,Failed,POL15307389
PAY65065860,2024-12-21,1391.21,Credit Card,Successful,POL58199739
PAY10371541,2023-12-09,981.83,Bank Transfer,Successful,POL44752961
PAY95015295,2022-09-30,1487.14,Bank Transfer,Failed,POL64080185
PAY54830822,2022-05-28,664.86,Cash,Successful,POL57078202
PAY44815406,2022-03-29,319.34,Credit Card,Failed,POL45444901
PAY54027976,2024-03-17,173.75,Bank Transfer,Successful,POL17634644
PAY74099962,2023-09-05,241.48,Bank Transfer,Successful,POL24211829
PAY28880752,2024-05-28,725.29,Credit Card,Failed,POL84542810
PAY72302414,2024-06-23,919.1,Cash,Failed,POL91686015
PAY81243250,2024-11-06,978.89,Credit Card,Successful,POL25794151
PAY22179132,2024-07-19,192.85,Credit Card,Failed,POL69912538
PAY34584330,2024-11-09,118.86,Bank Transfer,Successful,POL02336146
PAY55733208,2022-04-19,1271.03,Bank Transfer,Failed,POL11204815
PAY84694730,2024-11-27,218.53,Bank Transfer,Successful,POL09030327
PAY83031505,2023-09-10,606,Credit Card,Successful,POL21300763
PAY82734031,2023-04-06,1381.67,Credit Card,Successful,POL28107867
PAY50321964,2022-01-07,470.34,Bank Transfer,Successful,POL51933372
PAY22742235,2024-01-29,1301.12,Credit Card,Failed,POL44439232
PAY19522317,2024-12-12,761.11,Cash,Failed,POL97235049
PAY37459839,2024-12-07,1164.05,Bank Transfer,Successful,POL68960781
PAY91821969,2023-06-07,492.17,Cash,Successful,POL11366285
PAY53706666,2023-08-18,1012.49,Credit Card,Successful,POL58860880
PAY14730832,2024-06-27,668.54,Credit Card,Successful,POL26280970
PAY48652651,2022-06-02,251.29,Credit Card,Successful,POL73942223
PAY71181374,2023-09-08,1312.4,Credit Card,Successful,POL95455759
PAY18379091,2024-10-26,1311.43,Bank Transfer,Failed,POL87116208
PAY04058061,2024-07-30,1281.71,Cash,Failed,POL91695176
PAY54699072,2024-06-29,1105.34,Bank Transfer,Successful,POL68080704
PAY60466913,2023-01-27,853.41,Credit Card,Failed,POL60083626
PAY94047774,2023-02-23,954.63,Cash,Successful,POL61786939
PAY77822703,2023-11-24,638.64,Cash,Failed,POL10148217
PAY55342252,2023-02-12,153.87,Cash,Successful,POL46052776
PAY03562609,2022-11-10,522.33,Cash,Failed,POL10824295
PAY18698473,2022-05-11,347.75,Bank Transfer,Successful,POL93447913
PAY74193409,2024-09-11,1001.6,Bank Transfer,Successful,POL57302291
PAY35707493,2024-10-05,797.52,Cash,Successful,POL36275848
PAY51300353,2023-10-23,662.21,Credit Card,Successful,POL59942075
PAY61672520,2022-05-06,811.51,Bank Transfer,Failed,POL87324459
PAY64604683,2022-05-25,344.6,Credit Card,Successful,POL82794219
PAY71794968,2022-08-26,1166.06,Bank Transfer,Failed,POL06557000
PAY94176817,2023-12-09,995.53,Cash,Successful,POL66521872
PAY04105666,2024-05-31,1216.82,Bank Transfer,Failed,POL40696395
PAY25574309,2023-07-26,387.63,Bank Transfer,Successful,POL32198260
PAY05976776,2024-07-02,999.29,Credit Card,Successful,POL61565872
PAY88240123,2023-01-03,1009.12,Bank Transfer,Failed,POL02082012
PAY58364239,2024-10-13,1320.89,Credit Card,Successful,POL77822153
PAY83839138,2022-11-25,1203.06,Bank Transfer,Failed,POL37348106
PAY84261243,2023-11-28,1234.72,Bank Transfer,Successful,POL85106188
PAY49153596,2024-03-26,614.47,Credit Card,Successful,POL80552860
PAY88152770,2024-04-11,409.58,Bank Transfer,Successful,POL74142880
PAY05753030,2023-10-03,1062.42,Bank Transfer,Failed,POL01881823
PAY84844647,2024-10-09,868.16,Credit Card,Failed,POL52520227
PAY31477576,2023-01-24,571.05,Bank Transfer,Successful,POL44986450
PAY85272460,2022-02-25,207.7,Credit Card,Failed,POL84894422
PAY07088268,2022-10-28,380.7,Credit Card,Failed,POL06464463
PAY49613211,2023-12-15,1193.95,Cash,Failed,POL34609667
PAY20813625,2022-05-01,526.64,Cash,Failed,POL08580196
PAY91997098,2023-07-26,983.66,Bank Transfer,Failed,POL24776392
PAY62254734,2022-06-01,1242.86,Bank Transfer,Successful,POL69146247
PAY25103957,2022-11-05,709.06,Credit Card,Successful,POL79929053
PAY41868212,2024-06-26,300.68,Credit Card,Successful,POL73225608
PAY06834349,2023-12-21,432.64,Cash,Failed,POL14906583
PAY77371386,2023-01-03,519.02,Bank Transfer,Failed,POL78697051
PAY11585669,2024-04-16,981.98,Credit Card,Successful,POL31689204
PAY49938758,2023-06-25,1087.48,Credit Card,Failed,POL26888148
PAY51003742,2023-10-20,1354.87,Credit Card,Successful,POL33080881
PAY86209412,2022-11-12,854.7,Bank Transfer,Failed,POL88297465
PAY41556297,2023-09-04,437.25,Credit Card,Failed,POL89983994
PAY74173014,2022-03-23,767.84,Credit Card,Failed,POL48871817
PAY73370938,2024-08-19,352.57,Bank Transfer,Successful,POL07837542
PAY37292431,2022-05-16,258.15,Credit Card,Failed,POL27188629
PAY43926052,2023-12-27,1496.12,Credit Card,Successful,POL73788724
PAY86042548,2023-12-24,307.64,Bank Transfer,Successful,POL04120684
PAY11264498,2022-05-01,512.59,Credit Card,Failed,POL81654453
PAY61880796,2023-08-18,1148.15,Credit Card,Successful,POL40907312
PAY72146262,2023-10-09,171.37,Credit Card,Failed,POL89297739
PAY61387770,2022-05-30,1090.41,Bank Transfer,Successful,POL45315654
PAY37164872,2022-07-10,880.49,Credit Card,Successful,POL54459099
PAY24942300,2024-04-02,838.12,Cash,Failed,POL46303313
PAY81596509,2024-04-08,1377.71,Cash,Successful,POL26049302
PAY80605002,2022-02-09,451.94,Cash,Successful,POL12062320
PAY82448547,2024-01-14,949.68,Bank Transfer,Failed,POL14768104
PAY06989081,2024-02-11,158.32,Bank Transfer,Failed,POL30236803
PAY38892257,2022-07-03,1325.86,Bank Transfer,Successful,POL86478823
PAY43646714,2024-12-05,1104.4,Bank Transfer,Successful,POL81358654
PAY65817431,2022-06-11,427.32,Credit Card,Successful,POL97704616
PAY14459321,2023-05-26,641.61,Cash,Failed,POL37452247
PAY08713887,2024-05-21,267.13,Credit Card,Successful,POL20270146
PAY25795580,2022-10-13,1078.12,Cash,Failed,POL70483793
PAY30161142,2024-05-15,540.62,Credit Card,Successful,POL59077724
PAY38545843,2024-08-17,1286.28,Credit Card,Failed,POL09750798
PAY32560276,2023-10-02,1491.13,Cash,Failed,POL65040463
PAY39837725,2024-11-14,316.22,Credit Card,Successful,POL96527583
PAY04890220,2024-03-28,160.24,Cash,Failed,POL05753582
PAY88526826,2024-12-16,175,Credit Card,Successful,POL30115645
PAY77306851,2022-09-22,173.06,Bank Transfer,Successful,POL13071740
PAY15217262,2022-07-06,805.26,Cash,Failed,POL57229212
PAY97272121,2023-01-16,665.71,Credit Card,Successful,POL97702874
PAY08669806,2024-12-10,691.63,Bank Transfer,Successful,POL46136087
PAY82082963,2023-07-14,1279.68,Bank Transfer,Successful,POL55243233
PAY44519171,2024-02-13,1220.31,Bank Transfer,Successful,POL64607736
PAY51038503,2022-11-01,886.71,Cash,Successful,POL28778471
PAY44996128,2022-12-04,1296.32,Cash,Failed,POL25240752
PAY61197807,2022-01-05,912.31,Bank Transfer,Successful,POL69821903
PAY05469603,2022-05-15,370.53,Credit Card,Failed,POL24855714
PAY75614314,2022-02-27,1084,Cash,Failed,POL24807912
PAY79564645,2022-07-16,1482.87,Credit Card,Successful,POL96903028
PAY38119482,2023-03-10,1049.91,Bank Transfer,Successful,POL11213350
PAY09103949,2022-12-24,786.16,Bank Transfer,Failed,POL23979446
PAY52214045,2023-08-19,141.12,Cash,Failed,POL90480498
PAY13461919,2022-02-27,1081.23,Credit Card,Failed,POL87933513
PAY25400599,2024-03-05,616.21,Bank Transfer,Successful,POL08536084
PAY64545303,2023-04-15,1106.96,Cash,Failed,POL44693402
PAY61654696,2023-04-16,959.78,Bank Transfer,Failed,POL73654382
PAY01963367,2024-07-15,85.03,Cash,Failed,POL62759282
PAY49228786,2022-09-29,1269.29,Cash,Successful,POL91015458
PAY40389774,2023-12-29,1350.25,Bank Transfer,Failed,POL17278693
PAY79882763,2024-06-08,804.3,Cash,Successful,POL79962283
PAY57477024,2022-02-16,1301.18,Bank Transfer,Successful,POL52570875
PAY33877050,2022-11-30,526.33,Cash,Successful,POL94939056
PAY43078795,2023-12-01,354.36,Bank Transfer,Failed,POL32342170
PAY51893329,2023-11-10,422.5,Cash,Failed,POL32797362
PAY40204862,2023-03-12,1006.22,Cash,Failed,POL54888103
PAY18115065,2024-07-07,609.85,Bank Transfer,Failed,POL95217332
PAY33349040,2024-06-30,681.62,Bank Transfer,Failed,POL35164229
PAY11923218,2023-06-08,577.93,Bank Transfer,Failed,POL64204852
PAY66811814,2024-05-01,438.16,Bank Transfer,Failed,POL63433584
PAY61118984,2023-10-07,727.8,Bank Transfer,Failed,POL19136648
PAY43799690,2024-05-28,218.05,Credit Card,Failed,POL96760097
PAY47297465,2024-08-16,1265.98,Bank Transfer,Successful,POL22302710
PAY20557104,2022-04-15,201.78,Credit Card,Successful,POL72956351
PAY35698908,2022-10-04,321.56,Bank Transfer,Failed,POL19532067
PAY10082066,2022-06-10,568.96,Bank Transfer,Successful,POL61616519
PAY79899656,2024-05-01,1203.99,Cash,Failed,POL79406105
PAY18610648,2023-02-18,669.79,Credit Card,Failed,POL51164854
PAY73871365,2022-07-02,60.71,Cash,Successful,POL79306031
PAY01528930,2022-07-24,576.35,Bank Transfer,Failed,POL31757726
PAY38187669,2023-05-26,181.07,Cash,Failed,POL31729294
PAY98109007,2024-06-17,779.82,Cash,Successful,POL47175698
PAY67540908,2023-08-03,342.91,Credit Card,Successful,POL62969017
PAY93282752,2022-01-12,288.2,Credit Card,Failed,POL92386046
PAY21919990,2023-11-22,344.88,Cash,Successful,POL03108905
PAY47624551,2022-08-11,1133.74,Credit Card,Failed,POL30062684
PAY98416857,2022-09-26,1408.16,Cash,Successful,POL59205415
PAY89999620,2022-10-09,1041.14,Cash,Failed,POL31865352
PAY55424947,2023-01-01,66.18,Cash,Successful,POL26162057
PAY99778646,2022-01-03,372.67,Cash,Failed,POL25023935
PAY94055301,2024-07-03,426.54,Cash,Successful,POL28314464
PAY67241318,2024-01-29,1442.05,Credit Card,Successful,POL19986234
PAY89138485,2023-04-26,361.48,Bank Transfer,Successful,POL09141368
PAY47474836,2024-11-18,56.26,Credit Card,Successful,POL90960707
PAY29910113,2022-02-23,1347.94,Bank Transfer,Successful,POL56373098
PAY14597442,2022-11-09,72.61,Bank Transfer,Successful,POL45374585
PAY51195674,2023-05-04,716.01,Credit Card,Successful,POL82947020
PAY05744614,2022-09-26,943.77,Bank Transfer,Successful,POL45693467
PAY52862262,2023-11-10,1405.56,Bank Transfer,Successful,POL50630686
PAY05368419,2023-10-13,296.84,Cash,Successful,POL10231732
PAY07969194,2024-09-07,92.45,Cash,Successful,POL12389694
PAY87427122,2024-10-24,1496.51,Cash,Successful,POL35985478
PAY47255735,2022-07-20,1041.31,Bank Transfer,Successful,POL73394070
PAY70241395,2022-04-07,912.48,Cash,Failed,POL87120286
PAY41406139,2024-06-26,201.61,Credit Card,Failed,POL59128367
PAY28579950,2024-10-25,1352.78,Cash,Failed,POL12935594
PAY09125211,2024-11-12,1356.65,Credit Card,Failed,POL17105339
PAY33008507,2024-05-03,1255.45,Bank Transfer,Successful,POL25170126
PAY06020839,2023-01-01,258.31,Bank Transfer,Failed,POL50406144
PAY18298605,2023-03-14,1173.56,Bank Transfer,Failed,POL17886964
PAY67466863,2023-09-10,154.55,Credit Card,Failed,POL76996418
PAY96617259,2022-01-31,309.68,Cash,Failed,POL04685108
PAY73738106,2024-10-04,1224.96,Bank Transfer,Failed,POL98604785
PAY69590598,2022-11-04,290.98,Credit Card,Failed,POL13218423
PAY07484394,2022-11-11,584.38,Bank Transfer,Failed,POL37350059
PAY78584072,2023-08-07,771.8,Credit Card,Failed,POL04331178
PAY30370417,2022-02-03,1360.81,Cash,Successful,POL04317062
PAY76429474,2024-10-28,1125.84,Bank Transfer,Successful,POL89484652
PAY97315679,2023-10-26,935.04,Cash,Failed,POL13591287
PAY01304611,2024-03-30,873.74,Cash,Failed,POL17218507
PAY66178884,2023-10-02,583.61,Bank Transfer,Successful,POL00830653
PAY90866922,2023-05-10,313.99,Cash,Successful,POL69578293
PAY79423768,2024-11-12,1393.1,Credit Card,Failed,POL29760380
PAY35088436,2022-02-17,221.99,Bank Transfer,Failed,POL24807912
PAY85942329,2023-03-29,684.54,Cash,Successful,POL59124038
PAY46319801,2024-10-28,790.89,Credit Card,Failed,POL00148188
PAY93809604,2023-01-20,237.54,Credit Card,Failed,POL66860672
PAY44654958,2022-08-24,706.42,Credit Card,Failed,POL62665179
PAY42810450,2022-11-18,52.3,Cash,Successful,POL03021304
PAY13078442,2022-10-26,643.03,Bank Transfer,Failed,POL10285665
PAY38419967,2024-06-24,727.95,Bank Transfer,Failed,POL55190286
PAY29069460,2024-07-25,427.57,Cash,Failed,POL92070714
PAY10249884,2022-06-11,1325.16,Cash,Successful,POL43572641
PAY40610060,2023-03-27,957.76,Credit Card,Failed,POL05711134
PAY63174257,2024-04-19,1144.01,Cash,Successful,POL32023528
PAY40579949,2022-10-31,1292.51,Bank Transfer,Successful,POL30766028
PAY49853872,2023-10-10,1058.74,Credit Card,Failed,POL87833198
PAY53362242,2022-01-05,1422.71,Credit Card,Failed,POL09615361
PAY19369844,2023-09-23,795.5,Credit Card,Successful,POL40901995
PAY00821907,2023-04-15,470.16,Cash,Successful,POL23901301
PAY46077817,2022-03-30,839.79,Bank Transfer,Successful,POL19704549
PAY50759647,2022-05-01,833.55,Cash,Successful,POL02913059
PAY02935269,2022-05-03,1440.14,Cash,Successful,POL31178570
PAY95899853,2024-02-04,822.79,Cash,Successful,POL93099683
PAY66849793,2023-05-19,893.33,Bank Transfer,Failed,POL13297022
PAY11642660,2024-10-18,893.33,Cash,Failed,POL65862653
PAY32332891,2024-02-01,1381.12,Bank Transfer,Failed,POL63542337
PAY47915026,2022-05-19,1029.43,Credit Card,Successful,POL06550384
PAY37439200,2022-10-13,334.39,Credit Card,Failed,POL92941554
PAY79269295,2024-04-13,201.59,Bank Transfer,Successful,POL64674789
PAY51618861,2022-01-23,634.3,Cash,Successful,POL08632152
PAY58305230,2022-07-24,1051.06,Bank Transfer,Successful,POL01471307
PAY40610249,2024-02-12,829.43,Credit Card,Successful,POL47001756
PAY22762506,2024-04-23,784.52,Bank Transfer,Successful,POL88646934
PAY06902895,2024-04-01,302.27,Cash,Successful,POL08364354
PAY73017912,2024-04-17,1495.4,Cash,Failed,POL59886107
PAY69376608,2022-05-12,1467.07,Credit Card,Failed,POL17282682
PAY51567545,2023-03-18,639.91,Credit Card,Successful,POL96603488
PAY93381011,2023-04-04,762.52,Cash,Successful,POL67370723
PAY85254070,2023-05-29,1108.67,Credit Card,Successful,POL36565456
PAY41596213,2023-04-07,570.2,Credit Card,Failed,POL75285626
PAY46444846,2022-10-22,814.76,Bank Transfer,Successful,POL46564609
PAY79167209,2022-12-11,1070.48,Cash,Successful,POL33352305
PAY21113053,2023-12-01,1109.01,Cash,Successful,POL46303313
PAY16249040,2022-04-28,1133.05,Bank Transfer,Failed,POL05422955
PAY31986696,2022-10-31,564.36,Cash,Successful,POL32079740
PAY05953519,2024-09-12,1237.71,Cash,Successful,POL02913059
PAY03307971,2023-05-02,1313.32,Bank Transfer,Failed,POL08242305
PAY40656181,2022-05-05,153.47,Cash,Successful,POL19957770
PAY66182721,2023-07-16,1437.42,Credit Card,Failed,POL95715427
PAY51347148,2022-03-14,829.7,Cash,Failed,POL64671018
PAY72650958,2022-10-18,518.16,Bank Transfer,Successful,POL03859543
PAY55480992,2023-06-11,580.3,Bank Transfer,Failed,POL83312613
PAY46066807,2023-07-04,326.42,Cash,Successful,POL72122375
PAY39401451,2023-10-21,473.9,Bank Transfer,Failed,POL86872083
PAY55655740,2022-05-14,523.19,Cash,Failed,POL63474388
PAY54675519,2022-08-31,593.64,Cash,Failed,POL38638977
PAY42813642,2024-11-24,661.32,Credit Card,Failed,POL77826609
PAY91015280,2023-02-22,635.51,Credit Card,Failed,POL88672866
PAY40946079,2023-08-24,460.07,Bank Transfer,Successful,POL20698881
PAY51808778,2022-02-18,848.07,Cash,Failed,POL55941578
PAY66655151,2023-02-07,1379.55,Cash,Successful,POL70265364
PAY99511672,2022-06-06,1106.49,Bank Transfer,Failed,POL22177049
PAY24009295,2023-01-08,126.24,Credit Card,Successful,POL55835566
PAY80129568,2022-11-18,322.23,Bank Transfer,Successful,POL40541993
PAY20915274,2024-02-09,1264.31,Cash,Failed,POL26928183
PAY83227815,2024-07-14,190.55,Credit Card,Failed,POL45656881
PAY85540468,2023-05-01,1392.12,Credit Card,Failed,POL67385863
PAY27030997,2022-03-21,1237.53,Credit Card,Failed,POL41993395
PAY05093443,2024-02-05,410.3,Bank Transfer,Failed,POL66073787
PAY81190672,2022-11-01,1479.11,Credit Card,Failed,POL21871449
PAY28317524,2023-03-17,1146.89,Credit Card,Failed,POL29130191
PAY79276286,2024-10-01,1429.3,Credit Card,Failed,POL28314464
PAY91991154,2023-11-09,189.68,Bank Transfer,Successful,POL78264122
PAY54068488,2024-04-27,1416.61,Bank Transfer,Successful,POL09346416
PAY41818181,2023-09-24,218.07,Bank Transfer,Failed,POL87664346
PAY67450239,2024-08-25,381.67,Bank Transfer,Failed,POL95788557
PAY50824333,2022-08-08,1114.62,Cash,Successful,POL67789029
PAY09196712,2022-01-19,453.63,Credit Card,Failed,POL77366966
PAY50614800,2023-07-12,214.62,Cash,Successful,POL81019998
PAY83833011,2022-06-23,984.51,Bank Transfer,Failed,POL04691373
PAY43002715,2023-01-27,1261.31,Cash,Failed,POL52570875
PAY73267912,2022-10-28,1331.13,Bank Transfer,Successful,POL91712276
PAY30214234,2023-05-26,1180.97,Bank Transfer,Failed,POL22111965
PAY19179142,2022-07-17,1458.72,Credit Card,Failed,POL59128367
PAY08502245,2024-12-11,718.28,Credit Card,Successful,POL01090154
PAY92063665,2024-02-23,1477.09,Bank Transfer,Successful,POL58976794
PAY86513857,2022-03-30,164.34,Credit Card,Failed,POL82703619
PAY53660475,2023-06-18,450.66,Credit Card,Successful,POL39824076
PAY11972477,2023-12-20,300.89,Cash,Successful,POL98348434
PAY60328365,2023-06-13,771.66,Bank Transfer,Successful,POL89665327
PAY26338296,2024-03-03,1203.81,Cash,Failed,POL82378502
PAY41167572,2022-03-17,858.65,Bank Transfer,Failed,POL03235385
PAY83559844,2023-03-13,916.11,Credit Card,Failed,POL49366333
PAY55738172,2023-05-23,1047.43,Credit Card,Successful,POL42164624
PAY02905082,2022-02-15,438.64,Cash,Failed,POL16452788
PAY42927810,2024-08-15,189.38,Bank Transfer,Successful,POL76374292
PAY59863695,2022-07-02,1464.17,Bank Transfer,Failed,POL01955713
PAY74515351,2022-12-02,1273.88,Credit Card,Successful,POL93167566
PAY14009689,2023-07-25,975.81,Bank Transfer,Failed,POL00986980
PAY50311344,2022-02-28,761.56,Cash,Successful,POL19136648
PAY41911856,2023-12-13,770.47,Cash,Failed,POL09886051
PAY33880797,2022-04-27,843.82,Cash,Successful,POL12763634
PAY68857899,2023-11-05,1345.96,Bank Transfer,Successful,POL04572453
PAY85459058,2023-07-22,1410.62,Cash,Successful,POL07284415
PAY23611286,2022-02-27,658.57,Credit Card,Successful,POL39439149
PAY60889623,2022-10-07,786.26,Cash,Successful,POL69044273
PAY72566142,2023-02-07,1496.53,Credit Card,Failed,POL55813188
PAY04025046,2022-08-04,450.58,Cash,Failed,POL25304698
PAY72243049,2022-12-01,857.85,Bank Transfer,Failed,POL46427278
PAY03584883,2022-06-14,128.09,Credit Card,Failed,POL00677715
PAY64198503,2023-03-01,1397.89,Bank Transfer,Successful,POL32398329
PAY72125492,2024-09-16,403.83,Bank Transfer,Successful,POL06341687
PAY05822664,2022-09-12,484.56,Credit Card,Successful,POL06351305
PAY44408624,2023-08-17,420.84,Cash,Failed,POL16384443
PAY14744162,2024-07-21,142.61,Bank Transfer,Successful,POL53750210
PAY60027902,2024-02-02,500.02,Bank Transfer,Successful,POL10427229
PAY96442057,2023-08-04,960.45,Bank Transfer,Successful,POL02018032
PAY06052666,2023-02-01,789.57,Cash,Failed,POL24459389
PAY62241032,2024-01-29,687.03,Cash,Successful,POL01760964
PAY67792556,2023-12-31,1300.77,Cash,Failed,POL30360159
PAY69734604,2023-05-28,282.15,Cash,Failed,POL93746729
PAY18754526,2023-11-12,409.71,Credit Card,Successful,POL50807231
PAY17008932,2024-09-06,1092.96,Credit Card,Failed,POL06264444
PAY89252428,2024-04-13,1435.73,Bank Transfer,Failed,POL83669063
PAY59764732,2022-06-29,342.7,Bank Transfer,Failed,POL12299687
PAY76697218,2023-05-08,161.43,Credit Card,Successful,POL04460141
PAY93696677,2024-01-02,1163.97,Cash,Failed,POL94885800
PAY44680576,2024-05-31,319.5,Cash,Successful,POL05757630
PAY93857183,2024-09-22,1453.83,Cash,Failed,POL87958361
PAY41345838,2022-12-04,1084.59,Cash,Successful,POL47741439
PAY55737012,2024-10-15,947.98,Cash,Failed,POL73582345
PAY48827501,2022-07-22,1011.86,Bank Transfer,Failed,POL17801092
PAY51893653,2023-07-04,1286.62,Cash,Successful,POL11423275
PAY25897385,2023-01-18,670.23,Cash,Successful,POL21871449
PAY05902299,2023-03-11,567.64,Cash,Successful,POL50060227
PAY82448389,2024-12-20,330.82,Cash,Failed,POL95771628
PAY09569217,2024-06-29,177.59,Bank Transfer,Failed,POL31424622
PAY17035930,2024-10-22,1153.72,Cash,Failed,POL31299981
PAY08789665,2023-07-27,779.45,Bank Transfer,Successful,POL00460604
PAY90754330,2023-06-01,723.09,Cash,Failed,POL61062551
PAY53621979,2023-07-14,1388.53,Bank Transfer,Failed,POL79030894
PAY09997421,2024-03-02,679.61,Bank Transfer,Successful,POL32964708
PAY20540746,2023-03-10,295.84,Bank Transfer,Failed,POL44115622
PAY44864004,2023-02-15,787.89,Bank Transfer,Failed,POL92817192
PAY46716829,2023-03-24,248.58,Cash,Successful,POL48606584
PAY73906809,2023-06-02,530.36,Credit Card,Failed,POL48511316
PAY85004398,2022-06-22,756.61,Credit Card,Successful,POL86299537
PAY73704361,2024-08-28,557.18,Bank Transfer,Successful,POL63414573
PAY19168217,2024-01-10,650.98,Cash,Failed,POL38790391
PAY19862430,2024-09-24,976.46,Credit Card,Failed,POL06589548
PAY69325285,2023-04-14,1349.73,Bank Transfer,Successful,POL43397255
PAY97901759,2024-09-04,754.48,Bank Transfer,Failed,POL63077601
PAY37674502,2024-08-29,223.49,Cash,Failed,POL47004965
PAY15194554,2022-02-04,237.78,Credit Card,Successful,POL48346440
PAY31200886,2023-01-07,1478.19,Cash,Failed,POL31763901
PAY13345098,2024-11-27,492.6,Cash,Failed,POL32625291
PAY14984473,2022-08-16,316.95,Cash,Failed,POL05753582
PAY66515667,2023-04-11,678.58,Credit Card,Failed,POL81378407
PAY89650680,2022-09-18,983.27,Cash,Successful,POL80649448
PAY16960799,2024-03-19,1040.09,Bank Transfer,Failed,POL97112066
PAY98435007,2023-02-16,592.74,Bank Transfer,Successful,POL57676193
PAY35424365,2023-10-27,1342.64,Cash,Successful,POL72902683
PAY32239961,2022-02-18,1375.39,Credit Card,Successful,POL03258103
PAY07717811,2024-04-22,454.05,Cash,Successful,POL01510023
PAY07385568,2024-08-21,60.87,Cash,Failed,POL12062320
PAY35934033,2023-11-04,218.88,Credit Card,Failed,POL00464071
PAY05547034,2023-04-20,339.75,Cash,Successful,POL05441250
PAY76069886,2023-07-08,476.79,Bank Transfer,Successful,POL32327074
PAY28466189,2023-10-27,905.2,Credit Card,Failed,POL96375176
PAY74049187,2022-08-12,923.33,Bank Transfer,Successful,POL19826464
PAY17087890,2022-04-15,1039.18,Bank Transfer,Successful,POL91395324
PAY18572695,2024-11-04,1047.9,Bank Transfer,Failed,POL54636446
PAY88791048,2022-05-04,747.88,Credit Card,Successful,POL61024790
PAY04696936,2023-09-19,1043.16,Credit Card,Successful,POL50630686
PAY87105766,2023-07-20,476.32,Bank Transfer,Successful,POL35635488
PAY45665435,2022-02-23,1235.59,Bank Transfer,Failed,POL99808089
PAY90265940,2023-07-22,1419.14,Bank Transfer,Successful,POL07908129
PAY29251948,2023-07-25,535.76,Cash,Failed,POL33388431
PAY53725384,2022-02-14,1220.04,Credit Card,Failed,POL50060227
PAY74738998,2024-02-28,702.43,Bank Transfer,Failed,POL33328438
PAY08565753,2023-08-22,1263.87,Bank Transfer,Successful,POL11103169
PAY05430532,2022-07-11,601.51,Cash,Failed,POL13276567
PAY44880302,2023-01-25,1495.37,Cash,Failed,POL32979560
PAY75089693,2023-10-28,1333.28,Cash,Failed,POL14011432
PAY00328286,2023-12-29,1248.62,Bank Transfer,Successful,POL36934313
PAY51861429,2022-08-05,191.94,Credit Card,Successful,POL22375772
PAY71493232,2024-09-13,419.78,Credit Card,Failed,POL91111316
PAY92515856,2022-01-31,881.62,Credit Card,Successful,POL44317279
PAY26145331,2023-02-01,575.23,Cash,Failed,POL64631990
PAY74049033,2024-09-09,381.46,Credit Card,Failed,POL47001756
PAY37123975,2023-10-25,944.46,Bank Transfer,Successful,POL82524320
PAY16632104,2024-01-14,79.92,Credit Card,Failed,POL82064166
PAY46290766,2024-07-19,855.33,Cash,Failed,POL57660624
PAY19940628,2022-05-01,456.32,Cash,Failed,POL73294320
PAY56538351,2024-05-21,982.78,Credit Card,Successful,POL70827381
PAY56380148,2023-11-26,1342.22,Bank Transfer,Successful,POL20686006
PAY34985270,2023-02-18,366.28,Bank Transfer,Successful,POL70589278
PAY78932606,2023-12-14,748.56,Credit Card,Successful,POL24987681
PAY23829876,2023-12-03,135.38,Bank Transfer,Failed,POL19466046
PAY38478444,2023-12-17,1329.3,Bank Transfer,Successful,POL17842339
PAY61142676,2024-07-10,635.25,Cash,Failed,POL04837231
PAY78239031,2022-03-22,865.86,Cash,Failed,POL21160213
PAY44936377,2023-09-05,692.13,Bank Transfer,Successful,POL81437012
PAY04257804,2024-01-02,634.52,Cash,Failed,POL95251783
PAY98300849,2022-10-05,263.48,Credit Card,Failed,POL00074761
PAY71747781,2022-05-08,1299.37,Cash,Failed,POL15525439
PAY55230747,2024-02-15,526.18,Cash,Failed,POL03121117
PAY43981551,2021-12-30,1426.28,Credit Card,Successful,POL57167179
PAY80223678,2024-06-05,1444.08,Credit Card,Successful,POL79741032
PAY34267439,2023-03-28,618.35,Credit Card,Failed,POL41691326
PAY65786868,2021-12-28,740.24,Cash,Successful,POL42477290
PAY95013189,2022-11-08,705.89,Credit Card,Successful,POL49350723
PAY64017859,2022-01-12,263.71,Credit Card,Successful,POL32964708
PAY48765599,2023-06-15,695.35,Cash,Failed,POL91241306
PAY52093315,2024-02-02,1321.74,Credit Card,Successful,POL24186172
PAY75678998,2023-11-18,737.89,Bank Transfer,Successful,POL25998313
PAY59971920,2024-08-08,248.93,Credit Card,Failed,POL57724014
PAY17861573,2022-06-09,1386.33,Cash,Successful,POL58933149
PAY25476524,2022-03-18,575.39,Bank Transfer,Failed,POL42862009
PAY34549007,2022-07-06,640.64,Cash,Successful,POL90242414
PAY33550594,2024-10-10,1308.99,Credit Card,Successful,POL96697698
PAY76462274,2022-05-19,687.56,Cash,Failed,POL60911272
PAY44035637,2022-12-27,472.85,Cash,Failed,POL12388538
PAY67243882,2023-09-12,566.98,Cash,Successful,POL10684748
PAY80371790,2023-01-07,321.41,Bank Transfer,Failed,POL49874464
PAY81592136,2023-08-02,1265.34,Credit Card,Successful,POL14835880
PAY99475523,2022-11-17,1127.12,Cash,Failed,POL17421087
PAY39322994,2023-02-20,732.39,Credit Card,Failed,POL29750466
PAY47965507,2022-02-20,427.18,Credit Card,Successful,POL90750748
PAY39347730,2022-03-14,691.59,Bank Transfer,Failed,POL45410336
PAY61536379,2022-01-13,166.38,Cash,Successful,POL86004596
PAY74319811,2024-01-01,1072.81,Cash,Successful,POL14909944
PAY46223051,2023-05-19,796.53,Bank Transfer,Failed,POL86820277
PAY70976171,2023-01-15,498.76,Credit Card,Successful,POL20039357
PAY24040077,2022-05-02,1034.15,Cash,Successful,POL84891597
PAY92955601,2024-02-21,1328.42,Bank Transfer,Successful,POL42513263
PAY84847044,2023-11-24,289.41,Bank Transfer,Successful,POL77315241
PAY10317274,2024-06-28,316.13,Bank Transfer,Failed,POL67118908
PAY10733246,2024-12-13,599.88,Cash,Failed,POL77060064
PAY95166771,2022-03-05,215.01,Credit Card,Failed,POL09901587
PAY48591985,2024-02-18,1074.93,Credit Card,Successful,POL38989710
PAY06939826,2024-09-27,209.53,Cash,Successful,POL19362691
PAY03229214,2024-06-04,75.19,Credit Card,Failed,POL67451011
PAY22742191,2024-07-02,1142.97,Credit Card,Failed,POL99353162
PAY78050430,2024-08-23,619.46,Bank Transfer,Successful,POL13762609
PAY52781983,2023-12-14,1483.54,Cash,Successful,POL56397262
PAY28896448,2024-11-15,1018.23,Cash,Failed,POL84222350
PAY46041040,2022-09-05,589.12,Cash,Failed,POL54969569
PAY07265781,2024-03-15,855.63,Credit Card,Failed,POL99720690
PAY44958020,2024-12-04,1219.01,Credit Card,Failed,POL37551406
PAY15862255,2024-10-04,220.7,Cash,Failed,POL67611471
PAY94079501,2024-11-01,618.4,Bank Transfer,Failed,POL96461175
PAY09333061,2024-06-16,382,Bank Transfer,Successful,POL05276181
PAY69655430,2023-10-12,1085.09,Cash,Failed,POL06836904
PAY50916372,2024-06-19,489.63,Bank Transfer,Failed,POL84035014
PAY22298622,2024-06-13,144.93,Bank Transfer,Successful,POL13670918
PAY78807454,2023-12-20,1117.16,Bank Transfer,Failed,POL85437892
PAY94072664,2024-11-02,697.53,Credit Card,Successful,POL73143221
PAY18883331,2023-06-25,593.23,Cash,Failed,POL68469433
PAY15417188,2022-09-26,216.12,Cash,Failed,POL52076686
PAY49739481,2024-04-22,1200.17,Cash,Failed,POL86299537
PAY45709079,2023-03-24,279.12,Bank Transfer,Failed,POL19362691
PAY80027727,2023-07-25,1125.27,Bank Transfer,Failed,POL42604699
PAY20091109,2023-10-30,631.29,Bank Transfer,Failed,POL42401961
PAY82965222,2024-07-03,249.82,Credit Card,Failed,POL43027986
PAY23764146,2023-05-20,61.91,Credit Card,Successful,POL43572641
PAY76442418,2022-12-04,509.88,Bank Transfer,Failed,POL57578050
PAY84200554,2024-10-16,333.99,Credit Card,Successful,POL26905808
PAY24682194,2024-12-15,236.58,Bank Transfer,Successful,POL29207851
PAY91540548,2024-12-19,970.17,Cash,Failed,POL22702092
PAY73026216,2022-04-12,494.51,Cash,Failed,POL16711858
PAY98673290,2022-05-04,120.56,Credit Card,Failed,POL18418327
PAY45600978,2024-05-18,589.32,Bank Transfer,Successful,POL85944273
PAY62597010,2022-09-04,1269.31,Bank Transfer,Failed,POL19547939
PAY51358513,2024-07-16,1412.44,Cash,Failed,POL78045083
PAY33576684,2024-10-07,1422.84,Bank Transfer,Failed,POL75183965
PAY08415929,2024-03-25,914.42,Cash,Failed,POL15219398
PAY41733387,2024-10-23,1345.69,Credit Card,Successful,POL32822609
PAY11428194,2022-07-21,310.03,Bank Transfer,Failed,POL79030894
PAY51348113,2023-12-17,138.98,Bank Transfer,Failed,POL19452120
PAY05362944,2022-07-10,239.29,Bank Transfer,Failed,POL51223603
PAY96685173,2024-01-07,729.13,Credit Card,Successful,POL10635229
PAY21577015,2023-12-07,1498.26,Cash,Successful,POL69142405
PAY12913106,2023-05-16,107.2,Credit Card,Failed,POL10731593
PAY76611389,2023-03-09,1158.83,Credit Card,Successful,POL50893138
PAY45668007,2023-02-27,310.28,Cash,Failed,POL42954389
PAY00073745,2024-06-15,480.67,Cash,Failed,POL90777171
PAY90477460,2022-10-27,64.26,Cash,Failed,POL97865190
PAY14315324,2024-07-14,483.43,Cash,Successful,POL74637013
PAY29065356,2024-09-25,1178.38,Credit Card,Failed,POL11850737
PAY45032485,2024-12-11,688.24,Cash,Successful,POL15495647
PAY26425649,2022-05-15,1166.02,Credit Card,Failed,POL30184185
PAY35348172,2024-07-24,363.71,Credit Card,Successful,POL80143604
PAY28242866,2022-02-18,63.73,Bank Transfer,Successful,POL59246614
PAY82603461,2024-06-27,954.33,Credit Card,Successful,POL64702950
PAY58093842,2022-11-14,1008.02,Cash,Failed,POL03406980
PAY20523323,2024-04-16,1196.53,Bank Transfer,Failed,POL84309166
PAY68405558,2023-04-24,880.93,Credit Card,Successful,POL64074481
PAY95466843,2023-09-02,301.79,Credit Card,Failed,POL27274188
PAY64755885,2024-09-16,139.65,Credit Card,Successful,POL86871699
PAY01445652,2023-05-06,671.31,Credit Card,Successful,POL12925982
PAY30293317,2023-04-14,338.87,Cash,Failed,POL47741439
PAY25137306,2023-04-11,220.61,Bank Transfer,Failed,POL45059272
PAY05595847,2022-09-13,277.3,Cash,Failed,POL35313589
PAY63042600,2022-04-25,1208.99,Cash,Successful,POL81550647
PAY99006925,2024-06-21,352.1,Credit Card,Failed,POL55024911
PAY36135990,2023-05-21,979.04,Cash,Successful,POL02642777
PAY83571989,2024-06-14,1077.54,Credit Card,Failed,POL11880653
PAY40818515,2023-05-28,543.85,Bank Transfer,Failed,POL03021304
PAY28013374,2022-10-21,983.29,Cash,Failed,POL05346693
PAY46378598,2023-12-23,1498.85,Credit Card,Successful,POL75494464
PAY93078025,2024-10-11,1414.08,Bank Transfer,Successful,POL76101411
PAY45286238,2023-09-24,53.54,Credit Card,Successful,POL99061249
PAY61934044,2024-08-08,367.9,Cash,Successful,POL09607318
PAY18839038,2024-12-17,277.54,Cash,Failed,POL81378407
PAY15344153,2023-09-16,354.91,Credit Card,Failed,POL32721241
PAY64384074,2022-06-19,163.52,Credit Card,Failed,POL19469435
PAY81416936,2023-06-17,1231.67,Cash,Successful,POL64668667
PAY38165258,2024-04-26,379.37,Cash,Successful,POL27717636
PAY86938473,2022-08-25,600.95,Credit Card,Successful,POL92252183
PAY65241954,2024-05-12,819.78,Cash,Successful,POL19062916
PAY14557071,2024-02-18,512.27,Credit Card,Failed,POL95259878
PAY66250276,2024-10-21,1411.08,Cash,Failed,POL66040683
PAY58809936,2024-04-16,1413.41,Bank Transfer,Failed,POL19136648
PAY30970874,2023-06-24,805.67,Cash,Successful,POL35209226
PAY91226709,2023-07-15,56.25,Credit Card,Successful,POL19255943
PAY58715807,2022-05-08,484.68,Bank Transfer,Successful,POL72000232
PAY26428321,2024-09-04,1313.12,Credit Card,Successful,POL04572453
PAY69635387,2024-05-18,635.71,Bank Transfer,Successful,POL29704529
PAY17725554,2024-03-25,1368.78,Bank Transfer,Failed,POL52900081
PAY02776885,2023-08-02,698.1,Credit Card,Successful,POL88760778
PAY79926868,2024-08-03,403.35,Cash,Successful,POL07768534
PAY83630948,2023-08-22,370.82,Cash,Successful,POL45795232
PAY08345803,2024-11-08,388.66,Bank Transfer,Successful,POL88709617
PAY93421423,2023-02-14,840.57,Cash,Failed,POL21259654
PAY48559012,2023-07-03,110.01,Cash,Failed,POL36025605
PAY05979806,2024-08-22,1338.3,Cash,Successful,POL07319671
PAY45757402,2023-01-29,1242.02,Credit Card,Successful,POL35020187
PAY42345588,2024-11-26,183.98,Bank Transfer,Successful,POL30766028
PAY55798203,2021-12-31,1305.16,Cash,Failed,POL98087224
PAY80245453,2024-10-28,794.66,Cash,Successful,POL59742494
PAY27696744,2022-06-19,1053.01,Cash,Successful,POL84536532
PAY84248980,2024-09-14,965,Credit Card,Failed,POL74617245
PAY41476024,2022-10-04,235.25,Bank Transfer,Failed,POL83318258
PAY53216630,2022-01-14,848.59,Cash,Successful,POL69269293
PAY02027502,2024-07-16,949.32,Cash,Successful,POL95434233
PAY44001923,2023-12-15,505.53,Bank Transfer,Failed,POL53680608
PAY53571718,2022-01-03,1398.06,Credit Card,Successful,POL75119597
PAY65984994,2024-05-14,742.02,Cash,Successful,POL31150343
PAY89438783,2022-08-12,191.87,Bank Transfer,Successful,POL17406107
PAY73368435,2023-02-06,1059.99,Bank Transfer,Failed,POL82970640
PAY80478857,2023-02-22,639.98,Cash,Successful,POL98813677
PAY49717271,2022-03-01,1023.31,Bank Transfer,Successful,POL96147285
PAY73362075,2024-09-20,156.53,Credit Card,Failed,POL18969442
PAY54763222,2022-09-29,514.97,Bank Transfer,Successful,POL58933149
PAY88331240,2023-03-30,466.09,Credit Card,Successful,POL25611191
PAY41538241,2023-01-24,319.7,Cash,Failed,POL31533848
PAY09932366,2024-06-12,210.66,Credit Card,Successful,POL28044403
PAY89389003,2024-08-05,1131.86,Cash,Successful,POL76937321
PAY31887984,2024-02-16,532.08,Cash,Successful,POL23016733
PAY63713698,2023-11-08,278.94,Credit Card,Failed,POL32368471
PAY82419622,2023-12-25,791.86,Cash,Successful,POL49354428
PAY15830811,2023-09-10,1235.86,Bank Transfer,Successful,POL81238149
PAY84149184,2023-06-03,1186.69,Cash,Failed,POL95381092
PAY08954915,2024-11-15,1466.38,Bank Transfer,Successful,POL06550384
PAY93556058,2024-10-17,543.35,Bank Transfer,Successful,POL70096611
PAY70956274,2023-02-26,1206.61,Cash,Successful,POL38653037
PAY68257403,2023-02-11,1321.51,Cash,Successful,POL78314103
PAY20476296,2023-11-21,532.93,Cash,Successful,POL62323938
PAY23883850,2024-06-29,361.63,Credit Card,Failed,POL31178570
PAY66606738,2022-02-17,163.78,Credit Card,Successful,POL43986389
PAY57569366,2023-07-16,1233.34,Credit Card,Successful,POL73772747
PAY10945418,2023-09-30,947.05,Credit Card,Failed,POL07522607
PAY81107822,2022-08-10,702.12,Credit Card,Successful,POL93108727
PAY11114341,2022-12-02,782.53,Bank Transfer,Successful,POL98060005
PAY47408369,2023-01-31,1201.2,Credit Card,Successful,POL18867984
PAY77955090,2024-08-31,984.83,Credit Card,Failed,POL40234969
PAY23166677,2024-11-03,1346.97,Bank Transfer,Failed,POL55617113
PAY10396410,2023-06-30,747.4,Credit Card,Successful,POL88709617
PAY79527123,2022-12-14,1304.1,Cash,Successful,POL84566610
PAY60292914,2024-07-02,140.11,Credit Card,Successful,POL22939272
PAY10392870,2024-12-21,1094.68,Cash,Failed,POL91325406
PAY98057649,2023-07-15,599.5,Bank Transfer,Failed,POL36090611
PAY17315991,2023-10-06,452.34,Credit Card,Failed,POL62898897
PAY65910088,2022-03-27,871.02,Credit Card,Successful,POL04120684
PAY88916184,2022-10-17,1441.34,Credit Card,Failed,POL44850934
PAY97323120,2023-12-18,418.94,Credit Card,Successful,POL88789148
PAY98022224,2024-03-21,850.11,Cash,Successful,POL93399992
PAY83059344,2023-10-30,490.98,Credit Card,Failed,POL69932027
PAY52455426,2024-10-12,684.8,Bank Transfer,Successful,POL77506531
PAY99757423,2022-01-16,313.14,Credit Card,Successful,POL01363904
PAY51041063,2023-02-25,410.46,Bank Transfer,Failed,POL89918097
PAY21106655,2024-05-13,1499.98,Credit Card,Failed,POL85269593
PAY39610596,2022-03-30,1393.15,Credit Card,Failed,POL99450257
PAY53771374,2022-08-03,1300.63,Cash,Successful,POL45751576
PAY87950122,2022-06-04,63.31,Credit Card,Failed,POL43843486
PAY83329907,2023-02-05,234.5,Bank Transfer,Failed,POL82148607
PAY49768708,2024-09-25,419.77,Cash,Successful,POL09899083
PAY29851072,2023-06-27,527.28,Credit Card,Failed,POL14632307
PAY00941096,2024-03-23,247.3,Cash,Successful,POL49795535
PAY94998154,2024-05-08,199.83,Credit Card,Failed,POL13181377
PAY74983101,2022-06-30,384.02,Bank Transfer,Failed,POL28224422
PAY55478122,2022-03-29,453.69,Credit Card,Successful,POL61600687
PAY12848042,2024-06-27,1057.83,Credit Card,Failed,POL94207540
PAY86914822,2022-11-12,1188.07,Bank Transfer,Failed,POL07509618
PAY51481262,2023-05-14,823.73,Credit Card,Successful,POL43684594
PAY90245065,2022-05-14,262.21,Credit Card,Successful,POL23406460
PAY11627429,2022-07-03,174.51,Cash,Successful,POL68796597
PAY00779392,2022-02-26,1210.94,Credit Card,Successful,POL54226110
PAY67146039,2024-03-03,375.06,Cash,Successful,POL49903606
PAY99969248,2022-02-13,631.65,Credit Card,Successful,POL70589278
PAY11714865,2022-12-25,1380.02,Bank Transfer,Successful,POL42545134
PAY02406428,2024-06-12,1218.72,Cash,Failed,POL58829430
PAY03005397,2024-08-06,1308.39,Cash,Successful,POL59056408
PAY50728691,2022-10-04,1432.8,Credit Card,Successful,POL90664485
PAY88769820,2022-05-10,730.83,Bank Transfer,Failed,POL97721863
PAY18353146,2023-03-30,1458.84,Cash,Successful,POL85421445
PAY30082332,2022-12-15,408.2,Bank Transfer,Successful,POL42878655
PAY92963380,2023-10-05,262.86,Bank Transfer,Failed,POL86348344
PAY56387834,2024-11-20,684.25,Cash,Successful,POL95004499
PAY28371873,2022-01-14,1105.88,Credit Card,Successful,POL06516392
PAY84990292,2023-10-31,784.01,Credit Card,Successful,POL55813188
PAY72780396,2022-12-19,93.59,Cash,Failed,POL27171310
PAY05282061,2023-07-11,249.12,Cash,Failed,POL35484461
PAY15466080,2022-07-03,1329.36,Cash,Successful,POL35832686
PAY32570610,2024-05-01,1367.93,Credit Card,Successful,POL47359207
PAY37959316,2022-07-27,591.71,Cash,Successful,POL63887686
PAY16493222,2023-08-19,591.31,Credit Card,Failed,POL67846790
PAY78934743,2024-10-08,1258.38,Credit Card,Successful,POL41570616
PAY13434206,2024-03-15,739.54,Credit Card,Failed,POL30804068
PAY87756395,2024-05-02,1401.93,Cash,Successful,POL38790391
PAY41748153,2023-10-18,1387.12,Bank Transfer,Successful,POL90911648
PAY73245667,2024-02-17,370.68,Credit Card,Failed,POL97852810
PAY49997350,2024-10-27,611.58,Cash,Failed,POL21292296
PAY59654775,2023-09-24,1078.19,Bank Transfer,Failed,POL22111965
PAY43066011,2024-07-12,1165.17,Credit Card,Successful,POL73942123
PAY46251568,2022-11-09,659.68,Credit Card,Failed,POL22939272
PAY27420844,2023-12-13,1467.69,Cash,Failed,POL78506700
PAY93774816,2024-11-23,573.31,Credit Card,Successful,POL14684878
PAY50438656,2022-08-07,240.61,Bank Transfer,Successful,POL13070623
PAY37051444,2023-11-23,598.47,Credit Card,Successful,POL93243728
PAY11578757,2023-11-12,717.83,Bank Transfer,Failed,POL81202373
PAY67553257,2024-10-04,502.96,Cash,Successful,POL76144005
PAY95888812,2023-10-19,1164.09,Cash,Successful,POL23964698
PAY94412768,2023-12-24,827.67,Bank Transfer,Failed,POL87933513
PAY21858609,2023-08-04,1432.79,Bank Transfer,Failed,POL07510316
PAY35246393,2023-12-02,149.78,Bank Transfer,Failed,POL31178570
PAY61088511,2022-07-07,1403.86,Credit Card,Failed,POL39585916
PAY10706723,2024-09-06,117.05,Cash,Successful,POL98604785
PAY84111479,2024-12-07,1344.92,Credit Card,Successful,POL34491800
PAY56485821,2023-05-07,947.62,Bank Transfer,Successful,POL08724015
PAY17092592,2023-04-01,967.69,Cash,Failed,POL96268536
PAY10763200,2022-11-08,262.69,Credit Card,Successful,POL82409345
PAY81853425,2022-07-03,405.6,Cash,Successful,POL73016380
PAY42385256,2024-05-20,907.47,Cash,Successful,POL31424622
PAY69843915,2023-04-27,1262.32,Cash,Successful,POL21104754
PAY14512261,2024-01-16,323.99,Credit Card,Failed,POL53613913
PAY70326041,2022-09-25,1011.85,Credit Card,Successful,POL76387090
PAY55596810,2024-08-15,225.58,Credit Card,Successful,POL70256578
PAY29223776,2024-09-20,1276.48,Bank Transfer,Failed,POL95930417
PAY94246515,2023-02-19,402.29,Cash,Failed,POL25617891
PAY79677405,2022-11-06,923.29,Credit Card,Successful,POL74434126
PAY30979917,2023-07-04,1147.81,Cash,Successful,POL26162057
PAY82822085,2023-02-04,184.94,Credit Card,Successful,POL34108237
PAY66232757,2022-11-28,480.72,Bank Transfer,Successful,POL48016627
PAY94978670,2023-03-26,893.69,Bank Transfer,Successful,POL33527199
PAY29695441,2022-11-12,1376.74,Credit Card,Failed,POL63841611
PAY98054990,2022-10-30,1130.79,Bank Transfer,Failed,POL45391676
PAY21288115,2023-01-20,637.5,Bank Transfer,Failed,POL22369979
PAY48235831,2024-07-10,835.68,Bank Transfer,Failed,POL90576138
PAY16719181,2022-10-08,1095.29,Credit Card,Failed,POL03499905
PAY09640680,2024-07-18,641.13,Credit Card,Successful,POL52685173
PAY73870227,2022-04-14,545.52,Credit Card,Successful,POL60240212
PAY52318516,2023-08-15,178.9,Bank Transfer,Successful,POL53944841
PAY86864140,2024-12-07,94.89,Cash,Failed,POL61092074
PAY08522876,2024-01-18,507.95,Bank Transfer,Failed,POL79993699
PAY75324909,2023-09-19,285.88,Bank Transfer,Successful,POL27806251
PAY32552898,2023-10-04,1001.33,Cash,Successful,POL96935129
PAY50458607,2024-12-20,570.49,Cash,Failed,POL42513263
PAY89093099,2023-10-09,470.4,Cash,Failed,POL12299687
PAY25011084,2024-08-27,248.47,Credit Card,Failed,POL20003518
PAY88379041,2022-03-04,1153.31,Credit Card,Successful,POL37350059
PAY18931773,2022-07-04,157.47,Bank Transfer,Failed,POL20281612
PAY90852651,2022-12-22,1223.84,Cash,Failed,POL99145104
PAY70407879,2023-01-23,1107.27,Bank Transfer,Failed,POL64903447
PAY57929141,2024-12-03,238.16,Credit Card,Successful,POL64301411
PAY57845669,2023-12-01,924.37,Cash,Successful,POL21871449
PAY62517580,2022-07-29,301.44,Cash,Failed,POL49905886
PAY47329076,2023-02-07,779.42,Credit Card,Failed,POL40777572
PAY34409626,2023-11-20,1215.25,Credit Card,Successful,POL05034207
PAY25074765,2023-06-14,1000.75,Cash,Successful,POL79014248
PAY17535847,2024-11-12,981.12,Bank Transfer,Successful,POL27396272
PAY61306386,2022-02-21,1414.29,Cash,Successful,POL01562531
PAY74220090,2023-09-06,1398.84,Cash,Successful,POL03499905
PAY08932067,2024-07-17,729.85,Bank Transfer,Failed,POL04910841
PAY88503249,2023-06-29,554.12,Bank Transfer,Failed,POL78402619
PAY10531839,2022-07-15,218.53,Credit Card,Failed,POL55191578
PAY25637486,2023-04-26,1109.06,Bank Transfer,Successful,POL15097723
PAY05528575,2023-04-30,739.46,Credit Card,Failed,POL85531608
PAY04889451,2023-03-25,301.14,Cash,Successful,POL41189495
PAY37982004,2022-10-29,855.68,Bank Transfer,Successful,POL06079689
PAY58945606,2022-05-07,838.07,Credit Card,Failed,POL77562289
PAY87979572,2024-11-03,1418.34,Bank Transfer,Failed,POL66448558
PAY08888223,2024-01-15,1342.91,Bank Transfer,Successful,POL64858473
PAY25897092,2022-01-05,666.99,Credit Card,Failed,POL24070236
PAY12627218,2023-11-17,809.73,Credit Card,Failed,POL20270146
PAY28518847,2023-03-29,477.76,Credit Card,Successful,POL79774019
PAY09940117,2023-03-09,920.48,Cash,Failed,POL25712135
PAY98836087,2024-02-22,1294.07,Credit Card,Successful,POL51383212
PAY81916903,2023-01-07,1218.05,Credit Card,Successful,POL32907592
PAY24400581,2023-01-18,1405.77,Cash,Failed,POL74240303
PAY13378635,2023-03-06,1252.47,Cash,Failed,POL60365755
PAY77348765,2022-09-01,325.01,Bank Transfer,Failed,POL28503798
PAY15175180,2023-07-02,439.72,Bank Transfer,Successful,POL73068892
PAY23507379,2022-03-28,1142.63,Credit Card,Successful,POL83860935
PAY45412583,2023-10-13,693.88,Credit Card,Successful,POL47946595
PAY61796810,2022-09-08,563.71,Credit Card,Failed,POL81985235
PAY37410778,2023-05-23,256.14,Cash,Successful,POL32646006
PAY38753799,2022-07-23,1495.43,Bank Transfer,Successful,POL50050613
PAY22020072,2024-01-17,1451.89,Cash,Successful,POL76989054
PAY91860820,2024-02-14,1452.18,Bank Transfer,Successful,POL08764986
PAY31594751,2023-06-24,1129.73,Bank Transfer,Successful,POL09445725
PAY73339481,2022-07-06,717.6,Credit Card,Failed,POL32214877
PAY27299733,2023-09-13,1046.81,Bank Transfer,Failed,POL43471833
PAY77971455,2023-10-27,194.69,Bank Transfer,Successful,POL11311249
PAY41806150,2023-01-26,1010.29,Cash,Failed,POL92837863
PAY19181729,2024-07-12,950.06,Cash,Failed,POL21488909
PAY00650824,2024-02-28,794.54,Bank Transfer,Failed,POL06987694
PAY23571199,2023-06-22,1339.24,Bank Transfer,Failed,POL32589913
PAY33238619,2024-07-08,608.23,Credit Card,Successful,POL03785266
PAY52960392,2023-08-04,1326.27,Credit Card,Failed,POL22866808
PAY99208112,2023-07-08,1435.7,Cash,Successful,POL03499905
PAY22771343,2024-06-03,632.7,Cash,Failed,POL29507667
PAY49042869,2022-03-19,787.28,Cash,Failed,POL23643525
PAY39651524,2024-02-03,1205.06,Bank Transfer,Failed,POL05711191
PAY11754796,2023-03-25,1387.2,Credit Card,Failed,POL05753582
PAY22298343,2023-07-15,1057.12,Bank Transfer,Failed,POL34787590
PAY97070570,2023-07-16,354.14,Credit Card,Successful,POL32547162
PAY43082529,2024-09-09,1075.3,Cash,Successful,POL98182454
PAY04298308,2022-12-24,467.6,Credit Card,Successful,POL73654382
PAY86056912,2021-12-23,392.9,Cash,Failed,POL27799003
PAY65054900,2024-01-28,802.8,Bank Transfer,Successful,POL29271605
PAY72338435,2023-12-26,1345.18,Cash,Failed,POL88765284
PAY93016539,2024-08-18,1130.3,Bank Transfer,Successful,POL19560921
PAY40379395,2022-05-04,464.86,Cash,Failed,POL12552463
PAY58297989,2024-02-21,393.81,Bank Transfer,Successful,POL43678761
PAY15852179,2024-11-25,1039.92,Bank Transfer,Successful,POL30115645
PAY26126348,2023-12-05,1412.02,Cash,Failed,POL69437529
PAY41545386,2023-08-27,779.11,Bank Transfer,Successful,POL56170272
PAY80133762,2024-02-08,497.45,Credit Card,Failed,POL56082024
PAY88425738,2023-11-01,948.96,Cash,Successful,POL27486372
PAY86845449,2024-01-15,552.3,Credit Card,Successful,POL68371036
PAY35368503,2024-04-09,1397.45,Bank Transfer,Failed,POL53973271
PAY80724215,2022-02-20,457.36,Cash,Successful,POL11173408
PAY69849716,2023-12-08,851.96,Bank Transfer,Successful,POL39776148
PAY15086161,2023-09-06,1118.81,Bank Transfer,Successful,POL20321964
PAY54661213,2023-11-22,1185.08,Bank Transfer,Successful,POL32368471
PAY85655979,2022-08-02,776.24,Credit Card,Failed,POL33725370
PAY09361332,2022-10-23,1288.43,Credit Card,Successful,POL38512389
PAY90872034,2024-07-10,113.31,Cash,Failed,POL81043217
PAY21354952,2023-08-29,676.24,Credit Card,Failed,POL20158897
PAY99511466,2024-09-23,974.49,Bank Transfer,Failed,POL18801240
PAY25396597,2022-08-27,609.71,Cash,Successful,POL79185105
PAY14275721,2023-12-10,1019.15,Cash,Successful,POL77315241
PAY93145152,2023-08-26,85.81,Bank Transfer,Failed,POL04460141
PAY43601965,2023-08-08,727.69,Credit Card,Successful,POL26231753
PAY98502431,2023-08-29,1494.64,Credit Card,Failed,POL68371036
PAY67557943,2024-06-06,1160.86,Cash,Successful,POL44308362
PAY81647730,2024-02-06,1015.63,Cash,Successful,POL63483094
PAY71350530,2024-08-25,243.97,Cash,Successful,POL64767382
PAY37784383,2022-10-01,1159.8,Cash,Failed,POL26361547
PAY92584973,2022-01-31,1056.4,Credit Card,Successful,POL08033487
PAY40504970,2023-08-04,1332.52,Bank Transfer,Successful,POL19062916
PAY61433986,2022-08-12,1192.4,Bank Transfer,Successful,POL24211829
PAY35915993,2024-04-24,1421.95,Bank Transfer,Successful,POL28794187
PAY82293786,2022-02-15,294.14,Cash,Successful,POL70866234
PAY60449449,2022-09-12,538.94,Bank Transfer,Successful,POL92070714
PAY69593651,2022-05-17,893.47,Credit Card,Failed,POL16045417
PAY88838183,2023-06-02,74.86,Bank Transfer,Successful,POL38619975
PAY12870699,2022-03-27,247.15,Credit Card,Failed,POL89297739
PAY66469273,2022-03-11,268.72,Credit Card,Successful,POL30351443
PAY59608035,2022-06-24,207.79,Cash,Successful,POL20801175
PAY96804182,2022-04-10,404.5,Cash,Successful,POL12707693
PAY66026348,2022-06-07,306.4,Bank Transfer,Successful,POL30839784
PAY18324916,2022-06-15,1008.1,Credit Card,Failed,POL27482488
PAY82095877,2024-02-15,362.38,Cash,Failed,POL96855506
PAY35563717,2023-06-13,602.22,Bank Transfer,Failed,POL38243316
PAY64645912,2022-03-09,953.22,Bank Transfer,Successful,POL28172331
PAY36035412,2022-12-05,824.47,Credit Card,Failed,POL35135678
PAY21288118,2022-03-28,861.14,Bank Transfer,Successful,POL30056651
PAY18447407,2022-09-26,463.12,Bank Transfer,Failed,POL46591798
PAY85703769,2024-01-04,83.56,Credit Card,Successful,POL19826464
PAY90236648,2024-03-01,513.61,Credit Card,Failed,POL56020599
PAY47368379,2022-04-07,842.38,Credit Card,Failed,POL45114954
PAY85195818,2023-05-03,1397.35,Bank Transfer,Successful,POL12021840
PAY15437194,2022-08-09,270.91,Bank Transfer,Successful,POL57020176
PAY03342214,2022-02-10,997.87,Cash,Successful,POL88929117
PAY30734429,2023-10-29,847.37,Bank Transfer,Successful,POL89539607
PAY92242843,2024-09-29,1202.03,Cash,Failed,POL57894817
PAY26679746,2022-03-11,966.09,Bank Transfer,Failed,POL59138324
PAY12794066,2023-09-13,734.83,Bank Transfer,Failed,POL84123482
PAY03766933,2024-04-15,905.52,Cash,Failed,POL51199484
PAY91654912,2023-11-27,995.55,Bank Transfer,Successful,POL40242558
PAY78594000,2023-03-09,660.43,Bank Transfer,Successful,POL27482488
PAY23522711,2023-03-09,1026.96,Bank Transfer,Failed,POL08713900
PAY37156245,2022-01-06,815.75,Cash,Successful,POL19694591
PAY41598171,2024-03-25,1286.2,Cash,Failed,POL58294071
PAY50837807,2022-08-06,380.11,Cash,Failed,POL18936768
PAY72318787,2022-12-17,910.76,Cash,Failed,POL69316836
PAY02500081,2023-11-20,1219.9,Credit Card,Failed,POL20853634
PAY00754464,2024-09-10,703.66,Credit Card,Failed,POL96408694
PAY38146065,2024-10-12,882.5,Cash,Successful,POL53804570
PAY73299942,2023-07-07,495.81,Credit Card,Successful,POL45081491
PAY95149093,2023-07-06,1231.21,Bank Transfer,Failed,POL63542337
PAY56703184,2024-09-09,487.84,Bank Transfer,Successful,POL62805195
PAY33575149,2023-03-27,499.56,Cash,Failed,POL80727318
PAY57330329,2023-12-28,259.85,Credit Card,Failed,POL34350307
PAY31417222,2023-11-04,626.67,Cash,Failed,POL96864283
PAY46473301,2023-07-11,349.94,Bank Transfer,Successful,POL73854383
PAY55891058,2024-12-15,1137.04,Credit Card,Successful,POL26905808
PAY10225509,2022-11-13,144.67,Bank Transfer,Successful,POL43533359
PAY01057345,2023-01-21,1379.26,Bank Transfer,Successful,POL24210075
PAY29253084,2023-07-07,948.96,Credit Card,Failed,POL19065185
PAY99215630,2024-04-03,371.85,Cash,Successful,POL17357252
PAY96831106,2022-12-16,469.97,Credit Card,Failed,POL01152460
PAY07757967,2022-03-12,424.81,Bank Transfer,Failed,POL85481964
PAY45663324,2023-04-18,940.39,Credit Card,Failed,POL21893654
PAY67039266,2023-03-02,1240.56,Bank Transfer,Failed,POL40483314
PAY19705374,2023-10-01,157.58,Credit Card,Successful,POL09869400
PAY97387986,2022-01-20,1213.4,Bank Transfer,Failed,POL07274715
PAY21064516,2024-11-26,256.29,Cash,Failed,POL67293726
PAY30509313,2022-10-10,783.18,Cash,Failed,POL39701482
PAY60864606,2023-07-12,55.68,Credit Card,Successful,POL31435265
PAY41661261,2023-10-25,1056.26,Bank Transfer,Successful,POL60169232
PAY17437375,2021-12-28,551.93,Cash,Failed,POL06348797
PAY93811051,2022-09-16,626,Cash,Successful,POL31133103
PAY72206433,2022-06-13,1455.11,Credit Card,Failed,POL45378265
PAY01522837,2024-12-11,557.5,Credit Card,Failed,POL80932118
PAY21134441,2023-09-01,391.29,Bank Transfer,Successful,POL84438611
PAY14328748,2023-05-09,677.17,Cash,Successful,POL54942639
PAY86998242,2023-06-19,1415.64,Credit Card,Successful,POL17342511
PAY70456138,2022-06-29,1452.93,Credit Card,Successful,POL07976771
PAY57825127,2023-03-24,376.94,Bank Transfer,Successful,POL01152460
PAY67086715,2022-05-15,541.24,Bank Transfer,Failed,POL05425412
PAY56572549,2022-03-25,335.22,Credit Card,Successful,POL88066577
PAY24371174,2022-04-30,1454.43,Bank Transfer,Failed,POL43684594
PAY05368726,2024-03-11,715.5,Credit Card,Failed,POL26187162
PAY47247551,2024-09-15,125.27,Cash,Failed,POL84577702
PAY05181291,2023-03-01,1051.44,Credit Card,Failed,POL31178570
PAY91241651,2022-12-08,922.76,Credit Card,Failed,POL11162373
PAY43547486,2023-10-31,520.9,Credit Card,Successful,POL87257642
PAY57752817,2022-12-06,527.33,Cash,Failed,POL73669093
PAY43059838,2022-01-17,513.09,Bank Transfer,Successful,POL04244704
PAY35811001,2024-04-17,575.15,Credit Card,Failed,POL46408344
PAY83600940,2023-03-02,1187.96,Bank Transfer,Failed,POL81437012
PAY90237624,2024-10-23,1272.77,Credit Card,Successful,POL93930819
PAY20024251,2023-05-16,474.15,Bank Transfer,Successful,POL88802098
PAY61447997,2023-02-11,252.77,Bank Transfer,Failed,POL37993966
PAY78795042,2023-11-08,414.52,Cash,Successful,POL60897326
PAY91388359,2024-08-07,317.38,Bank Transfer,Failed,POL31435265
PAY73162991,2024-09-02,1271.39,Credit Card,Successful,POL25708156
PAY64323375,2023-07-01,542.46,Bank Transfer,Successful,POL65862653
PAY99460773,2023-03-03,1424.96,Bank Transfer,Failed,POL31362262
PAY89194627,2022-01-07,939.04,Credit Card,Successful,POL77573599
PAY83631336,2023-11-25,175.97,Credit Card,Failed,POL05710643
PAY93476770,2024-12-06,219.25,Credit Card,Successful,POL32252482
PAY12551111,2024-02-15,1328.43,Credit Card,Failed,POL22221207
PAY52067595,2023-02-07,580.99,Credit Card,Failed,POL88521632
PAY10736048,2023-04-03,479.12,Cash,Successful,POL51104112
PAY73476034,2023-06-12,1317.06,Bank Transfer,Successful,POL63419367
PAY34342957,2022-09-10,583.82,Cash,Successful,POL27717636
PAY85758929,2024-10-03,1113.75,Bank Transfer,Failed,POL51614389
PAY80743379,2023-12-31,329.83,Cash,Failed,POL76750122
PAY35194172,2023-01-02,469.34,Cash,Successful,POL08155490
PAY86177847,2022-03-28,63.15,Bank Transfer,Failed,POL36565456
PAY22316058,2024-11-24,1108.11,Bank Transfer,Failed,POL64446371
PAY74103518,2024-09-23,376.83,Bank Transfer,Successful,POL30067784
PAY06502454,2023-04-22,85.29,Cash,Failed,POL96516008
PAY38186665,2022-08-02,587.13,Bank Transfer,Successful,POL00074761
PAY31936962,2022-11-01,1192.52,Bank Transfer,Failed,POL66022914
PAY98343881,2022-10-22,953.12,Credit Card,Successful,POL11811289
PAY75033878,2022-06-09,939.98,Bank Transfer,Successful,POL19560921
PAY10348817,2024-06-23,1327.51,Bank Transfer,Successful,POL52570875
PAY98580543,2024-04-15,1277.04,Bank Transfer,Successful,POL92884987
PAY20975908,2023-03-14,1419.34,Cash,Failed,POL69316836
PAY29081000,2022-11-20,1162.03,Cash,Successful,POL88646934
PAY28733684,2023-08-23,246.09,Bank Transfer,Successful,POL81019998
PAY41248834,2022-09-23,345.78,Bank Transfer,Successful,POL41128359
PAY19907146,2022-06-09,159.85,Cash,Successful,POL10125019
PAY05349163,2022-08-20,1367.68,Cash,Failed,POL14002864
PAY28233400,2024-10-06,480.06,Credit Card,Failed,POL58597674
PAY28098578,2022-01-17,285.54,Bank Transfer,Failed,POL11989725
PAY72300903,2022-08-04,959.66,Bank Transfer,Failed,POL08689656
PAY70323281,2024-01-03,64.58,Bank Transfer,Successful,POL42519290
PAY23967994,2023-07-06,969.26,Credit Card,Successful,POL02303520
PAY64443418,2022-03-01,1175.18,Bank Transfer,Failed,POL48302488
PAY44121009,2023-02-18,868.99,Credit Card,Successful,POL22529514
PAY64778719,2022-11-12,113.98,Cash,Failed,POL12471063
PAY80683144,2024-09-27,829.86,Credit Card,Successful,POL95451699
PAY45915971,2022-10-25,58.79,Bank Transfer,Failed,POL51383212
PAY93216544,2024-04-25,493.73,Cash,Failed,POL59899170
PAY78149148,2023-05-05,425.94,Bank Transfer,Successful,POL07078838
PAY91390279,2023-03-22,505.04,Cash,Failed,POL48483047
PAY09546277,2023-02-23,1117.81,Cash,Successful,POL83633099
PAY65459070,2023-07-18,418.65,Bank Transfer,Successful,POL06516392
PAY71739809,2022-01-11,861.41,Credit Card,Failed,POL00638794
PAY72616898,2023-01-08,402.64,Bank Transfer,Failed,POL15452704
PAY40937451,2024-08-31,1464.91,Credit Card,Successful,POL14375440
PAY62307914,2024-03-11,849.04,Bank Transfer,Failed,POL99021522
PAY59102739,2023-04-11,1284.5,Credit Card,Failed,POL14906583
PAY08519323,2024-07-04,1192.66,Cash,Successful,POL09444948
PAY07920680,2023-06-02,65.71,Cash,Failed,POL26826010
PAY19608398,2022-06-26,1215.08,Bank Transfer,Failed,POL56810401
PAY65962112,2024-11-18,1145.54,Cash,Failed,POL63222732
PAY75909605,2023-04-23,382.83,Cash,Failed,POL64494784
PAY42066813,2022-06-11,598.67,Cash,Successful,POL12364849
PAY01669976,2024-03-15,956.18,Credit Card,Failed,POL26288388
PAY99890893,2023-06-02,417.85,Cash,Failed,POL83125745
PAY89425902,2022-03-30,844.91,Cash,Successful,POL86778558
PAY61564252,2022-06-04,205.96,Bank Transfer,Successful,POL87412754
PAY83141675,2023-03-23,820.31,Credit Card,Successful,POL71973379
PAY59438595,2022-02-13,1079.07,Credit Card,Failed,POL62636182
PAY83374540,2023-04-06,789.81,Bank Transfer,Successful,POL37348106
PAY97038696,2024-10-05,898.96,Cash,Successful,POL45269265
PAY94351016,2023-09-23,1221.06,Cash,Failed,POL20325759
PAY50698790,2024-04-30,120.43,Credit Card,Failed,POL87625141
PAY98422401,2022-04-20,465.98,Cash,Successful,POL89029482
PAY36521939,2023-11-28,304.42,Bank Transfer,Failed,POL03389075
PAY86025877,2023-09-08,1445.33,Bank Transfer,Successful,POL69932027
PAY15336310,2023-05-14,939.3,Cash,Successful,POL17760836
PAY81206107,2023-07-07,717.3,Bank Transfer,Successful,POL37652928
PAY22980198,2023-07-26,313.44,Bank Transfer,Failed,POL07342539
PAY32398516,2022-08-29,242.27,Cash,Failed,POL59507009
PAY57690223,2023-11-04,465.05,Cash,Failed,POL30688000
PAY03313013,2023-06-13,811.88,Credit Card,Failed,POL30832962
PAY69407785,2022-04-03,1418.83,Cash,Failed,POL65580473
PAY35907053,2024-09-27,1076.75,Cash,Successful,POL68847136
PAY41677341,2022-03-17,428.93,Bank Transfer,Failed,POL86921629
PAY06539067,2023-06-19,384.53,Cash,Successful,POL20797511
PAY89202392,2024-09-18,857.13,Bank Transfer,Successful,POL41015273
PAY81416220,2022-10-08,816.2,Cash,Failed,POL21669788
PAY14453409,2022-09-15,142.32,Cash,Successful,POL67256934
PAY48136269,2022-06-15,1443.36,Credit Card,Successful,POL51543894
PAY07851079,2024-03-05,1064.39,Credit Card,Failed,POL98213594
PAY49373043,2024-07-29,211.63,Cash,Successful,POL32483993
PAY03017532,2023-01-08,1353.48,Credit Card,Failed,POL96932553
PAY97182402,2022-06-16,810.57,Cash,Failed,POL25740876
PAY97054619,2023-08-08,659.76,Cash,Failed,POL77188684
PAY74394355,2023-10-13,1476.63,Credit Card,Successful,POL20036492
PAY65905449,2022-12-17,129.93,Credit Card,Successful,POL99341236
PAY45168566,2023-04-09,567.23,Bank Transfer,Successful,POL83165381
PAY29502140,2024-01-25,726.68,Credit Card,Successful,POL93243728
PAY98450684,2022-02-23,727.04,Cash,Failed,POL21879187
PAY20916252,2024-04-18,295.56,Bank Transfer,Failed,POL32660341
PAY70793446,2024-01-01,1400.03,Cash,Failed,POL32168354
PAY33514129,2022-12-19,181.96,Credit Card,Successful,POL42862009
PAY13790377,2022-02-16,51.25,Bank Transfer,Successful,POL40877445
PAY68012322,2022-02-28,808.8,Bank Transfer,Failed,POL40215067
PAY99571824,2023-09-02,952.59,Cash,Failed,POL72182223
PAY19902234,2024-03-24,902.34,Credit Card,Failed,POL52061885
PAY33779771,2022-05-02,167.01,Bank Transfer,Failed,POL86384869
PAY89032785,2024-08-07,1422.28,Bank Transfer,Successful,POL59968630
PAY06071325,2023-10-27,1155.65,Bank Transfer,Successful,POL57167179
PAY54161185,2024-06-29,641.82,Credit Card,Failed,POL48601537
PAY68877739,2024-07-20,473.47,Bank Transfer,Failed,POL95336212
PAY61743362,2024-10-28,163.57,Bank Transfer,Successful,POL92837863
PAY52720703,2022-01-12,543.64,Cash,Failed,POL71437971
PAY78008977,2024-07-11,513.85,Cash,Successful,POL01616706
PAY00502295,2022-10-30,873.2,Cash,Failed,POL74649715
PAY04733784,2022-11-21,1295.77,Cash,Successful,POL98886602
PAY69488032,2022-06-19,724.78,Bank Transfer,Failed,POL64702950
PAY65041927,2024-11-08,788.95,Credit Card,Failed,POL16158469
PAY69834718,2022-01-18,481.11,Bank Transfer,Failed,POL84091621
PAY12614734,2024-10-29,1107.69,Credit Card,Successful,POL06565717
PAY27044909,2022-03-03,54.48,Bank Transfer,Failed,POL36565456
PAY28699166,2022-05-05,1092.97,Bank Transfer,Failed,POL10637039
PAY47999601,2023-07-21,1059.09,Cash,Successful,POL66769688
PAY78590478,2024-06-14,887.1,Bank Transfer,Failed,POL28172331
PAY70998431,2023-11-22,433.59,Credit Card,Failed,POL88411869
PAY85789369,2023-11-02,851.42,Cash,Failed,POL64805692
PAY93081361,2024-07-21,1221.6,Cash,Failed,POL07510316
PAY53308591,2024-03-24,1413.4,Cash,Failed,POL72902683
PAY98754915,2022-04-06,299.83,Bank Transfer,Failed,POL44229118
PAY91467486,2024-11-25,356,Bank Transfer,Successful,POL96246636
PAY89138788,2022-09-07,769.54,Bank Transfer,Successful,POL05586650
PAY82581730,2022-03-28,814.9,Credit Card,Failed,POL84536532
PAY54698058,2024-08-20,144.44,Bank Transfer,Successful,POL56816582
PAY77151257,2022-04-01,1005.1,Cash,Successful,POL26980875
PAY93681111,2022-05-20,1067.33,Credit Card,Failed,POL47676177
PAY66178825,2022-10-07,558.4,Credit Card,Successful,POL61012482
PAY23089102,2022-01-24,1226.81,Credit Card,Successful,POL30832962
PAY21766473,2024-09-12,709.7,Bank Transfer,Failed,POL18326349
PAY34320978,2022-10-09,602.49,Credit Card,Failed,POL35280348
PAY97721658,2024-04-22,470.43,Bank Transfer,Failed,POL10977821
PAY77182649,2022-03-25,1172.67,Bank Transfer,Successful,POL72712836
PAY58803688,2024-02-12,655.71,Credit Card,Successful,POL38348669
PAY84843191,2023-04-26,829.16,Credit Card,Successful,POL68375690
PAY49612244,2022-02-22,314.94,Credit Card,Failed,POL31141839
PAY70529531,2024-10-16,1456.21,Cash,Successful,POL26656861
PAY37993550,2024-11-26,981.66,Credit Card,Failed,POL62805195
PAY82914964,2024-04-29,1414.87,Bank Transfer,Failed,POL31358869
PAY67142409,2022-10-07,219.06,Cash,Successful,POL59802127
PAY04487604,2023-11-15,561.97,Credit Card,Successful,POL25372382
PAY69233579,2022-06-25,1441.21,Credit Card,Failed,POL19469435
PAY41546466,2022-10-31,467.96,Credit Card,Failed,POL70904560
PAY28301805,2022-07-02,327.97,Credit Card,Successful,POL47838215
PAY65048297,2022-08-26,105.62,Bank Transfer,Successful,POL88923538
PAY89940933,2024-08-11,881.85,Cash,Successful,POL83318258
PAY25821636,2023-02-02,195,Credit Card,Successful,POL29030221
PAY06235782,2023-08-23,1115.29,Credit Card,Failed,POL97195462
PAY81327318,2024-10-03,1388.45,Bank Transfer,Successful,POL83650350
PAY18756262,2022-02-28,892.74,Credit Card,Failed,POL04747372
PAY79449000,2022-06-18,566.15,Credit Card,Successful,POL32198260
PAY29389770,2022-05-23,648.46,Cash,Successful,POL81985235
PAY24856726,2023-01-11,1283.12,Credit Card,Failed,POL35251275
PAY23943222,2022-11-12,901.61,Credit Card,Successful,POL02911863
PAY38073534,2023-03-31,1036.77,Cash,Failed,POL22105377
PAY12454775,2022-08-12,1351.9,Cash,Successful,POL64810571
PAY55856393,2024-03-01,709.18,Bank Transfer,Failed,POL46201776
PAY42196333,2024-09-22,1341.45,Cash,Failed,POL60480382
PAY88955363,2022-10-19,1431.96,Cash,Successful,POL05438535
PAY61155719,2022-12-29,1471.27,Cash,Failed,POL04837231
PAY91370922,2022-01-17,1027.46,Credit Card,Failed,POL60009654
PAY45530527,2023-05-12,275.46,Credit Card,Failed,POL54191606
PAY16903102,2023-04-17,265.98,Cash,Failed,POL69244007
PAY14950649,2024-04-24,693.74,Bank Transfer,Successful,POL34826521
PAY54038899,2023-12-23,119.26,Bank Transfer,Failed,POL72056803
PAY37774247,2023-01-11,541.21,Cash,Failed,POL35484461
PAY98196248,2023-05-31,669.16,Cash,Failed,POL98091818
PAY03478707,2023-02-22,458.12,Cash,Failed,POL33049382
PAY06732090,2024-11-15,1261.42,Credit Card,Failed,POL38268987
PAY11769039,2024-07-17,1355.88,Cash,Successful,POL86234151
PAY62491270,2023-09-23,230.26,Bank Transfer,Failed,POL43810674
PAY34894580,2024-08-06,307.75,Bank Transfer,Failed,POL27100819
PAY12352207,2024-10-04,1273.73,Cash,Successful,POL35439402
PAY86769026,2022-01-15,989.09,Cash,Successful,POL08536084
PAY32827830,2023-11-18,731.97,Cash,Failed,POL15359444
PAY79576181,2023-07-02,325.58,Bank Transfer,Successful,POL37953515
PAY73175692,2024-09-14,1397.67,Bank Transfer,Successful,POL89297739
PAY23358124,2022-11-27,1489.61,Cash,Failed,POL15824139
PAY34997526,2022-03-19,229.48,Cash,Failed,POL26231753
PAY79451277,2023-04-08,1430.2,Cash,Failed,POL08571799
PAY09175954,2022-08-12,1056.89,Cash,Failed,POL36194892
PAY14735974,2023-05-21,599.68,Bank Transfer,Successful,POL66438707
PAY99556323,2022-09-04,106.29,Cash,Successful,POL75784905
PAY21400383,2023-09-29,73.63,Credit Card,Successful,POL58601836
PAY69825449,2024-12-08,586.47,Cash,Successful,POL91325406
PAY45356118,2023-07-24,374.67,Bank Transfer,Successful,POL26393538
PAY13743164,2023-02-11,117.95,Cash,Failed,POL68324145
PAY02268678,2022-06-22,681.75,Bank Transfer,Failed,POL81304497
PAY12877342,2023-08-10,1078.47,Credit Card,Failed,POL95715427
PAY30008844,2024-02-18,537.37,Cash,Successful,POL33693707
PAY43943353,2023-11-27,746.76,Credit Card,Failed,POL00228879
PAY67814999,2024-09-20,848.44,Credit Card,Successful,POL47222103
PAY08846102,2022-12-12,268.09,Cash,Failed,POL07908129
PAY55510804,2024-10-11,946.55,Cash,Failed,POL96567148
PAY06018037,2023-08-01,64.62,Bank Transfer,Successful,POL44866114
PAY26935537,2023-01-23,639.03,Cash,Successful,POL99145104
PAY62811956,2021-12-23,769.22,Cash,Failed,POL54944417
PAY16035652,2023-07-05,543.87,Credit Card,Failed,POL61274835
PAY33628523,2022-09-03,1037.68,Cash,Successful,POL12299687
PAY44581858,2024-09-07,709.52,Cash,Failed,POL45321254
PAY06841402,2023-02-27,462.87,Cash,Failed,POL39193067
PAY83532826,2022-10-31,94.56,Cash,Failed,POL96685286
PAY62799699,2022-07-30,871.15,Bank Transfer,Failed,POL36583919
PAY26922374,2024-01-28,1282.18,Cash,Failed,POL17396373
PAY43553167,2024-03-20,1424.3,Cash,Successful,POL78473646
PAY97847776,2023-10-09,1283.57,Credit Card,Successful,POL17443101
PAY06263183,2022-04-12,1361.96,Bank Transfer,Successful,POL46142999
PAY45302741,2023-11-14,182.39,Credit Card,Failed,POL49082754
PAY05517949,2024-03-08,252.58,Cash,Successful,POL97197934
PAY44095932,2024-05-03,1433.02,Credit Card,Successful,POL28937515
PAY21120571,2023-09-25,1298.84,Cash,Failed,POL69805915
PAY23871939,2022-05-31,563.91,Cash,Successful,POL45984534
PAY00110807,2024-05-07,400.36,Bank Transfer,Failed,POL06923773
PAY79844426,2022-10-20,597.17,Cash,Successful,POL04286300
PAY47274244,2022-10-28,1159.32,Cash,Failed,POL64141969
PAY89868276,2023-01-01,60.08,Bank Transfer,Failed,POL50406144
PAY84276929,2023-07-30,1342.2,Credit Card,Failed,POL82263236
PAY74340191,2022-04-23,406.53,Credit Card,Successful,POL47337085
PAY06102625,2023-04-01,748.63,Cash,Failed,POL93217359
PAY34583834,2022-06-04,94.09,Credit Card,Successful,POL76155355
PAY75333554,2024-05-26,1457.78,Cash,Successful,POL86946793
PAY31749889,2024-03-16,1243.07,Cash,Successful,POL11905173
PAY27884008,2022-10-10,265.74,Cash,Successful,POL36273981
PAY77210630,2024-03-26,401.11,Credit Card,Successful,POL71765111
PAY67458771,2022-06-13,593.66,Bank Transfer,Successful,POL31410779
PAY08405345,2022-10-02,1026.85,Bank Transfer,Successful,POL16164633
PAY61835139,2022-04-09,1241.47,Cash,Successful,POL91190170
PAY48676657,2024-08-30,809.93,Cash,Failed,POL32660341
PAY12824392,2022-05-16,1029.29,Cash,Failed,POL73019543
PAY39749255,2024-05-28,722.9,Bank Transfer,Successful,POL54520836
PAY95902189,2022-04-30,437.72,Cash,Failed,POL56451530
PAY64381265,2023-08-17,246.53,Cash,Failed,POL28472750
PAY36744804,2024-09-10,466.58,Bank Transfer,Successful,POL24987681
PAY29027382,2022-04-19,818.3,Bank Transfer,Successful,POL83165381
PAY03858290,2023-07-03,171.66,Bank Transfer,Failed,POL56896530
PAY43854571,2022-08-08,299.39,Credit Card,Failed,POL33527199
PAY31463045,2024-07-07,758.08,Bank Transfer,Successful,POL37924331
PAY49626021,2022-12-02,274,Bank Transfer,Failed,POL56933693
PAY12772964,2024-04-19,983.02,Bank Transfer,Failed,POL36836777
PAY84159192,2023-03-27,984.79,Cash,Failed,POL12917640
PAY40818030,2022-01-02,417.84,Bank Transfer,Successful,POL04896223
PAY50305595,2023-07-26,1190.84,Cash,Successful,POL04847102
PAY91998580,2023-02-15,694.14,Bank Transfer,Successful,POL00228879
PAY54499223,2024-03-02,472.19,Credit Card,Successful,POL82791377
PAY27539142,2023-10-25,1332.31,Credit Card,Successful,POL46352702
PAY99977100,2023-10-09,1276.9,Bank Transfer,Successful,POL35534292
PAY06077349,2024-05-23,261.2,Credit Card,Successful,POL34670863
PAY22389295,2022-08-19,317.48,Cash,Successful,POL43714068
PAY88199183,2022-05-22,211.62,Bank Transfer,Failed,POL94995920
PAY72534117,2022-06-09,1257.55,Cash,Failed,POL10353696
PAY65469050,2022-08-02,343.23,Bank Transfer,Failed,POL14765103
PAY71484369,2022-12-03,354.14,Cash,Failed,POL42258270
PAY62983057,2022-01-20,1416.79,Cash,Successful,POL52918990
PAY54337168,2024-06-12,445.69,Bank Transfer,Successful,POL20307557
PAY18491490,2023-09-08,1378.45,Credit Card,Failed,POL91869303
PAY44191305,2022-09-01,315.46,Cash,Successful,POL59080097
PAY62385959,2022-03-10,1000.78,Credit Card,Failed,POL23937265
PAY73772994,2022-06-28,880.45,Cash,Successful,POL89915201
PAY36931299,2024-07-02,1405.03,Cash,Successful,POL22939272
PAY97320705,2022-06-28,1348.35,Cash,Failed,POL42310944
PAY85429396,2024-03-19,1496.85,Credit Card,Failed,POL85323496
PAY71912019,2022-12-07,1273.58,Bank Transfer,Failed,POL52660613
PAY55951446,2022-07-20,493.31,Bank Transfer,Successful,POL83335990
PAY41155833,2023-02-25,1219.41,Credit Card,Failed,POL76589663
PAY54486159,2023-11-06,288.44,Credit Card,Failed,POL64810571
PAY71154884,2023-12-31,695.75,Bank Transfer,Failed,POL51145073
PAY99438445,2023-04-22,1086.79,Cash,Successful,POL80794764
PAY22293446,2022-11-01,1149.47,Bank Transfer,Failed,POL28002736
PAY13686048,2023-09-18,1493.77,Cash,Failed,POL21489269
PAY85762852,2024-09-17,722.63,Credit Card,Successful,POL27799003
PAY88942197,2023-04-23,722.9,Bank Transfer,Successful,POL27996809
PAY61435872,2022-07-08,837.62,Cash,Successful,POL01378372
PAY02175969,2022-06-22,75.36,Bank Transfer,Successful,POL63430600
PAY49704817,2024-08-29,452.54,Credit Card,Successful,POL73952203
PAY40411256,2023-11-01,103.87,Bank Transfer,Failed,POL26231753
PAY06479146,2023-05-12,1007.75,Credit Card,Successful,POL24578512
PAY02469078,2022-11-15,322.58,Cash,Failed,POL96147285
PAY65614407,2023-01-20,224.26,Cash,Successful,POL41015273
PAY51497361,2024-03-25,1443.78,Bank Transfer,Successful,POL05438535
PAY47696005,2024-11-26,1445.35,Cash,Failed,POL89376913
PAY77564853,2024-07-04,893.25,Credit Card,Successful,POL96864283
PAY26870433,2023-07-18,148.73,Credit Card,Successful,POL69821903
PAY37018694,2024-04-09,1049.91,Bank Transfer,Failed,POL79312567
PAY91255602,2023-09-13,1061.06,Cash,Failed,POL72712836
PAY75073186,2024-04-27,1209.57,Credit Card,Successful,POL43978572
PAY01828241,2023-08-05,294.92,Cash,Successful,POL13020656
PAY16391409,2023-11-11,251.23,Bank Transfer,Successful,POL04511784
PAY66794455,2024-12-04,1193.86,Credit Card,Successful,POL61863200
PAY87835593,2022-03-12,892.47,Credit Card,Failed,POL62189642
PAY04558026,2022-07-27,763.2,Bank Transfer,Successful,POL02457205
PAY85635192,2022-09-19,267.32,Bank Transfer,Successful,POL53955100
PAY14902712,2024-08-10,250.74,Cash,Successful,POL40270611
PAY67527577,2023-01-03,990.19,Bank Transfer,Successful,POL24807912
PAY94187072,2024-01-14,728.39,Credit Card,Failed,POL70775475
PAY29167944,2023-10-01,1406.88,Credit Card,Successful,POL87412754
PAY56522779,2023-05-24,1065.21,Cash,Successful,POL95423471
PAY66417029,2023-03-27,620.67,Credit Card,Failed,POL88760778
PAY72959287,2022-01-05,1267.47,Bank Transfer,Successful,POL23114064
PAY02843868,2022-06-08,1473.24,Bank Transfer,Successful,POL21013410
PAY69278023,2022-10-09,660.68,Cash,Failed,POL14316031
PAY24660942,2022-05-23,738.83,Bank Transfer,Successful,POL86602241
PAY72902734,2023-01-12,524,Credit Card,Failed,POL76939080
PAY77299118,2023-04-12,83.16,Credit Card,Successful,POL72000232
PAY72654410,2022-06-30,450.84,Bank Transfer,Successful,POL09523049
PAY74372094,2024-11-29,1232.5,Credit Card,Successful,POL24131589
PAY87026697,2024-09-13,514.51,Cash,Successful,POL38790391
PAY91124782,2023-09-10,1396.53,Cash,Successful,POL88392723
PAY81711070,2024-08-04,979.53,Bank Transfer,Successful,POL02586223
PAY36982586,2022-10-06,1162.34,Bank Transfer,Successful,POL48994632
PAY76558335,2022-02-12,309.34,Cash,Failed,POL39487176
PAY90838380,2024-11-09,410.67,Cash,Failed,POL37180601
PAY70577783,2024-02-12,291.31,Cash,Successful,POL91259489
PAY07109315,2023-06-08,211.89,Credit Card,Successful,POL50807231
PAY12326208,2023-07-29,269.91,Bank Transfer,Failed,POL41871042
PAY56981152,2022-04-22,695.07,Cash,Failed,POL81437012
PAY20399907,2022-04-02,934.63,Credit Card,Successful,POL47692099
PAY10079928,2023-09-19,1215.96,Credit Card,Failed,POL85755692
PAY77307425,2022-10-26,1316.38,Cash,Failed,POL97474248
PAY91658887,2024-07-04,742.46,Cash,Successful,POL69142405
PAY30421592,2024-07-18,645.69,Cash,Failed,POL26393538
PAY77491467,2023-07-01,1118.14,Bank Transfer,Successful,POL70419372
PAY15767479,2022-09-18,1470.08,Bank Transfer,Successful,POL87905050
PAY49098423,2024-08-30,129.18,Credit Card,Failed,POL80450492
PAY21819196,2022-03-15,948.66,Cash,Successful,POL83112617
PAY79655857,2022-08-11,433.61,Bank Transfer,Successful,POL76374292
PAY19073475,2024-04-23,62.39,Bank Transfer,Failed,POL49082754
PAY95181954,2023-05-19,1002.69,Bank Transfer,Successful,POL41613938
PAY60827794,2024-08-01,1430.52,Bank Transfer,Failed,POL96147285
PAY07629974,2023-07-03,1325.62,Credit Card,Successful,POL72122375
PAY10704837,2022-02-20,264.3,Credit Card,Failed,POL83835374
PAY41117099,2023-06-04,401.39,Bank Transfer,Successful,POL12256062
PAY05263381,2024-10-10,521.93,Bank Transfer,Failed,POL78017200
PAY32523488,2024-03-19,1220.5,Bank Transfer,Successful,POL56451530
PAY74838911,2022-10-28,264.9,Bank Transfer,Failed,POL37666205
PAY19167120,2022-12-11,1381.68,Bank Transfer,Failed,POL83133699
PAY70692314,2024-08-03,826.81,Bank Transfer,Successful,POL82338857
PAY43320830,2022-08-16,61.79,Credit Card,Successful,POL09141368
PAY44204479,2023-10-17,919.04,Bank Transfer,Successful,POL25690244
PAY46400563,2024-03-10,319.22,Credit Card,Successful,POL35985478
PAY00729513,2023-01-08,947.17,Cash,Successful,POL82676830
PAY63072760,2022-07-08,276.71,Cash,Successful,POL81437740
PAY47200755,2024-08-25,696.47,Credit Card,Failed,POL72353827
PAY78621104,2022-06-24,325.55,Bank Transfer,Successful,POL13266531
PAY53983513,2023-07-17,1160.08,Cash,Successful,POL20394281
PAY59489259,2022-04-23,203.14,Credit Card,Successful,POL15495647
PAY20153362,2023-02-16,543.49,Credit Card,Successful,POL22416756
PAY30266963,2024-06-04,164.73,Cash,Successful,POL01957491
PAY61779227,2022-12-05,1257.73,Bank Transfer,Successful,POL46236340
PAY75177627,2024-11-22,949.27,Credit Card,Failed,POL51049013
PAY74864238,2024-09-03,671.03,Credit Card,Failed,POL18306800
PAY61436625,2022-03-04,200.92,Bank Transfer,Successful,POL70403090
PAY70941728,2023-12-20,642.06,Cash,Failed,POL11950441
PAY23430562,2023-02-10,226.93,Cash,Successful,POL37660659
PAY93408897,2023-12-21,963.17,Credit Card,Successful,POL92547677
PAY70528559,2023-11-15,1350.48,Credit Card,Successful,POL98054081
PAY66153704,2023-11-24,268.02,Cash,Failed,POL69636143
PAY86949638,2024-08-04,1227.17,Credit Card,Failed,POL96200610
PAY01898886,2022-07-09,603.55,Cash,Successful,POL40926349
PAY15712117,2022-08-25,587.49,Credit Card,Failed,POL08698776
PAY66361600,2023-12-14,319.83,Cash,Successful,POL77178021
PAY52808740,2022-11-05,1161.18,Bank Transfer,Successful,POL48220371
PAY23957928,2024-08-28,239.32,Credit Card,Successful,POL66239036
PAY51334237,2023-07-25,656.82,Cash,Successful,POL07284415
PAY76301180,2022-12-26,415.92,Cash,Failed,POL53040094
PAY26160425,2022-05-14,63.43,Bank Transfer,Successful,POL25608418
PAY29283184,2023-03-13,1093.5,Credit Card,Successful,POL45551235
PAY91625721,2024-10-06,1477.26,Bank Transfer,Failed,POL66485877
PAY36973131,2024-06-24,810.78,Cash,Failed,POL85747478
PAY48743795,2024-09-11,1412.14,Bank Transfer,Successful,POL72072111
PAY72111575,2022-11-02,525.03,Bank Transfer,Failed,POL19720600
PAY98329137,2024-03-31,712.22,Bank Transfer,Successful,POL51974701
PAY62875741,2024-06-12,789.49,Cash,Failed,POL26162057
PAY87800874,2022-10-05,1310.75,Bank Transfer,Failed,POL89719894
PAY11550505,2024-01-17,503.48,Bank Transfer,Successful,POL12886983
PAY78174777,2024-12-13,629.3,Cash,Successful,POL50101215
PAY51356315,2023-04-17,941.15,Bank Transfer,Successful,POL05347013
PAY87881186,2022-09-16,1370.96,Cash,Successful,POL46435605
PAY54859943,2024-11-20,982.33,Bank Transfer,Successful,POL09280039
PAY40823196,2024-02-09,986.48,Bank Transfer,Successful,POL24029691
PAY47073681,2023-07-30,680.94,Credit Card,Successful,POL74142880
PAY23064770,2024-11-17,1321.66,Cash,Failed,POL92941554
PAY93941533,2022-12-30,330.12,Bank Transfer,Failed,POL92741100
PAY79380557,2022-03-14,174.52,Credit Card,Failed,POL71218396
PAY08481897,2024-10-03,1326.79,Cash,Successful,POL89029482
PAY05912245,2024-08-14,692.45,Cash,Successful,POL13276567
PAY64823336,2022-02-04,1103.64,Credit Card,Successful,POL73942123
PAY26022454,2024-05-21,821.35,Credit Card,Failed,POL32615380
PAY98412797,2023-03-29,313.32,Bank Transfer,Failed,POL35996382
PAY98332916,2022-07-22,721.35,Credit Card,Successful,POL69702312
PAY40451876,2024-01-06,936.5,Credit Card,Failed,POL94998693
PAY30379315,2024-06-10,67.66,Cash,Successful,POL21394556
PAY00044341,2024-11-21,574.89,Bank Transfer,Successful,POL61699231
PAY42797531,2024-07-04,835.15,Bank Transfer,Successful,POL05477127
PAY78158220,2024-01-23,971.82,Bank Transfer,Successful,POL82130427
PAY49969751,2023-01-19,465.15,Credit Card,Successful,POL61337531
PAY01426123,2024-06-19,322.92,Credit Card,Successful,POL63897899
PAY42556227,2022-12-25,168.11,Credit Card,Successful,POL32734237
PAY10662404,2023-04-26,147.87,Cash,Successful,POL06598618
PAY99728824,2024-09-03,886.04,Bank Transfer,Successful,POL69392450
PAY25772525,2024-02-23,1263.4,Bank Transfer,Successful,POL28972573
PAY95968518,2023-01-29,914.97,Cash,Failed,POL21436071
PAY72498248,2022-05-08,1403.78,Credit Card,Successful,POL48690249
PAY45980267,2022-03-17,481.13,Credit Card,Successful,POL38688649
PAY86661461,2023-12-18,479.58,Credit Card,Failed,POL15531962
PAY30875273,2023-08-09,60.64,Bank Transfer,Failed,POL72738203
PAY55428022,2024-12-14,1436.76,Credit Card,Failed,POL19433237
PAY19909935,2022-08-25,547.25,Cash,Failed,POL90998412
PAY78674334,2023-01-21,1365.7,Bank Transfer,Successful,POL20473959
PAY49771587,2023-10-08,748.3,Bank Transfer,Successful,POL22378115
PAY57356972,2024-09-04,547.29,Bank Transfer,Successful,POL20029148
PAY81463493,2023-04-17,651.92,Cash,Successful,POL51851655
PAY73645074,2023-01-24,166.72,Cash,Failed,POL46201776
PAY56497066,2022-07-29,1235.63,Credit Card,Successful,POL70827381
PAY64575857,2024-01-24,1362.8,Cash,Successful,POL68840569
PAY56109685,2022-11-20,289.75,Cash,Failed,POL33923599
PAY31726418,2023-02-07,557.58,Bank Transfer,Failed,POL62243302
PAY03428355,2023-12-09,852.21,Credit Card,Successful,POL95771628
PAY32828347,2022-02-09,1028.2,Credit Card,Failed,POL23057519
PAY00145328,2023-12-04,289.73,Cash,Successful,POL55835566
PAY55690603,2024-01-01,288.8,Cash,Successful,POL42604699
PAY41160888,2024-07-01,1130.05,Cash,Failed,POL40049374
PAY14674425,2023-03-06,100.12,Credit Card,Failed,POL38068729
PAY06607570,2023-05-06,713.97,Bank Transfer,Failed,POL70775475
PAY61536490,2023-12-09,1337.47,Credit Card,Failed,POL05845525
PAY09159322,2022-07-15,201.55,Bank Transfer,Successful,POL38530404
PAY04793253,2024-04-01,386.92,Credit Card,Failed,POL43731827
PAY94109064,2022-08-01,1201.49,Cash,Failed,POL17047233
PAY41118913,2023-05-30,518.17,Credit Card,Failed,POL19560921
PAY99318333,2022-03-21,181.69,Credit Card,Failed,POL50239325
PAY71561698,2024-07-27,334.39,Credit Card,Failed,POL46047482
PAY46269597,2023-11-05,1353.82,Cash,Failed,POL29802186
PAY20783715,2022-12-16,77.03,Cash,Failed,POL63789313
PAY23006627,2022-12-26,760.9,Credit Card,Failed,POL89915201
PAY43734373,2023-11-30,1267.66,Cash,Successful,POL52513124
PAY95838204,2024-03-25,1365.55,Credit Card,Failed,POL24753734
PAY18093060,2022-12-21,209.84,Credit Card,Successful,POL34609667
PAY16526846,2023-11-15,1474.55,Credit Card,Failed,POL29164247
PAY16346591,2024-03-14,105.59,Credit Card,Failed,POL87901583
PAY74832134,2024-09-10,707.62,Cash,Successful,POL47001756
PAY53110776,2023-04-14,1101.96,Bank Transfer,Successful,POL18306800
PAY57852423,2022-07-04,788.69,Cash,Successful,POL18109413
PAY01145965,2023-05-17,1297.2,Bank Transfer,Successful,POL75183965
PAY87708322,2022-04-20,127.91,Bank Transfer,Successful,POL50223733
PAY78456526,2023-09-16,811.41,Cash,Successful,POL08723809
PAY69851909,2023-11-23,1249.88,Bank Transfer,Failed,POL18917162
PAY87579313,2022-11-20,1062.67,Cash,Failed,POL82137065
PAY65601350,2022-05-08,1182.29,Bank Transfer,Failed,POL27188629
PAY06875110,2024-05-22,1154.41,Bank Transfer,Failed,POL40722779
PAY78428511,2023-07-20,604.28,Credit Card,Successful,POL37533829
PAY77623069,2024-09-26,1279.99,Bank Transfer,Successful,POL04051225
PAY77767397,2022-01-19,1474.95,Credit Card,Successful,POL13870747
PAY30086123,2024-12-08,112.04,Cash,Failed,POL17250525
PAY68425551,2022-10-01,653.86,Bank Transfer,Successful,POL63897899
PAY27875718,2022-10-31,1110.99,Cash,Failed,POL75284988
PAY93493108,2023-07-27,1375,Cash,Failed,POL06037561
PAY66614179,2022-07-21,839.58,Cash,Successful,POL96935129
PAY39765209,2023-06-08,1045.95,Credit Card,Successful,POL08713900
PAY18476671,2022-09-14,1326.82,Credit Card,Failed,POL93053026
PAY59051317,2024-09-26,1215.33,Credit Card,Successful,POL18044385
PAY20453554,2023-06-06,845.97,Bank Transfer,Successful,POL01562531
PAY99724251,2024-07-04,459.02,Credit Card,Failed,POL53146582
PAY33031956,2022-02-20,134.77,Bank Transfer,Failed,POL06415305
PAY26371901,2024-02-14,410.61,Credit Card,Failed,POL80996561
PAY89145878,2024-07-05,115.48,Cash,Successful,POL79993699
PAY21430800,2023-04-25,602.23,Credit Card,Successful,POL42401961
PAY44009842,2023-08-11,751.92,Cash,Failed,POL20325916
PAY21594368,2024-06-30,457.95,Bank Transfer,Successful,POL91400674
PAY29738015,2023-10-13,1352.59,Cash,Successful,POL52695927
PAY17531377,2023-04-17,1088,Cash,Failed,POL48412691
PAY22015900,2024-10-17,723.93,Credit Card,Failed,POL58185281
PAY18243015,2023-08-11,234.56,Cash,Successful,POL10264853
PAY75650015,2022-02-14,676.44,Cash,Failed,POL63230640
PAY05092526,2023-05-22,1173.58,Cash,Failed,POL53360521
PAY94529293,2022-09-28,1398.59,Cash,Failed,POL51145073
PAY71590700,2023-06-30,957.52,Cash,Failed,POL49583465
PAY48429953,2022-10-27,800.6,Cash,Successful,POL23603808
PAY24102898,2022-06-09,806.61,Cash,Failed,POL80450492
PAY90483900,2023-12-01,924.41,Bank Transfer,Successful,POL24582838
PAY30286836,2024-06-18,152.44,Bank Transfer,Failed,POL68700634
PAY87287089,2022-10-18,158.2,Credit Card,Failed,POL47434227
PAY23827026,2023-07-03,102.5,Cash,Successful,POL28936757
PAY50134425,2022-01-08,572.56,Credit Card,Failed,POL72517283
PAY54555735,2022-07-11,1236.71,Credit Card,Failed,POL67368474
PAY59707297,2022-01-24,1078.31,Credit Card,Failed,POL41959725
PAY64107704,2022-10-12,533.18,Bank Transfer,Failed,POL15877374
PAY22691202,2022-01-11,723.44,Bank Transfer,Successful,POL16364468
PAY09620950,2024-11-11,993.84,Credit Card,Successful,POL61757675
PAY13045433,2023-02-08,135.04,Cash,Successful,POL74477795
PAY64611661,2023-11-10,1463.3,Credit Card,Successful,POL94939056
PAY70516350,2023-09-19,683.8,Credit Card,Successful,POL88479195
PAY13736423,2022-01-12,1227.13,Bank Transfer,Failed,POL74324052
PAY56452684,2023-07-09,531.01,Bank Transfer,Successful,POL25608418
PAY12001207,2024-02-02,431.05,Bank Transfer,Failed,POL84035014
PAY88331018,2024-10-03,576.73,Bank Transfer,Failed,POL73582345
PAY16492924,2024-09-16,1238.81,Bank Transfer,Successful,POL30459208
PAY16217789,2023-09-25,441.33,Cash,Failed,POL29315631
PAY75801096,2023-10-03,195.02,Cash,Failed,POL12315723
PAY23550354,2023-06-20,466.37,Cash,Failed,POL06150370
PAY94358772,2023-03-18,355.78,Cash,Failed,POL39531025
PAY47827944,2023-11-03,435.75,Bank Transfer,Failed,POL89664710
PAY57916187,2022-05-30,286.08,Credit Card,Successful,POL81675097
PAY73664625,2024-03-21,694.38,Cash,Failed,POL92252183
PAY04094645,2023-03-24,450.7,Credit Card,Failed,POL46550237
PAY41093189,2024-03-18,462.24,Cash,Successful,POL56130497
PAY20017679,2024-08-10,1118.45,Credit Card,Successful,POL30804068
PAY26659615,2022-11-10,1204.23,Cash,Successful,POL00829050
PAY54166034,2023-09-26,1460.78,Bank Transfer,Successful,POL76701939
PAY45648549,2022-11-29,947.6,Bank Transfer,Failed,POL48026137
PAY30376230,2022-03-17,1140.09,Credit Card,Failed,POL32589913
PAY53488396,2023-06-24,457.97,Credit Card,Failed,POL69068296
PAY90198864,2023-02-20,247.48,Credit Card,Failed,POL09901587
PAY90544297,2024-08-11,1004.29,Cash,Successful,POL71689457
PAY71343433,2024-11-20,98.98,Cash,Successful,POL43112527
PAY12814717,2024-11-04,874.89,Bank Transfer,Successful,POL63375937
PAY40046171,2023-09-11,531.62,Cash,Successful,POL24211829
PAY27525989,2024-12-05,666.39,Cash,Failed,POL51395924
PAY89279099,2024-06-12,817.23,Credit Card,Successful,POL63051562
PAY98858307,2023-05-24,1262.97,Bank Transfer,Successful,POL15247636
PAY06088839,2023-09-21,1295.75,Credit Card,Successful,POL40926349
PAY68336906,2023-11-25,129.62,Bank Transfer,Successful,POL57894817
PAY07482536,2024-01-05,1218.71,Bank Transfer,Failed,POL40212338
PAY76125954,2024-08-06,131.86,Cash,Successful,POL68840569
PAY64935030,2022-11-19,598.4,Bank Transfer,Failed,POL64342111
PAY39335523,2021-12-31,463.7,Credit Card,Failed,POL38116452
PAY49171963,2022-11-07,797,Bank Transfer,Failed,POL96375176
PAY87287529,2022-02-13,1385.71,Credit Card,Failed,POL52327651
PAY19650385,2023-06-14,499.75,Bank Transfer,Successful,POL61900129
PAY74189876,2022-07-14,924.45,Bank Transfer,Failed,POL24708378
PAY57607065,2023-04-27,331.35,Cash,Failed,POL97021693
PAY15072207,2024-07-07,1430.48,Bank Transfer,Failed,POL94615763
PAY35646531,2023-11-13,99.16,Bank Transfer,Failed,POL87445905
PAY79014177,2023-01-31,1170.3,Bank Transfer,Failed,POL45105855
PAY90541327,2021-12-24,1277.32,Cash,Failed,POL59595706
PAY16271969,2022-10-31,1244.65,Cash,Successful,POL54437917
PAY15770113,2023-11-30,544.1,Cash,Successful,POL45455008
PAY17066582,2024-07-12,1111.02,Credit Card,Failed,POL15046507
PAY91302235,2024-11-22,898.29,Credit Card,Successful,POL77268137
PAY95004379,2022-10-14,878.43,Cash,Successful,POL14294149
PAY69561469,2022-10-06,1403.85,Cash,Successful,POL85853728
PAY71228916,2023-08-16,990.77,Cash,Successful,POL39807316
PAY70518692,2022-01-06,840.79,Bank Transfer,Successful,POL32368471
PAY16788372,2024-01-17,1335.44,Bank Transfer,Failed,POL00517693
PAY36277224,2022-02-14,541.15,Bank Transfer,Successful,POL64900151
PAY05504660,2022-03-31,340.97,Cash,Successful,POL08033487
PAY33863754,2024-07-14,601.14,Cash,Failed,POL47794870
PAY84437476,2023-06-26,1081.89,Bank Transfer,Successful,POL30621978
PAY86819434,2024-09-17,625.45,Credit Card,Successful,POL94564854
PAY55994374,2024-10-26,974.07,Bank Transfer,Successful,POL79306031
PAY99687432,2022-09-02,652.13,Cash,Successful,POL84662646
PAY76794792,2023-06-24,1183.66,Credit Card,Successful,POL12063534
PAY33505104,2022-06-25,1323.3,Bank Transfer,Failed,POL56891224
PAY27041188,2022-11-30,139.26,Cash,Failed,POL54521184
PAY41569807,2022-09-26,1127.62,Credit Card,Failed,POL20995447
PAY74836555,2024-03-16,717,Bank Transfer,Failed,POL09953966
PAY24602597,2024-05-26,118.85,Bank Transfer,Successful,POL62179381
PAY86518929,2022-04-17,1186.33,Bank Transfer,Successful,POL47419656
PAY43679914,2023-04-30,332.01,Cash,Failed,POL56127428
PAY76167482,2023-01-29,170.94,Cash,Failed,POL59607702
PAY06573615,2023-05-04,948.35,Cash,Failed,POL56063267
PAY34292910,2023-06-11,1389.71,Cash,Failed,POL89935970
PAY70052110,2023-03-05,1174.72,Credit Card,Successful,POL35164038
PAY84910388,2023-11-10,1114.6,Bank Transfer,Failed,POL71169830
PAY23715177,2023-08-13,1251.85,Credit Card,Successful,POL48790077
PAY38596388,2022-08-24,1279.78,Cash,Successful,POL63051562
PAY60885870,2024-04-15,1056.24,Bank Transfer,Failed,POL21231800
PAY57229918,2022-02-13,581.96,Cash,Successful,POL75720719
PAY70912861,2024-09-30,853.5,Credit Card,Failed,POL67383698
PAY89748481,2024-04-25,314.62,Credit Card,Failed,POL13756321
PAY34448237,2023-05-30,554.91,Bank Transfer,Failed,POL50892587
PAY70214589,2023-04-06,1321.52,Cash,Failed,POL68041288
PAY92705595,2024-09-12,627.95,Cash,Failed,POL27425814
PAY17532527,2023-02-25,1019.66,Credit Card,Successful,POL74756717
PAY71627582,2024-09-13,1080.92,Credit Card,Successful,POL96268176
PAY06107785,2022-06-30,1425.52,Bank Transfer,Failed,POL46471813
PAY80339845,2024-07-08,853.96,Bank Transfer,Successful,POL35206157
PAY37500391,2022-07-19,720.99,Credit Card,Failed,POL80674848
PAY17417662,2023-06-05,661.72,Bank Transfer,Failed,POL10635229
PAY58724587,2024-05-06,1068.93,Bank Transfer,Failed,POL36334787
PAY38199738,2024-05-20,329.12,Cash,Failed,POL71891068
PAY49439891,2022-05-31,1225.9,Cash,Successful,POL77983903
PAY45330678,2022-07-13,767.26,Cash,Failed,POL24753734
PAY29550347,2022-02-28,228.62,Bank Transfer,Failed,POL22613795
PAY31690011,2022-10-25,421.4,Bank Transfer,Successful,POL86347307
PAY66153736,2024-01-21,520.66,Bank Transfer,Successful,POL51999477
PAY56227234,2022-07-24,1292.73,Cash,Failed,POL88263060
PAY96419275,2024-03-26,874.26,Bank Transfer,Successful,POL68324145
PAY53864786,2023-11-27,1029.51,Bank Transfer,Failed,POL10423452
PAY36315044,2022-08-11,766.07,Credit Card,Failed,POL40028433
PAY88598994,2023-01-07,291.64,Credit Card,Failed,POL19053430
PAY51318676,2023-05-14,661.04,Bank Transfer,Successful,POL79993699
PAY54700652,2024-02-26,984.8,Cash,Successful,POL29024023
PAY06077372,2023-12-31,741.45,Credit Card,Successful,POL91532160
PAY52789735,2022-03-08,1369.6,Bank Transfer,Successful,POL97030178
PAY32819121,2024-02-22,903.75,Bank Transfer,Failed,POL66485877
PAY00815688,2023-01-27,1320.42,Bank Transfer,Failed,POL52791225
PAY26114606,2024-09-08,1111.49,Cash,Successful,POL46952826
PAY89628579,2024-04-18,1097.62,Cash,Successful,POL50807231
PAY66127225,2024-01-03,1292.12,Bank Transfer,Successful,POL92252183
PAY44999696,2022-09-21,616.74,Cash,Failed,POL80552860
PAY61489874,2022-03-18,977.56,Credit Card,Successful,POL32979560
PAY68056293,2023-10-13,619.73,Cash,Failed,POL31888448
PAY11812591,2023-01-13,1479.96,Credit Card,Successful,POL73788724
PAY39912568,2024-05-15,987.52,Cash,Failed,POL68286311
PAY96432320,2023-11-25,965.81,Credit Card,Successful,POL22702092
PAY23303664,2022-01-06,627.43,Credit Card,Successful,POL46194153
PAY76393179,2024-03-12,170.52,Credit Card,Failed,POL81188650
PAY25268597,2023-12-07,437.68,Credit Card,Failed,POL55243233
PAY25019328,2024-12-15,1264.99,Cash,Successful,POL11755321
PAY96741704,2024-11-26,122.38,Bank Transfer,Failed,POL27435543
PAY07105340,2024-04-15,820.11,Credit Card,Failed,POL27597307
PAY60355227,2024-09-28,535.9,Credit Card,Failed,POL25372382
PAY35918403,2022-09-01,824.76,Cash,Successful,POL68469433
PAY41812852,2024-07-21,128.99,Cash,Failed,POL74240303
PAY47505334,2023-10-28,616.02,Credit Card,Successful,POL60601098
PAY25298197,2024-01-17,1233.17,Cash,Failed,POL48533616
PAY82995010,2024-03-23,1226.25,Cash,Successful,POL04612795
PAY55358121,2023-10-09,613.37,Credit Card,Failed,POL66640089
PAY62566766,2022-03-05,445.43,Cash,Failed,POL23145476
PAY45323107,2022-04-14,584.83,Cash,Successful,POL97760999
PAY85584505,2022-07-13,1186.03,Bank Transfer,Failed,POL09137788
PAY92338802,2024-05-06,529.03,Cash,Failed,POL29655105
PAY68971091,2022-12-14,222.66,Cash,Failed,POL77573735
PAY76164455,2024-08-22,1460.54,Credit Card,Failed,POL39193067
PAY75276962,2023-08-04,1234.16,Bank Transfer,Failed,POL86890782
PAY05248934,2024-08-03,883.35,Bank Transfer,Failed,POL09607120
PAY92631985,2023-07-25,670.41,Bank Transfer,Successful,POL90750748
PAY19793448,2022-01-17,308.76,Bank Transfer,Failed,POL87558325
PAY20794386,2023-01-31,369.48,Credit Card,Failed,POL11723296
PAY89819513,2022-03-13,143.1,Bank Transfer,Failed,POL39487176
PAY81485622,2024-06-22,1105.77,Cash,Failed,POL04610081
PAY79267442,2023-01-25,63.89,Credit Card,Failed,POL23901301
PAY51135174,2022-08-14,84.13,Bank Transfer,Successful,POL39911083
PAY76880510,2024-12-08,611.72,Cash,Failed,POL88263060
PAY50971233,2022-10-10,1385.58,Bank Transfer,Failed,POL43714068
PAY34612786,2022-08-31,1338.82,Bank Transfer,Failed,POL43714068
PAY30259057,2022-09-12,197.83,Bank Transfer,Successful,POL09523049
PAY04380982,2024-06-02,1237.25,Bank Transfer,Failed,POL35831200
PAY66471423,2024-11-21,1434.6,Credit Card,Successful,POL30868799
PAY87769748,2023-09-09,744.86,Credit Card,Successful,POL11133444
PAY49311620,2022-05-21,1047.88,Credit Card,Successful,POL77410789
PAY22782365,2023-02-12,360.21,Bank Transfer,Failed,POL90223289
PAY72752260,2024-07-31,515.37,Bank Transfer,Failed,POL11133444
PAY37632772,2022-06-21,1493.07,Credit Card,Successful,POL69394395
PAY78863298,2024-10-23,401.75,Cash,Successful,POL80995541
PAY22528503,2023-03-12,1476.48,Credit Card,Successful,POL95524303
PAY11277119,2023-02-02,688.88,Credit Card,Successful,POL19466046
PAY98230368,2023-07-20,111.68,Cash,Failed,POL54361849
PAY32556795,2023-08-22,744.16,Cash,Failed,POL62759282
PAY36451706,2024-10-10,1174.4,Bank Transfer,Failed,POL55078458
PAY37009835,2023-11-02,386.31,Cash,Failed,POL21259654
PAY13990983,2022-12-17,689.42,Cash,Failed,POL55696704
PAY26072867,2022-07-02,946.95,Bank Transfer,Successful,POL78617883
PAY58217522,2024-10-02,206.28,Cash,Failed,POL39689030
PAY86558847,2024-03-25,1148.67,Cash,Failed,POL88991163
PAY60756280,2024-04-05,1431.96,Cash,Failed,POL64468653
PAY57388628,2024-10-28,801.27,Bank Transfer,Successful,POL74375234
PAY69271758,2024-05-23,1291.43,Credit Card,Failed,POL42847651
PAY05459659,2022-01-07,330.74,Bank Transfer,Successful,POL30351443
PAY34814343,2023-10-05,338.34,Cash,Failed,POL54662210
PAY53081050,2022-11-27,489.89,Cash,Failed,POL48016627
PAY26830591,2023-02-03,1222.77,Bank Transfer,Successful,POL75237627
PAY06913000,2023-01-25,1211.62,Cash,Failed,POL52977927
PAY82964615,2022-09-02,112.44,Bank Transfer,Successful,POL38779532
PAY60062857,2022-12-16,791.25,Cash,Failed,POL89729174
PAY26373495,2024-12-16,1361.37,Credit Card,Failed,POL44670716
PAY59388295,2023-11-22,1267.56,Bank Transfer,Successful,POL92681233
PAY56145350,2023-02-08,976.1,Cash,Successful,POL81100703
PAY53624706,2023-04-23,112.12,Bank Transfer,Failed,POL87125515
PAY61654695,2023-11-15,111.28,Bank Transfer,Failed,POL19959727
PAY83410753,2022-06-16,974.45,Credit Card,Successful,POL25712825
PAY76406621,2024-05-23,728.17,Cash,Failed,POL11950441
PAY18749870,2023-04-14,1043.27,Bank Transfer,Failed,POL83060919
PAY39455269,2022-02-27,1441.79,Credit Card,Failed,POL46015732
PAY45073203,2022-09-24,1059.3,Credit Card,Successful,POL62321649
PAY60494054,2024-04-08,1081.68,Cash,Failed,POL14879776
PAY61672410,2022-09-03,85.82,Credit Card,Successful,POL38398875
PAY10142336,2022-07-11,1427.77,Credit Card,Failed,POL96697698
PAY15590327,2024-11-02,418.96,Bank Transfer,Successful,POL34252252
PAY86091713,2023-10-21,376,Bank Transfer,Failed,POL46471813
PAY64238280,2022-02-25,1332.09,Credit Card,Successful,POL92889380
PAY07909506,2023-08-06,1396.76,Bank Transfer,Successful,POL43732564
PAY46243570,2023-06-24,390.83,Cash,Successful,POL35246702
PAY89128484,2023-03-17,336.6,Credit Card,Failed,POL64234033
PAY53092330,2023-12-24,1315.11,Cash,Successful,POL54078734
PAY31309583,2024-02-27,1493.72,Cash,Failed,POL11826796
PAY96709886,2022-03-30,75.77,Cash,Successful,POL21795687
PAY99694041,2023-05-23,471.07,Bank Transfer,Failed,POL39477201
PAY83194011,2024-07-06,1222.46,Bank Transfer,Successful,POL17568774
PAY20739239,2023-02-19,387.61,Cash,Failed,POL76074801
PAY33088286,2023-05-13,983.75,Cash,Successful,POL38108331
PAY78171614,2022-11-17,558.88,Credit Card,Failed,POL97141577
PAY32452390,2023-01-08,1099.08,Credit Card,Failed,POL55191578
PAY90123518,2024-10-04,388.4,Credit Card,Successful,POL61267923
PAY34592320,2024-01-15,314.65,Credit Card,Failed,POL38330072
PAY90853205,2023-02-11,1242.89,Bank Transfer,Failed,POL63483094
PAY04417717,2022-05-23,1323.52,Cash,Failed,POL43127976
PAY92938806,2022-12-21,981.46,Credit Card,Successful,POL22897699
PAY55510931,2024-07-08,176.9,Credit Card,Failed,POL48969594
PAY52392661,2023-09-21,684.59,Cash,Successful,POL50354765
PAY89101892,2024-04-16,1127.34,Credit Card,Failed,POL78507070
PAY54153316,2022-05-02,534.02,Cash,Failed,POL77625425
PAY67180043,2022-11-07,1095.07,Credit Card,Failed,POL63989865
PAY82843960,2022-09-26,1074.65,Credit Card,Successful,POL43894987
PAY64169694,2022-08-13,302.01,Bank Transfer,Successful,POL55809193
PAY63893002,2023-02-24,614.44,Bank Transfer,Failed,POL03258103
PAY33165745,2022-05-31,1355.2,Credit Card,Successful,POL58228510
PAY67167717,2024-08-25,825.07,Bank Transfer,Failed,POL27953445
PAY95981287,2024-11-17,1273.8,Cash,Successful,POL31482176
PAY14997357,2024-08-21,1375.47,Bank Transfer,Failed,POL77202133
PAY04516853,2022-09-02,823.16,Cash,Failed,POL74809100
PAY29970083,2022-09-21,1455.45,Credit Card,Failed,POL06372967
PAY14466110,2024-05-25,96.87,Credit Card,Successful,POL13962079
PAY73966225,2022-04-16,906.03,Cash,Failed,POL01860747
PAY45274393,2024-03-11,902.51,Cash,Successful,POL21319320
PAY97478997,2022-10-16,1248.42,Credit Card,Successful,POL87257642
PAY60365942,2024-02-11,1076.85,Bank Transfer,Failed,POL23175808
PAY77810060,2022-04-27,860.35,Cash,Successful,POL68942748
PAY37577237,2022-02-14,1374.16,Credit Card,Successful,POL12089823
PAY15756122,2022-03-25,1256.1,Credit Card,Failed,POL93327871
PAY35289214,2022-07-22,220.63,Credit Card,Failed,POL77471080
PAY54372691,2023-10-30,443.21,Bank Transfer,Successful,POL96779565
PAY11848047,2022-06-18,1110.12,Cash,Failed,POL05441250
PAY85353160,2021-12-28,957.07,Cash,Failed,POL12629332
PAY81303070,2022-01-13,858.88,Credit Card,Failed,POL63433584
PAY13802427,2021-12-29,133.39,Bank Transfer,Failed,POL20797511
PAY45062271,2022-10-28,130.73,Bank Transfer,Failed,POL37879847
PAY22913038,2023-01-22,268.51,Credit Card,Successful,POL93878741
PAY37770199,2023-07-09,695.44,Bank Transfer,Successful,POL73721889
PAY82762424,2024-01-18,682.08,Credit Card,Successful,POL90938074
PAY24784492,2022-06-14,456.32,Cash,Successful,POL36630030
PAY60613744,2021-12-27,871.09,Credit Card,Successful,POL06150370
PAY39991501,2023-06-06,845.71,Cash,Successful,POL76204779
PAY74075072,2022-05-19,498.32,Credit Card,Failed,POL56805499
PAY47638740,2022-01-06,505.95,Bank Transfer,Successful,POL59942075
PAY04101515,2022-06-10,932.56,Credit Card,Failed,POL30499231
PAY00381175,2024-08-10,571.89,Cash,Failed,POL15757383
PAY61525287,2022-08-21,744.49,Cash,Successful,POL34491800
PAY41636985,2022-03-28,605.91,Credit Card,Successful,POL63077601
PAY41297012,2024-04-29,1137.43,Bank Transfer,Successful,POL27425814
PAY53852020,2023-10-12,249.85,Cash,Failed,POL36595013
PAY37300700,2024-08-29,579.68,Bank Transfer,Successful,POL94633881
PAY35368522,2023-01-20,318.25,Bank Transfer,Successful,POL83165381
PAY20253024,2022-06-17,601.87,Credit Card,Successful,POL55949918
PAY95080818,2024-06-04,669.07,Credit Card,Successful,POL97456279
PAY80192208,2023-04-25,420.06,Cash,Failed,POL78314103
PAY62096990,2023-11-21,542.52,Credit Card,Successful,POL28550299
PAY95688583,2022-06-26,714.18,Cash,Successful,POL26862449
PAY04722157,2024-11-29,704.28,Bank Transfer,Failed,POL58046238
PAY62957715,2023-10-01,300.29,Credit Card,Failed,POL33850550
PAY40373018,2024-08-10,221.86,Credit Card,Failed,POL16109896
PAY15005171,2024-11-07,910.61,Cash,Successful,POL61913458
PAY30135019,2022-12-05,1167.39,Cash,Failed,POL80129143
PAY38009526,2023-03-14,1495.54,Credit Card,Successful,POL70014788
PAY89529048,2023-01-23,1168.99,Cash,Successful,POL87573741
PAY36799278,2022-02-11,439.17,Credit Card,Failed,POL49437324
PAY57130479,2022-04-18,1482.91,Bank Transfer,Failed,POL00118999
PAY64301118,2024-01-28,868.5,Cash,Successful,POL42443004
PAY25103914,2023-01-14,767.23,Credit Card,Failed,POL46013781
PAY55993513,2024-09-23,878.82,Cash,Successful,POL12925982
PAY05672472,2024-08-28,1184.02,Bank Transfer,Successful,POL82615987
PAY16893151,2024-05-12,1225.09,Bank Transfer,Failed,POL55324239
PAY33266471,2022-05-30,161.49,Bank Transfer,Failed,POL37628555
PAY76652197,2024-08-21,400.37,Credit Card,Failed,POL21189445
PAY92746010,2023-04-20,835.62,Bank Transfer,Failed,POL08033487
PAY47918748,2022-05-29,691.16,Bank Transfer,Successful,POL43888562
PAY60995270,2024-05-14,722.45,Credit Card,Failed,POL41034337
PAY93176396,2023-10-14,1475.43,Bank Transfer,Failed,POL76080858
PAY22799942,2024-03-22,944.26,Cash,Failed,POL64197228
PAY22749512,2023-11-05,221.66,Bank Transfer,Successful,POL66935971
PAY58140794,2022-07-04,1476.87,Bank Transfer,Successful,POL48638488
PAY43586561,2023-04-07,410.66,Cash,Successful,POL71025279
PAY40902205,2023-05-25,1186.72,Credit Card,Failed,POL81043217
PAY78661547,2022-11-16,957.16,Cash,Successful,POL84891597
PAY11806794,2023-08-10,1313.03,Bank Transfer,Successful,POL88877150
PAY59568741,2022-11-25,1392.26,Credit Card,Failed,POL10547334
PAY11771464,2023-04-30,808.86,Cash,Failed,POL96262921
PAY07491451,2022-10-05,163.49,Bank Transfer,Successful,POL11199753
PAY53325850,2022-04-23,477.81,Bank Transfer,Failed,POL99892267
PAY32107940,2024-05-27,998.78,Cash,Successful,POL47755970
PAY98225981,2022-02-25,633.12,Cash,Successful,POL44633851
PAY84080521,2024-12-05,503.87,Bank Transfer,Failed,POL68941545
PAY19207340,2023-08-03,800.5,Credit Card,Failed,POL02880116
PAY42984860,2024-12-16,359.05,Bank Transfer,Successful,POL51974701
PAY50451222,2022-12-03,541.83,Cash,Successful,POL78634856
PAY37038723,2022-11-25,389.61,Cash,Successful,POL07046709
PAY41879291,2024-02-17,412.96,Cash,Successful,POL83860935
PAY93675996,2023-12-06,664.51,Cash,Successful,POL16642790
PAY77915949,2024-07-19,192.49,Cash,Failed,POL47162094
PAY93286399,2023-08-15,751.26,Bank Transfer,Successful,POL56373098
PAY63848754,2024-09-20,811.58,Cash,Failed,POL21617511
PAY90866144,2023-09-30,345.74,Credit Card,Successful,POL46352702
PAY07427660,2024-07-12,222.68,Bank Transfer,Successful,POL89472328
PAY92389859,2022-05-23,125.74,Credit Card,Successful,POL41941398
PAY98080011,2024-10-25,358.82,Credit Card,Failed,POL93758442
PAY88090023,2022-12-24,597.36,Bank Transfer,Failed,POL74375234
PAY73379156,2023-08-02,340.72,Credit Card,Failed,POL11162574
PAY93582936,2022-07-10,309.13,Cash,Failed,POL45259795
PAY55160228,2023-02-28,418.18,Credit Card,Successful,POL42505976
PAY29185079,2023-01-28,1003.56,Cash,Failed,POL27435543
PAY35187737,2023-12-15,309.73,Cash,Successful,POL20839843
PAY37642916,2023-09-06,1208.75,Credit Card,Failed,POL31588332
PAY15760378,2023-05-15,431.09,Credit Card,Failed,POL31299981
PAY17639875,2022-07-27,574.45,Cash,Successful,POL92952758
PAY33560187,2023-12-13,182.38,Bank Transfer,Failed,POL05204154
PAY90389594,2022-04-30,1101.88,Bank Transfer,Successful,POL05429840
PAY37366011,2023-06-04,71.71,Cash,Failed,POL05706478
PAY39004522,2023-10-04,991.55,Cash,Successful,POL22111965
PAY49336543,2022-01-01,639.84,Credit Card,Successful,POL56612277
PAY11157187,2024-09-01,1214.62,Credit Card,Successful,POL96087184
PAY96108220,2024-11-10,668.49,Cash,Successful,POL80560091
PAY03950271,2022-03-31,923.7,Credit Card,Successful,POL10223827
PAY03215929,2022-07-25,612.84,Credit Card,Failed,POL14708909
PAY86985228,2023-11-15,231.56,Bank Transfer,Successful,POL89472328
PAY69417563,2022-05-03,1358.97,Cash,Failed,POL84222350
PAY03479257,2024-12-20,108.07,Credit Card,Failed,POL11989725
PAY93013890,2022-12-15,1232.46,Cash,Successful,POL25998313
PAY26438889,2023-09-02,1130.22,Credit Card,Successful,POL85749437
PAY15489126,2024-03-04,1082.89,Bank Transfer,Successful,POL74756717
PAY52669003,2024-08-10,1341.45,Credit Card,Successful,POL06598618
PAY38130961,2024-02-07,879.3,Credit Card,Failed,POL40877445
PAY27844588,2024-06-17,575.12,Bank Transfer,Failed,POL59950728
PAY92065969,2023-08-25,333.16,Bank Transfer,Failed,POL51728504
PAY41286604,2024-08-08,1189.2,Bank Transfer,Failed,POL50447483
PAY56772509,2023-07-01,1335.71,Bank Transfer,Failed,POL81184325
PAY60723527,2022-07-03,1046.14,Cash,Failed,POL46961879
PAY60994426,2023-01-23,399.35,Bank Transfer,Successful,POL15359444
PAY27827042,2022-06-12,754.79,Credit Card,Failed,POL23565642
PAY85779823,2023-03-05,731.36,Credit Card,Successful,POL98798352
PAY21782661,2024-04-16,1219.62,Cash,Successful,POL70823691
PAY66846553,2023-06-18,626.21,Bank Transfer,Failed,POL08111147
PAY32677598,2022-06-14,725.89,Bank Transfer,Successful,POL12333540
PAY42496484,2024-02-25,179.75,Credit Card,Failed,POL35727736
PAY93110604,2022-02-12,204.49,Cash,Failed,POL72311298
PAY15200399,2022-04-14,657.81,Bank Transfer,Failed,POL59779212
PAY61654063,2022-02-15,104.58,Cash,Failed,POL80647168
PAY67218894,2024-01-01,553.23,Credit Card,Successful,POL84679651
PAY74476106,2024-06-04,532.08,Cash,Successful,POL43339997
PAY93831155,2024-03-21,952.12,Bank Transfer,Failed,POL00096946
PAY77349598,2024-01-14,1365.44,Credit Card,Failed,POL36714919
PAY88738738,2023-09-19,1399.86,Bank Transfer,Failed,POL33443696
PAY49315154,2024-10-22,1235.64,Credit Card,Failed,POL27460532
PAY29131576,2024-05-05,590.69,Credit Card,Failed,POL80333003
PAY84413511,2024-08-03,114.72,Credit Card,Successful,POL27929198
PAY57668738,2024-12-21,1166.87,Cash,Successful,POL08392852
PAY46176587,2023-01-03,99.92,Bank Transfer,Failed,POL83014329
PAY17782192,2024-05-08,1275.16,Cash,Successful,POL68947456
PAY08533328,2024-03-25,1032.07,Cash,Failed,POL93562061
PAY47131121,2023-02-27,476.8,Cash,Failed,POL42317567
PAY47823870,2023-11-10,221.44,Bank Transfer,Successful,POL20270146
PAY38576227,2023-07-03,1036.36,Credit Card,Successful,POL70411495
PAY03106312,2023-11-05,794.31,Bank Transfer,Failed,POL42862009
PAY31674020,2023-12-18,196.09,Credit Card,Successful,POL45440962
PAY73975462,2022-08-23,296.03,Bank Transfer,Successful,POL73676395
PAY25993714,2022-06-28,355.82,Bank Transfer,Failed,POL85269593
PAY14371769,2022-01-21,1432.63,Bank Transfer,Failed,POL46770635
PAY51719845,2022-08-31,306.52,Bank Transfer,Failed,POL87664346
PAY67636906,2022-09-22,775.24,Bank Transfer,Failed,POL89180223
PAY19593996,2024-06-05,346.61,Cash,Failed,POL12714870
PAY39174486,2022-08-18,64.45,Credit Card,Successful,POL47676177
PAY22187774,2023-06-27,1000.09,Cash,Successful,POL40579539
PAY21601134,2023-07-27,1376.41,Bank Transfer,Successful,POL44326317
PAY17150289,2022-11-28,247.38,Bank Transfer,Failed,POL07269775
PAY72558048,2022-12-13,1496.5,Bank Transfer,Failed,POL70014788
PAY79511232,2022-04-11,1043.57,Credit Card,Successful,POL14844757
PAY05717594,2023-11-04,686.16,Cash,Failed,POL40780635
PAY77055465,2023-02-04,100.82,Credit Card,Failed,POL32822609
PAY45310260,2024-05-04,473.82,Bank Transfer,Failed,POL14879776
PAY65222508,2024-10-18,1483.81,Credit Card,Failed,POL73942223
PAY56634932,2022-08-07,860.67,Bank Transfer,Successful,POL55190286
PAY78481956,2024-04-25,1326.73,Credit Card,Failed,POL07078939
PAY55708914,2023-08-09,1103.56,Bank Transfer,Failed,POL05606987
PAY34035844,2023-05-09,433.76,Bank Transfer,Successful,POL75380530
PAY24664680,2024-07-18,1481.19,Cash,Successful,POL91428444
PAY37083418,2022-10-15,1406.34,Credit Card,Successful,POL21502603
PAY98165849,2023-12-31,535.36,Bank Transfer,Successful,POL89180514
PAY64236161,2022-02-08,737.29,Bank Transfer,Successful,POL42381985
PAY47935196,2022-08-30,880.65,Credit Card,Failed,POL47741439
PAY10638988,2023-02-09,288.82,Credit Card,Failed,POL68080704
PAY08562097,2023-03-21,838.32,Cash,Successful,POL97395232
PAY26778364,2023-11-06,950.81,Credit Card,Failed,POL32850811
PAY59512937,2024-07-12,1417.81,Bank Transfer,Successful,POL12428570
PAY70230181,2024-06-10,846.15,Bank Transfer,Successful,POL71988877
PAY16449487,2022-11-03,962.51,Credit Card,Successful,POL85498031
PAY95281255,2024-01-25,612.49,Bank Transfer,Successful,POL12299324
PAY68269238,2022-07-26,610.15,Credit Card,Failed,POL23066229
PAY27481520,2023-10-03,607.29,Bank Transfer,Successful,POL53425545
PAY94250802,2024-01-24,1016.42,Bank Transfer,Failed,POL95823449
PAY14760940,2024-10-04,1359.76,Bank Transfer,Successful,POL53518274
PAY66055330,2024-06-25,174.46,Credit Card,Successful,POL57053022
PAY12088674,2022-03-04,256.95,Cash,Failed,POL19136648
PAY73861964,2022-03-17,1293.58,Bank Transfer,Successful,POL53578236
PAY42071106,2023-12-15,718.79,Cash,Successful,POL83125745
PAY10345864,2023-02-13,665.44,Cash,Successful,POL87238187
PAY85522003,2023-11-18,1470.21,Cash,Failed,POL12536451
PAY57030664,2022-01-18,60.15,Cash,Successful,POL31410779
PAY31553554,2022-09-05,590.11,Cash,Successful,POL92491659
PAY70449452,2024-11-16,1419.63,Cash,Successful,POL96760097
PAY41714941,2022-09-24,419.04,Cash,Successful,POL55949918
PAY35806997,2023-10-26,793.6,Bank Transfer,Successful,POL07078939
PAY34090138,2023-02-15,310.79,Cash,Successful,POL79694527
PAY13985223,2022-09-04,967.21,Bank Transfer,Failed,POL54824622
PAY63452430,2022-05-17,654.61,Bank Transfer,Failed,POL97266170
PAY14524314,2024-01-22,961.48,Credit Card,Successful,POL40579539
PAY96288482,2024-01-13,1072.99,Bank Transfer,Failed,POL75052846
PAY78038860,2022-09-14,711.63,Credit Card,Failed,POL26967918
PAY79917124,2022-05-02,993.29,Cash,Successful,POL19986234
PAY91587270,2024-05-11,630.04,Credit Card,Failed,POL86085378
PAY74917706,2023-10-18,147.97,Cash,Failed,POL14294149
PAY21648652,2023-08-11,600.11,Credit Card,Successful,POL38619975
PAY09049138,2024-02-27,1005.12,Credit Card,Failed,POL81378407
PAY32327669,2023-10-07,256.27,Credit Card,Failed,POL22369979
PAY38659888,2022-11-02,375.51,Cash,Failed,POL19911528
PAY01991184,2022-05-10,1474.22,Cash,Successful,POL27435543
PAY64187027,2023-01-31,565.61,Cash,Successful,POL81591533
PAY95869155,2023-03-07,1049.13,Cash,Successful,POL39231633
PAY14419385,2024-04-23,309.41,Bank Transfer,Failed,POL77104949
PAY31047061,2023-01-04,1130.37,Cash,Successful,POL84091621
PAY41556390,2023-05-18,538.5,Bank Transfer,Successful,POL90584478
PAY71721952,2023-06-04,483.39,Bank Transfer,Failed,POL27860857
PAY34101346,2024-07-21,251.54,Cash,Successful,POL75543657
PAY26014351,2022-06-27,938.48,Bank Transfer,Successful,POL53957372
PAY25268649,2024-01-28,440.3,Credit Card,Failed,POL01957491
PAY22739575,2022-06-24,266.45,Credit Card,Successful,POL21075384
PAY38858102,2024-02-11,73.28,Bank Transfer,Failed,POL01957491
PAY82463684,2024-04-24,983.28,Cash,Successful,POL05422944
PAY10206100,2024-07-14,126.09,Credit Card,Failed,POL62266023
PAY90298528,2024-05-23,1300.7,Bank Transfer,Successful,POL40483314
PAY52036226,2023-03-18,841.89,Credit Card,Failed,POL44219481
PAY31497680,2022-03-24,912.83,Cash,Successful,POL76748109
PAY00076889,2022-04-07,746.44,Credit Card,Failed,POL53814466
PAY86000512,2024-02-02,1082.85,Credit Card,Failed,POL89182008
PAY52355300,2022-01-12,970.52,Cash,Successful,POL99307499
PAY94617035,2024-01-29,778.45,Bank Transfer,Failed,POL53248656
PAY17597581,2024-02-22,949.24,Credit Card,Successful,POL39334378
PAY45873799,2022-11-17,168.77,Bank Transfer,Failed,POL61900129
PAY96201212,2021-12-31,65.44,Cash,Successful,POL90628400
PAY59794666,2023-04-27,593.55,Bank Transfer,Failed,POL50918861
PAY94287881,2024-07-03,82.34,Bank Transfer,Failed,POL23926652
PAY90889774,2024-05-30,920.76,Cash,Failed,POL21533048
PAY26302494,2023-05-27,316.09,Credit Card,Failed,POL67383698
PAY83543846,2023-07-02,778.88,Credit Card,Successful,POL28314464
PAY60956057,2022-07-07,998.33,Cash,Failed,POL87412754
PAY16621689,2024-07-31,1236.38,Cash,Failed,POL62168693
PAY69849105,2022-11-25,1198.59,Cash,Failed,POL09476689
PAY63092626,2024-08-18,1471.08,Cash,Successful,POL83559583
PAY73953960,2024-10-12,296.43,Cash,Successful,POL62185518
PAY95582369,2024-02-26,1358.56,Bank Transfer,Failed,POL74615400
PAY48682166,2024-12-19,439.55,Cash,Successful,POL88842514
PAY92651921,2023-12-12,1157.16,Bank Transfer,Failed,POL00517693
PAY03846471,2022-03-04,309.76,Bank Transfer,Successful,POL72310248
PAY54779764,2022-03-20,353.12,Cash,Failed,POL00505335
PAY91445295,2024-08-23,1476.25,Credit Card,Failed,POL13071740
PAY56745538,2022-03-03,194.73,Cash,Successful,POL46517848
PAY56951230,2024-03-04,1269.77,Cash,Successful,POL69274209
PAY73181791,2024-11-06,373.09,Cash,Failed,POL00447395
PAY50453457,2023-09-11,1139.85,Cash,Successful,POL97188917
PAY34085909,2024-10-01,1447.6,Cash,Failed,POL70755338
PAY40721101,2022-11-30,1489.32,Cash,Failed,POL85856716
PAY99313324,2022-08-21,1125.87,Credit Card,Successful,POL19547939
PAY57774886,2024-11-28,1235.53,Bank Transfer,Failed,POL98182454
PAY30431382,2022-06-06,755.94,Bank Transfer,Failed,POL48302488
PAY16266578,2022-07-16,1327.65,Bank Transfer,Successful,POL40501212
PAY23124864,2024-06-05,728.13,Cash,Successful,POL91116374
PAY66499410,2022-10-15,215.36,Bank Transfer,Failed,POL64342111
PAY33503022,2024-10-29,1021.48,Cash,Successful,POL26967918
PAY93089328,2022-09-04,424.09,Cash,Successful,POL03406980
PAY90075354,2022-11-29,858.29,Credit Card,Failed,POL34491800
PAY63495874,2024-10-23,771.58,Credit Card,Successful,POL13830672
PAY49706445,2022-11-22,750.73,Bank Transfer,Successful,POL65504828
PAY97556238,2023-05-03,534.84,Credit Card,Failed,POL19274658
PAY92506805,2022-12-06,437.2,Bank Transfer,Failed,POL05037648
PAY45853292,2024-03-09,1072.35,Bank Transfer,Successful,POL71221796
PAY57459808,2024-06-24,266.65,Cash,Successful,POL23499238
PAY90727555,2022-04-26,920.74,Cash,Failed,POL22105377
PAY48565072,2022-03-24,954.51,Credit Card,Failed,POL52778521
PAY04784786,2024-08-22,1068.92,Bank Transfer,Successful,POL50406144
PAY39853959,2022-12-20,685.98,Credit Card,Failed,POL65279232
PAY26790770,2022-07-24,1235.21,Cash,Failed,POL98798352
PAY63047216,2023-10-14,540.42,Cash,Failed,POL40292999
PAY10829819,2023-06-06,732.5,Bank Transfer,Failed,POL23193106
PAY88449198,2022-02-18,109.82,Cash,Failed,POL84892449
PAY94499286,2023-04-27,860.71,Cash,Successful,POL11496462
PAY28485414,2024-01-14,89.28,Cash,Failed,POL13370317
PAY85563397,2022-01-23,1328.91,Cash,Successful,POL37005180
PAY23371197,2024-03-12,796.27,Bank Transfer,Failed,POL04954474
PAY13908624,2024-09-14,984.91,Cash,Failed,POL28936757
PAY95019005,2023-04-05,527.9,Bank Transfer,Successful,POL04951844
PAY73661986,2022-05-20,138.08,Bank Transfer,Successful,POL11377387
PAY17411636,2022-06-06,684.69,Credit Card,Successful,POL14632307
PAY05002781,2022-06-15,542,Bank Transfer,Failed,POL90189213
PAY90928971,2024-03-03,831.56,Cash,Failed,POL39824076
PAY89838086,2022-10-30,808.5,Credit Card,Successful,POL93108727
PAY65818297,2023-07-01,108.75,Bank Transfer,Failed,POL38489977
PAY94124106,2022-09-26,297.95,Credit Card,Failed,POL83784659
PAY28148117,2023-08-13,361.04,Cash,Failed,POL84438611
PAY22438091,2022-12-10,1490.61,Cash,Failed,POL45601263
PAY11390891,2022-12-03,55.41,Bank Transfer,Failed,POL56889817
PAY74744053,2024-12-03,57.69,Cash,Failed,POL04376186
PAY14818640,2024-06-09,352.92,Cash,Failed,POL13345815
PAY88611935,2024-09-11,128.01,Credit Card,Successful,POL35985478
PAY14391151,2024-11-15,749.58,Bank Transfer,Successful,POL72310248
PAY62522144,2023-09-17,659.85,Bank Transfer,Failed,POL94561811
PAY29999753,2022-11-02,676.83,Cash,Successful,POL20394281
PAY80264911,2022-01-25,626.02,Credit Card,Failed,POL78506700
PAY33587922,2021-12-23,1022.18,Cash,Successful,POL84981148
PAY55677694,2024-05-01,568.46,Bank Transfer,Successful,POL02555675
PAY89244363,2024-01-08,1115.32,Bank Transfer,Failed,POL16232154
PAY37376085,2023-07-11,230.21,Cash,Successful,POL87324459
PAY49206125,2023-12-29,612.05,Cash,Failed,POL27592722
PAY33106616,2023-02-28,701.04,Credit Card,Failed,POL90691357
PAY84714878,2023-09-16,1129.13,Credit Card,Successful,POL75119597
PAY96507368,2023-08-15,1496.56,Credit Card,Failed,POL64740997
PAY63192059,2023-07-21,1312.02,Bank Transfer,Failed,POL98161265
PAY86970902,2022-11-26,86.35,Bank Transfer,Failed,POL63539662
PAY55415243,2024-04-03,773.25,Bank Transfer,Successful,POL40579539
PAY82548938,2023-01-25,1225.59,Bank Transfer,Failed,POL52695927
PAY91071531,2024-08-05,1080.19,Cash,Failed,POL17886964
PAY19670319,2023-09-12,1368.78,Credit Card,Successful,POL63430600
PAY06075622,2023-09-26,58.63,Bank Transfer,Failed,POL34904099
PAY73086917,2023-12-04,1214.44,Cash,Successful,POL48533616
PAY49613149,2023-04-15,1459.59,Cash,Failed,POL23259824
PAY37888930,2022-01-19,600.55,Cash,Failed,POL49366333
PAY38992846,2023-09-17,900.63,Cash,Failed,POL21488909
PAY87520640,2024-12-17,1250.2,Bank Transfer,Failed,POL15359694
PAY08944463,2022-02-14,878.53,Credit Card,Failed,POL62118534
PAY21032749,2022-03-07,293.05,Cash,Failed,POL14293644
PAY81217845,2024-05-05,1119.95,Cash,Successful,POL07053909
PAY02729934,2023-01-26,87.92,Cash,Failed,POL51666989
PAY03748491,2024-04-24,611.58,Bank Transfer,Successful,POL45081491
PAY17927140,2023-03-26,1015.78,Credit Card,Failed,POL86559672
PAY37130549,2022-01-17,1453.43,Cash,Failed,POL07805552
PAY44693429,2023-02-18,708.84,Cash,Failed,POL93415185
PAY47244344,2022-09-20,882.1,Credit Card,Successful,POL25372382
PAY63471217,2023-01-04,352.25,Credit Card,Failed,POL60529596
PAY68095019,2023-06-21,858,Credit Card,Successful,POL67385863
PAY48891504,2023-08-18,827.13,Bank Transfer,Successful,POL96497115
PAY96120294,2022-04-21,1410.75,Bank Transfer,Successful,POL80906414
PAY13652020,2023-12-23,686.7,Cash,Failed,POL12428570
PAY61527015,2023-05-11,501.16,Credit Card,Successful,POL36885821
PAY07148870,2024-05-20,545.3,Bank Transfer,Failed,POL19746644
PAY63928991,2024-01-21,578.13,Credit Card,Successful,POL61913458
PAY81664797,2024-08-31,1332.67,Bank Transfer,Failed,POL12056494
PAY77922650,2023-09-21,280.45,Bank Transfer,Failed,POL69578293
PAY85563299,2024-08-14,178.61,Bank Transfer,Failed,POL08890801
PAY04789630,2024-09-24,719.16,Bank Transfer,Failed,POL10637039
PAY33568956,2023-12-05,1225.03,Bank Transfer,Failed,POL43650068
PAY51239138,2023-11-13,917.98,Bank Transfer,Failed,POL22866808
PAY89408387,2022-04-13,1184.06,Cash,Failed,POL61565872
PAY68232929,2022-08-31,789.84,Bank Transfer,Successful,POL90177568
PAY97872317,2023-09-13,234.34,Cash,Successful,POL26967918
PAY43148402,2022-03-21,1421.26,Bank Transfer,Successful,POL50504166
PAY15602090,2022-11-15,1093.32,Credit Card,Failed,POL67510645
PAY02779303,2024-01-17,78.12,Bank Transfer,Successful,POL53051476
PAY10779988,2024-11-09,648.87,Bank Transfer,Successful,POL08274005
PAY35259728,2022-09-25,258.99,Bank Transfer,Successful,POL23271527
PAY09398318,2023-02-11,426.31,Bank Transfer,Successful,POL64700295
PAY21113416,2024-01-16,800.16,Cash,Failed,POL26146635
PAY47075790,2022-07-01,249.9,Bank Transfer,Successful,POL97850012
PAY97998482,2022-03-09,770.69,Bank Transfer,Failed,POL87414724
PAY76364257,2023-01-01,1103.57,Bank Transfer,Failed,POL71490424
PAY39643054,2024-10-13,1232.96,Credit Card,Failed,POL55063562
PAY09937306,2022-04-23,1197.46,Credit Card,Failed,POL88760778
PAY40415085,2023-03-02,508.24,Bank Transfer,Failed,POL09045141
PAY01016053,2023-08-11,1376.25,Cash,Successful,POL86778558
PAY83533430,2023-05-30,256.68,Cash,Failed,POL20367982
PAY04994986,2023-07-19,533.47,Bank Transfer,Successful,POL31363009
PAY47018362,2024-02-21,922,Credit Card,Failed,POL28953016
PAY17265328,2024-04-20,466.35,Cash,Failed,POL99143995
PAY76879214,2022-10-19,108.35,Credit Card,Successful,POL21669430
PAY46308574,2024-03-07,453.22,Bank Transfer,Successful,POL05159511
PAY28694270,2022-07-08,1002.06,Bank Transfer,Successful,POL17278693
PAY07463059,2022-08-13,820.26,Cash,Failed,POL45603213
PAY31945907,2023-07-16,620.69,Credit Card,Successful,POL55324239
PAY66108009,2022-09-16,455.58,Credit Card,Failed,POL82098917
PAY58387033,2024-12-12,821.42,Bank Transfer,Successful,POL79052116
PAY91640126,2024-07-02,408.64,Credit Card,Failed,POL04951844
PAY34864203,2022-04-17,255.39,Cash,Successful,POL19986234
PAY42761368,2023-08-29,1436.55,Credit Card,Successful,POL27805496
PAY72664139,2023-01-15,1358.29,Bank Transfer,Failed,POL33527199
PAY51550457,2024-05-06,1430.07,Cash,Failed,POL58855449
PAY37754047,2023-06-19,1269.33,Credit Card,Failed,POL40696395
PAY88943765,2023-10-28,256.55,Bank Transfer,Failed,POL89907664
PAY87576587,2023-07-11,1152.49,Bank Transfer,Successful,POL29336617
PAY74168418,2023-02-11,352.9,Credit Card,Failed,POL40101568
PAY39063724,2023-03-13,1185.87,Credit Card,Successful,POL73942223
PAY30912273,2023-12-31,872.15,Bank Transfer,Successful,POL46163995
PAY42851347,2022-06-01,359.67,Cash,Successful,POL43365109
PAY81481101,2024-10-12,828.8,Credit Card,Successful,POL46427278
PAY29674984,2024-06-10,1059.72,Credit Card,Successful,POL54750482
PAY43289147,2023-04-18,1429.54,Cash,Successful,POL33112269
PAY88303665,2024-03-10,194.92,Cash,Failed,POL03845436
PAY26215239,2024-05-16,606.79,Credit Card,Successful,POL61605343
PAY70883976,2024-11-13,1160.66,Credit Card,Successful,POL90601372
PAY42259207,2023-09-30,1355.78,Cash,Successful,POL75778354
PAY21277372,2022-05-04,1202.97,Credit Card,Successful,POL03406980
PAY97710750,2022-09-16,765.94,Credit Card,Successful,POL15357129
PAY72253812,2024-12-13,89.65,Cash,Successful,POL00342489
PAY06348941,2024-01-01,1477.98,Cash,Failed,POL19058769
PAY69972313,2024-10-22,213.16,Credit Card,Successful,POL82791377
PAY35900102,2022-07-08,458.97,Cash,Failed,POL28045007
PAY67829380,2023-11-10,1473.63,Cash,Failed,POL61337531
PAY87699062,2024-08-16,1443.51,Cash,Failed,POL77977275
PAY75453859,2024-11-15,1263.11,Cash,Failed,POL70229811
PAY09331025,2023-12-07,983.78,Cash,Successful,POL95244165
PAY93550388,2022-04-22,593.62,Cash,Successful,POL93996885
PAY84374104,2022-03-07,1382.77,Cash,Failed,POL18186401
PAY40197928,2022-06-28,1092.81,Cash,Successful,POL31178570
PAY97154481,2023-02-26,726.55,Credit Card,Failed,POL77615457
PAY14723801,2022-04-08,220.12,Credit Card,Failed,POL29474046
PAY66120244,2024-10-10,264.53,Cash,Successful,POL18325532
PAY86873188,2022-11-07,289.27,Cash,Successful,POL33064834
PAY18079533,2022-04-22,987.15,Bank Transfer,Failed,POL87220514
PAY30252873,2023-05-11,1208.68,Cash,Failed,POL83519950
PAY69617707,2024-06-16,1159.62,Cash,Failed,POL76701939
PAY21919981,2024-01-08,445.39,Bank Transfer,Failed,POL09030327
PAY41702240,2024-10-16,818.47,Bank Transfer,Successful,POL96221318
PAY83273374,2023-09-19,1354.49,Bank Transfer,Failed,POL63456798
PAY33723833,2024-09-05,133.45,Credit Card,Failed,POL27460532
PAY05499965,2024-06-15,888.91,Bank Transfer,Successful,POL91781501
PAY95343494,2022-07-11,1161.88,Credit Card,Successful,POL22068904
PAY20118330,2022-09-23,1481.79,Bank Transfer,Failed,POL77743586
PAY78251866,2022-12-10,1192.11,Bank Transfer,Failed,POL77573599
PAY92120910,2023-02-12,152.95,Credit Card,Successful,POL17800247
PAY91070061,2024-05-18,1147.55,Bank Transfer,Failed,POL66670427
PAY78912237,2023-12-09,292.27,Bank Transfer,Failed,POL36469659
PAY47379908,2023-09-08,1219.77,Cash,Successful,POL39100560
PAY69112902,2022-03-19,1476.91,Cash,Failed,POL38116452
PAY94410721,2024-04-10,264.77,Cash,Successful,POL28677105
PAY09339093,2022-06-12,542.11,Bank Transfer,Failed,POL93758442
PAY44426267,2023-08-05,762.54,Credit Card,Failed,POL95251783
PAY49234795,2024-03-18,331.97,Credit Card,Successful,POL48926274
PAY23361908,2024-12-16,508.55,Bank Transfer,Successful,POL64589705
PAY66756572,2024-02-22,162.9,Bank Transfer,Failed,POL71968618
PAY57869027,2022-07-05,591.4,Bank Transfer,Successful,POL13287986
PAY41359419,2024-11-26,56.63,Cash,Successful,POL44808829
PAY25984986,2022-06-19,605.68,Credit Card,Failed,POL92889380
PAY67853503,2022-09-10,224.43,Bank Transfer,Failed,POL15097723
PAY21724036,2022-02-12,273.95,Bank Transfer,Failed,POL35164229
PAY24690264,2023-10-12,465.61,Bank Transfer,Failed,POL09517154
PAY24901429,2022-09-25,1358.47,Bank Transfer,Successful,POL14316031
PAY50724499,2023-07-26,1361.38,Credit Card,Successful,POL82014099
PAY23050436,2022-03-08,79.26,Credit Card,Successful,POL27435543
PAY41634689,2024-05-05,1257.99,Credit Card,Successful,POL58923628
PAY61267980,2024-09-07,692.37,Credit Card,Failed,POL59886107
PAY47302819,2023-12-25,1487.04,Credit Card,Failed,POL84907131
PAY73488837,2024-07-06,799.96,Credit Card,Failed,POL89325440
PAY36830766,2024-02-23,1142.07,Cash,Failed,POL96603488
PAY52682010,2024-10-07,394.02,Bank Transfer,Failed,POL32938098
PAY55849525,2023-10-01,523.54,Bank Transfer,Failed,POL38948704
PAY32340697,2022-03-20,663.01,Bank Transfer,Failed,POL22483819
PAY57508935,2023-01-08,1201.32,Cash,Successful,POL72689625
PAY74190388,2022-04-13,543.68,Cash,Successful,POL51057338
PAY08756022,2024-09-05,814.51,Cash,Failed,POL45490530
PAY20174220,2023-04-14,1265,Cash,Successful,POL77439955
PAY53541926,2024-07-07,1045.8,Cash,Successful,POL46517848
PAY05122150,2021-12-26,1352.49,Credit Card,Failed,POL85421445
PAY37844980,2022-10-21,704.42,Cash,Successful,POL45269265
PAY58056078,2024-07-11,1013.67,Cash,Failed,POL82703619
PAY53161156,2024-03-13,1355.83,Credit Card,Successful,POL14385172
PAY10673102,2022-07-17,763.67,Bank Transfer,Successful,POL39137077
PAY71134358,2023-02-02,422.19,Cash,Successful,POL87600552
PAY46202375,2024-03-05,1171.94,Bank Transfer,Successful,POL53955100
PAY68537389,2023-05-15,944.15,Bank Transfer,Successful,POL16070403
PAY71217584,2024-01-20,335.46,Credit Card,Successful,POL65805829
PAY59317967,2022-08-06,975.48,Bank Transfer,Successful,POL28486225
PAY14572127,2024-09-07,1215.95,Cash,Successful,POL67720280
PAY29216776,2022-06-27,1310.67,Credit Card,Failed,POL31948487
PAY29219361,2023-02-04,583.7,Credit Card,Successful,POL22934928
PAY17010616,2022-07-10,978.12,Cash,Failed,POL56612277
PAY51008038,2024-11-16,429.21,Credit Card,Successful,POL14002864
PAY53746100,2023-09-27,1007.71,Cash,Failed,POL93482560
PAY78119880,2022-05-28,1135.2,Cash,Failed,POL83835374
PAY08664865,2023-11-07,1462.36,Credit Card,Failed,POL28363275
PAY55677100,2022-10-08,447.86,Credit Card,Failed,POL26961940
PAY09608972,2022-11-16,299.73,Cash,Failed,POL32822609
PAY58321127,2022-11-17,600.18,Bank Transfer,Failed,POL93527045
PAY04835275,2023-06-29,306.6,Cash,Successful,POL76701939
PAY61838546,2023-02-28,878.18,Credit Card,Successful,POL91221786
PAY20153847,2022-04-26,967.37,Credit Card,Successful,POL53985837
PAY72576778,2022-11-08,263.06,Cash,Successful,POL15259304
PAY31738309,2024-11-16,1067.92,Bank Transfer,Failed,POL04361929
PAY71974015,2022-04-01,383.06,Cash,Failed,POL04286300
PAY29138808,2023-10-22,534.26,Cash,Successful,POL87949298
PAY59831232,2023-02-18,1114.31,Bank Transfer,Failed,POL71852289
PAY55161873,2022-09-21,709.46,Credit Card,Successful,POL24716865
PAY18390594,2023-08-26,1212.05,Bank Transfer,Failed,POL48606584
PAY25425286,2023-09-22,1431.76,Credit Card,Failed,POL50406144
PAY31030225,2023-07-31,953.12,Bank Transfer,Failed,POL96087184
PAY68302696,2024-07-28,1353.68,Cash,Failed,POL68796597
PAY27324866,2023-04-12,1450.96,Cash,Failed,POL12885536
PAY95705822,2024-09-11,1479.09,Bank Transfer,Successful,POL81358654
PAY75975638,2022-02-24,592.03,Credit Card,Successful,POL45081491
PAY26252874,2022-08-24,476.49,Cash,Successful,POL64283889
PAY21127522,2024-05-29,1200.55,Credit Card,Failed,POL83258516
PAY82857977,2023-02-11,997.73,Cash,Failed,POL89253663
PAY75094488,2023-04-14,1002.28,Bank Transfer,Failed,POL51366884
PAY63584224,2024-04-25,1069.68,Bank Transfer,Failed,POL29993228
PAY91855951,2024-02-29,1440,Cash,Successful,POL12021840
PAY00809308,2022-04-11,799.98,Cash,Successful,POL39487176
PAY00499781,2024-01-14,1493.55,Credit Card,Failed,POL20307557
PAY09189874,2023-02-01,1377.03,Cash,Failed,POL44752961
PAY20060098,2022-06-18,1269.33,Credit Card,Successful,POL13762609
PAY30950112,2024-12-20,484.67,Bank Transfer,Failed,POL62266023
PAY81229422,2022-08-30,1413.53,Credit Card,Successful,POL09122433
PAY00765660,2022-05-17,689.69,Bank Transfer,Successful,POL77404434
PAY49071825,2024-07-04,354.75,Credit Card,Successful,POL17982019
PAY50199170,2023-10-31,363.71,Credit Card,Successful,POL69225417
PAY74000840,2023-07-12,1324.28,Credit Card,Successful,POL28137827
PAY42277362,2023-10-17,1339.1,Bank Transfer,Failed,POL23237918
PAY96253493,2024-11-23,499.1,Bank Transfer,Successful,POL75089142
PAY00969680,2023-02-09,712.33,Credit Card,Failed,POL52344309
PAY17276519,2022-07-02,989.51,Cash,Failed,POL41959725
PAY10484712,2023-02-02,868.84,Credit Card,Failed,POL25617891
PAY34464815,2021-12-29,1054.99,Bank Transfer,Failed,POL63559916
PAY33439423,2022-02-13,151.86,Credit Card,Failed,POL88392723
PAY10892599,2023-09-28,379.75,Credit Card,Successful,POL18911060
PAY79269157,2024-06-28,896.69,Cash,Successful,POL80956972
PAY18098789,2022-03-12,904.69,Bank Transfer,Successful,POL12763634
PAY94695222,2022-09-07,1136.2,Bank Transfer,Successful,POL98604785
PAY33243504,2022-06-28,1286.57,Cash,Failed,POL61904449
PAY27114722,2023-04-07,853.92,Bank Transfer,Successful,POL05586650
PAY07138249,2022-02-16,97.25,Bank Transfer,Failed,POL63841611
PAY31471270,2023-11-25,1498.92,Credit Card,Failed,POL00638794
PAY43132322,2022-10-20,1401.86,Credit Card,Failed,POL50223733
PAY20657253,2022-05-09,1354.34,Bank Transfer,Failed,POL41060251
PAY07082103,2023-07-31,1082.8,Bank Transfer,Successful,POL00975705
PAY97893785,2024-02-07,693.01,Bank Transfer,Failed,POL80364635
PAY73488109,2022-06-13,308.02,Bank Transfer,Failed,POL26384700
PAY30159433,2023-07-26,1101.38,Bank Transfer,Successful,POL82093909
PAY79518205,2022-02-28,841.13,Bank Transfer,Successful,POL25403992
PAY71985665,2024-06-16,1368.07,Bank Transfer,Successful,POL04837231
PAY93801391,2023-03-27,1209.19,Cash,Failed,POL68033681
PAY04921830,2022-05-05,1438.66,Bank Transfer,Successful,POL44219481
PAY77085043,2022-01-11,865.4,Bank Transfer,Successful,POL79841700
PAY47360230,2024-08-20,780.52,Bank Transfer,Successful,POL11981142
PAY42315751,2023-09-10,1293.08,Credit Card,Failed,POL73302546
PAY45549228,2024-01-10,161.33,Cash,Failed,POL90911648
PAY78310350,2022-09-03,383.81,Credit Card,Successful,POL01068804
PAY15451194,2022-12-21,335.92,Cash,Failed,POL33238422
PAY99520320,2024-06-20,1219.44,Cash,Failed,POL82553451
PAY68836746,2023-05-19,593.27,Cash,Failed,POL94321832
PAY71248031,2022-09-03,1226.74,Credit Card,Failed,POL58046238
PAY40009532,2023-12-15,1395.64,Bank Transfer,Failed,POL37962495
PAY48534464,2023-05-11,1154.61,Credit Card,Successful,POL73557141
PAY66503673,2022-03-28,1176.21,Credit Card,Successful,POL64805692
PAY99263148,2022-08-28,74.07,Credit Card,Successful,POL49905886
PAY56424508,2023-07-07,683.5,Credit Card,Failed,POL28573734
PAY77600456,2023-06-25,269.73,Credit Card,Successful,POL60601098
PAY57996384,2023-03-21,471.53,Credit Card,Failed,POL97721863
PAY51662441,2023-08-24,525.21,Credit Card,Failed,POL04791479
PAY73460473,2024-02-04,679.98,Credit Card,Successful,POL26049302
PAY23884424,2023-10-11,186.53,Credit Card,Successful,POL80161505
PAY17086714,2022-02-19,913.22,Credit Card,Failed,POL57302291
PAY89158220,2024-07-25,805.81,Cash,Successful,POL37533829
PAY09960282,2023-08-08,61.16,Credit Card,Successful,POL87577770
PAY59635213,2024-09-23,649.61,Cash,Successful,POL77625425
PAY37976413,2024-03-31,315.32,Bank Transfer,Successful,POL85518381
PAY20094890,2023-05-15,89.49,Cash,Failed,POL50589864
PAY40527606,2023-01-31,1122.96,Bank Transfer,Failed,POL97265632
PAY84092687,2024-06-08,81.84,Cash,Failed,POL21822034
PAY21247248,2022-03-30,976.94,Bank Transfer,Successful,POL01955713
PAY12888253,2022-04-22,1123.52,Cash,Failed,POL38530404
PAY06025307,2024-06-26,1381.79,Cash,Failed,POL60803243
PAY53827863,2023-11-04,122.48,Bank Transfer,Failed,POL66737729
PAY68190459,2022-07-12,1395.65,Credit Card,Successful,POL75081520
PAY62258141,2022-10-29,1463.23,Cash,Failed,POL96262921
PAY05836516,2021-12-31,568.99,Bank Transfer,Successful,POL81184933
PAY16263029,2024-05-19,826.96,Cash,Failed,POL86299537
PAY66446740,2023-04-09,796.01,Credit Card,Successful,POL55617113
PAY71263582,2022-07-22,329.75,Bank Transfer,Failed,POL83335990
PAY83396037,2024-09-24,1444.88,Cash,Failed,POL39602828
PAY07638472,2024-09-28,1125.41,Credit Card,Successful,POL63827788
PAY55256684,2022-10-30,693.15,Cash,Successful,POL89077589
PAY10326957,2024-04-12,698.06,Cash,Failed,POL30621978
PAY47934242,2022-03-12,625.7,Cash,Successful,POL99391697
PAY81591684,2022-12-06,551.47,Cash,Successful,POL47794870
PAY03197013,2023-09-21,542.7,Credit Card,Failed,POL75415514
PAY71840721,2023-10-09,828.5,Credit Card,Failed,POL03681890
PAY16400357,2022-12-09,673.61,Cash,Successful,POL89072031
PAY92665493,2024-02-13,769.05,Cash,Successful,POL63265267
PAY67743273,2022-11-07,943.78,Credit Card,Successful,POL66621880
PAY91519136,2024-08-07,1453.45,Bank Transfer,Successful,POL85798962
PAY55934269,2024-05-14,583.31,Credit Card,Successful,POL02642777
PAY80781559,2023-05-22,1214.84,Cash,Successful,POL02314695
PAY50153330,2022-08-08,478.75,Bank Transfer,Successful,POL91532160
PAY23907770,2024-08-07,1263.1,Cash,Failed,POL25054429
PAY53473316,2023-01-09,223.67,Cash,Failed,POL53317705
PAY87357069,2022-01-17,1312.11,Bank Transfer,Successful,POL05347013
PAY43681286,2024-05-20,209.23,Credit Card,Failed,POL64544270
PAY66869866,2024-11-25,263.71,Cash,Failed,POL81304497
PAY71949117,2022-10-25,220.46,Cash,Failed,POL26288388
PAY05064375,2024-04-07,399.2,Bank Transfer,Successful,POL45059272
PAY19751471,2023-03-31,557.62,Credit Card,Successful,POL54754157
PAY04144770,2023-07-13,674.87,Cash,Failed,POL79429202
PAY85270547,2023-03-28,506.47,Cash,Failed,POL02268206
PAY49728311,2024-02-12,1272.89,Bank Transfer,Failed,POL22918011
PAY19476995,2024-12-15,162.78,Bank Transfer,Successful,POL50332022
PAY68281215,2023-08-23,731.01,Credit Card,Successful,POL80050705
PAY76238831,2022-10-29,1300.66,Bank Transfer,Successful,POL57458461
PAY12449940,2022-08-27,278,Credit Card,Successful,POL27592722
PAY33118904,2024-02-02,328.83,Cash,Failed,POL70474651
PAY84060801,2022-09-05,1277.49,Credit Card,Successful,POL54662210
PAY38501846,2022-12-16,1372.77,Bank Transfer,Failed,POL58913291
PAY44404435,2023-02-19,150.38,Credit Card,Successful,POL65738099
PAY27382833,2023-11-24,1149.71,Credit Card,Successful,POL30306030
PAY67601305,2024-02-09,835.48,Credit Card,Successful,POL58922928
PAY33045626,2022-04-18,751.91,Bank Transfer,Failed,POL11811289
PAY65080309,2024-05-07,1054.05,Bank Transfer,Successful,POL23926652
PAY55528414,2023-05-24,683.56,Bank Transfer,Successful,POL07053909
PAY27838331,2024-06-29,1301.4,Credit Card,Failed,POL53955100
PAY94890211,2024-02-12,736.34,Credit Card,Failed,POL67753905
PAY37469211,2022-04-01,1093.07,Bank Transfer,Failed,POL74198912
PAY12561318,2024-02-13,1265.98,Bank Transfer,Failed,POL77743586
PAY45283366,2024-06-04,541.41,Cash,Failed,POL81559306
PAY56348172,2023-08-02,390.87,Credit Card,Failed,POL71033011
PAY97786393,2024-01-06,203.39,Cash,Successful,POL01239814
PAY62726811,2023-02-13,712.79,Cash,Successful,POL88923538
PAY72529613,2022-11-27,210.1,Cash,Failed,POL88521632
PAY90719276,2024-03-27,1227.17,Bank Transfer,Successful,POL31918611
PAY08464845,2022-03-04,344.08,Cash,Successful,POL38861643
PAY87085201,2024-08-31,1319.1,Bank Transfer,Failed,POL95326340
PAY46813837,2023-09-27,680.24,Cash,Failed,POL47004965
PAY59783158,2022-04-16,1119.57,Credit Card,Successful,POL89758388
PAY87128922,2023-10-11,327.97,Bank Transfer,Successful,POL22934928
PAY73062151,2024-08-10,394.45,Bank Transfer,Failed,POL12588543
PAY48775181,2023-03-13,631.99,Cash,Failed,POL94646296
PAY40085956,2022-11-18,1221.31,Credit Card,Failed,POL21502536
PAY78983969,2024-11-21,845.86,Cash,Successful,POL54249410
PAY30691666,2023-09-09,547.15,Cash,Failed,POL57812937
PAY87328029,2022-08-19,826.66,Cash,Successful,POL79185105
PAY35370831,2022-03-22,1344.89,Cash,Successful,POL63085771
PAY54859067,2023-04-22,1466.99,Cash,Successful,POL54792632
PAY85240754,2022-09-13,1387.57,Bank Transfer,Successful,POL03838878
PAY12315215,2022-11-07,1201.53,Bank Transfer,Failed,POL48910951
PAY57055418,2022-06-28,1314.54,Cash,Successful,POL54989284
PAY32864494,2023-04-11,981.94,Cash,Successful,POL95004499
PAY06267314,2024-06-05,616.87,Bank Transfer,Failed,POL28660902
PAY20446351,2023-07-17,1039.45,Bank Transfer,Successful,POL59691627
PAY39245145,2022-02-03,125.27,Cash,Failed,POL50374708
PAY54158759,2024-08-06,544.94,Credit Card,Successful,POL74637013
PAY87573066,2022-01-16,644.74,Credit Card,Failed,POL30949010
PAY54555514,2022-04-12,427.08,Cash,Failed,POL54437917
PAY76522597,2022-03-08,1274.25,Cash,Successful,POL27825756
PAY68164605,2024-09-16,629.06,Credit Card,Successful,POL72673699
PAY49186638,2023-08-11,1213.76,Credit Card,Successful,POL80116968
PAY42713916,2024-10-29,996.51,Bank Transfer,Successful,POL46515162
PAY99387461,2024-09-02,770.79,Cash,Successful,POL32669675
PAY43738117,2023-01-02,400.92,Credit Card,Failed,POL83375511
PAY57995328,2024-04-03,1335.31,Credit Card,Failed,POL78615644
PAY60122188,2023-01-13,844.43,Bank Transfer,Failed,POL98989117
PAY41682321,2024-12-21,1425.24,Bank Transfer,Failed,POL97852810
PAY47110074,2022-05-22,162.53,Cash,Failed,POL09320154
PAY36128942,2024-08-12,108.35,Cash,Failed,POL76990355
PAY97753774,2023-04-27,106.21,Credit Card,Successful,POL22897699
PAY81348895,2022-10-06,461.47,Credit Card,Failed,POL35283143
PAY22662064,2022-04-15,1373.3,Bank Transfer,Successful,POL33443696
PAY21145234,2022-10-24,1426.7,Cash,Failed,POL88503599
PAY29024719,2024-02-19,174.38,Bank Transfer,Successful,POL00505647
PAY86230219,2023-09-19,889.97,Cash,Successful,POL41259303
PAY41573396,2024-07-10,1022.33,Credit Card,Successful,POL66737729
PAY41001005,2022-08-09,144.16,Bank Transfer,Successful,POL39046123
PAY96371809,2023-12-17,1289.04,Cash,Failed,POL23986344
PAY17808369,2023-01-04,630.43,Bank Transfer,Successful,POL58855449
PAY89630483,2022-12-10,672.61,Cash,Failed,POL11173408
PAY16331421,2023-04-10,1134.49,Cash,Failed,POL37533829
PAY48685131,2024-04-02,784.89,Cash,Failed,POL19515945
PAY51602895,2023-07-01,437,Credit Card,Failed,POL65310322
PAY77182308,2024-02-19,108.76,Bank Transfer,Successful,POL49819394
PAY37300135,2024-11-18,670.62,Cash,Successful,POL73557141
PAY23522605,2024-03-12,918.68,Credit Card,Successful,POL26761597
PAY88213581,2024-09-27,464.74,Credit Card,Failed,POL66729277
PAY39809852,2023-11-23,1413.38,Bank Transfer,Failed,POL76405797
PAY98852680,2023-01-14,854.85,Credit Card,Failed,POL71377159
PAY98969161,2022-07-06,1329.93,Bank Transfer,Failed,POL81937503
PAY99441552,2023-08-12,286.17,Credit Card,Successful,POL56481027
PAY52841389,2022-09-14,762.02,Credit Card,Failed,POL80647168
PAY09827068,2024-02-02,865.08,Cash,Failed,POL61858865
PAY46823148,2022-08-22,896,Bank Transfer,Successful,POL37997689
PAY96664602,2022-06-05,759.69,Bank Transfer,Failed,POL96527583
PAY21092359,2024-08-30,283.24,Credit Card,Successful,POL94737563
PAY45112818,2022-10-03,578.1,Credit Card,Failed,POL70866676
PAY46990369,2024-09-16,661.44,Credit Card,Failed,POL25740876
PAY39843597,2024-05-02,857.76,Cash,Failed,POL84977364
PAY70450217,2024-07-16,463.49,Bank Transfer,Failed,POL24535727
PAY24172853,2024-02-15,1063.76,Bank Transfer,Successful,POL45899805
PAY19961904,2023-12-06,535.19,Bank Transfer,Successful,POL02009211
PAY57736683,2023-09-25,1134.84,Bank Transfer,Successful,POL69557850
PAY04794233,2022-01-25,797.05,Cash,Failed,POL56855277
PAY95366186,2022-07-24,618.26,Cash,Successful,POL28472750
PAY09649225,2024-03-18,395.08,Credit Card,Successful,POL77974715
PAY54836409,2023-12-14,1049.17,Credit Card,Failed,POL27861397
PAY50300689,2023-07-22,374.49,Bank Transfer,Successful,POL98604785
PAY72539604,2024-07-16,1042.89,Bank Transfer,Successful,POL72517283
PAY43037898,2022-07-30,1061.51,Credit Card,Failed,POL12299687
PAY58264140,2024-07-19,1023.18,Cash,Successful,POL81895128
PAY53697595,2023-03-29,516.64,Credit Card,Successful,POL81894968
PAY94246067,2024-03-26,1253.03,Credit Card,Successful,POL70572993
PAY40327283,2021-12-25,975.48,Cash,Successful,POL08708649
PAY69904379,2023-03-27,315.96,Cash,Successful,POL33045617
PAY48933475,2023-12-20,527.97,Credit Card,Successful,POL47004965
PAY18639968,2023-08-16,1312.1,Credit Card,Successful,POL65612264
PAY81251026,2023-06-29,1227.18,Credit Card,Successful,POL43895814
PAY44897721,2023-10-05,268.27,Credit Card,Successful,POL78314103
PAY09697778,2024-12-17,692.85,Credit Card,Successful,POL21505451
PAY35927773,2024-10-18,406.63,Cash,Successful,POL38861643
PAY00814658,2022-03-23,958.19,Bank Transfer,Failed,POL92817192
PAY05448486,2023-09-07,932.42,Bank Transfer,Failed,POL07053234
PAY61460551,2022-02-13,706.69,Cash,Successful,POL79722953
PAY89437570,2022-11-25,427.08,Credit Card,Failed,POL92557558
PAY60394957,2023-07-25,317.74,Credit Card,Successful,POL62805195
PAY99560001,2022-08-07,1470.81,Bank Transfer,Failed,POL20801175
PAY51118368,2024-03-24,1467.04,Bank Transfer,Failed,POL27741875
PAY06369508,2023-10-19,965.92,Credit Card,Failed,POL79861668
PAY05252177,2023-01-26,645.86,Credit Card,Failed,POL89472328
PAY85679013,2023-06-01,256.57,Cash,Successful,POL54520836
PAY44106928,2024-04-14,251.95,Bank Transfer,Failed,POL27171310
PAY49062182,2023-03-27,113.41,Bank Transfer,Failed,POL06351305
PAY69081386,2022-09-05,284.79,Cash,Successful,POL22399101
PAY50889231,2022-03-09,899,Bank Transfer,Failed,POL69476490
PAY81159626,2024-08-16,1396.47,Bank Transfer,Failed,POL44866114
PAY17066394,2024-01-30,880.32,Credit Card,Successful,POL93012338
PAY77979119,2023-06-04,258.47,Credit Card,Failed,POL59942075
PAY19788316,2022-06-07,496.98,Cash,Successful,POL97638998
PAY37247258,2022-03-12,241.92,Credit Card,Successful,POL00074761
PAY64905961,2022-01-09,1347.74,Cash,Failed,POL92884987
PAY71639942,2023-09-13,77.89,Cash,Successful,POL53495954
PAY01014681,2023-06-11,1055.52,Cash,Failed,POL71221796
PAY64616047,2024-02-04,1405.58,Credit Card,Successful,POL56561026
PAY32010022,2023-02-21,1356.69,Cash,Failed,POL13714686
PAY80247649,2024-01-04,120.83,Bank Transfer,Successful,POL27083712
PAY17611015,2024-07-21,1159.6,Credit Card,Failed,POL25631558
PAY73976750,2023-05-03,1480.23,Bank Transfer,Successful,POL16978594
PAY29879293,2024-07-20,1376.92,Cash,Successful,POL17133126
PAY35047243,2022-08-06,488.15,Cash,Failed,POL76278767
PAY49259529,2024-02-28,902.62,Cash,Successful,POL23336703
PAY29076687,2024-05-22,126.58,Credit Card,Failed,POL97172919
PAY93413793,2024-06-29,880.54,Cash,Failed,POL76144005
PAY60384867,2024-03-25,1297.51,Bank Transfer,Successful,POL66239036
PAY28706409,2021-12-27,372.27,Bank Transfer,Failed,POL19709461
PAY41351467,2022-10-09,1453.39,Credit Card,Failed,POL95668571
PAY12164262,2024-08-21,565.45,Bank Transfer,Failed,POL78634856
PAY65245026,2024-07-24,106.92,Credit Card,Failed,POL14157474
PAY96819956,2022-08-31,679.17,Credit Card,Failed,POL43888562
PAY39570748,2022-08-12,251.68,Bank Transfer,Successful,POL98432913
PAY02874179,2024-03-14,211.03,Cash,Successful,POL40158884
PAY30258764,2022-10-16,257.9,Bank Transfer,Successful,POL91500527
PAY24166531,2023-03-07,1310.07,Bank Transfer,Successful,POL86723130
PAY25415830,2024-01-06,354.01,Credit Card,Successful,POL22897699
PAY56249589,2024-10-15,894.74,Credit Card,Successful,POL18274117
PAY79637303,2024-03-21,1196.97,Bank Transfer,Successful,POL30316211
PAY68089932,2022-10-22,1482.73,Cash,Successful,POL22162508
PAY90208128,2022-06-26,265.25,Cash,Successful,POL48910951
PAY09087548,2023-10-09,249.22,Bank Transfer,Successful,POL01286767
PAY53684368,2023-07-08,1226.07,Credit Card,Failed,POL06516392
PAY19954151,2024-11-17,1216.25,Cash,Successful,POL74649715
PAY14800192,2023-11-30,1408.38,Cash,Successful,POL67753905
PAY17911153,2023-07-01,519.16,Credit Card,Failed,POL68317236
PAY20143911,2022-12-11,1416.3,Credit Card,Failed,POL02457698
PAY49660627,2022-09-08,139.8,Credit Card,Failed,POL23851177
PAY76516159,2024-11-11,668.69,Bank Transfer,Successful,POL91394495
PAY48742050,2023-03-18,825.69,Cash,Failed,POL75362203
PAY72205588,2022-03-03,66.37,Cash,Successful,POL78989397
PAY45940669,2024-11-10,898.02,Bank Transfer,Successful,POL21551791
PAY64579028,2022-05-05,1268.67,Credit Card,Successful,POL79694527
PAY87940630,2023-04-17,1164.27,Bank Transfer,Failed,POL62969017
PAY13581448,2024-07-28,890.82,Bank Transfer,Failed,POL35996382
PAY36621467,2023-03-09,1310.5,Cash,Failed,POL99892267
PAY64628273,2023-05-11,1423.48,Credit Card,Failed,POL20839843
PAY18959801,2021-12-26,1367.29,Bank Transfer,Failed,POL07226848
PAY12967256,2022-02-04,1077.11,Cash,Successful,POL09615361
PAY69605990,2022-11-04,1375.08,Bank Transfer,Failed,POL89376913
PAY91492782,2024-12-03,293.37,Cash,Failed,POL51850419
PAY52916583,2022-12-11,372.61,Credit Card,Failed,POL57229212
PAY92475167,2023-07-13,75.62,Cash,Failed,POL96996235
PAY55420295,2024-10-10,824.22,Bank Transfer,Failed,POL05204154
PAY65076068,2024-07-27,997.54,Cash,Failed,POL97235049
PAY36891640,2022-01-04,235.44,Credit Card,Successful,POL19957770
PAY37133507,2024-04-17,667.83,Cash,Successful,POL64283889
PAY97951259,2023-02-25,865.75,Bank Transfer,Successful,POL07078939
PAY01735212,2023-05-05,1122.59,Credit Card,Successful,POL37924331
PAY58657401,2024-11-23,1401.31,Bank Transfer,Failed,POL26441179
PAY38566228,2022-10-12,552.54,Bank Transfer,Failed,POL71149711
PAY26797624,2024-06-04,170.15,Cash,Failed,POL19058769
PAY83457908,2024-08-01,885.57,Cash,Successful,POL29305592
PAY37884365,2024-03-22,904.64,Credit Card,Failed,POL37962495
PAY26524685,2022-08-25,1406.78,Credit Card,Failed,POL79966692
PAY03623523,2022-07-02,1442.05,Cash,Successful,POL24466673
PAY95800933,2024-02-22,1283.13,Bank Transfer,Failed,POL06601160
PAY81320129,2023-03-15,1337.23,Cash,Successful,POL80929677
PAY11137575,2023-03-03,1486.45,Credit Card,Failed,POL84091621
PAY93567259,2022-09-09,441.12,Bank Transfer,Successful,POL12912083
PAY52917704,2022-10-13,1098.89,Cash,Failed,POL83011095
PAY55676894,2023-12-05,901.82,Cash,Failed,POL38618818
PAY53487043,2023-10-11,637.37,Bank Transfer,Failed,POL47731308
PAY44519142,2021-12-31,196.72,Credit Card,Failed,POL81320794
PAY59445934,2022-05-03,232.15,Bank Transfer,Successful,POL98458382
PAY98319087,2023-09-11,274.69,Cash,Successful,POL43919084
PAY06903299,2023-11-25,597.8,Credit Card,Successful,POL05208106
PAY07864413,2024-06-17,565.38,Credit Card,Failed,POL22399101
PAY80173702,2022-09-09,909.04,Bank Transfer,Successful,POL95836164
PAY67229709,2022-03-16,1059.26,Cash,Successful,POL95480869
PAY30693650,2024-10-20,954.86,Bank Transfer,Failed,POL14694740
PAY76153306,2023-05-02,280.02,Credit Card,Failed,POL52000180
PAY79863441,2023-06-07,404.04,Cash,Successful,POL33977553
PAY18267638,2022-08-19,659.76,Credit Card,Failed,POL03870309
PAY08479866,2022-02-08,1220.44,Bank Transfer,Failed,POL07226848
PAY22367196,2023-11-17,156.41,Cash,Failed,POL57812937
PAY63972904,2023-10-31,1480.97,Cash,Successful,POL84725350
PAY34067522,2022-11-05,388.07,Bank Transfer,Successful,POL13830672
PAY46754314,2024-11-29,759.44,Credit Card,Failed,POL75415514
PAY38413527,2024-02-21,1150.34,Credit Card,Successful,POL32733098
PAY12828846,2022-10-19,705.24,Credit Card,Failed,POL76048134
PAY08189217,2022-02-11,943.35,Credit Card,Successful,POL06336076
PAY39832730,2022-12-06,554.39,Cash,Failed,POL20843719
PAY25317806,2022-11-01,876.43,Credit Card,Failed,POL24286854
PAY56585586,2024-05-08,339.51,Cash,Successful,POL68261547
PAY84010294,2022-01-30,463.29,Credit Card,Successful,POL28053301
PAY93954272,2024-01-13,564.79,Bank Transfer,Failed,POL65041637
PAY20694097,2023-08-15,951.71,Cash,Successful,POL30941821
PAY34390939,2024-10-25,139.76,Credit Card,Failed,POL84566610
PAY87856680,2024-02-19,1099.11,Bank Transfer,Successful,POL73888890
PAY43710477,2022-01-15,355.68,Bank Transfer,Failed,POL07613630
PAY90330799,2024-02-12,631.7,Bank Transfer,Successful,POL17568774
PAY72524390,2022-04-22,204.1,Cash,Failed,POL24090621
PAY88842437,2024-01-20,284.55,Cash,Failed,POL98320101
PAY37604564,2024-10-12,801.59,Credit Card,Failed,POL26656861
PAY90328071,2023-10-29,1161.11,Cash,Failed,POL21472760
PAY60918910,2021-12-29,176.35,Cash,Failed,POL54520836
PAY96490875,2024-07-20,752.23,Bank Transfer,Successful,POL19255943
PAY81585903,2023-03-03,766.27,Credit Card,Failed,POL70276690
PAY69845460,2024-11-19,686.66,Bank Transfer,Successful,POL83231801
PAY11246971,2023-01-09,791.23,Bank Transfer,Failed,POL09367565
PAY50342444,2022-05-26,837.1,Bank Transfer,Successful,POL77562289
PAY02026702,2023-06-21,296.22,Bank Transfer,Failed,POL98054081
PAY33672765,2024-01-15,615.25,Credit Card,Failed,POL55315698
PAY26769292,2022-06-01,770.45,Credit Card,Failed,POL94299396
PAY69289837,2023-05-13,495.21,Bank Transfer,Successful,POL06037561
PAY67095541,2024-04-07,1193.64,Credit Card,Successful,POL75362203
PAY86831812,2022-06-20,797.84,Bank Transfer,Failed,POL31763901
PAY24631695,2023-02-23,1283.81,Cash,Successful,POL82520665
PAY75630030,2022-08-05,506.5,Bank Transfer,Successful,POL49414469
PAY42134190,2022-01-07,57.3,Credit Card,Failed,POL30735842
PAY12146255,2024-04-11,1420.07,Bank Transfer,Failed,POL12256062
PAY76441330,2022-05-11,915.1,Cash,Failed,POL87067112
PAY81787063,2023-05-25,1468.36,Bank Transfer,Failed,POL78473646
PAY80995813,2024-01-16,250.48,Cash,Successful,POL63542337
PAY96577131,2024-07-25,787.55,Cash,Successful,POL35621374
PAY91082174,2022-10-21,223.48,Credit Card,Successful,POL90883106
PAY47878608,2022-03-03,1023.8,Bank Transfer,Failed,POL28677105
PAY97639645,2022-02-25,745.81,Credit Card,Successful,POL40675143
PAY37105603,2022-01-07,706.86,Credit Card,Successful,POL91109221
PAY89727400,2022-12-27,557.41,Bank Transfer,Failed,POL39610160
PAY68286958,2024-11-09,1178.67,Bank Transfer,Successful,POL20532227
PAY70415597,2022-08-05,999.39,Bank Transfer,Failed,POL24773335
PAY89380631,2024-01-06,1310.02,Bank Transfer,Failed,POL11303623
PAY24556248,2024-08-13,142.63,Bank Transfer,Successful,POL74506974
PAY76135490,2023-11-28,724.74,Credit Card,Failed,POL17938396
PAY03856917,2023-07-22,67.41,Bank Transfer,Successful,POL58472274
PAY02873193,2022-10-09,1083.56,Cash,Failed,POL54969569
PAY45907735,2022-05-08,135.69,Bank Transfer,Failed,POL39135067
PAY66974304,2022-10-09,1032.04,Credit Card,Successful,POL84536532
PAY52720401,2021-12-29,556.58,Bank Transfer,Failed,POL92124618
PAY89482453,2022-01-05,797.84,Cash,Successful,POL91135744
PAY25826984,2024-11-24,638.27,Credit Card,Successful,POL21785501
PAY50264814,2024-11-09,549.88,Bank Transfer,Successful,POL32302882
PAY82248313,2023-03-16,1348.17,Cash,Successful,POL83180602
PAY10017268,2023-10-16,1335.25,Cash,Failed,POL46926974
PAY25935773,2024-08-19,1099.43,Cash,Failed,POL35014451
PAY84473697,2022-07-16,300.05,Bank Transfer,Failed,POL11103169
PAY04440245,2022-04-10,745.75,Credit Card,Failed,POL75843997
PAY01564327,2024-01-27,1468.63,Credit Card,Failed,POL99936607
PAY65478305,2024-10-26,252.52,Cash,Successful,POL43758168
PAY82575694,2023-01-24,177.23,Bank Transfer,Failed,POL59607702
PAY28583377,2022-08-15,536.33,Credit Card,Successful,POL69634824
PAY46984484,2022-08-05,1092.06,Cash,Successful,POL66984423
PAY79356180,2023-04-15,1383.73,Credit Card,Successful,POL81678751
PAY48586182,2023-04-28,946.87,Cash,Failed,POL93066643
PAY20122736,2022-02-26,282.89,Cash,Failed,POL04272099
PAY24333838,2023-01-21,956.69,Credit Card,Successful,POL26862449
PAY32309257,2024-07-11,689.3,Bank Transfer,Failed,POL77765185
PAY32723421,2024-03-29,521.15,Cash,Failed,POL53424615
PAY26664511,2023-09-20,1077.92,Cash,Successful,POL07767138
PAY72346873,2024-07-31,1479.45,Cash,Failed,POL15567639
PAY32861528,2022-07-04,1321.58,Cash,Failed,POL29228697
PAY83227100,2024-03-15,236.33,Bank Transfer,Successful,POL84743216
PAY46491114,2022-01-28,55.97,Credit Card,Successful,POL35608817
PAY13240452,2023-02-24,537.96,Credit Card,Successful,POL07162543
PAY49781188,2023-11-26,278.72,Credit Card,Successful,POL13181377
PAY99575763,2023-12-19,332.07,Credit Card,Successful,POL14835880
PAY85345176,2024-01-07,890.58,Cash,Failed,POL85798962
PAY57225963,2024-02-27,871.26,Bank Transfer,Successful,POL28224422
PAY63222713,2023-01-28,319.48,Cash,Successful,POL54792632
PAY29581522,2024-04-13,369.57,Bank Transfer,Failed,POL12291756
PAY49269554,2023-12-17,1406.64,Credit Card,Successful,POL63430600
PAY27964679,2023-06-07,1073.13,Credit Card,Successful,POL11386721
PAY90270111,2022-04-12,337.62,Credit Card,Successful,POL99781193
PAY75937371,2023-03-25,407.96,Credit Card,Failed,POL14316031
PAY79900750,2022-05-13,426.6,Bank Transfer,Failed,POL61012482
PAY75360883,2023-01-14,102.18,Bank Transfer,Successful,POL28786930
PAY10557470,2023-04-26,1195.72,Cash,Successful,POL59534833
PAY98510459,2022-07-25,183.84,Cash,Failed,POL05711191
PAY33991258,2022-11-29,468.53,Cash,Successful,POL27100819
PAY29304577,2023-05-10,1436.14,Bank Transfer,Failed,POL32797362
PAY79160420,2024-07-15,121.7,Bank Transfer,Successful,POL48850895
PAY38949237,2024-01-30,567.17,Credit Card,Failed,POL99383000
PAY24961305,2022-12-18,1016.85,Bank Transfer,Failed,POL95251783
PAY87272960,2023-01-21,1039.12,Cash,Failed,POL78499068
PAY80223917,2023-11-25,1092.05,Cash,Successful,POL72579941
PAY50322918,2023-10-13,639.69,Credit Card,Failed,POL27083712
PAY89360211,2022-09-21,503.32,Credit Card,Failed,POL52791225
PAY73028010,2024-10-21,898.37,Cash,Failed,POL70352062
PAY50887316,2022-12-17,362.32,Bank Transfer,Failed,POL77005390
PAY61019045,2024-03-25,882.92,Cash,Successful,POL85929126
PAY63667147,2023-03-23,295.99,Cash,Failed,POL25640269
PAY89797318,2024-09-26,245.86,Credit Card,Successful,POL88792514
PAY63254346,2021-12-28,442.34,Cash,Successful,POL50110641
PAY27598096,2024-07-10,1426.55,Bank Transfer,Failed,POL31761126
PAY22292532,2024-07-10,435.06,Bank Transfer,Successful,POL17678286
PAY50842238,2024-07-12,932.94,Cash,Failed,POL54754157
PAY11017283,2024-06-07,1180.24,Cash,Failed,POL02405593
PAY38089025,2023-11-12,733.41,Cash,Successful,POL07698492
PAY28258046,2023-06-27,1150.47,Bank Transfer,Failed,POL96935129
PAY24457209,2022-01-06,909.23,Cash,Successful,POL99602250
PAY77896649,2022-12-30,298.59,Cash,Failed,POL02976851
PAY38871380,2022-10-21,820.84,Bank Transfer,Failed,POL67127779
PAY37198451,2023-10-09,235.04,Bank Transfer,Failed,POL28148630
PAY79327720,2023-12-23,416.62,Credit Card,Failed,POL26378825
PAY57496154,2022-11-07,90.02,Cash,Successful,POL28224422
PAY17748906,2024-07-02,1070.08,Cash,Failed,POL35209226
PAY49105174,2022-07-14,290.99,Cash,Failed,POL53289086
PAY69499603,2023-04-01,140.77,Bank Transfer,Failed,POL81019998
PAY08764655,2023-06-13,922.37,Credit Card,Failed,POL94564854
PAY13308434,2022-03-13,547.57,Credit Card,Successful,POL20430828
PAY39302514,2022-09-14,757.95,Credit Card,Failed,POL63414573
PAY21673376,2023-06-12,388.49,Credit Card,Failed,POL18884095
PAY78384745,2024-06-11,237.33,Cash,Successful,POL55272658
PAY24946893,2024-03-02,148.84,Credit Card,Failed,POL20442417
PAY15057576,2024-07-12,1007.27,Credit Card,Successful,POL79738375
PAY91638458,2024-06-30,1472.57,Credit Card,Failed,POL15028588
PAY87761413,2022-03-30,1255.76,Credit Card,Failed,POL25740876
PAY16854883,2023-12-09,998.9,Bank Transfer,Successful,POL07640768
PAY18915943,2024-07-01,962.3,Credit Card,Successful,POL96023706
PAY89514540,2023-03-27,1147.85,Credit Card,Successful,POL28314464
PAY69383811,2022-12-04,312.94,Bank Transfer,Successful,POL56054127
PAY66500887,2022-09-11,793.64,Credit Card,Successful,POL68885255
PAY11408501,2024-02-12,967.13,Bank Transfer,Failed,POL26049302
PAY55197036,2023-02-15,1477.91,Cash,Failed,POL72882206
PAY79213270,2023-12-16,1430.67,Bank Transfer,Successful,POL67256934
PAY29603453,2022-01-16,770.51,Credit Card,Successful,POL35328184
PAY96144409,2022-11-11,1150.13,Bank Transfer,Failed,POL45632663
PAY15012700,2022-06-01,909.53,Credit Card,Successful,POL21505451
PAY62397299,2023-01-19,1114.16,Bank Transfer,Successful,POL52774850
PAY57391031,2022-05-25,1358.25,Credit Card,Failed,POL55036826
PAY89711830,2024-03-07,240.63,Bank Transfer,Failed,POL45824623
PAY91369409,2023-02-22,544.38,Credit Card,Successful,POL24429033
PAY04190120,2024-08-15,826.75,Bank Transfer,Failed,POL28972573
PAY61844110,2022-11-28,962.42,Cash,Successful,POL61616519
PAY55307982,2023-09-20,286.03,Cash,Successful,POL64767382
PAY88317755,2021-12-27,191.61,Cash,Successful,POL83125745
PAY08119581,2022-11-30,1058.86,Credit Card,Failed,POL92151932
PAY54620609,2024-03-06,367.43,Bank Transfer,Successful,POL77590064
PAY82339048,2023-09-07,365.35,Cash,Failed,POL22790609
PAY81594021,2023-11-04,890.65,Cash,Successful,POL05606987
PAY40901566,2022-02-24,1247.27,Bank Transfer,Failed,POL49745850
PAY91889106,2023-06-09,567.91,Credit Card,Failed,POL28084608
PAY74782406,2024-06-03,1486.55,Bank Transfer,Successful,POL83112617
PAY23205118,2024-01-12,196.79,Bank Transfer,Failed,POL60030374
PAY57830753,2023-08-19,472.49,Cash,Successful,POL64793827
PAY50632836,2023-05-20,1124.73,Credit Card,Successful,POL20430828
PAY02655794,2022-11-30,277.99,Credit Card,Successful,POL91110515
PAY20979472,2022-04-26,312.05,Credit Card,Successful,POL56810401
PAY66566461,2022-11-23,524.89,Credit Card,Failed,POL15028588
PAY08024196,2022-11-05,1020.49,Credit Card,Failed,POL68700634
PAY55688535,2022-03-09,528.97,Bank Transfer,Successful,POL84155447
PAY70615515,2024-06-22,108.61,Credit Card,Successful,POL35189508
PAY44445586,2024-06-29,1004.83,Credit Card,Failed,POL46336502
PAY01423513,2024-01-09,984.46,Cash,Failed,POL89376913
PAY42560449,2024-04-05,655.58,Cash,Successful,POL88760778
PAY76682053,2024-03-31,253,Cash,Successful,POL58108694
PAY43272390,2024-09-02,1118.82,Bank Transfer,Successful,POL46375474
PAY64332165,2022-10-31,901.94,Bank Transfer,Successful,POL29474046
PAY50745787,2021-12-23,300.21,Credit Card,Successful,POL61062551
PAY39791061,2024-10-03,479.95,Cash,Successful,POL05559370
PAY42530971,2022-04-20,954.31,Bank Transfer,Failed,POL25240752
PAY70492018,2024-11-26,1378.45,Credit Card,Failed,POL85503272
PAY31207796,2023-03-18,236.19,Bank Transfer,Failed,POL84399262
PAY65796183,2022-10-13,1121.9,Bank Transfer,Successful,POL97163250
PAY48426896,2024-10-26,790.44,Credit Card,Successful,POL63810929
PAY96071238,2024-06-25,620.88,Bank Transfer,Failed,POL65495317
PAY02272304,2022-03-21,1329.31,Cash,Successful,POL17250525
PAY26156262,2023-09-03,394.52,Credit Card,Successful,POL76387090
PAY05601055,2024-03-04,475.35,Credit Card,Failed,POL11657273
PAY19119608,2024-08-07,1343.76,Credit Card,Successful,POL52663647
PAY93381563,2022-11-20,649.97,Credit Card,Failed,POL70775475
PAY89034354,2024-02-01,486.39,Cash,Failed,POL08961266
PAY82551101,2024-08-01,844.84,Bank Transfer,Successful,POL47426160
PAY69550192,2023-03-07,321.55,Credit Card,Failed,POL57302291
PAY55483969,2024-10-29,1055.69,Credit Card,Failed,POL31916884
PAY34354884,2023-02-03,242.98,Credit Card,Successful,POL19188778
PAY00766210,2022-05-07,386.32,Cash,Successful,POL87711451
PAY58524317,2022-11-17,1197.27,Cash,Failed,POL87116208
PAY43644697,2022-02-15,1148.74,Cash,Failed,POL31489077
PAY92593005,2022-03-16,188.15,Cash,Successful,POL70067654
PAY72749088,2023-02-18,173.72,Cash,Successful,POL87150455
PAY64573473,2024-08-26,632.7,Credit Card,Successful,POL64728367
PAY63055040,2023-05-04,114.64,Cash,Successful,POL72761852
PAY03709106,2024-12-20,947.87,Bank Transfer,Failed,POL09137788
PAY37786496,2022-12-15,308.78,Credit Card,Successful,POL21505451
PAY73050974,2022-09-27,164.65,Cash,Failed,POL43491977
PAY48028836,2024-11-13,114.98,Cash,Failed,POL09606287
PAY00984955,2022-11-24,747.62,Cash,Failed,POL81138188
PAY94985234,2021-12-23,1393.49,Cash,Failed,POL91419021
PAY78117896,2023-01-25,486.48,Bank Transfer,Failed,POL60505158
PAY80916115,2023-05-26,613.37,Bank Transfer,Successful,POL54520836
PAY56040240,2023-03-30,696.63,Credit Card,Successful,POL11682509
PAY23698133,2022-06-29,579.54,Cash,Failed,POL27152348
PAY58759131,2023-05-16,622.09,Credit Card,Failed,POL82263236
PAY25746887,2022-04-22,277.51,Credit Card,Successful,POL50064094
PAY02826524,2023-10-31,1382.05,Credit Card,Successful,POL11532182
PAY45989427,2022-03-05,1114.86,Credit Card,Successful,POL75577474
PAY31837389,2022-12-11,839.14,Bank Transfer,Failed,POL81202373
PAY49261123,2022-09-13,1446.29,Bank Transfer,Failed,POL16855866
PAY27724050,2024-09-02,1229.42,Bank Transfer,Successful,POL77410789
PAY73010346,2022-01-02,1261.87,Cash,Successful,POL25403992
PAY97995428,2024-09-02,442.36,Credit Card,Successful,POL36885821
PAY83467485,2024-09-06,632.2,Credit Card,Successful,POL54131362
PAY71388200,2022-06-27,440.78,Cash,Successful,POL12937892
PAY92368608,2024-09-06,413.36,Bank Transfer,Failed,POL32459505
PAY76381688,2024-01-06,954.2,Bank Transfer,Successful,POL37305327
PAY47126737,2024-04-06,1013.71,Credit Card,Failed,POL07698492
PAY97358610,2022-05-04,1057.42,Cash,Successful,POL65495317
PAY40494155,2022-03-07,348.48,Cash,Failed,POL91686015
PAY95513746,2022-02-24,529.12,Credit Card,Failed,POL32166365
PAY06916456,2024-02-18,893.18,Credit Card,Failed,POL59507009
PAY98443192,2022-05-17,430.69,Credit Card,Successful,POL20036492
PAY01982593,2023-08-20,770.83,Cash,Failed,POL79861668
PAY74038358,2022-11-16,1306.95,Credit Card,Successful,POL60496337
PAY51436893,2021-12-28,558.11,Credit Card,Successful,POL98344452
PAY83472805,2023-08-20,1024.29,Bank Transfer,Successful,POL57116310
PAY93118450,2023-09-25,315.3,Bank Transfer,Successful,POL41321341
PAY30165636,2022-09-15,539.11,Credit Card,Failed,POL00076326
PAY28800158,2023-10-04,562.46,Cash,Successful,POL99316807
PAY99530161,2024-07-30,65.38,Bank Transfer,Successful,POL83688461
PAY93877699,2022-12-26,1156.7,Credit Card,Successful,POL89983994
PAY28873722,2024-04-04,373.9,Credit Card,Failed,POL46263397
PAY61080683,2024-05-26,801.46,Cash,Successful,POL21300763
PAY74604582,2024-11-25,1278.56,Bank Transfer,Successful,POL20036492
PAY76069459,2024-12-06,248.13,Bank Transfer,Failed,POL03389075
PAY43721255,2022-03-12,766.04,Credit Card,Failed,POL64386769
PAY20136413,2022-06-13,1495.8,Credit Card,Failed,POL62266023
PAY86091175,2023-06-04,906.63,Credit Card,Failed,POL47001205
PAY92088498,2024-07-27,450.66,Bank Transfer,Failed,POL39439149
PAY53583010,2022-04-14,1433.72,Bank Transfer,Successful,POL64188394
PAY06509351,2024-10-04,944.99,Cash,Failed,POL55243233
PAY82494861,2022-07-01,83.64,Cash,Failed,POL94687907
PAY73847623,2022-11-24,1189.71,Cash,Failed,POL63414573
PAY88259134,2022-06-10,495.64,Bank Transfer,Successful,POL48255103
PAY63921103,2024-07-06,598.86,Bank Transfer,Failed,POL07540260
PAY18157443,2022-05-11,452.82,Bank Transfer,Failed,POL80263334
PAY71969049,2022-11-12,131.6,Bank Transfer,Failed,POL90177568
PAY31685702,2022-11-04,657.24,Bank Transfer,Failed,POL50249567
PAY11061046,2022-10-25,328.53,Credit Card,Successful,POL19062916
PAY65858030,2022-06-15,724.58,Cash,Successful,POL93327871
PAY57149973,2024-03-24,140.59,Credit Card,Successful,POL75133618
PAY87525341,2022-10-12,1487.5,Bank Transfer,Successful,POL60705643
PAY09575596,2023-09-21,439.63,Cash,Failed,POL03500501
PAY23815397,2024-01-09,533.6,Cash,Failed,POL69754204
PAY62525905,2023-07-03,1305.53,Bank Transfer,Failed,POL22162508
PAY63326503,2022-02-14,471.54,Bank Transfer,Failed,POL12291756
PAY55775890,2022-03-06,1212.64,Cash,Successful,POL04830457
PAY06170914,2022-01-19,634.82,Cash,Failed,POL13070623
PAY57725299,2022-12-04,1146.49,Credit Card,Failed,POL77977275
PAY33959298,2023-06-30,1080.41,Bank Transfer,Successful,POL07408282
PAY39858192,2024-10-19,723.34,Bank Transfer,Successful,POL29465290
PAY60696549,2022-03-28,1179,Bank Transfer,Failed,POL80450492
PAY73443508,2023-02-12,709.02,Credit Card,Failed,POL84291987
PAY28532064,2024-04-05,177.54,Cash,Successful,POL41653230
PAY26923620,2023-11-05,892.45,Bank Transfer,Failed,POL78271323
PAY11311193,2024-08-09,121.51,Credit Card,Failed,POL86004596
PAY08946465,2023-06-14,272.04,Credit Card,Failed,POL09811937
PAY67699960,2023-06-04,492.31,Cash,Successful,POL17282682
PAY51882426,2024-02-15,410.86,Credit Card,Successful,POL28263562
PAY84936486,2023-08-01,1145.51,Bank Transfer,Successful,POL83180478
PAY76856941,2024-05-18,544.32,Credit Card,Successful,POL20281612
PAY53296305,2024-10-31,98.89,Cash,Failed,POL13931730
PAY00087988,2023-08-05,1005.54,Bank Transfer,Successful,POL82089087
PAY62887891,2022-12-29,543.76,Credit Card,Successful,POL68888844
PAY72575723,2024-09-18,1109.86,Credit Card,Successful,POL84317936
PAY46016642,2022-09-21,1190.34,Cash,Successful,POL76155355
PAY29789925,2022-08-25,826,Cash,Failed,POL40288131
PAY50304343,2023-01-17,1288.15,Cash,Failed,POL46263397
PAY26257933,2022-04-24,970.69,Bank Transfer,Failed,POL38386145
PAY91410910,2024-10-08,1069.81,Cash,Successful,POL24211829
PAY64828518,2022-05-19,703.72,Cash,Failed,POL79279066
PAY00076005,2022-10-16,571.55,Credit Card,Successful,POL95029087
PAY61923165,2022-11-10,680.46,Credit Card,Failed,POL56971563
PAY12772816,2022-04-23,95.42,Cash,Successful,POL18134493
PAY21601681,2024-10-16,1479.82,Credit Card,Successful,POL65459247
PAY52951128,2024-04-06,1187.02,Cash,Successful,POL29044573
PAY68610306,2023-08-01,1382.78,Credit Card,Failed,POL89387677
PAY47514108,2024-03-06,167.89,Credit Card,Failed,POL56375042
PAY94597712,2024-06-05,1447.67,Bank Transfer,Successful,POL45684772
PAY00809979,2022-07-23,979.51,Credit Card,Failed,POL54750482
PAY00313851,2022-08-27,501.34,Bank Transfer,Failed,POL71198375
PAY94356686,2024-11-23,345.46,Credit Card,Successful,POL19532067
PAY90697348,2022-02-25,1193.06,Cash,Failed,POL21637751
PAY19799928,2023-02-03,1012.05,Bank Transfer,Successful,POL23778009
PAY74237470,2022-08-20,1463.43,Cash,Successful,POL23175808
PAY04723325,2022-07-20,1092.48,Bank Transfer,Failed,POL94271909
PAY04605115,2022-02-06,1246.48,Credit Card,Successful,POL62254331
PAY57797754,2023-05-14,1159.92,Credit Card,Failed,POL91109221
PAY51710286,2024-06-21,1418.04,Credit Card,Failed,POL54521184
PAY34685662,2023-10-24,1407.58,Bank Transfer,Failed,POL85997412
PAY61088560,2023-07-18,631.58,Credit Card,Failed,POL26935323
PAY13198296,2022-03-21,325.78,Bank Transfer,Failed,POL42325037
PAY72156329,2024-01-24,170.99,Cash,Successful,POL44856684
PAY14841728,2022-01-29,316.99,Credit Card,Failed,POL22068904
PAY22759687,2024-09-10,1428.6,Bank Transfer,Successful,POL82098917
PAY89676227,2023-08-07,782.89,Bank Transfer,Failed,POL07785199
PAY64198590,2024-09-18,394.94,Cash,Successful,POL19746644
PAY71022946,2023-10-22,894.92,Bank Transfer,Successful,POL64918904
PAY97158459,2023-03-24,391.87,Cash,Successful,POL14765103
PAY79247096,2023-06-14,938.91,Cash,Failed,POL44871604
PAY74297757,2022-09-22,372.22,Credit Card,Successful,POL77295889
PAY84381410,2022-05-08,1498.22,Bank Transfer,Successful,POL00346770
PAY33213591,2021-12-25,309.08,Credit Card,Successful,POL56491969
PAY43877335,2022-04-19,421.9,Cash,Successful,POL54969569
PAY34559673,2023-02-03,316.07,Bank Transfer,Successful,POL30815147
PAY04579144,2024-01-18,637.55,Cash,Successful,POL13721219
PAY27184199,2024-04-13,624.63,Cash,Failed,POL92884987
PAY07405472,2024-11-24,1273.15,Bank Transfer,Failed,POL22946424
PAY21219682,2022-06-27,936.74,Cash,Successful,POL68368522
PAY93142127,2024-09-02,1004.44,Cash,Successful,POL22790609
PAY56804240,2024-07-10,102.19,Cash,Successful,POL38116452
PAY12475970,2024-06-05,970.45,Cash,Successful,POL51550482
PAY41265339,2022-10-14,1438.41,Bank Transfer,Successful,POL14375440
PAY43316228,2022-12-05,1105.83,Cash,Successful,POL40953889
PAY47904888,2022-08-13,235.63,Cash,Failed,POL43721127
PAY17893473,2022-07-18,117.79,Cash,Failed,POL72707891
PAY51357382,2023-12-27,1390.6,Credit Card,Successful,POL52319023
PAY98898439,2023-07-05,1445.52,Cash,Failed,POL43112527
PAY59516084,2022-10-03,534.7,Cash,Successful,POL68261547
PAY57480761,2021-12-29,119.35,Cash,Failed,POL42862009
PAY89071637,2022-03-24,1313.09,Bank Transfer,Successful,POL56612277
PAY90053630,2023-05-23,533.38,Bank Transfer,Successful,POL31133103
PAY96178820,2024-03-25,506.95,Credit Card,Failed,POL11199753
PAY58183303,2023-06-12,440.74,Cash,Failed,POL18009742
PAY06006683,2023-11-08,604.04,Credit Card,Successful,POL29044573
PAY54584502,2022-05-04,559.94,Bank Transfer,Successful,POL27799003
PAY87291086,2022-08-20,794.02,Credit Card,Successful,POL74597020
PAY10603264,2023-12-26,578.81,Cash,Failed,POL94943347
PAY40921649,2024-03-19,589.31,Bank Transfer,Successful,POL21871449
PAY26122062,2023-11-07,625.67,Cash,Successful,POL78678051
PAY45018363,2024-12-14,119.65,Cash,Successful,POL60345020
PAY55217153,2022-07-02,933.7,Cash,Successful,POL88479195
PAY63472734,2022-08-08,1332.2,Cash,Failed,POL16452788
PAY40315196,2024-04-03,965.79,Cash,Successful,POL60446512
PAY48136585,2024-01-22,227.94,Bank Transfer,Successful,POL70199824
PAY69908778,2023-10-18,963.18,Credit Card,Successful,POL01681251
PAY94167289,2024-11-21,317.26,Credit Card,Successful,POL92010461
PAY63422745,2022-11-05,910.1,Cash,Failed,POL61218156
PAY11413812,2023-04-09,401.76,Credit Card,Failed,POL23689303
PAY57782436,2023-01-20,645.36,Bank Transfer,Failed,POL61910551
PAY96580608,2023-07-21,687.66,Bank Transfer,Successful,POL98372511
PAY31671494,2022-02-02,1084.62,Bank Transfer,Successful,POL13559855
PAY57829176,2023-02-25,121.39,Bank Transfer,Failed,POL86723130
PAY93791541,2022-06-10,1372.13,Credit Card,Failed,POL83375511
PAY15004470,2021-12-30,1097.36,Bank Transfer,Successful,POL73669093
PAY73745620,2024-02-13,1125.71,Cash,Failed,POL77763107
PAY29424820,2022-08-16,1208.08,Bank Transfer,Failed,POL09568484
PAY75902861,2023-10-22,1326.35,Cash,Successful,POL77178021
PAY42725839,2022-11-07,1151.22,Cash,Successful,POL37180601
PAY28625619,2022-03-22,980.74,Credit Card,Successful,POL91554199
PAY52425841,2022-08-07,187.62,Credit Card,Failed,POL55583522
PAY84464584,2023-02-16,1054.55,Credit Card,Failed,POL35831200
PAY00928241,2024-03-21,445.29,Bank Transfer,Failed,POL46550237
PAY65600966,2024-02-18,402.26,Bank Transfer,Successful,POL54084176
PAY76561125,2024-07-18,1052.32,Cash,Successful,POL52322172
PAY21367691,2022-07-10,834.29,Credit Card,Failed,POL77489665
PAY19617029,2024-02-11,645.1,Cash,Failed,POL81202373
PAY31928992,2024-11-15,1270,Credit Card,Failed,POL23203391
PAY92876925,2024-04-22,1191.98,Cash,Successful,POL28084608
PAY56704361,2023-09-24,389.17,Bank Transfer,Successful,POL08589309
PAY40880086,2024-02-25,1199.05,Bank Transfer,Failed,POL53331618
PAY40996965,2023-01-16,1032.56,Cash,Successful,POL34052302
PAY85375200,2022-09-11,1191.64,Bank Transfer,Failed,POL55664607
PAY37902356,2022-04-07,860.5,Bank Transfer,Failed,POL61308425
PAY08659244,2022-01-17,186.63,Credit Card,Successful,POL21013410
PAY43251321,2024-01-17,903.09,Cash,Successful,POL57782466
PAY86092037,2022-10-23,581.1,Cash,Successful,POL41570616
PAY21773836,2022-08-14,1118.31,Bank Transfer,Failed,POL40918381
PAY81281783,2022-03-24,401.57,Cash,Failed,POL22068904
PAY31269983,2023-07-01,1472.56,Bank Transfer,Failed,POL54191606
PAY87739690,2024-12-11,309.35,Bank Transfer,Successful,POL74740983
PAY48534363,2022-01-27,1118.35,Bank Transfer,Failed,POL61012482
PAY49338730,2023-06-22,673.03,Cash,Successful,POL73324138
PAY78452892,2022-02-01,272.48,Cash,Successful,POL22918011
PAY70915305,2024-07-16,782.96,Cash,Failed,POL68080704
PAY53223227,2022-01-25,1066.89,Bank Transfer,Successful,POL66258798
PAY31840448,2023-05-27,760.71,Credit Card,Successful,POL45601263
PAY42614126,2022-12-20,745.7,Bank Transfer,Successful,POL96497115
PAY95435852,2024-12-17,894.05,Bank Transfer,Successful,POL98955756
PAY51557766,2023-09-16,834.2,Credit Card,Failed,POL82003427
PAY95263144,2024-03-17,70.96,Credit Card,Successful,POL36453165
PAY04099699,2022-12-18,632.69,Bank Transfer,Failed,POL68371036
PAY27875294,2024-05-15,1376.62,Bank Transfer,Successful,POL50009102
PAY12745511,2024-11-11,112.08,Credit Card,Failed,POL87664346
PAY50119816,2024-05-18,439.04,Cash,Failed,POL48574800
PAY30361215,2023-10-16,1452.93,Bank Transfer,Successful,POL57676193
PAY82191097,2022-08-10,1499.74,Cash,Failed,POL21096529
PAY30658891,2023-01-18,360.07,Credit Card,Failed,POL61208002
PAY69939621,2023-10-17,1345.58,Cash,Failed,POL30115645
PAY06656716,2022-02-18,852.19,Cash,Successful,POL26196435
PAY14206027,2024-09-29,448.19,Credit Card,Failed,POL56170272
PAY12871081,2021-12-27,391.13,Bank Transfer,Successful,POL30983744
PAY37725289,2024-08-12,179.57,Bank Transfer,Failed,POL37710630
PAY82382653,2022-11-14,717.06,Bank Transfer,Failed,POL58715038
PAY12868891,2023-08-06,726.72,Credit Card,Successful,POL36583919
PAY57419412,2024-03-25,972.26,Cash,Failed,POL93562061
PAY34635185,2022-05-03,857.82,Bank Transfer,Successful,POL99316807
PAY95137382,2022-07-19,258.14,Credit Card,Successful,POL14796565
PAY85553575,2024-04-10,1016.2,Bank Transfer,Failed,POL00255979
PAY39932110,2024-04-28,871.41,Bank Transfer,Successful,POL73506805
PAY60250909,2024-05-02,751.96,Credit Card,Successful,POL42785158
PAY09840509,2024-02-03,443.14,Cash,Failed,POL59077724
PAY24823669,2024-03-08,406.68,Credit Card,Failed,POL09141368
PAY68818331,2024-04-16,1152.41,Bank Transfer,Successful,POL40919725
PAY10740682,2022-04-09,330.9,Cash,Failed,POL71198375
PAY66492348,2023-12-09,1165.79,Cash,Failed,POL69142405
PAY67622024,2023-06-20,452.82,Cash,Successful,POL04101668
PAY21505019,2024-06-02,236.45,Cash,Failed,POL80278196
PAY46896948,2023-03-14,379.26,Bank Transfer,Successful,POL95397773
PAY91618663,2022-09-07,1328.98,Credit Card,Successful,POL68123659
PAY70889264,2023-08-22,1111.19,Bank Transfer,Failed,POL21394556
PAY86757235,2022-08-21,453.5,Bank Transfer,Successful,POL87258820
PAY28107163,2023-01-01,350.53,Credit Card,Successful,POL00148188
PAY34057537,2024-01-30,159.78,Bank Transfer,Successful,POL75914495
PAY76141478,2022-08-20,640.52,Cash,Failed,POL23434715
PAY13608743,2023-12-10,961.21,Bank Transfer,Successful,POL75133618
PAY96724655,2024-03-17,307.54,Cash,Failed,POL12811794
PAY29275815,2022-05-20,194.42,Bank Transfer,Failed,POL54732626
PAY35689344,2024-07-12,151.37,Bank Transfer,Failed,POL62259131
PAY13038103,2024-05-18,1062.56,Cash,Successful,POL86085378
PAY87894563,2023-03-17,830.55,Credit Card,Failed,POL35209226
PAY07454257,2022-01-18,786.87,Bank Transfer,Successful,POL62254331
PAY34000914,2022-06-18,1055.74,Cash,Failed,POL59205415
PAY82745829,2022-05-07,186.58,Bank Transfer,Failed,POL58913291
PAY27083401,2022-11-11,766.25,Cash,Successful,POL03268061
PAY11287627,2023-04-09,1160.91,Bank Transfer,Successful,POL66737729
PAY64308895,2023-08-09,1314.99,Bank Transfer,Failed,POL59950728
PAY36803674,2023-01-08,316.14,Bank Transfer,Successful,POL28303741
PAY70597113,2022-06-05,1115.61,Credit Card,Failed,POL49030532
PAY09645751,2022-01-18,313.95,Bank Transfer,Failed,POL88709617
PAY80407031,2022-08-02,1073.33,Credit Card,Successful,POL99936607
PAY91988048,2022-01-19,634.35,Credit Card,Successful,POL20686006
PAY13710492,2022-05-13,972.41,Credit Card,Failed,POL39266909
PAY70072908,2023-07-21,843.95,Bank Transfer,Successful,POL58724717
PAY14636357,2023-04-30,1202.88,Cash,Failed,POL73426057
PAY22531229,2024-01-22,1231.66,Cash,Successful,POL53248656
PAY86210795,2024-02-04,876.17,Credit Card,Failed,POL58297595
PAY39505187,2022-06-28,1293.1,Credit Card,Successful,POL90610731
PAY92051660,2023-07-27,530.26,Bank Transfer,Successful,POL94072462
PAY66048191,2023-07-23,1265.64,Bank Transfer,Successful,POL39957242
PAY36655145,2024-01-21,1223.12,Bank Transfer,Successful,POL06351305
PAY06156213,2022-07-03,1113.02,Cash,Successful,POL36915834
PAY67972837,2024-12-22,1090.05,Bank Transfer,Failed,POL75583220
PAY85523324,2023-09-22,990.16,Credit Card,Successful,POL61337531
PAY79834875,2024-11-25,1244.69,Bank Transfer,Successful,POL02256240
PAY96885322,2022-05-11,439.52,Bank Transfer,Successful,POL99343551
PAY67918097,2024-09-11,1472.49,Bank Transfer,Failed,POL94641041
PAY55261739,2024-03-06,656.48,Bank Transfer,Successful,POL27592722
PAY03716183,2024-10-27,550.48,Cash,Successful,POL72761852
PAY05396345,2022-03-25,1334.8,Bank Transfer,Successful,POL41307729
PAY08009438,2022-02-28,1179.39,Cash,Successful,POL85021281
PAY82822924,2022-02-14,1452.32,Cash,Failed,POL51620232
PAY66985809,2023-12-01,995.22,Cash,Successful,POL35328184
PAY98402190,2023-02-17,1126.92,Bank Transfer,Failed,POL13831480
PAY65244712,2022-11-19,767.5,Bank Transfer,Successful,POL75659154
PAY67564696,2023-09-04,584.7,Cash,Successful,POL26365674
PAY32552844,2022-06-10,1195.67,Bank Transfer,Failed,POL53957372
PAY40995915,2024-12-11,1479.72,Cash,Successful,POL14997788
PAY44408870,2023-09-15,1224.61,Cash,Successful,POL39334378
PAY14841180,2023-06-20,117.96,Cash,Successful,POL33238422
PAY65955540,2024-03-03,232.96,Credit Card,Successful,POL22162508
PAY23382409,2022-08-04,470.12,Cash,Successful,POL27708077
PAY62788754,2024-02-12,951.49,Credit Card,Failed,POL13830672
PAY67889058,2022-09-27,80.72,Credit Card,Successful,POL47660863
PAY10539529,2022-10-20,1392.27,Cash,Successful,POL88929117
PAY59862689,2024-09-02,1210.47,Bank Transfer,Failed,POL56020599
PAY52460046,2024-03-16,265.41,Cash,Successful,POL23605253
PAY90852182,2024-03-04,349.69,Bank Transfer,Successful,POL19911528
PAY51208682,2023-04-24,638.55,Cash,Successful,POL81385184
PAY85683804,2023-10-02,1230.5,Cash,Failed,POL70742419
PAY62401688,2022-01-14,1277.96,Cash,Failed,POL99777818
PAY65768240,2023-02-04,624.63,Cash,Failed,POL15902669
PAY28483677,2024-05-27,65.37,Credit Card,Failed,POL85798962
PAY55306194,2023-08-31,1011.42,Bank Transfer,Failed,POL79096614
PAY89827282,2022-04-04,1202.51,Cash,Failed,POL01888346
PAY73311549,2022-06-02,440.76,Cash,Failed,POL68099694
PAY48192849,2023-02-01,720.57,Credit Card,Successful,POL00505335
PAY67792455,2024-11-21,1407.51,Cash,Successful,POL96023706
PAY85436520,2023-04-08,713.59,Cash,Failed,POL11162373
PAY09557643,2022-05-22,649.37,Bank Transfer,Failed,POL52255059
PAY39777417,2023-04-20,1411.01,Bank Transfer,Successful,POL05174448
PAY60948975,2022-01-04,1223.18,Bank Transfer,Failed,POL18309119
PAY39476464,2022-07-09,304.71,Bank Transfer,Failed,POL83180478
PAY36316665,2024-07-12,837.2,Bank Transfer,Successful,POL04101668
PAY79706333,2022-10-13,722.36,Cash,Failed,POL98820628
PAY02110684,2022-08-23,848.4,Bank Transfer,Failed,POL45394277
PAY03549910,2023-11-09,777.82,Bank Transfer,Failed,POL55126928
PAY31352532,2023-06-14,1194.99,Cash,Successful,POL30688000
PAY35725917,2023-03-27,76.19,Bank Transfer,Successful,POL13040382
PAY93974606,2024-10-25,1152.78,Bank Transfer,Failed,POL12551742
PAY26429255,2022-09-05,432.48,Credit Card,Successful,POL98604785
PAY65364103,2023-03-19,886.52,Bank Transfer,Failed,POL48302488
PAY58416612,2023-06-13,586.84,Cash,Failed,POL18573494
PAY35099004,2022-11-10,1025.93,Cash,Successful,POL23048183
PAY57905879,2022-09-16,467.54,Credit Card,Failed,POL41189495
PAY83668520,2024-05-13,180.3,Cash,Failed,POL26441179
PAY72952567,2024-11-23,1252.06,Bank Transfer,Successful,POL76074801
PAY06558985,2024-10-21,687.19,Cash,Failed,POL51431594
PAY42126583,2022-08-09,395.72,Credit Card,Successful,POL62266023
PAY46008931,2022-02-26,1154.91,Bank Transfer,Successful,POL47517699
PAY90497628,2022-07-01,156.92,Cash,Successful,POL79867486
PAY89943116,2024-10-18,1031.9,Bank Transfer,Failed,POL13714686
PAY39842076,2023-09-03,793.73,Bank Transfer,Failed,POL11227831
PAY37394219,2023-03-11,529.59,Cash,Failed,POL33080881
PAY08313114,2022-07-20,236.3,Cash,Successful,POL63810929
PAY70523319,2022-08-10,731.91,Bank Transfer,Successful,POL18418327
PAY41461180,2024-05-28,1441.13,Bank Transfer,Successful,POL44866114
PAY80557300,2024-10-21,309.97,Credit Card,Successful,POL56127428
PAY89547197,2022-06-10,206.29,Credit Card,Successful,POL68111520
PAY72864099,2023-11-18,1236.44,Cash,Successful,POL05444985
PAY14129018,2023-10-19,1194.02,Cash,Successful,POL32615380
PAY80932338,2023-08-16,1296,Credit Card,Failed,POL61884063
PAY55569051,2022-02-13,148.34,Credit Card,Successful,POL46853221
PAY94507687,2023-03-10,908.68,Bank Transfer,Successful,POL91751592
PAY86568963,2022-12-31,756.31,Cash,Successful,POL14157474
PAY56574327,2023-01-08,490.34,Cash,Successful,POL65279232
PAY16400152,2023-05-08,1178.9,Bank Transfer,Successful,POL89877141
PAY39169650,2022-09-01,551.88,Cash,Successful,POL83596471
PAY61487340,2023-07-02,784.03,Bank Transfer,Successful,POL03499634
PAY23290319,2022-06-23,981.91,Bank Transfer,Successful,POL35280348
PAY60728921,2024-02-01,608.01,Bank Transfer,Failed,POL35998506
PAY96226649,2024-05-16,1171.52,Cash,Successful,POL56720424
PAY72752020,2024-09-07,618.48,Credit Card,Successful,POL59124038
PAY41537002,2022-05-23,1185.68,Credit Card,Successful,POL02404416
PAY46158283,2024-09-17,142.73,Cash,Failed,POL45315654
PAY19407376,2022-12-12,358.62,Cash,Successful,POL34319547
PAY08879465,2022-06-08,1344.79,Bank Transfer,Failed,POL93399992
PAY60918695,2022-08-19,1409.54,Credit Card,Failed,POL20532227
PAY48917639,2024-02-15,947.78,Credit Card,Failed,POL81758339
PAY25800689,2022-09-08,655.85,Cash,Failed,POL29465290
PAY12017938,2024-03-10,559.06,Cash,Successful,POL25208231
PAY81354420,2023-02-05,1376.64,Cash,Failed,POL64932236
PAY23458545,2023-08-25,534.99,Credit Card,Failed,POL32772716
PAY21443159,2023-01-01,533.83,Cash,Successful,POL69716653
PAY69385280,2023-02-23,1233.02,Cash,Failed,POL22496499
PAY23382661,2023-05-09,1004.24,Credit Card,Failed,POL43155265
PAY18790207,2022-03-13,327.37,Bank Transfer,Failed,POL42512488
PAY94091111,2022-06-06,885.94,Bank Transfer,Successful,POL83104314
PAY91215946,2023-03-05,1279.02,Cash,Successful,POL68099694
PAY87101003,2022-03-15,117.66,Credit Card,Failed,POL76374292
PAY17613530,2023-01-28,909.3,Credit Card,Failed,POL98651688
PAY25785248,2022-05-06,1272.71,Credit Card,Failed,POL97145074
PAY52391330,2023-08-28,741.99,Bank Transfer,Failed,POL12156543
PAY45939366,2024-11-29,67.63,Credit Card,Failed,POL21535465
PAY38459934,2023-05-27,999.82,Credit Card,Failed,POL93990309
PAY75821866,2023-11-14,1257,Bank Transfer,Failed,POL83165381
PAY13783836,2022-05-19,1006.7,Credit Card,Failed,POL63571175
PAY05376342,2023-06-15,360.37,Credit Card,Failed,POL09320154
PAY08189218,2022-05-23,88.3,Cash,Successful,POL30983744
PAY11285924,2024-11-02,892.16,Cash,Failed,POL93099683
PAY76297254,2022-11-19,587.42,Bank Transfer,Successful,POL99391697
PAY85881119,2022-11-08,1327.84,Credit Card,Successful,POL87577770
PAY28003730,2024-03-20,785.24,Cash,Successful,POL94615763
PAY52176067,2024-08-13,453.47,Cash,Failed,POL96200610
PAY24054166,2024-01-09,1201.54,Bank Transfer,Successful,POL91787213
PAY45993253,2024-04-15,370.83,Credit Card,Failed,POL19177817
PAY19113182,2022-05-13,1228.04,Credit Card,Failed,POL26888148
PAY15961209,2024-09-15,802.79,Cash,Failed,POL10125019
PAY59313902,2022-04-20,850.8,Cash,Successful,POL67368474
PAY08226240,2023-06-15,1013.19,Cash,Failed,POL31317905
PAY15765157,2024-11-29,875.83,Bank Transfer,Failed,POL40579539
PAY00250439,2024-06-14,291.16,Bank Transfer,Successful,POL40907312
PAY53844475,2024-07-28,1376.65,Bank Transfer,Successful,POL43978572
PAY45153437,2023-08-30,1273.32,Cash,Successful,POL61267923
PAY70192995,2022-02-05,90.09,Credit Card,Failed,POL32669675
PAY20140629,2024-09-29,1280.41,Bank Transfer,Failed,POL77047263
PAY24029040,2023-07-29,910.83,Cash,Failed,POL02345359
PAY49197205,2023-08-13,326.19,Bank Transfer,Successful,POL39337647
PAY65810077,2023-05-13,131.42,Bank Transfer,Failed,POL60480382
PAY49219660,2023-09-27,642.36,Bank Transfer,Successful,POL60240212
PAY01905126,2023-06-17,1176.23,Cash,Failed,POL46375474
PAY43430059,2023-07-10,322.41,Bank Transfer,Successful,POL99490154
PAY17384352,2022-04-04,916.42,Bank Transfer,Successful,POL30800309
PAY51619226,2024-03-02,1234.3,Bank Transfer,Successful,POL90100383
PAY81818167,2023-08-05,1168.96,Cash,Failed,POL47409156
PAY57494354,2022-05-09,209.28,Bank Transfer,Failed,POL58924354
PAY74064953,2023-07-16,797.21,Credit Card,Failed,POL63605662
PAY55658496,2023-03-16,76.66,Credit Card,Failed,POL45410336
PAY06827646,2023-04-13,1205.15,Credit Card,Successful,POL34270146
PAY54321188,2023-01-13,747.99,Bank Transfer,Successful,POL38850914
PAY69378914,2024-02-09,816.52,Credit Card,Successful,POL17800247
PAY69678795,2024-03-02,1385.53,Credit Card,Successful,POL46278459
PAY62033849,2023-07-07,530.55,Cash,Successful,POL68966328
PAY64630075,2022-05-21,977.24,Credit Card,Successful,POL24708378
PAY51799214,2023-03-15,333.23,Bank Transfer,Failed,POL04572453
PAY31190803,2023-11-04,802.32,Credit Card,Successful,POL30062684
PAY41905716,2024-12-06,486.01,Bank Transfer,Failed,POL65738099
PAY87321816,2022-02-15,356.42,Bank Transfer,Failed,POL60009654
PAY20397038,2022-03-11,1046.92,Credit Card,Failed,POL91258845
PAY29293519,2022-06-02,1352.79,Cash,Failed,POL22606184
PAY25917270,2024-04-21,793.06,Cash,Successful,POL73942123
PAY53430633,2024-07-24,835.32,Cash,Successful,POL70863328
PAY67377007,2022-07-20,433.1,Bank Transfer,Successful,POL61326572
PAY24544539,2024-07-16,399.7,Credit Card,Failed,POL91135744
PAY61310358,2024-02-06,1052.57,Cash,Failed,POL00986980
PAY14682443,2022-02-08,701.95,Credit Card,Successful,POL21603808
PAY66689706,2022-02-16,1184.33,Cash,Successful,POL67451011
PAY87675263,2022-03-28,1436.17,Cash,Failed,POL88450754
PAY28981961,2024-02-18,1099.26,Bank Transfer,Successful,POL01434989
PAY16161788,2023-07-29,1445.39,Cash,Failed,POL69636143
PAY59618066,2023-11-15,622.25,Cash,Successful,POL24429033
PAY80876591,2024-01-29,821.54,Bank Transfer,Failed,POL40860073
PAY06811418,2024-08-22,171.1,Credit Card,Successful,POL23689303
PAY42245178,2022-09-11,177.43,Cash,Failed,POL48116183
PAY72108184,2024-05-16,709.42,Cash,Failed,POL70265364
PAY64292550,2024-05-03,1247.41,Credit Card,Successful,POL49030532
PAY29443042,2022-01-16,1007.74,Credit Card,Failed,POL15219398
PAY08203655,2024-10-26,1078.75,Credit Card,Successful,POL85739071
PAY05819836,2024-08-24,880.54,Cash,Successful,POL94995920
PAY70652187,2022-04-10,1024.4,Cash,Failed,POL19986234
PAY82167334,2022-02-27,499.68,Credit Card,Successful,POL72255591
PAY45794864,2023-04-20,1247.01,Cash,Failed,POL87932414
PAY17890846,2022-07-30,1130.92,Credit Card,Failed,POL04376186
PAY00399469,2023-04-08,138.73,Credit Card,Successful,POL61600687
PAY69261018,2024-08-20,1080.34,Credit Card,Successful,POL80116968
PAY83557780,2024-04-06,1224.76,Credit Card,Successful,POL85035096
PAY67688619,2023-03-07,291.51,Credit Card,Failed,POL68375690
PAY94204051,2023-08-19,926.95,Credit Card,Successful,POL98798352
PAY21679451,2022-07-18,580.89,Cash,Failed,POL41570616
PAY99304128,2023-09-14,476.91,Cash,Successful,POL91869303
PAY30889588,2022-03-30,865.48,Bank Transfer,Failed,POL84566610
PAY02868644,2023-06-17,890.22,Credit Card,Successful,POL80906414
PAY53771489,2022-09-16,1103.85,Cash,Failed,POL68375690
PAY13686628,2023-04-08,493.03,Cash,Successful,POL83051800
PAY20313905,2022-05-16,990.61,Bank Transfer,Successful,POL48910951
PAY67490016,2022-08-29,93.28,Credit Card,Failed,POL15880317
PAY03712224,2024-03-10,641.22,Cash,Failed,POL89009482
PAY14302224,2022-09-07,1227.77,Bank Transfer,Successful,POL67346720
PAY71172822,2023-03-29,137.08,Cash,Failed,POL23594772
PAY58391902,2024-07-26,935.48,Credit Card,Failed,POL64233816
PAY30686751,2023-06-29,886.5,Credit Card,Successful,POL92070714
PAY05246182,2023-08-15,564.5,Cash,Failed,POL03688805
PAY79248452,2024-09-28,711.57,Cash,Successful,POL44317279
PAY99531322,2022-12-15,1028.45,Credit Card,Successful,POL32252482
PAY29151196,2024-04-03,149.84,Bank Transfer,Successful,POL78264122
PAY98017250,2023-04-01,451.8,Bank Transfer,Successful,POL06341687
PAY99588916,2022-01-15,162.61,Cash,Successful,POL79741032
PAY93112419,2023-10-24,1124.51,Cash,Failed,POL87561435
PAY89050227,2022-10-16,1179.06,Bank Transfer,Successful,POL34621999
PAY67611211,2022-11-24,497.84,Credit Card,Successful,POL13276567
PAY91690103,2024-05-30,902,Cash,Successful,POL88167849
PAY43437605,2024-08-04,525.15,Bank Transfer,Successful,POL98955756
PAY29081538,2022-03-10,753.23,Bank Transfer,Successful,POL57089386
PAY13038082,2022-11-01,807.83,Credit Card,Successful,POL45925285
PAY58733720,2024-10-23,118.25,Credit Card,Failed,POL97704616
PAY22601377,2023-01-30,548.52,Bank Transfer,Failed,POL98526256
PAY08779467,2023-05-15,107.65,Credit Card,Failed,POL92681233
PAY67670345,2022-11-12,350.7,Cash,Failed,POL94723645
PAY83625586,2022-08-27,228.99,Bank Transfer,Failed,POL38045222
PAY28395959,2024-11-30,1138.71,Bank Transfer,Failed,POL31363009
PAY66754101,2023-01-13,201.11,Cash,Successful,POL92754721
PAY04986831,2024-06-14,299.99,Cash,Failed,POL82207194
PAY88402764,2022-09-09,1304.12,Credit Card,Failed,POL51145761
PAY17260076,2024-08-05,1325.28,Bank Transfer,Failed,POL35610268
PAY18795153,2022-03-30,929.88,Credit Card,Failed,POL98908747
PAY82597327,2022-10-16,1498.56,Cash,Failed,POL12841734
PAY57423268,2024-04-27,1274.55,Bank Transfer,Failed,POL99817489
PAY91859186,2023-04-05,222.31,Cash,Successful,POL95434233
PAY94363139,2024-01-24,1081.21,Credit Card,Successful,POL14924574
PAY35788103,2024-12-22,373.82,Credit Card,Successful,POL51514265
PAY12501227,2024-12-16,74.47,Credit Card,Failed,POL31588332
PAY87437680,2022-02-14,1375.05,Credit Card,Successful,POL02586223
PAY46575854,2023-04-15,760.58,Bank Transfer,Failed,POL29536417
PAY27658968,2024-07-07,565.68,Cash,Failed,POL33528645
PAY66685961,2023-02-20,471.2,Credit Card,Successful,POL32721241
PAY30255471,2024-10-22,1172.26,Cash,Failed,POL93274437
PAY15551924,2022-01-07,1268.42,Bank Transfer,Failed,POL73942123
PAY51194867,2024-08-20,1361.01,Credit Card,Failed,POL22916343
PAY13516608,2022-10-12,132.54,Credit Card,Successful,POL05606987
PAY52996688,2021-12-25,1002.71,Credit Card,Successful,POL20825981
PAY89126268,2024-04-16,1220.64,Credit Card,Failed,POL46427278
PAY19690063,2024-04-18,639.74,Credit Card,Failed,POL67370723
PAY03567814,2024-01-10,630.45,Bank Transfer,Failed,POL03911421
PAY80586633,2022-04-04,1211.85,Credit Card,Failed,POL52704029
PAY03367840,2022-07-29,1411.27,Credit Card,Failed,POL24735696
PAY36802024,2024-04-23,96.32,Bank Transfer,Failed,POL45059272
PAY63943169,2024-09-23,1429.5,Cash,Successful,POL68446271
PAY58077558,2024-11-04,301.03,Cash,Successful,POL71597887
PAY46585030,2024-05-22,1007.75,Bank Transfer,Successful,POL36453165
PAY95498539,2024-06-20,537.46,Credit Card,Failed,POL09146332
PAY73803009,2023-12-28,619.25,Cash,Failed,POL53495954
PAY35075659,2022-04-04,1375.3,Cash,Failed,POL13218423
PAY90154887,2024-01-28,807.97,Cash,Successful,POL97197934
PAY96654744,2022-03-31,1416.61,Bank Transfer,Failed,POL72689625
PAY11168240,2024-01-12,781.71,Credit Card,Successful,POL03258103
PAY74200375,2022-03-03,367.86,Bank Transfer,Failed,POL13533618
PAY33701464,2022-07-18,700.64,Cash,Failed,POL74554228
PAY15058581,2024-09-13,227.01,Cash,Successful,POL82132627
PAY07077758,2023-07-21,344.19,Cash,Successful,POL54792632
PAY02185004,2024-07-09,1179.76,Credit Card,Failed,POL39807316
PAY75964526,2024-12-15,878.5,Bank Transfer,Successful,POL77789737
PAY08354299,2024-07-14,628.41,Bank Transfer,Failed,POL97456279
PAY61530368,2024-07-12,1401.37,Credit Card,Failed,POL00167399
PAY48467830,2024-06-16,1371.34,Cash,Failed,POL37847781
PAY27367352,2023-11-14,120.57,Cash,Successful,POL18093390
PAY64208818,2022-10-18,782.37,Credit Card,Failed,POL64410288
PAY52236441,2022-01-14,332.46,Credit Card,Failed,POL02018032
PAY00168693,2022-12-25,1061.63,Bank Transfer,Successful,POL04312649
PAY69789732,2022-01-21,1007.35,Bank Transfer,Failed,POL36184966
PAY34464739,2022-04-08,550.92,Credit Card,Failed,POL01744770
PAY11930312,2023-09-17,1473.18,Credit Card,Failed,POL89180514
PAY22965482,2024-06-02,730.92,Credit Card,Successful,POL61660074
PAY53157789,2024-02-26,391.64,Cash,Failed,POL93532453
PAY62521393,2022-06-14,162.65,Bank Transfer,Successful,POL81437012
PAY64362028,2024-05-15,882.2,Credit Card,Failed,POL78264122
PAY80122828,2024-07-14,872.29,Cash,Successful,POL93274437
PAY47312972,2021-12-26,700.45,Credit Card,Successful,POL56083774
PAY85444339,2022-06-12,269.12,Bank Transfer,Successful,POL52663647
PAY83712972,2022-06-25,1171.63,Cash,Successful,POL88518206
PAY17074850,2024-08-30,1143.82,Bank Transfer,Failed,POL46142999
PAY61976595,2022-05-17,996.41,Cash,Successful,POL09010208
PAY86960263,2023-01-22,1220.99,Cash,Failed,POL26556756
PAY84444993,2023-01-23,1140.27,Credit Card,Successful,POL85605519
PAY07528879,2024-11-08,1282.4,Bank Transfer,Failed,POL85853728
PAY46032786,2024-09-04,659.76,Credit Card,Successful,POL88449964
PAY21871311,2024-07-01,1291.48,Credit Card,Failed,POL53130917
PAY38890054,2022-12-01,152.97,Credit Card,Successful,POL54437917
PAY66740818,2023-06-29,1212.79,Cash,Successful,POL07367741
PAY91561384,2023-09-30,628.48,Cash,Successful,POL59899170
PAY30011961,2024-09-21,155.54,Bank Transfer,Failed,POL54459099
PAY77918868,2023-05-30,1184.85,Credit Card,Successful,POL11303623
PAY26949322,2022-05-16,1018.81,Cash,Successful,POL70622668
PAY79720804,2023-05-15,430.23,Credit Card,Failed,POL77743586
PAY42887657,2023-09-28,1052.55,Cash,Failed,POL92982957
PAY21199504,2022-10-03,1210.31,Cash,Successful,POL54249410
PAY24170870,2022-12-11,554.42,Credit Card,Successful,POL71218396
PAY99380413,2024-03-09,647.31,Cash,Successful,POL77809174
PAY63023226,2022-05-21,1333.12,Cash,Failed,POL51442309
PAY59262221,2024-11-28,1095.27,Credit Card,Failed,POL89952764
PAY96984886,2022-09-18,1150.09,Bank Transfer,Failed,POL41959725
PAY79207038,2024-01-04,209.35,Bank Transfer,Successful,POL42317567
PAY66276489,2023-10-15,114.32,Cash,Successful,POL11133444
PAY83851870,2022-12-02,256.95,Bank Transfer,Successful,POL88709617
PAY54168307,2024-08-01,1063.63,Credit Card,Failed,POL77489665
PAY53599525,2024-10-13,1338.73,Bank Transfer,Successful,POL10829873
PAY46069896,2024-10-03,520.77,Cash,Successful,POL14632307
PAY42040401,2022-08-04,1265.42,Cash,Failed,POL79310767
PAY62970813,2022-05-10,784.41,Credit Card,Failed,POL23778009
PAY23992100,2023-05-15,1342.36,Bank Transfer,Failed,POL54374781
PAY52571863,2024-09-07,115.51,Bank Transfer,Successful,POL83519950
PAY39653411,2024-07-26,703.15,Bank Transfer,Failed,POL08436264
PAY45463534,2022-05-15,545.77,Cash,Failed,POL01363904
PAY37208350,2023-05-10,1161.93,Cash,Successful,POL67379824
PAY21254003,2023-08-17,545,Credit Card,Failed,POL48302488
PAY35038165,2024-09-25,250.98,Bank Transfer,Failed,POL80109772
PAY20979953,2024-08-31,308.99,Credit Card,Failed,POL99187964
PAY10708205,2024-10-09,1383.75,Bank Transfer,Successful,POL12356640
PAY74837578,2024-09-19,1080.65,Bank Transfer,Successful,POL77047263
PAY06259951,2022-01-20,165.98,Bank Transfer,Successful,POL14879776
PAY32393323,2022-09-25,297.42,Credit Card,Successful,POL91166639
PAY44808378,2023-02-03,788.19,Cash,Failed,POL78451531
PAY37406230,2022-09-24,898.61,Credit Card,Successful,POL08242305
PAY26657411,2022-08-15,973.73,Bank Transfer,Failed,POL55617113
PAY81160821,2023-01-24,662.62,Credit Card,Successful,POL43343233
PAY86595039,2023-03-27,1343.05,Credit Card,Successful,POL40546562
PAY51273676,2022-08-01,1048.71,Credit Card,Failed,POL14694740
PAY18574044,2022-02-11,138.42,Bank Transfer,Failed,POL12296231
PAY97391304,2023-06-12,1473.73,Cash,Successful,POL68220534
PAY52275973,2024-08-16,1398.5,Cash,Successful,POL08713900
PAY20379625,2022-04-02,396.52,Credit Card,Failed,POL79774019
PAY49522210,2024-04-30,79.31,Credit Card,Successful,POL48239604
PAY94181813,2022-02-11,866.34,Cash,Successful,POL77500354
PAY51027013,2024-07-20,138.24,Credit Card,Failed,POL22177049
PAY19514591,2024-01-12,97.41,Credit Card,Successful,POL03458249
PAY08260360,2024-09-11,321.36,Bank Transfer,Successful,POL48921687
PAY69393690,2022-03-24,1432.8,Credit Card,Failed,POL88351498
PAY72312364,2022-08-25,810.46,Credit Card,Successful,POL74008524
PAY97649108,2024-08-12,1080.98,Bank Transfer,Successful,POL23562501
PAY66340100,2024-11-14,387.58,Credit Card,Successful,POL81185546
PAY26658890,2022-03-10,1149.94,Cash,Successful,POL05225694
PAY14441043,2022-05-12,757.34,Cash,Successful,POL64589705
PAY28388199,2022-12-13,667.49,Bank Transfer,Failed,POL28043223
PAY99162603,2023-04-14,1178.09,Credit Card,Successful,POL87125515
PAY04932048,2023-08-08,1277.38,Bank Transfer,Successful,POL46564609
PAY44162314,2024-12-09,458.97,Credit Card,Successful,POL60212438
PAY73595417,2022-04-26,212.48,Credit Card,Successful,POL27685502
PAY84422016,2023-12-10,1332.23,Bank Transfer,Successful,POL16070403
PAY88269796,2023-06-03,1166.1,Cash,Successful,POL21637751
PAY63760392,2022-01-08,788.89,Cash,Failed,POL20742697
PAY07779712,2023-11-11,1031.3,Bank Transfer,Failed,POL20381025
PAY63629286,2024-04-09,700.12,Cash,Successful,POL45410336
PAY72088255,2022-08-05,335.83,Bank Transfer,Failed,POL15567639
PAY12429988,2022-07-29,466.25,Credit Card,Failed,POL94203944
PAY15182187,2023-09-26,261.22,Cash,Successful,POL79841700
PAY04169284,2022-04-12,230.06,Bank Transfer,Successful,POL21502603
PAY11705022,2023-10-27,1061.58,Bank Transfer,Failed,POL14781739
PAY03926769,2023-01-17,836.04,Cash,Failed,POL37985546
PAY68888293,2022-12-18,530.21,Cash,Successful,POL22408747
PAY22944973,2023-02-13,927.73,Cash,Failed,POL35077867
PAY45888305,2022-07-16,824.56,Credit Card,Successful,POL28804957
PAY20010478,2024-05-09,345.9,Cash,Failed,POL56070761
PAY28444642,2023-06-10,973.38,Credit Card,Failed,POL61445310
PAY61703010,2022-04-07,1461.74,Credit Card,Successful,POL64571358
PAY16554121,2023-08-01,1054.92,Credit Card,Successful,POL02082012
PAY71743581,2023-05-09,1212.79,Credit Card,Failed,POL05422944
PAY21323309,2024-05-30,1315.56,Cash,Failed,POL61565089
PAY59996797,2023-07-12,1311.76,Bank Transfer,Failed,POL38363742
PAY18358938,2024-11-15,188.03,Cash,Failed,POL00874992
PAY27461628,2024-01-04,635.59,Cash,Successful,POL32398329
PAY50270171,2024-05-14,970.61,Cash,Failed,POL19255943
PAY72806261,2022-01-13,937.4,Bank Transfer,Successful,POL79279066
PAY55211460,2022-11-05,504.26,Cash,Successful,POL03903128
PAY91652486,2024-01-30,718.92,Bank Transfer,Failed,POL04119250
PAY18915065,2023-03-29,174.55,Bank Transfer,Failed,POL97255988
PAY79640203,2023-10-17,916.06,Credit Card,Successful,POL00148188
PAY91970963,2023-06-27,729.43,Credit Card,Successful,POL85531608
PAY70805030,2023-12-27,917.49,Cash,Successful,POL94226268
PAY97895926,2024-08-08,1209.46,Credit Card,Failed,POL77958772
PAY38749230,2023-08-04,1369.13,Credit Card,Failed,POL79306031
PAY71240034,2022-06-05,444.2,Cash,Successful,POL35206157
PAY98463404,2022-02-17,1452.4,Credit Card,Failed,POL39137077
PAY00482016,2023-08-05,573.91,Bank Transfer,Failed,POL79056359
PAY63395494,2024-11-24,1353.06,Bank Transfer,Successful,POL57894817
PAY98088077,2023-07-20,1276.48,Bank Transfer,Successful,POL89077589
PAY31720543,2024-06-02,468.52,Cash,Successful,POL53010731
PAY85750241,2022-10-14,859.31,Bank Transfer,Successful,POL06742969
PAY08864946,2022-12-14,1017.63,Cash,Successful,POL36551695
PAY47594694,2022-02-27,1209.51,Cash,Successful,POL35832686
PAY55110995,2022-11-18,186.83,Credit Card,Successful,POL47741439
PAY27652739,2023-12-20,456.31,Credit Card,Failed,POL09606287
PAY97539574,2021-12-30,1324.91,Cash,Failed,POL79308293
PAY95348731,2024-03-12,91.72,Credit Card,Successful,POL70988897
PAY97852117,2023-04-21,1459.91,Credit Card,Successful,POL68879274
PAY49638955,2022-05-11,253.49,Bank Transfer,Failed,POL78264122
PAY09699752,2022-08-23,880.02,Credit Card,Failed,POL27486372
PAY58040624,2023-02-24,128.17,Bank Transfer,Failed,POL86998122
PAY75736240,2023-01-28,671.15,Credit Card,Failed,POL67523094
PAY40481240,2023-03-30,155.02,Credit Card,Successful,POL27444083
PAY44061023,2022-09-13,1313.08,Credit Card,Successful,POL24546559
PAY45190646,2023-07-20,1226.81,Credit Card,Failed,POL52131318
PAY57476576,2023-02-02,803.61,Credit Card,Successful,POL27279632
PAY36712914,2023-02-09,90.66,Credit Card,Successful,POL24220210
PAY76966302,2023-06-14,1190.6,Bank Transfer,Successful,POL94995920
PAY27258731,2022-04-13,92.85,Bank Transfer,Successful,POL96583337
PAY43514033,2022-05-23,124.77,Cash,Failed,POL26361547
PAY67641609,2022-02-10,334.36,Credit Card,Successful,POL78863924
PAY19135776,2024-09-10,963.46,Bank Transfer,Successful,POL55941578
PAY70603083,2024-07-14,83.97,Credit Card,Failed,POL27929198
PAY79317277,2023-01-31,894.71,Credit Card,Successful,POL00975705
PAY15269040,2023-05-02,1168.77,Credit Card,Successful,POL04929943
PAY17810786,2023-04-02,475.54,Bank Transfer,Failed,POL61367608
PAY36436131,2023-07-23,1306.64,Credit Card,Failed,POL85498031
PAY02736191,2023-01-24,808.16,Bank Transfer,Successful,POL84438611
PAY21136394,2023-09-16,474.01,Credit Card,Failed,POL66215442
PAY44959083,2022-10-23,622.49,Credit Card,Failed,POL01434989
PAY16295937,2024-01-08,92.31,Credit Card,Successful,POL32900389
PAY63926951,2023-07-13,1109.84,Credit Card,Failed,POL53331618
PAY74112212,2024-05-15,1199.98,Bank Transfer,Failed,POL64468653
PAY93068466,2023-02-27,715.57,Bank Transfer,Successful,POL20316917
PAY85673203,2022-01-21,846.57,Cash,Successful,POL22122728
PAY95972002,2022-09-07,258.87,Cash,Successful,POL91395324
PAY99743288,2023-11-16,1485.03,Cash,Failed,POL36714919
PAY54651335,2024-03-21,1192.18,Cash,Successful,POL22416756
PAY76393981,2022-06-09,1452.17,Cash,Failed,POL11298880
PAY57615758,2023-09-28,1289.07,Credit Card,Successful,POL46108222
PAY79270904,2023-03-12,1026.45,Cash,Successful,POL84679651
PAY41177803,2022-03-01,1450.33,Bank Transfer,Failed,POL84945685
PAY79142194,2023-06-05,611.24,Cash,Failed,POL69427919
PAY56284155,2023-03-30,953.92,Credit Card,Failed,POL37953515
PAY27866644,2023-09-13,1185.29,Credit Card,Failed,POL27667498
PAY16133629,2024-09-08,641.97,Bank Transfer,Failed,POL82823553
PAY20235546,2022-09-17,992.88,Bank Transfer,Failed,POL69557850
PAY13950511,2024-03-24,1246.91,Cash,Successful,POL38653037
PAY91912037,2022-07-26,1038.33,Cash,Failed,POL37628555
PAY45763008,2023-02-22,894.86,Cash,Failed,POL07226848
PAY22658183,2022-10-15,1330.48,Credit Card,Successful,POL79308293
PAY28832387,2023-11-30,1141.04,Bank Transfer,Failed,POL06464463
PAY50320991,2023-09-10,1243.13,Credit Card,Successful,POL17045726
PAY71355030,2023-06-01,800.29,Cash,Failed,POL92547677
PAY20890398,2024-09-07,1226.26,Cash,Successful,POL22220595
PAY35776022,2023-02-10,91.75,Credit Card,Failed,POL10536970
PAY90872770,2023-12-14,248.41,Bank Transfer,Failed,POL25999716
PAY57363426,2022-06-19,271.38,Cash,Failed,POL37640614
PAY97866998,2024-10-19,78.83,Cash,Successful,POL11657273
PAY91728508,2023-11-26,129.07,Credit Card,Failed,POL12925982
PAY72480399,2023-06-14,242.78,Credit Card,Failed,POL37953515
PAY12601443,2023-04-09,1425.85,Cash,Successful,POL54483538
PAY29977850,2022-08-23,676.89,Credit Card,Successful,POL36474565
PAY33133339,2022-03-14,1434.98,Cash,Failed,POL03461173
PAY16522409,2023-11-05,1326.59,Bank Transfer,Failed,POL94687907
PAY10486009,2022-01-22,293.71,Cash,Successful,POL77188684
PAY43197759,2024-08-21,1303.27,Cash,Failed,POL33884251
PAY88173302,2022-10-05,294.61,Cash,Successful,POL57602095
PAY47714478,2024-10-26,1115.28,Cash,Failed,POL01976477
PAY87292440,2023-01-24,802.5,Cash,Failed,POL99329003
PAY36111258,2022-05-26,1072.77,Credit Card,Failed,POL87122586
PAY12297471,2024-04-26,687.36,Cash,Failed,POL79167800
PAY49357558,2022-05-06,374.43,Credit Card,Successful,POL23926652
PAY54002614,2021-12-26,367.04,Bank Transfer,Successful,POL24211829
PAY62743373,2022-08-17,614.8,Cash,Successful,POL34084242
PAY40967345,2022-02-14,385.54,Credit Card,Successful,POL60030374
PAY30960171,2023-09-22,1356.3,Cash,Successful,POL36551695
PAY23473355,2022-04-07,1342.28,Credit Card,Failed,POL79257166
PAY84880582,2024-05-28,708.84,Cash,Failed,POL82077399
PAY99720043,2023-11-19,1125.29,Bank Transfer,Successful,POL19720600
PAY45383491,2022-07-28,553.1,Credit Card,Successful,POL70838123
PAY85761488,2022-06-24,1035.71,Bank Transfer,Failed,POL65765097
PAY74108763,2022-05-27,1174.46,Bank Transfer,Failed,POL61315068
PAY29583848,2024-12-07,116.28,Credit Card,Successful,POL38773717
PAY48211938,2022-04-04,69.87,Credit Card,Failed,POL36934313
PAY01477687,2023-10-26,369.06,Bank Transfer,Successful,POL50101215
PAY66486557,2022-03-23,1395.35,Credit Card,Successful,POL40767941
PAY80915652,2023-03-22,732.95,Credit Card,Successful,POL02913059
PAY34904317,2022-12-24,1244.01,Credit Card,Successful,POL22033410
PAY45033085,2022-10-22,492.47,Bank Transfer,Failed,POL45984534
PAY11351822,2024-09-01,916.6,Cash,Failed,POL84549394
PAY02161878,2024-06-15,1020.43,Cash,Failed,POL97443175
PAY62537149,2023-12-26,1328.84,Bank Transfer,Failed,POL40740703
PAY02783233,2023-03-06,255.53,Bank Transfer,Successful,POL82130427
PAY47611388,2022-01-27,187.82,Credit Card,Successful,POL12707693
PAY19550962,2023-12-03,586.18,Credit Card,Successful,POL81031536
PAY74029332,2021-12-27,303.71,Credit Card,Successful,POL06244566
PAY54810207,2024-05-25,611.31,Credit Card,Successful,POL61950574
PAY16443714,2022-04-24,737.59,Cash,Successful,POL69578293
PAY38593690,2022-12-20,576.25,Cash,Successful,POL55664607
PAY26512321,2024-12-20,1014.61,Cash,Failed,POL72766518
PAY86009859,2022-06-29,825.93,Credit Card,Successful,POL90177568
PAY29821583,2023-10-08,359.33,Cash,Failed,POL68033681
PAY74046440,2022-09-22,55.06,Cash,Failed,POL77958772
PAY47959013,2023-02-07,107.39,Credit Card,Successful,POL21820155
PAY35511073,2022-01-30,971.41,Cash,Successful,POL86241971
PAY70140439,2022-06-07,341.57,Cash,Failed,POL56451530
PAY14804812,2023-10-23,985.58,Credit Card,Successful,POL83559583
PAY68904311,2023-11-22,183.66,Bank Transfer,Failed,POL34084242
PAY86666224,2022-11-11,574.43,Cash,Successful,POL68888844
PAY57733933,2024-05-19,1282.58,Bank Transfer,Failed,POL83375511
PAY29439170,2023-03-01,1383.18,Cash,Failed,POL44316628
PAY87139526,2023-03-25,989.16,Credit Card,Successful,POL43895814
PAY51206406,2023-04-11,286.13,Bank Transfer,Failed,POL80161505
PAY52459304,2023-02-18,691.43,Bank Transfer,Failed,POL04929943
PAY45808812,2022-06-14,903.72,Credit Card,Successful,POL78303630
PAY74848288,2024-12-04,487.5,Credit Card,Failed,POL15788896
PAY27483748,2022-06-04,910.69,Cash,Failed,POL30197318
PAY01277721,2023-08-23,1115.37,Cash,Successful,POL71333294
PAY42042828,2024-03-23,1113.36,Credit Card,Failed,POL77433567
PAY43565996,2024-07-03,630.02,Bank Transfer,Failed,POL97742612
PAY44638654,2022-04-16,484.95,Bank Transfer,Failed,POL91135744
PAY58984743,2024-04-19,917.72,Bank Transfer,Failed,POL84424949
PAY78003480,2024-04-26,139.48,Bank Transfer,Failed,POL57078202
PAY13860220,2022-11-22,880.88,Credit Card,Failed,POL07162543
PAY99659092,2022-07-24,1253.67,Cash,Successful,POL54950027
PAY90912153,2022-11-23,1023.35,Cash,Successful,POL78989397
PAY54082673,2022-10-22,1005.71,Credit Card,Failed,POL57718786
PAY29772470,2022-12-21,646.65,Cash,Successful,POL58924354
PAY61286553,2024-09-12,265.64,Cash,Successful,POL11811289
PAY07669787,2024-02-26,582.58,Bank Transfer,Failed,POL43533359
PAY48491678,2022-12-23,1395.3,Cash,Failed,POL82889617
PAY30746375,2022-01-08,171.43,Bank Transfer,Successful,POL78264122
PAY44673163,2023-11-19,524.58,Cash,Failed,POL99664598
PAY38027575,2022-12-06,584.82,Bank Transfer,Failed,POL61467343
PAY58624112,2023-03-29,436.98,Cash,Failed,POL95032278
PAY65295178,2022-09-17,1044.7,Bank Transfer,Failed,POL90480498
PAY84094573,2024-04-16,1478.62,Credit Card,Failed,POL70096611
PAY89306424,2023-03-26,438.05,Credit Card,Failed,POL83104314
PAY95642867,2022-03-31,920.75,Credit Card,Successful,POL03026921
PAY02533461,2024-06-13,269.59,Cash,Successful,POL26020657
PAY49898310,2023-11-28,1276.58,Cash,Successful,POL25767436
PAY22693635,2024-05-16,1043.57,Credit Card,Failed,POL77958772
PAY79482982,2023-09-12,250.77,Cash,Successful,POL21795687
PAY25311560,2024-06-27,1485.48,Cash,Failed,POL87408952
PAY72578519,2022-01-13,1080.99,Bank Transfer,Failed,POL37802566
PAY43204897,2023-05-04,869.4,Cash,Failed,POL02457205
PAY60072580,2024-05-07,1206.49,Bank Transfer,Successful,POL45056410
PAY73336150,2022-11-04,1039.44,Cash,Successful,POL87735228
PAY77646162,2024-10-21,1223.05,Credit Card,Successful,POL37551406
PAY89512835,2022-11-12,322.95,Bank Transfer,Failed,POL82098917
PAY67946056,2024-04-09,626.96,Credit Card,Successful,POL93648130
PAY60616604,2022-01-08,427.06,Bank Transfer,Successful,POL15877374
PAY77436920,2022-03-26,951.51,Credit Card,Failed,POL72255591
PAY83665561,2022-05-17,1308.54,Cash,Failed,POL75133618
PAY91529878,2023-07-13,224.13,Bank Transfer,Successful,POL45200895
PAY94762201,2022-11-25,467.29,Credit Card,Successful,POL85712571
PAY59429705,2022-08-09,1326.54,Cash,Successful,POL94710663
PAY82703026,2023-05-02,1306.17,Credit Card,Successful,POL17484037
PAY12941649,2024-04-18,753.7,Cash,Successful,POL44326317
PAY67989372,2022-12-16,541.71,Cash,Failed,POL31918611
PAY55238988,2022-05-07,493.43,Cash,Successful,POL56971563
PAY01549487,2024-06-04,725.92,Cash,Failed,POL20853634
PAY05633093,2024-08-28,1061.55,Credit Card,Failed,POL19823419
PAY06202544,2024-09-22,246.77,Credit Card,Successful,POL25054429
PAY37157313,2024-05-27,1026.28,Cash,Failed,POL06082159
PAY95093656,2023-04-07,900.09,Cash,Successful,POL66258798
PAY79716426,2023-08-19,1376.64,Credit Card,Failed,POL30677627
PAY33782498,2023-01-28,1410.77,Cash,Successful,POL40270611
PAY88771893,2024-06-28,317.98,Cash,Successful,POL99720690
PAY06195893,2023-01-14,1069.51,Cash,Successful,POL18884095
PAY84173805,2024-11-24,1126.91,Credit Card,Failed,POL28107867
PAY92560522,2023-03-17,396.51,Bank Transfer,Successful,POL35164038
PAY90424166,2024-03-17,715.02,Bank Transfer,Failed,POL90998412
PAY25209445,2024-10-12,455.26,Cash,Failed,POL48239604
PAY11673259,2023-08-01,540.63,Cash,Failed,POL83630860
PAY79951575,2022-05-03,57.59,Cash,Successful,POL65656910
PAY74725423,2024-10-10,576.42,Credit Card,Failed,POL19625007
PAY11674182,2023-01-04,719.2,Bank Transfer,Failed,POL52791225
PAY32256343,2023-03-26,1146.59,Credit Card,Failed,POL26021266
PAY71775393,2022-07-07,169.82,Cash,Failed,POL14494138
PAY20208791,2024-07-24,438.35,Credit Card,Successful,POL68368522
PAY83115899,2022-01-14,155.99,Bank Transfer,Successful,POL56933693
PAY27068380,2022-08-10,677.03,Bank Transfer,Successful,POL69225417
PAY82852385,2022-11-05,225.18,Cash,Failed,POL76509626
PAY72294962,2022-10-18,485.99,Credit Card,Failed,POL09199923
PAY19868885,2023-05-08,381.99,Cash,Failed,POL85601999
PAY19687890,2024-08-15,331.75,Cash,Failed,POL25023935
PAY37080097,2024-07-29,1112.75,Credit Card,Successful,POL51866369
PAY93368678,2024-03-24,665.22,Cash,Failed,POL89952764
PAY39841062,2023-06-23,190.85,Credit Card,Failed,POL01530992
PAY55375400,2022-10-29,138.88,Bank Transfer,Successful,POL03268061
PAY81485855,2022-08-07,684.77,Cash,Failed,POL73654382
PAY97139046,2024-10-31,147.09,Credit Card,Failed,POL98651946
PAY58504570,2024-07-29,662.94,Credit Card,Failed,POL45017081
PAY01342974,2022-08-03,1155.86,Bank Transfer,Successful,POL39397182
PAY53717460,2024-04-14,1181.95,Bank Transfer,Successful,POL48790077
PAY42392809,2024-11-26,425.98,Credit Card,Successful,POL49595777
PAY20513898,2022-05-30,1140.1,Cash,Failed,POL54636446
PAY85383822,2022-06-21,316.72,Credit Card,Failed,POL33884251
PAY86427198,2022-05-11,1194,Bank Transfer,Successful,POL09476689
PAY22372874,2024-05-12,901.77,Cash,Failed,POL81404875
PAY16872235,2022-02-12,1409.16,Cash,Successful,POL02597557
PAY48108418,2023-06-23,187.29,Cash,Failed,POL09606287
PAY04751928,2022-04-06,829.59,Credit Card,Failed,POL58013295
PAY67013857,2024-03-01,501.81,Cash,Successful,POL83231801
PAY59017904,2023-11-07,926,Cash,Failed,POL01332140
PAY66847012,2022-03-19,203.01,Cash,Successful,POL12296231
PAY91817057,2022-12-04,1469.22,Credit Card,Successful,POL90485670
PAY52978704,2023-05-14,827.26,Credit Card,Successful,POL74047876
PAY62637238,2024-02-07,412.73,Credit Card,Failed,POL93764594
PAY98323719,2022-10-28,1104.02,Cash,Failed,POL17886964
PAY13716641,2022-12-03,630.88,Bank Transfer,Failed,POL52716316
PAY51317289,2024-06-06,578.03,Bank Transfer,Failed,POL15628115
PAY42325359,2022-10-08,845.94,Bank Transfer,Successful,POL59950728
PAY19122225,2022-10-05,662.76,Credit Card,Successful,POL80050460
PAY42134755,2023-08-03,151.42,Cash,Successful,POL80015306
PAY17447643,2022-10-23,384.64,Bank Transfer,Failed,POL01056651
PAY91086070,2022-07-28,1058.62,Cash,Successful,POL75784905
PAY44897404,2024-09-27,178.35,Bank Transfer,Failed,POL94407943
PAY28067332,2024-11-21,248.99,Bank Transfer,Failed,POL04101668
PAY73045582,2023-05-05,107.88,Bank Transfer,Failed,POL42267896
PAY08114923,2024-04-03,998.51,Cash,Failed,POL97525814
PAY69901780,2023-03-05,1062.11,Bank Transfer,Failed,POL79185105
PAY90724857,2022-06-02,376.6,Cash,Successful,POL09115909
PAY29980223,2024-11-09,497.35,Cash,Successful,POL42143112
PAY72662835,2022-04-27,211.36,Bank Transfer,Failed,POL50504166
PAY07688170,2024-04-02,347.25,Bank Transfer,Successful,POL67510645
PAY55778966,2023-04-09,387.79,Cash,Failed,POL40589612
PAY60607686,2022-11-03,136.43,Cash,Failed,POL90485670
PAY01184097,2024-07-09,299.36,Bank Transfer,Successful,POL28224422
PAY87505550,2022-08-01,790.57,Bank Transfer,Successful,POL20797511
PAY38352440,2022-04-21,258.51,Cash,Successful,POL89382366
PAY84204452,2022-01-04,1325.75,Bank Transfer,Successful,POL83094866
PAY89828816,2024-02-19,60.93,Bank Transfer,Failed,POL74071022
PAY11005222,2022-07-22,1258.24,Cash,Failed,POL02586223
PAY66284844,2024-11-01,377.26,Cash,Failed,POL27999053
PAY88459297,2022-01-15,1486.46,Cash,Successful,POL50110641
PAY27812261,2023-02-08,1092.07,Bank Transfer,Failed,POL41122818
PAY60979925,2024-02-17,1120.21,Credit Card,Failed,POL60169232
PAY28432706,2024-08-25,438.09,Cash,Failed,POL07805552
PAY64321756,2024-06-21,1334.88,Credit Card,Failed,POL10130655
PAY09821154,2022-06-15,1448.88,Cash,Successful,POL03359385
PAY07711643,2023-02-14,1210.01,Credit Card,Successful,POL08154404
PAY78341492,2022-09-29,140.12,Credit Card,Failed,POL01378372
PAY91489651,2024-10-15,730.57,Bank Transfer,Successful,POL58817915
PAY15484475,2023-08-09,1117,Cash,Failed,POL13070623
PAY30994060,2024-04-28,1023.42,Credit Card,Failed,POL06989593
PAY95138698,2024-01-08,1054.89,Bank Transfer,Successful,POL87616796
PAY04982828,2024-07-28,264.72,Cash,Successful,POL55078458
PAY95736796,2022-04-04,1455.24,Bank Transfer,Successful,POL65991604
PAY47497281,2022-04-07,1399.31,Bank Transfer,Failed,POL63414573
PAY21672573,2023-01-04,1441.91,Cash,Failed,POL96387470
PAY17578786,2022-10-15,790.36,Credit Card,Successful,POL36885821
PAY47613892,2023-03-15,92.01,Credit Card,Successful,POL05346693
PAY00999992,2023-01-16,404.33,Credit Card,Failed,POL38530404
PAY32072461,2022-05-16,125.75,Bank Transfer,Failed,POL26720328
PAY82019666,2022-01-16,331.64,Credit Card,Successful,POL61380833
PAY49371405,2024-03-17,517.64,Credit Card,Successful,POL94998693
PAY81846539,2022-08-23,892.74,Credit Card,Successful,POL15886204
PAY76081668,2023-05-19,1025.78,Bank Transfer,Failed,POL07837542
PAY19704350,2024-11-22,144.73,Credit Card,Failed,POL24756615
PAY31663309,2023-10-17,1298.23,Bank Transfer,Successful,POL39911083
PAY92818247,2022-05-31,399.08,Bank Transfer,Successful,POL22111965
PAY97233476,2022-05-22,1334.43,Cash,Successful,POL01471307
PAY04587410,2023-06-02,1160.65,Bank Transfer,Successful,POL58817915
PAY16976717,2023-04-23,191.32,Bank Transfer,Successful,POL46263397
PAY45431957,2022-05-16,1152.6,Credit Card,Successful,POL75237627
PAY29565918,2022-03-28,519.13,Credit Card,Failed,POL20769779
PAY17308947,2024-05-09,803.33,Cash,Successful,POL03021304
PAY01474129,2024-01-29,121.5,Credit Card,Successful,POL47058325
PAY07644831,2022-04-05,937.1,Bank Transfer,Failed,POL52722786
PAY95713462,2021-12-29,474.68,Credit Card,Successful,POL81732788
PAY96090753,2024-11-28,722.73,Credit Card,Successful,POL28656372
PAY87529536,2023-02-12,172.97,Credit Card,Successful,POL65459247
PAY53173542,2024-11-10,1497.74,Credit Card,Failed,POL19625007
PAY51409229,2024-04-07,897.06,Credit Card,Failed,POL05438535
PAY55408707,2024-05-06,463,Bank Transfer,Successful,POL80301647
PAY14672334,2024-10-17,119.63,Bank Transfer,Failed,POL99360572
PAY37604747,2022-05-16,799.15,Bank Transfer,Successful,POL38790391
PAY17566720,2024-08-04,743.74,Credit Card,Successful,POL69557850
PAY02517253,2022-07-15,1240.6,Cash,Successful,POL16232154
PAY86815092,2023-10-14,533.02,Bank Transfer,Successful,POL16364468
PAY22765634,2023-04-21,943.26,Credit Card,Successful,POL09030327
PAY54445474,2024-03-08,696.46,Bank Transfer,Failed,POL40635868
PAY05614135,2024-09-02,1184.93,Bank Transfer,Failed,POL53944841
PAY87409844,2023-07-30,390.65,Credit Card,Failed,POL38512389
PAY12555639,2022-09-16,1446.59,Credit Card,Failed,POL21488909
PAY30824315,2022-09-18,898.26,Cash,Failed,POL71010293
PAY64090634,2022-09-27,619.88,Bank Transfer,Successful,POL04286300
PAY37478550,2024-12-11,1430.99,Cash,Failed,POL06516392
PAY89798214,2023-07-11,315.62,Cash,Failed,POL88776548
PAY53109648,2024-08-19,970.39,Credit Card,Successful,POL61605343
PAY04592370,2023-07-30,752.29,Cash,Failed,POL06351305
PAY96005866,2022-01-03,677.93,Credit Card,Failed,POL54078734
PAY90125289,2023-04-04,1183.54,Bank Transfer,Successful,POL57894817
PAY84411526,2023-01-29,519.87,Credit Card,Failed,POL97881678
PAY78179793,2024-08-20,1471.75,Credit Card,Successful,POL31589660
PAY14181514,2024-07-09,818.2,Bank Transfer,Failed,POL40288131
PAY38366977,2024-07-21,346.26,Credit Card,Successful,POL85051035
PAY56176483,2022-02-18,1093.97,Cash,Failed,POL32907592
PAY37603924,2022-06-11,354.56,Credit Card,Successful,POL64674789
PAY40878072,2024-08-01,1154.36,Bank Transfer,Successful,POL73362780
PAY82130143,2023-05-18,110.62,Credit Card,Successful,POL46853221
PAY07040092,2023-06-17,1081.4,Cash,Failed,POL04129775
PAY39241248,2022-12-29,538.83,Credit Card,Successful,POL12388538
PAY70998333,2022-09-16,611.51,Bank Transfer,Failed,POL76924114
PAY62805001,2024-09-06,166.3,Cash,Failed,POL15402724
PAY01423702,2022-10-08,459.62,Credit Card,Failed,POL71377159
PAY13341217,2023-04-16,714.95,Credit Card,Failed,POL38989710
PAY10239352,2022-07-23,1031.47,Credit Card,Successful,POL76903743
PAY57118006,2023-11-09,267.96,Credit Card,Failed,POL84921954
PAY80603115,2023-12-15,1308.52,Credit Card,Successful,POL76589663
PAY50628554,2022-08-10,856.06,Cash,Failed,POL42020993
PAY17547923,2022-08-21,1446.96,Credit Card,Failed,POL96023706
PAY32558926,2023-11-25,750.26,Bank Transfer,Successful,POL94500784
PAY99948876,2023-09-28,162.4,Bank Transfer,Successful,POL56451530
PAY38309356,2023-07-31,1195.24,Credit Card,Failed,POL46009613
PAY72020393,2023-11-06,664.27,Cash,Successful,POL92258412
PAY07564099,2022-01-09,263.35,Cash,Failed,POL05346693
PAY37734796,2022-10-11,1262,Cash,Successful,POL98940145
PAY94008320,2023-02-21,755.62,Cash,Failed,POL17357252
PAY17331497,2024-02-28,687.88,Credit Card,Failed,POL53180986
PAY45421435,2022-05-01,327.88,Bank Transfer,Failed,POL24773335
PAY78582288,2023-04-21,1485.75,Bank Transfer,Failed,POL87324459
PAY36629238,2024-05-02,810,Cash,Failed,POL32483993
PAY36898015,2024-09-02,232.16,Cash,Successful,POL55645770
PAY43711823,2023-04-30,1114.37,Bank Transfer,Failed,POL63440106
PAY10524635,2024-07-15,1058.88,Bank Transfer,Failed,POL29760380
PAY57310886,2022-02-20,858.01,Bank Transfer,Successful,POL15413250
PAY89793516,2022-05-07,1251.64,Credit Card,Failed,POL63838195
PAY09202680,2023-01-28,622.54,Bank Transfer,Successful,POL43061696
PAY96867865,2024-06-01,403.68,Cash,Successful,POL58108694
PAY13000483,2023-05-27,1003.36,Cash,Failed,POL32252482
PAY97844230,2024-05-05,1018.38,Cash,Successful,POL27507809
PAY80300504,2022-06-15,1420.83,Credit Card,Successful,POL95397773
PAY98458631,2024-11-21,1126.98,Cash,Successful,POL84230041
PAY62648659,2023-01-06,1220.11,Bank Transfer,Failed,POL42192806
PAY02774988,2022-10-21,535.23,Cash,Successful,POL55586584
PAY08468201,2023-03-29,1317.76,Cash,Successful,POL18819689
PAY57149465,2024-02-12,51.17,Credit Card,Successful,POL79308293
PAY60471713,2024-04-07,991.56,Cash,Failed,POL15832827
PAY66467684,2024-01-16,314.89,Credit Card,Failed,POL77573735
PAY34121128,2023-02-05,290.2,Cash,Successful,POL98820628
PAY95397061,2023-05-30,704.19,Credit Card,Failed,POL80888212
PAY17107594,2022-10-12,512.45,Credit Card,Successful,POL48638488
PAY44838877,2024-11-02,1245.19,Bank Transfer,Failed,POL73709176
PAY48556837,2022-07-31,334.46,Credit Card,Successful,POL18133239
PAY01826194,2022-09-02,137.24,Bank Transfer,Failed,POL35313589
PAY09263596,2024-10-28,706.38,Credit Card,Failed,POL63446191
PAY55216912,2024-06-19,1303.3,Bank Transfer,Failed,POL27152348
PAY23130406,2023-04-01,1222.93,Cash,Failed,POL02405593
PAY45902458,2023-03-15,847.75,Credit Card,Failed,POL15463503
PAY59004449,2024-10-02,1073.52,Bank Transfer,Failed,POL82064166
PAY15527596,2023-05-06,1415.76,Cash,Failed,POL66937444
PAY10405326,2022-02-16,1416.95,Credit Card,Successful,POL43365109
PAY16452925,2024-11-22,1051.76,Cash,Successful,POL48921687
PAY68007003,2022-04-07,535.74,Bank Transfer,Successful,POL30360159
PAY32148396,2023-12-29,363.01,Credit Card,Successful,POL47630985
PAY49251342,2023-02-14,707.24,Bank Transfer,Successful,POL09632911
PAY86490261,2023-04-18,89.76,Bank Transfer,Successful,POL93562061
PAY36110478,2024-06-26,373.68,Cash,Failed,POL35832686
PAY93887318,2022-07-05,1137.6,Cash,Failed,POL72056803
PAY66217350,2022-12-19,734.84,Cash,Successful,POL68508137
PAY21112266,2023-08-02,128.69,Credit Card,Successful,POL24059480
PAY50127286,2024-04-05,833.72,Cash,Successful,POL24716865
PAY23752018,2022-05-02,351.61,Credit Card,Failed,POL35649929
PAY40230982,2022-07-27,1288.37,Cash,Failed,POL68934095
PAY76913754,2022-04-18,557.61,Cash,Failed,POL18840628
PAY03995351,2022-10-07,1429.69,Cash,Failed,POL63789313
PAY52787717,2023-09-16,555.87,Cash,Successful,POL55696704
PAY87417963,2023-09-29,877.53,Bank Transfer,Successful,POL38182158
PAY02707507,2024-04-12,809.96,Cash,Successful,POL08851218
PAY27481614,2023-05-25,967.6,Bank Transfer,Successful,POL75103781
PAY88473680,2023-10-04,1328.36,Credit Card,Failed,POL53010731
PAY00683325,2022-09-05,344.13,Credit Card,Failed,POL60737583
PAY39021878,2023-06-18,499.14,Credit Card,Successful,POL02979851
PAY78547675,2024-06-28,1259.09,Cash,Failed,POL74597020
PAY92609140,2024-10-08,614.3,Cash,Failed,POL76497051
PAY25065707,2022-01-25,882.86,Credit Card,Failed,POL31856502
PAY63232434,2024-06-25,332.57,Credit Card,Failed,POL95905175
PAY75523153,2022-09-09,712.4,Bank Transfer,Failed,POL58013295
PAY38046528,2024-11-18,859.16,Cash,Successful,POL25823193
PAY21055262,2022-10-23,1186.92,Credit Card,Successful,POL89182008
PAY88581260,2022-05-03,711.22,Credit Card,Failed,POL54662210
PAY89855876,2023-04-28,1498.89,Cash,Failed,POL26196435
PAY56013416,2024-05-06,1466.44,Credit Card,Failed,POL82098917
PAY88692804,2022-03-13,147.24,Credit Card,Failed,POL05460747
PAY95921910,2024-05-09,894.14,Bank Transfer,Successful,POL73536906
PAY56606615,2023-10-12,1489.75,Bank Transfer,Failed,POL37879847
PAY63408048,2023-09-26,321.11,Cash,Successful,POL13591287
PAY73761875,2022-10-27,1161.22,Cash,Successful,POL19065185
PAY36128213,2024-07-02,103.85,Cash,Failed,POL44698969
PAY65464973,2022-09-19,682.56,Cash,Failed,POL30790566
PAY84296088,2023-09-20,397.42,Credit Card,Failed,POL87573741
PAY64247957,2022-11-15,630.45,Credit Card,Successful,POL04530162
PAY68448809,2023-11-19,1495.86,Cash,Failed,POL21472760
PAY27812678,2024-05-28,1370.67,Credit Card,Failed,POL99781193
PAY43937461,2024-12-02,197.06,Cash,Successful,POL18638801
PAY69661546,2022-05-02,628.58,Credit Card,Failed,POL59124038
PAY80296551,2023-09-24,437.14,Bank Transfer,Successful,POL39911083
PAY96702356,2024-07-10,75.74,Cash,Successful,POL84222350
PAY08730673,2024-09-18,947.62,Credit Card,Failed,POL30234855
PAY75757694,2022-05-23,1109.4,Credit Card,Failed,POL51973963
PAY67340080,2023-07-10,1468.66,Cash,Failed,POL07640768
PAY09709652,2023-03-22,98.45,Bank Transfer,Failed,POL82132627
PAY08437207,2024-04-18,340.26,Cash,Failed,POL79844892
PAY33151399,2022-09-03,942.21,Bank Transfer,Failed,POL02926047
PAY00661614,2023-06-19,353.91,Bank Transfer,Successful,POL77573735
PAY84182857,2022-10-06,583.43,Credit Card,Successful,POL78513544
PAY40329071,2023-12-13,802.5,Cash,Failed,POL21075384
PAY66938415,2023-04-13,190.83,Cash,Successful,POL22925819
PAY34970003,2023-05-20,53.98,Bank Transfer,Failed,POL31916884
PAY40214516,2024-05-07,192.2,Credit Card,Successful,POL13830672
PAY48415216,2022-05-30,419.59,Credit Card,Successful,POL32168354
PAY60099836,2023-12-21,1463.14,Credit Card,Successful,POL94226268
PAY46584988,2024-11-22,1068.26,Bank Transfer,Failed,POL02926047
PAY05137286,2024-03-09,1029.27,Credit Card,Failed,POL32160258
PAY03766823,2023-04-12,638.02,Cash,Failed,POL07946398
PAY16247443,2023-05-18,1371.32,Cash,Successful,POL64932236
PAY48000119,2022-10-09,1077.3,Bank Transfer,Failed,POL02696657
PAY67249987,2023-02-28,930.38,Credit Card,Successful,POL42878655
PAY98790483,2024-01-17,399.01,Credit Card,Failed,POL36578852
PAY72762677,2023-09-13,831.93,Cash,Failed,POL71033011
PAY20035750,2024-10-20,927.04,Credit Card,Successful,POL65038532
PAY41480969,2022-07-05,1214.04,Cash,Successful,POL90886331
PAY58611271,2024-05-19,700.45,Credit Card,Successful,POL98940145
PAY48377517,2023-08-11,289.52,Bank Transfer,Failed,POL33850550
PAY04908845,2024-04-02,245.56,Bank Transfer,Successful,POL43096448
PAY49159896,2022-05-21,1094.3,Credit Card,Successful,POL75572994
PAY65428253,2024-11-07,787.72,Credit Card,Successful,POL85498031
PAY81552425,2022-09-21,1128.34,Cash,Successful,POL96689813
PAY59121132,2023-07-03,687.33,Cash,Successful,POL66935971
PAY51159116,2022-05-27,1216.38,Bank Transfer,Successful,POL87932414
PAY15668618,2024-05-02,359.55,Cash,Failed,POL76059961
PAY00022797,2023-02-15,609,Bank Transfer,Failed,POL63448098
PAY82078697,2023-10-08,79.19,Bank Transfer,Failed,POL72882206
PAY76832656,2022-01-31,797.5,Cash,Failed,POL87603432
PAY01721547,2024-06-13,405.43,Cash,Failed,POL74506974
PAY24118331,2022-04-07,168.76,Cash,Failed,POL27372206
PAY33163272,2023-04-02,751.57,Credit Card,Successful,POL98940145
PAY88944809,2023-02-17,1391.88,Credit Card,Failed,POL77060064
PAY16048453,2023-12-23,1388.7,Credit Card,Successful,POL80674848
PAY02926834,2023-04-20,943.57,Cash,Failed,POL42603948
PAY23745288,2022-09-24,306.73,Cash,Failed,POL24131589
PAY23030908,2022-09-25,838.66,Bank Transfer,Failed,POL15402724
PAY55706108,2023-09-29,1236.96,Cash,Successful,POL75089142
PAY45134297,2022-06-05,761.8,Cash,Failed,POL40274075
PAY89765000,2023-03-04,970.87,Credit Card,Failed,POL30595324
PAY51581106,2022-11-17,1174.95,Credit Card,Failed,POL24987681
PAY65137594,2024-05-06,919.17,Bank Transfer,Failed,POL04747372
PAY38146219,2022-07-01,495.39,Credit Card,Successful,POL82524320
PAY05179907,2023-12-22,555.73,Bank Transfer,Successful,POL11850737
PAY44201230,2023-11-15,640.21,Cash,Successful,POL68805263
PAY83601510,2023-08-08,389.39,Bank Transfer,Successful,POL35373090
PAY05034077,2024-02-12,84.01,Bank Transfer,Successful,POL95451699
PAY59577504,2023-06-10,431.72,Cash,Failed,POL09146332
PAY71873569,2022-04-10,354.02,Credit Card,Successful,POL20325916
PAY11862883,2024-06-20,933.78,Bank Transfer,Failed,POL83669063
PAY63841606,2024-02-28,420.75,Credit Card,Successful,POL47455160
PAY32646888,2022-05-23,753.36,Bank Transfer,Successful,POL48412691
PAY94007451,2023-11-03,309.04,Bank Transfer,Failed,POL21623003
PAY20372830,2022-10-16,1475.96,Cash,Failed,POL90938074
PAY36510336,2024-09-14,1489.32,Bank Transfer,Successful,POL70310488
PAY37622675,2022-08-12,842.99,Cash,Successful,POL12536451
PAY99752985,2022-07-20,223.92,Cash,Failed,POL88784690
PAY86242883,2023-02-18,1146.32,Cash,Successful,POL63897899
PAY98458383,2024-11-05,582.95,Bank Transfer,Successful,POL21103923
PAY56438439,2024-02-19,774.25,Credit Card,Successful,POL83165381
PAY82422782,2022-07-04,312.73,Credit Card,Successful,POL19547339
PAY53095101,2024-01-30,1333.82,Cash,Successful,POL78473646
PAY21339817,2023-11-14,1465.16,Credit Card,Successful,POL17393791
PAY83572920,2023-02-08,1089.5,Bank Transfer,Failed,POL53146582
PAY54913559,2024-07-13,1033.78,Bank Transfer,Failed,POL95538571
PAY45434620,2024-06-28,874.4,Bank Transfer,Failed,POL61699231
PAY88475769,2022-02-12,1466.42,Bank Transfer,Successful,POL14708909
PAY52367267,2024-04-30,1160.14,Bank Transfer,Successful,POL33232710
PAY49895578,2022-12-29,917.73,Bank Transfer,Failed,POL04747372
PAY43780938,2022-11-21,1431.89,Credit Card,Successful,POL84238087
PAY70833475,2022-05-24,245,Credit Card,Successful,POL64631990
PAY32659869,2024-06-19,1080.34,Credit Card,Successful,POL01887189
PAY61430785,2022-08-08,119.67,Bank Transfer,Successful,POL23581745
PAY42443757,2023-10-01,113.93,Credit Card,Failed,POL37452247
PAY37683911,2022-09-13,365.75,Cash,Successful,POL97046010
PAY03088497,2023-07-10,1121.84,Bank Transfer,Failed,POL53578236
PAY14306626,2022-05-30,703.32,Bank Transfer,Failed,POL50892587
PAY49108395,2023-07-24,888.56,Cash,Successful,POL46047482
PAY31632309,2022-08-04,1189.34,Bank Transfer,Failed,POL57116310
PAY67675403,2022-12-16,1471.79,Credit Card,Successful,POL28804957
PAY33078995,2024-10-09,227.91,Cash,Successful,POL77743586
PAY24568412,2023-09-21,356.1,Bank Transfer,Successful,POL39664673
PAY30774896,2023-01-21,108.82,Bank Transfer,Successful,POL39219301
PAY95537443,2022-06-18,497.13,Bank Transfer,Failed,POL97583432
PAY29226397,2022-12-27,130.76,Bank Transfer,Failed,POL56373098
PAY04892535,2024-04-06,503.28,Cash,Successful,POL73324138
PAY80269952,2023-01-07,724.65,Cash,Successful,POL13213398
PAY37649171,2022-08-07,162.1,Credit Card,Successful,POL81184325
PAY42545514,2022-05-27,179.28,Credit Card,Successful,POL48412691
PAY17873389,2024-05-20,1209.82,Credit Card,Failed,POL27312649
PAY43537646,2023-04-16,314.88,Cash,Failed,POL46278459
PAY74786955,2023-06-14,1245.94,Credit Card,Failed,POL44808829
PAY30122999,2023-02-24,1464.56,Credit Card,Successful,POL03461173
PAY62800010,2024-09-17,1161.91,Cash,Successful,POL54249410
PAY18689724,2022-06-21,1450.62,Bank Transfer,Successful,POL44829275
PAY54479101,2023-03-25,1018.76,Cash,Failed,POL48533616
PAY82395281,2023-03-08,1248.28,Credit Card,Successful,POL03870309
PAY24649777,2022-03-26,447.62,Cash,Successful,POL81202373
PAY34131187,2023-03-28,1068.93,Credit Card,Successful,POL68142821
PAY52052108,2022-01-31,219.84,Cash,Failed,POL60646707
PAY85708873,2022-04-24,926.75,Cash,Failed,POL22301304
PAY96624505,2023-10-07,342.74,Credit Card,Failed,POL81605555
PAY79019323,2022-05-31,757.14,Bank Transfer,Failed,POL10353696
PAY26984770,2024-09-24,1442.14,Cash,Failed,POL18917162
PAY42217943,2023-02-18,131.88,Cash,Successful,POL50872071
PAY36118648,2023-12-23,1213.17,Cash,Failed,POL18985962
PAY75177554,2023-01-11,846.61,Bank Transfer,Successful,POL91419021
PAY65744286,2023-07-16,478.68,Bank Transfer,Failed,POL59354713
PAY45596066,2022-03-05,987.29,Bank Transfer,Successful,POL83680669
PAY51369683,2024-09-16,350.46,Credit Card,Failed,POL12387142
PAY64472564,2022-01-06,812.95,Cash,Successful,POL41338647
PAY77743678,2023-11-30,1291.75,Bank Transfer,Successful,POL87933513
PAY24962836,2023-11-09,403.24,Credit Card,Failed,POL32316303
PAY77406304,2023-11-21,195.79,Bank Transfer,Failed,POL94943347
PAY68327252,2022-07-06,1323.09,Credit Card,Successful,POL45315654
PAY55598157,2024-04-18,1419.06,Credit Card,Successful,POL57458461
PAY47212932,2024-10-23,1140.28,Credit Card,Successful,POL36090611
PAY62640886,2024-08-11,687.09,Cash,Failed,POL22639534
PAY89012254,2024-04-08,1486.35,Cash,Failed,POL09615361
PAY19590991,2022-04-11,583.16,Cash,Successful,POL67199375
PAY06450584,2023-04-25,1098.67,Credit Card,Successful,POL09725206
PAY99460794,2023-12-16,590.8,Credit Card,Successful,POL56700369
PAY11891962,2024-05-01,782.65,Cash,Failed,POL02597557
PAY64968371,2024-09-23,453.33,Cash,Successful,POL19274658
PAY51300726,2023-05-18,751.04,Credit Card,Successful,POL46408344
PAY20889311,2022-06-06,833.67,Bank Transfer,Successful,POL89029482
PAY32836504,2023-03-29,1245.9,Cash,Failed,POL16384443
PAY91942039,2023-07-24,1388.5,Credit Card,Failed,POL33132201
PAY20242841,2024-10-25,927.18,Cash,Failed,POL49101853
PAY07779216,2022-04-29,1258.25,Cash,Failed,POL66670427
PAY01075245,2023-05-01,389.97,Cash,Successful,POL01371032
PAY74470147,2023-04-11,186.4,Cash,Successful,POL54989284
