Policy ID,Policy Type,Coverage Amount,Premium Amount,Policy Start Date,Policy End Date,Payment Frequency,Status,Customer ID,,
POL27806251,Property,436672,1273.79,2018-12-27,2024-08-21,Monthly,Lapsed,CUST55344519,,
POL96934398,Auto,102437,1556.75,2021-09-03,2024-08-02,Monthly,Terminated,CUST71194311,,
POL93505220,Auto,88101,886.53,2018-01-30,2026-01-03,Monthly,Lapsed,CUST58699451,,
POL39531025,Property,459915,197.75,2022-04-03,2032-02-15,Quarterly,Terminated,CUST72186583,,
POL38769300,Health,22098,868.51,2021-10-02,2027-09-18,Quarterly,Active,CUST04808502,,
POL07841878,Health,347514,1931.83,2020-09-17,2026-08-28,Monthly,Active,CUST47527169,,
POL21963992,Property,288036,247.04,2018-03-27,2019-08-04,Monthly,Active,CUST57892719,,
POL64589705,Health,394231,152.13,2024-06-14,2025-12-04,Quarterly,Terminated,CUST97231935,,
POL49133977,Property,148162,1383.65,2015-04-06,2019-09-23,Quarterly,Terminated,CUST67080051,,
POL80278196,Life,376522,1546.14,2020-11-01,2027-06-22,Quarterly,Lapsed,CUST45705025,,
POL89935970,Property,499740,1488.73,2021-02-19,2027-12-09,Quarterly,Active,CUST47003736,,
POL40425029,Life,413248,279.96,2021-08-07,2024-06-20,Monthly,Active,CUST15756529,,
POL59138324,Health,274869,288.84,2020-07-18,2027-05-07,Annually,Lapsed,CUST24464034,,
POL79312567,Auto,17245,186.85,2024-09-11,2034-04-28,Annually,Active,CUST18926459,,
POL05760636,Life,86153,1863.95,2024-10-02,2027-10-12,Annually,Active,CUST92370305,,
POL09606287,Life,430745,722.68,2024-01-04,2025-11-29,Monthly,Terminated,CUST93527354,,
POL70474651,Health,327028,962.68,2023-11-05,2030-05-19,Monthly,Lapsed,CUST54507478,,
POL89907664,Life,74169,492.23,2022-03-04,2029-01-09,Monthly,Terminated,CUST00235004,,
POL64943722,Health,221353,824.14,2023-12-23,2030-04-27,Annually,Terminated,CUST54318231,,
POL90960707,Health,276513,890.01,2022-11-18,2025-09-13,Annually,Active,CUST65008360,,
POL59179996,Property,209276,315.72,2018-02-04,2025-04-09,Monthly,Active,CUST18337391,,
POL24718635,Property,284606,730.56,2022-07-27,2027-12-13,Annually,Active,CUST94024764,,
POL19704549,Property,107142,872.55,2018-08-10,2025-06-03,Quarterly,Lapsed,CUST37162794,,
POL99720690,Life,43579,981.71,2015-04-18,2023-07-17,Monthly,Active,CUST80574300,,
POL07613630,Health,103548,1927.96,2019-02-03,2026-07-26,Monthly,Active,CUST53450793,,
POL68368522,Health,467228,1359.2,2019-11-17,2025-09-04,Annually,Lapsed,CUST00957425,,
POL96166579,Life,132969,1666.16,2017-04-04,2024-10-31,Monthly,Terminated,CUST78371218,,
POL78863924,Health,192018,1528.72,2020-09-23,2023-11-29,Monthly,Lapsed,CUST36691624,,
POL66542527,Life,209098,1670.55,2019-05-23,2024-04-30,Quarterly,Active,CUST09670639,,
POL21617511,Health,302289,748.41,2020-04-29,2028-05-19,Quarterly,Terminated,CUST23186598,,
POL96023706,Life,312505,1031.19,2019-12-26,2028-12-25,Annually,Active,CUST47187133,,
POL42325037,Property,169535,824.98,2016-05-21,2018-05-28,Quarterly,Terminated,CUST71225485,,
POL40460695,Auto,56730,1622.87,2023-05-14,2032-06-27,Quarterly,Lapsed,CUST00428034,,
POL78206308,Property,171704,1598.68,2020-08-31,2021-09-15,Quarterly,Lapsed,CUST60187719,,
POL52956070,Auto,382120,1501.18,2023-10-04,2028-01-06,Monthly,Active,CUST25673219,,
POL39046123,Health,32087,483.06,2021-01-06,2028-06-11,Quarterly,Active,CUST73404920,,
POL51620232,Life,60445,757.14,2018-07-01,2027-08-25,Annually,Lapsed,CUST01691078,,
POL36575612,Property,68226,886.95,2018-10-22,2026-08-06,Annually,Active,CUST30000380,,
POL48412691,Auto,354308,237.23,2022-08-20,2029-05-17,Monthly,Lapsed,CUST31924421,,
POL15402724,Health,39002,1757.07,2019-10-30,2027-12-28,Annually,Lapsed,CUST82780241,,
POL83997445,Property,431985,1615.36,2019-10-11,2024-09-11,Annually,Terminated,CUST57732941,,
POL20505761,Health,320924,261.74,2024-10-27,2032-12-20,Quarterly,Terminated,CUST26702312,,
POL69974800,Property,345959,1252.45,2017-05-04,2021-07-10,Quarterly,Active,CUST32321186,,
POL30601696,Health,147344,255.09,2021-12-31,2025-03-21,Quarterly,Active,CUST37922598,,
POL62179381,Auto,426864,1872.17,2022-06-17,2026-10-23,Monthly,Terminated,CUST81469819,,
POL77239759,Health,239948,1756.6,2022-01-12,2028-03-03,Quarterly,Lapsed,CUST62368924,,
POL44219481,Health,197458,1192.48,2019-02-28,2028-07-17,Annually,Terminated,CUST20014882,,
POL75428993,Life,288667,527.69,2015-12-25,2019-02-19,Annually,Lapsed,CUST80499403,,
POL65504828,Health,195603,1759.66,2015-11-02,2021-10-08,Monthly,Terminated,CUST70215391,,
POL96603488,Life,146452,1737.04,2023-07-13,2032-03-10,Quarterly,Terminated,CUST33662644,,
POL13213398,Auto,46873,1536.7,2018-02-13,2022-10-06,Quarterly,Active,CUST48448849,,
POL27777205,Auto,480192,599.11,2015-10-25,2021-04-18,Monthly,Lapsed,CUST85120425,,
POL30200147,Life,276767,660.18,2022-07-04,2032-06-19,Annually,Active,CUST55837978,,
POL32552913,Property,456557,846.03,2019-03-20,2025-08-30,Quarterly,Lapsed,CUST38923831,,
POL35209226,Auto,92652,142.47,2023-01-01,2027-03-13,Monthly,Lapsed,CUST58439547,,
POL51049013,Life,251162,688.07,2016-12-22,2023-03-20,Monthly,Terminated,CUST24079117,,
POL79914241,Auto,176907,1849.05,2018-06-03,2021-06-12,Monthly,Terminated,CUST96653745,,
POL63077295,Health,334854,582.68,2022-11-23,2027-08-23,Quarterly,Terminated,CUST31891472,,
POL19274658,Property,483238,1259.72,2017-01-08,2026-12-21,Annually,Terminated,CUST15254113,,
POL28043223,Auto,163477,310.86,2022-06-04,2028-12-20,Quarterly,Active,CUST53206356,,
POL43343233,Life,168658,1725.78,2016-04-29,2025-01-28,Annually,Terminated,CUST02447950,,
POL02336146,Health,257448,994.07,2022-04-13,2027-07-29,Monthly,Terminated,CUST79910497,,
POL01239814,Auto,357404,1184.12,2015-06-12,2023-10-04,Annually,Active,CUST91867775,,
POL64805692,Health,49415,1483.23,2018-05-16,2022-09-21,Annually,Terminated,CUST94119943,,
POL79704681,Auto,290735,811.42,2016-12-23,2020-04-04,Annually,Terminated,CUST68517617,,
POL77826609,Life,345291,1580.02,2018-07-20,2021-04-14,Quarterly,Lapsed,CUST71284835,,
POL06037561,Life,314600,1751.73,2024-10-31,2027-06-27,Quarterly,Lapsed,CUST27130653,,
POL50239325,Health,33623,1174.4,2020-09-08,2024-04-19,Annually,Active,CUST04086033,,
POL83266915,Auto,411525,1526.83,2024-09-24,2028-12-16,Monthly,Terminated,CUST70562742,,
POL18867984,Auto,363978,1327.53,2024-10-31,2033-05-23,Monthly,Terminated,CUST32764229,,
POL50802042,Life,213344,1212.56,2020-01-06,2025-01-22,Quarterly,Lapsed,CUST54795828,,
POL76748109,Auto,140627,465.01,2019-11-15,2021-03-09,Monthly,Lapsed,CUST78885562,,
POL48874486,Life,392394,469.83,2015-02-01,2022-06-17,Annually,Active,CUST33244265,,
POL91116374,Property,86485,1903.93,2016-11-05,2026-02-14,Annually,Active,CUST09709314,,
POL91686015,Property,486630,175.56,2018-03-15,2024-01-15,Quarterly,Active,CUST55738104,,
POL13029856,Health,226087,1328.37,2023-12-10,2032-08-03,Quarterly,Lapsed,CUST28568796,,
POL28573734,Auto,381377,221.67,2021-12-29,2026-02-28,Monthly,Active,CUST39886299,,
POL90664485,Auto,147224,1777.44,2016-07-08,2023-02-09,Quarterly,Lapsed,CUST62519479,,
POL25630495,Health,24442,933.89,2017-02-12,2021-10-28,Annually,Lapsed,CUST03591575,,
POL58909677,Property,400332,106.67,2023-03-02,2031-11-12,Monthly,Active,CUST29405035,,
POL21300763,Health,101006,741.17,2022-05-14,2031-03-10,Monthly,Terminated,CUST42357086,,
POL27708077,Health,74443,1851.28,2017-09-26,2026-07-02,Annually,Active,CUST25851292,,
POL97831639,Property,250730,717,2023-05-10,2032-07-24,Quarterly,Lapsed,CUST99294379,,
POL66952651,Life,202161,305.52,2018-06-06,2022-01-13,Quarterly,Lapsed,CUST37934673,,
POL36273981,Health,424309,1346.48,2022-05-08,2027-09-08,Annually,Terminated,CUST70375510,,
POL34621999,Health,484208,1018.8,2023-07-02,2026-12-01,Monthly,Lapsed,CUST03769712,,
POL72333651,Auto,19652,1431.27,2016-12-12,2026-11-26,Annually,Terminated,CUST59559298,,
POL60474745,Auto,204488,1189.7,2022-10-29,2032-03-20,Monthly,Terminated,CUST50443721,,
POL48632113,Auto,345863,873.18,2017-02-17,2019-12-15,Quarterly,Active,CUST63958064,,
POL95138693,Property,496597,1516.77,2015-02-04,2017-10-01,Annually,Lapsed,CUST40389603,,
POL55883370,Property,91037,623.37,2015-04-04,2019-08-08,Quarterly,Terminated,CUST01863550,,
POL45719981,Health,173662,1135.27,2021-06-24,2026-07-25,Annually,Terminated,CUST97609761,,
POL49483988,Auto,55748,330.03,2021-09-28,2024-06-07,Annually,Active,CUST75662303,,
POL01860747,Property,432018,889.86,2018-08-03,2024-10-12,Quarterly,Terminated,CUST69145217,,
POL49959847,Auto,221447,562.4,2018-03-18,2020-09-18,Quarterly,Active,CUST29828643,,
POL69437529,Health,287646,1028.56,2019-12-04,2025-09-06,Quarterly,Terminated,CUST01590733,,
POL71731028,Life,465909,1123.29,2016-02-29,2019-11-19,Monthly,Terminated,CUST82593555,,
POL22702092,Auto,231419,754.5,2022-07-07,2029-11-12,Annually,Terminated,CUST00277838,,
POL21489269,Life,441413,211.68,2021-12-28,2029-07-31,Quarterly,Lapsed,CUST42144401,,
POL45984534,Health,375417,971.47,2020-06-20,2025-03-10,Monthly,Lapsed,CUST47660840,,
POL21893654,Auto,45606,879.41,2024-02-22,2026-11-16,Annually,Terminated,CUST86116437,,
POL88802098,Auto,273960,479.65,2023-08-10,2026-08-07,Quarterly,Active,CUST51519356,,
POL47409156,Health,264789,1905.54,2019-12-24,2026-05-07,Annually,Active,CUST73828464,,
POL12333540,Health,46816,1668.53,2021-08-01,2029-04-13,Annually,Terminated,CUST21128128,,
POL97112066,Auto,343290,1056.55,2024-08-04,2029-06-25,Quarterly,Active,CUST83206040,,
POL83318258,Health,85187,1452.71,2024-03-28,2030-10-03,Monthly,Active,CUST09191986,,
POL98060005,Life,239992,1403.26,2024-03-03,2028-09-25,Annually,Active,CUST08620277,,
POL54140134,Auto,101121,1043.2,2022-01-29,2031-08-06,Monthly,Lapsed,CUST04695158,,
POL68523270,Auto,232985,551.03,2023-02-12,2030-12-23,Quarterly,Active,CUST88220946,,
POL24523489,Life,185550,119.84,2021-01-11,2030-10-01,Annually,Terminated,CUST86360336,,
POL63559916,Auto,293991,1559.1,2024-01-06,2027-12-14,Quarterly,Lapsed,CUST32620909,,
POL04817251,Health,315961,1371.88,2024-12-05,2030-12-03,Annually,Lapsed,CUST50159026,,
POL16158469,Property,291697,162.3,2019-12-03,2024-03-12,Quarterly,Active,CUST08745607,,
POL70411495,Auto,333007,1773.53,2024-11-29,2028-03-15,Annually,Terminated,CUST49016326,,
POL04317062,Life,184280,264.53,2024-03-27,2030-07-06,Quarterly,Lapsed,CUST72652198,,
POL65664761,Health,289837,244.93,2024-01-05,2031-11-15,Quarterly,Lapsed,CUST42907501,,
POL97107834,Auto,106213,1088.26,2018-09-12,2024-09-17,Annually,Lapsed,CUST25095128,,
POL54636114,Life,135480,1918.9,2021-01-31,2027-05-31,Annually,Lapsed,CUST75884494,,
POL46770635,Auto,42831,269.51,2015-03-18,2016-08-30,Annually,Active,CUST63224514,,
POL31689204,Property,74092,1563.36,2015-10-25,2023-02-17,Quarterly,Terminated,CUST50829047,,
POL01562531,Health,80311,780.75,2024-07-07,2027-04-18,Monthly,Active,CUST41801829,,
POL05208106,Auto,409481,162.41,2016-08-05,2019-02-17,Annually,Terminated,CUST90806547,,
POL82154213,Auto,403717,1963.57,2015-02-17,2016-06-23,Quarterly,Terminated,CUST02892033,,
POL93979639,Auto,249856,1824.69,2015-12-26,2020-01-24,Monthly,Active,CUST25235794,,
POL42360341,Property,494603,1737.08,2024-06-11,2033-06-17,Quarterly,Active,CUST37286375,,
POL06836904,Health,194085,1037.14,2018-12-26,2026-03-03,Quarterly,Lapsed,CUST18040436,,
POL56668614,Health,216613,801.06,2023-01-31,2032-07-29,Annually,Active,CUST71549116,,
POL30563403,Health,344108,890.14,2016-10-31,2020-02-24,Quarterly,Active,CUST03785984,,
POL99360572,Health,440794,861.52,2019-11-26,2022-04-27,Monthly,Terminated,CUST86176694,,
POL34787590,Auto,398931,1916.87,2022-01-25,2030-05-26,Quarterly,Lapsed,CUST82342677,,
POL87094510,Health,193514,324.05,2016-12-02,2021-04-06,Monthly,Lapsed,CUST89973347,,
POL39823507,Auto,410538,1015.17,2023-10-11,2030-09-20,Annually,Lapsed,CUST69530630,,
POL27805496,Auto,227002,275.18,2015-11-24,2022-03-31,Annually,Active,CUST48697725,,
POL75285626,Property,229938,957.72,2023-03-30,2033-01-31,Quarterly,Terminated,CUST38324332,,
POL33045617,Auto,220956,288.63,2020-08-09,2028-11-27,Annually,Terminated,CUST87912840,,
POL43978572,Health,327057,1405.9,2021-02-01,2022-08-07,Annually,Active,CUST14150053,,
POL97172919,Property,126771,1118.25,2021-05-23,2028-06-05,Quarterly,Active,CUST61113978,,
POL57660624,Auto,81928,1967.27,2019-01-03,2028-11-10,Quarterly,Lapsed,CUST84444696,,
POL97141577,Property,175514,1004.72,2024-12-15,2029-09-05,Monthly,Lapsed,CUST79853995,,
POL72882206,Property,404422,858.64,2016-10-25,2018-02-22,Annually,Terminated,CUST05834498,,
POL18209726,Property,445308,725.37,2015-03-01,2020-11-29,Annually,Active,CUST90453067,,
POL13830672,Property,232447,1800.99,2024-01-10,2032-10-04,Monthly,Lapsed,CUST70814033,,
POL47058325,Life,221931,436.6,2023-08-20,2030-01-12,Annually,Active,CUST10638398,,
POL81166647,Health,239272,758.71,2016-04-02,2018-01-05,Annually,Active,CUST57771662,,
POL38243316,Property,55791,459.16,2023-09-17,2025-10-09,Monthly,Active,CUST10072038,,
POL54451854,Auto,68103,1196.35,2021-11-03,2029-06-14,Annually,Terminated,CUST86319543,,
POL82263236,Health,367230,1168.47,2021-02-18,2024-09-01,Annually,Terminated,CUST64402425,,
POL90131284,Life,318411,786.87,2024-05-23,2026-02-23,Quarterly,Lapsed,CUST12138426,,
POL26293582,Life,155031,499.26,2017-02-12,2025-09-30,Quarterly,Terminated,CUST93980968,,
POL78678051,Property,476410,269.28,2023-02-13,2030-06-21,Annually,Active,CUST00931814,,
POL47598430,Property,26158,1570.05,2024-05-09,2025-09-04,Quarterly,Active,CUST07975719,,
POL81442858,Health,375571,1988.32,2017-02-13,2026-02-03,Monthly,Lapsed,CUST94694770,,
POL55191578,Health,434502,157.38,2021-01-21,2024-01-05,Monthly,Lapsed,CUST44886949,,
POL27120331,Health,265186,612.64,2020-03-07,2029-09-22,Monthly,Active,CUST66760762,,
POL07162543,Auto,51832,1077.26,2016-12-14,2018-08-18,Monthly,Active,CUST24817468,,
POL95376981,Property,483726,759.62,2024-12-17,2032-09-15,Quarterly,Active,CUST80620284,,
POL52820408,Auto,271449,1752.52,2021-04-19,2026-03-15,Monthly,Terminated,CUST02597184,,
POL19547939,Auto,428483,1282.64,2018-02-03,2023-04-13,Monthly,Terminated,CUST81461842,,
POL68111520,Health,99188,274.16,2021-10-05,2028-03-17,Monthly,Active,CUST84535664,,
POL36499322,Auto,102740,328.55,2020-07-16,2028-05-22,Monthly,Active,CUST81795137,,
POL32150481,Life,241414,1278.33,2019-04-20,2027-04-13,Annually,Terminated,CUST78772723,,
POL88380542,Life,147408,1688.01,2020-04-05,2022-10-11,Monthly,Terminated,CUST35180038,,
POL80647168,Property,120453,1831.12,2019-05-12,2027-09-26,Monthly,Active,CUST30512637,,
POL38987416,Health,42350,664.09,2022-01-09,2028-10-28,Monthly,Active,CUST29662093,,
POL00083014,Life,202142,152.98,2021-09-02,2027-06-19,Quarterly,Terminated,CUST40516075,,
POL31461864,Life,344602,135.38,2020-03-14,2026-03-18,Annually,Terminated,CUST63054181,,
POL54483538,Auto,116896,1572.59,2016-09-22,2020-12-18,Quarterly,Terminated,CUST44342472,,
POL81378407,Property,150335,1598.5,2016-09-26,2025-11-06,Quarterly,Active,CUST78637134,,
POL61308425,Property,420245,1942.6,2023-11-10,2030-08-11,Monthly,Terminated,CUST79016088,,
POL38013131,Auto,41991,1790.2,2022-01-03,2028-04-16,Monthly,Terminated,CUST67038482,,
POL05346323,Life,377821,469.6,2024-04-20,2031-07-26,Monthly,Lapsed,CUST09841369,,
POL64258389,Health,140119,1024.26,2024-07-17,2030-06-01,Monthly,Active,CUST28357312,,
POL17357252,Property,18996,956.31,2015-11-11,2024-12-26,Annually,Active,CUST48850257,,
POL34904099,Health,272809,1124.44,2020-06-12,2026-03-05,Annually,Terminated,CUST27766368,,
POL72738203,Property,390280,149.66,2017-09-17,2022-11-07,Quarterly,Terminated,CUST89789123,,
POL70954405,Life,374009,632.62,2019-08-31,2021-03-07,Monthly,Terminated,CUST31880004,,
POL51543894,Life,380943,939.87,2024-02-02,2032-09-21,Annually,Lapsed,CUST13550777,,
POL80620404,Life,235410,1802.02,2021-06-02,2029-03-12,Annually,Active,CUST44465471,,
POL91781501,Auto,395542,1061.48,2024-05-17,2027-05-05,Annually,Terminated,CUST28258809,,
POL32483993,Property,420010,385.29,2017-12-29,2023-07-23,Quarterly,Lapsed,CUST85782454,,
POL24708378,Property,480930,1670.95,2016-01-21,2021-07-28,Monthly,Lapsed,CUST91731661,,
POL16494384,Life,135597,665.39,2018-11-25,2026-05-08,Quarterly,Active,CUST99752125,,
POL16772067,Property,419673,633.32,2021-07-16,2025-08-03,Annually,Terminated,CUST14765095,,
POL43083313,Property,441767,110.3,2023-06-28,2029-12-02,Annually,Active,CUST46531153,,
POL49745850,Life,275830,297.7,2017-09-16,2026-09-15,Quarterly,Active,CUST34620167,,
POL32270366,Auto,413253,1998.45,2021-04-27,2023-06-17,Quarterly,Terminated,CUST85393599,,
POL76043297,Life,244348,1235.85,2018-10-20,2026-01-23,Quarterly,Terminated,CUST54690850,,
POL60143824,Property,184518,451.76,2016-09-24,2025-06-10,Annually,Active,CUST49025513,,
POL97550763,Property,376780,917.23,2018-10-01,2026-11-07,Quarterly,Lapsed,CUST99491156,,
POL97742612,Health,214878,1410.03,2015-09-20,2023-11-25,Quarterly,Lapsed,CUST19037538,,
POL64302284,Life,356682,268.56,2022-12-01,2030-02-12,Quarterly,Terminated,CUST13120356,,
POL56785706,Health,55923,1131.35,2017-04-12,2025-10-03,Monthly,Terminated,CUST32846580,,
POL80161505,Health,493849,838.25,2017-11-19,2020-11-01,Annually,Active,CUST04000203,,
POL49730272,Health,445568,131.14,2014-12-27,2021-09-24,Monthly,Terminated,CUST78820833,,
POL48692889,Property,412837,186.64,2018-08-27,2025-02-09,Annually,Terminated,CUST81231769,,
POL59708414,Property,173862,796.34,2021-11-20,2025-12-10,Quarterly,Active,CUST23310336,,
POL12912083,Health,170586,1546.55,2021-06-13,2029-05-21,Annually,Active,CUST46066510,,
POL77831101,Life,252855,302.5,2016-06-20,2018-07-11,Annually,Lapsed,CUST68626692,,
POL13181341,Auto,253055,1559.22,2021-07-23,2022-11-25,Quarterly,Terminated,CUST36567638,,
POL28786930,Health,322411,1005.36,2023-09-24,2033-08-10,Annually,Active,CUST66940113,,
POL84549394,Life,476816,1895.29,2015-04-07,2017-06-22,Annually,Active,CUST79911540,,
POL10704502,Life,387265,1955.95,2022-03-07,2025-06-18,Annually,Lapsed,CUST72770326,,
POL38732884,Auto,224029,654.53,2018-10-27,2027-05-24,Annually,Lapsed,CUST28036132,,
POL75720719,Property,217324,1178.78,2022-06-21,2030-02-14,Quarterly,Terminated,CUST60321460,,
POL26162057,Property,498524,1926.13,2024-09-12,2027-09-07,Monthly,Terminated,CUST38042136,,
POL75089142,Health,171074,1616.33,2020-08-03,2028-03-04,Quarterly,Lapsed,CUST61439560,,
POL66183736,Life,60223,675.97,2021-08-13,2025-05-22,Monthly,Lapsed,CUST05450712,,
POL62525398,Property,154435,1893.11,2022-06-10,2026-02-28,Quarterly,Terminated,CUST37913516,,
POL28794187,Auto,357459,1979.12,2021-05-27,2025-09-01,Annually,Active,CUST81990768,,
POL92222297,Life,335760,716.72,2018-01-05,2025-08-06,Quarterly,Terminated,CUST91620963,,
POL01033936,Health,49582,1063.3,2015-05-12,2023-11-28,Monthly,Terminated,CUST24118417,,
POL76374292,Life,209384,1635,2024-05-02,2029-04-20,Monthly,Active,CUST52047636,,
POL87664346,Health,457671,858.11,2016-05-28,2023-03-08,Monthly,Active,CUST92413522,,
POL62189642,Health,250248,1596.32,2020-10-03,2025-06-01,Monthly,Terminated,CUST01201519,,
POL60737583,Life,436656,260.41,2015-04-07,2016-12-13,Quarterly,Active,CUST64207063,,
POL95387029,Life,461997,1328.99,2015-09-13,2016-10-06,Annually,Terminated,CUST03009511,,
POL32733098,Auto,312144,322.6,2017-07-18,2025-06-25,Monthly,Active,CUST75677412,,
POL77019254,Auto,256949,1429.6,2019-02-14,2027-03-01,Annually,Terminated,CUST18606913,,
POL02597557,Life,311114,1853.48,2023-07-29,2033-07-19,Monthly,Terminated,CUST56082389,,
POL45321254,Life,334368,870.18,2024-06-01,2031-05-17,Quarterly,Lapsed,CUST34079657,,
POL24753734,Auto,268269,934.18,2024-02-08,2026-11-01,Annually,Terminated,CUST86185759,,
POL21924883,Property,470195,1378.18,2023-11-17,2025-01-01,Annually,Active,CUST04029713,,
POL45105855,Auto,291122,1455.42,2020-07-16,2025-11-22,Annually,Terminated,CUST37708358,,
POL53613913,Auto,400186,1271.19,2016-12-04,2023-06-11,Quarterly,Active,CUST19737564,,
POL22302710,Auto,104109,1110.15,2023-04-27,2027-04-10,Quarterly,Terminated,CUST00457976,,
POL37452247,Health,488822,574.72,2024-07-04,2033-02-12,Monthly,Active,CUST45887020,,
POL67279435,Property,313685,864.7,2018-08-17,2026-03-10,Monthly,Active,CUST55395846,,
POL61218156,Property,339225,1875.95,2018-09-01,2022-09-07,Quarterly,Terminated,CUST05685909,,
POL38619975,Property,216739,122.36,2016-08-09,2026-07-22,Quarterly,Terminated,CUST12281036,,
POL88503599,Property,289085,488.67,2024-06-29,2031-04-06,Annually,Lapsed,CUST24435883,,
POL69041241,Property,214993,389.54,2016-04-12,2023-04-05,Quarterly,Active,CUST37261327,,
POL46495596,Health,279346,1774.55,2019-07-15,2028-09-17,Monthly,Lapsed,CUST71267407,,
POL34251194,Auto,405303,565.18,2022-05-25,2029-03-14,Annually,Active,CUST75793791,,
POL77104949,Life,296843,632.57,2023-02-21,2031-12-31,Annually,Lapsed,CUST14877396,,
POL40125720,Health,407110,1228.02,2016-08-26,2024-02-02,Quarterly,Active,CUST57815971,,
POL63626262,Auto,20097,1334.1,2021-03-01,2030-01-27,Annually,Lapsed,CUST66017391,,
POL74568057,Auto,171483,640.63,2024-04-11,2027-12-31,Annually,Lapsed,CUST99661721,,
POL52774850,Auto,139461,555.77,2016-09-16,2024-08-05,Quarterly,Active,CUST16021924,,
POL17282682,Life,136145,1233.34,2024-04-26,2025-10-27,Annually,Active,CUST94142986,,
POL81122472,Life,362330,997.75,2023-11-09,2028-04-08,Monthly,Active,CUST52700712,,
POL39104228,Life,306200,509.74,2020-11-16,2025-05-02,Monthly,Lapsed,CUST50637961,,
POL39650167,Property,357244,1237.98,2022-03-11,2031-09-21,Annually,Lapsed,CUST48026120,,
POL76903743,Health,115205,1541.49,2023-06-11,2026-06-07,Quarterly,Terminated,CUST30108387,,
POL82111920,Property,243381,148.96,2015-03-24,2018-11-29,Annually,Active,CUST28917499,,
POL39805762,Health,167087,550.32,2023-03-26,2029-01-08,Quarterly,Terminated,CUST85589913,,
POL50354765,Auto,492655,1055.39,2022-09-03,2029-10-16,Monthly,Active,CUST08450980,,
POL61924951,Auto,262390,660.41,2016-09-13,2025-07-10,Monthly,Terminated,CUST20225726,,
POL48511316,Auto,111882,894.53,2018-02-12,2023-12-26,Annually,Terminated,CUST30476742,,
POL51366884,Health,151784,589.75,2019-06-26,2025-06-02,Annually,Terminated,CUST48173143,,
POL46853221,Health,154487,273.75,2024-06-27,2029-01-26,Quarterly,Active,CUST69457285,,
POL03944211,Property,15972,1004.52,2015-10-06,2021-08-15,Monthly,Lapsed,CUST94332597,,
POL15004770,Life,304826,228.79,2019-01-15,2026-03-26,Quarterly,Lapsed,CUST20309690,,
POL04951844,Health,187358,1926.98,2024-10-03,2031-07-18,Monthly,Active,CUST40987292,,
POL38588789,Property,78399,822.81,2015-02-24,2025-02-08,Quarterly,Lapsed,CUST27802022,,
POL82419107,Auto,90148,1778.29,2016-01-10,2023-12-04,Annually,Active,CUST27928402,,
POL33737447,Auto,50576,1716.88,2024-03-23,2028-11-28,Monthly,Active,CUST54795828,,
POL64767382,Property,246411,185.75,2020-09-05,2026-07-25,Annually,Active,CUST69019373,,
POL23594772,Health,37049,1979.52,2022-05-03,2031-12-11,Monthly,Terminated,CUST86615154,,
POL94518815,Property,453532,1021.59,2022-04-10,2030-09-30,Quarterly,Active,CUST89988266,,
POL37985546,Auto,441924,1923.86,2019-05-29,2026-08-12,Monthly,Active,CUST90005709,,
POL95836164,Auto,439637,947.28,2019-03-03,2023-06-14,Annually,Lapsed,CUST75237860,,
POL41393239,Property,303838,1083.91,2020-01-22,2023-03-06,Monthly,Terminated,CUST45479654,,
POL95244165,Life,192291,378.41,2024-12-02,2031-09-10,Quarterly,Lapsed,CUST86814379,,
POL63274681,Health,137139,1183.17,2015-10-13,2025-10-05,Quarterly,Lapsed,CUST56689353,,
POL97969575,Life,169345,1068.99,2016-08-15,2018-12-03,Monthly,Active,CUST78057650,,
POL33330579,Auto,485212,1025.38,2020-07-12,2026-07-07,Quarterly,Terminated,CUST91459619,,
POL82251135,Health,173816,1571.12,2019-08-22,2024-10-03,Quarterly,Lapsed,CUST94135201,,
POL93411965,Life,139710,1578.89,2024-09-22,2032-06-12,Quarterly,Lapsed,CUST81601074,,
POL22177049,Health,250750,751.5,2016-06-06,2019-06-26,Annually,Terminated,CUST61371484,,
POL02585077,Auto,130822,1280.08,2017-10-01,2020-03-26,Annually,Active,CUST63815413,,
POL01267201,Life,224911,1213.24,2021-08-15,2030-08-09,Monthly,Active,CUST19390619,,
POL45899805,Auto,360216,1310.98,2023-07-08,2027-01-31,Quarterly,Terminated,CUST24185675,,
POL76517809,Auto,493834,586.96,2017-09-16,2025-02-13,Monthly,Active,CUST31962963,,
POL88210682,Life,287990,531.81,2020-12-17,2029-12-28,Annually,Active,CUST35741824,,
POL85021281,Health,488912,1506.96,2023-01-27,2026-07-11,Monthly,Lapsed,CUST69103964,,
POL81192447,Health,448351,305.16,2022-10-17,2028-12-04,Monthly,Active,CUST92381290,,
POL75206437,Property,307267,934.68,2022-03-24,2030-03-18,Annually,Active,CUST87543401,,
POL49763923,Health,279073,1684.29,2023-11-30,2026-09-17,Quarterly,Lapsed,CUST24587752,,
POL10008915,Property,30683,1536.77,2014-12-31,2022-03-12,Annually,Active,CUST81424332,,
POL02313500,Auto,466951,1831.42,2023-06-26,2030-11-26,Quarterly,Terminated,CUST13466437,,
POL09750798,Property,422933,124.22,2016-10-25,2023-10-20,Monthly,Lapsed,CUST97654101,,
POL36666009,Property,395884,1737.91,2017-11-28,2022-10-14,Annually,Lapsed,CUST00150301,,
POL96855506,Property,372430,1090.82,2023-07-11,2025-06-20,Quarterly,Terminated,CUST36148354,,
POL71516749,Health,410794,1725.84,2021-03-30,2028-05-30,Annually,Lapsed,CUST85581495,,
POL95480869,Property,476330,503.18,2023-09-10,2029-08-11,Annually,Terminated,CUST34007755,,
POL46131890,Life,36237,1482.65,2017-01-30,2024-10-07,Annually,Terminated,CUST06656632,,
POL64900151,Auto,68167,372.41,2021-10-19,2029-10-18,Annually,Active,CUST38688913,,
POL42034856,Auto,58538,796.73,2021-05-06,2024-04-24,Quarterly,Terminated,CUST61552560,,
POL60897326,Health,434814,1588.93,2018-04-14,2022-03-03,Annually,Lapsed,CUST97800780,,
POL38380842,Health,67547,652.7,2017-10-01,2025-04-03,Monthly,Active,CUST79329107,,
POL51145073,Auto,329979,658.1,2022-04-01,2025-09-10,Quarterly,Terminated,CUST45848469,,
POL73019543,Life,485482,1009.98,2015-06-13,2024-11-23,Monthly,Active,CUST10202721,,
POL15948540,Auto,91110,1304.85,2018-09-20,2020-06-03,Quarterly,Lapsed,CUST85740069,,
POL45059272,Auto,224717,959.21,2021-01-19,2027-05-03,Quarterly,Terminated,CUST46135838,,
POL46263397,Auto,360092,865.23,2017-04-11,2021-11-05,Annually,Lapsed,CUST29662093,,
POL66640089,Auto,202518,1962.5,2015-08-31,2020-03-24,Annually,Active,CUST39109112,,
POL17047233,Health,118646,886.01,2019-02-10,2020-09-16,Annually,Terminated,CUST91136281,,
POL96919228,Auto,234987,1091.57,2021-07-01,2024-02-18,Quarterly,Terminated,CUST61552560,,
POL33693707,Life,96347,1026.62,2015-09-07,2019-07-29,Annually,Terminated,CUST04837076,,
POL81185546,Auto,419914,1703.82,2021-04-30,2027-05-06,Monthly,Active,CUST40947181,,
POL05429840,Property,452687,643.69,2022-09-28,2031-07-14,Monthly,Lapsed,CUST85912220,,
POL50110641,Health,134899,1525.26,2018-09-05,2027-10-14,Annually,Lapsed,CUST36291804,,
POL71744441,Property,45719,1178.85,2024-01-19,2026-09-14,Quarterly,Active,CUST56686028,,
POL80794764,Life,416921,850.4,2022-06-12,2023-07-11,Monthly,Lapsed,CUST78396108,,
POL64700295,Health,190977,613.68,2023-01-13,2027-04-05,Monthly,Lapsed,CUST26099440,,
POL98412521,Auto,403628,1501.08,2022-01-17,2026-04-12,Annually,Terminated,CUST08493059,,
POL23491107,Auto,212209,627.53,2016-03-11,2025-10-20,Annually,Active,CUST83363685,,
POL97266170,Property,249169,934.44,2018-12-07,2028-10-30,Annually,Active,CUST55627676,,
POL60046834,Auto,466708,1627.2,2017-07-13,2023-04-24,Annually,Active,CUST51111317,,
POL72656147,Health,158303,844.36,2020-01-28,2024-06-30,Quarterly,Lapsed,CUST30357576,,
POL74554228,Property,452312,1106.4,2024-10-03,2030-01-03,Quarterly,Active,CUST11612855,,
POL98054081,Property,48573,1392.21,2022-12-17,2026-05-16,Monthly,Active,CUST60824429,,
POL35020187,Life,466169,1358.37,2019-11-29,2029-10-06,Annually,Lapsed,CUST02991127,,
POL44308362,Property,303516,1158.86,2023-06-10,2033-05-31,Monthly,Active,CUST93992111,,
POL68261547,Health,410536,633.68,2023-04-11,2028-05-07,Quarterly,Active,CUST19108691,,
POL26905808,Property,141609,196.74,2021-05-24,2022-07-30,Quarterly,Terminated,CUST78462039,,
POL86166507,Life,214776,253.68,2016-04-08,2019-09-03,Quarterly,Lapsed,CUST13689205,,
POL50777099,Auto,334371,552.62,2021-01-12,2027-03-28,Annually,Terminated,CUST22397471,,
POL93547945,Life,46781,686.93,2022-11-18,2025-02-07,Quarterly,Terminated,CUST04561776,,
POL07046709,Health,36024,1853.04,2018-09-11,2025-02-24,Quarterly,Active,CUST53665257,,
POL21148415,Property,106670,632.96,2023-05-12,2031-08-23,Monthly,Terminated,CUST98992009,,
POL82205448,Auto,129412,1673.14,2015-03-26,2024-07-04,Quarterly,Lapsed,CUST79849439,,
POL12315723,Property,390789,1513.34,2017-04-19,2019-05-22,Monthly,Active,CUST54396483,,
POL47731308,Life,151544,395.65,2020-09-06,2024-11-26,Monthly,Active,CUST09474103,,
POL43397255,Health,133754,154.22,2017-09-08,2023-05-10,Quarterly,Terminated,CUST01185474,,
POL11204815,Auto,124735,204.52,2020-01-09,2025-06-06,Monthly,Lapsed,CUST56167007,,
POL99143995,Health,368669,144.68,2020-07-31,2026-11-02,Monthly,Lapsed,CUST70239521,,
POL26146635,Health,275838,321.71,2016-08-29,2018-01-22,Monthly,Active,CUST48452402,,
POL26656861,Life,138326,1402.71,2024-09-13,2030-02-28,Quarterly,Lapsed,CUST93751085,,
POL35610268,Health,116291,612.66,2019-12-27,2023-05-30,Annually,Lapsed,CUST78008020,,
POL85095212,Health,164189,1084.78,2016-11-10,2023-06-27,Annually,Active,CUST74762381,,
POL50064094,Life,432339,823.64,2019-05-26,2029-05-08,Monthly,Terminated,CUST40497767,,
POL21104754,Property,76260,1384.96,2020-06-25,2030-03-27,Monthly,Terminated,CUST73757395,,
POL17443101,Life,424710,996.74,2024-03-10,2025-04-04,Quarterly,Terminated,CUST80853586,,
POL13777499,Health,272922,343.2,2021-06-30,2024-09-07,Annually,Active,CUST94275292,,
POL64793827,Life,238235,1656.4,2019-01-31,2021-09-21,Monthly,Active,CUST09278133,,
POL04297854,Property,376917,1111.15,2020-08-20,2029-12-07,Monthly,Lapsed,CUST24392889,,
POL25054429,Property,338954,820.99,2015-07-02,2022-09-06,Annually,Active,CUST52334519,,
POL83519950,Property,323441,1832.8,2015-08-14,2025-04-07,Quarterly,Terminated,CUST26015722,,
POL01371032,Life,349012,731.27,2023-11-12,2033-08-06,Quarterly,Terminated,CUST63174810,,
POL73793836,Life,388832,1602.02,2015-03-29,2020-09-10,Annually,Lapsed,CUST60349469,,
POL96932553,Life,118535,805.62,2017-10-10,2019-01-23,Monthly,Terminated,CUST34385565,,
POL28853856,Life,142803,1928.8,2022-04-04,2025-10-23,Monthly,Active,CUST72652198,,
POL65042207,Property,239026,1460.75,2020-10-16,2028-04-16,Monthly,Active,CUST40045796,,
POL94939680,Health,462424,137.57,2023-08-02,2025-01-07,Monthly,Terminated,CUST10853720,,
POL31533848,Health,266312,471.86,2015-05-22,2022-08-22,Annually,Active,CUST94483327,,
POL06413142,Property,35387,368.87,2015-04-18,2020-06-04,Quarterly,Lapsed,CUST09520022,,
POL28065491,Property,186104,864.39,2017-05-11,2021-12-16,Monthly,Lapsed,CUST63233311,,
POL98433170,Auto,33114,453.66,2022-02-07,2024-09-17,Annually,Active,CUST83535400,,
POL73294320,Auto,283030,1725.1,2015-11-15,2017-03-20,Monthly,Terminated,CUST60130955,,
POL14657611,Property,483029,1752.28,2017-11-15,2023-04-10,Quarterly,Lapsed,CUST95624970,,
POL58974752,Property,237596,726.81,2022-12-21,2026-12-14,Annually,Active,CUST38365918,,
POL89482669,Health,330562,1679.97,2018-11-14,2020-10-10,Monthly,Terminated,CUST84108163,,
POL08716825,Health,448483,771.08,2016-09-13,2018-06-12,Quarterly,Active,CUST58545735,,
POL19720600,Life,281257,1952.89,2022-11-04,2031-11-04,Quarterly,Terminated,CUST25075822,,
POL16699537,Auto,312641,1023.37,2022-12-02,2025-04-25,Monthly,Terminated,CUST97427667,,
POL26365674,Life,315732,1003.84,2023-12-02,2026-07-16,Quarterly,Terminated,CUST50521862,,
POL86711709,Health,360716,845.05,2020-02-13,2029-10-11,Quarterly,Terminated,CUST87543401,,
POL29474046,Auto,143838,992.73,2022-05-13,2028-10-06,Annually,Lapsed,CUST43290947,,
POL45601263,Auto,322907,1115.8,2015-10-17,2019-04-20,Monthly,Lapsed,CUST88564180,,
POL61565872,Property,308673,1813.59,2015-06-04,2023-09-01,Annually,Terminated,CUST74326403,,
POL52327651,Auto,203894,974.62,2017-01-13,2018-09-27,Quarterly,Terminated,CUST96220731,,
POL40589612,Property,259130,1309.5,2017-08-14,2023-05-05,Quarterly,Active,CUST19050438,,
POL72673699,Auto,147649,1822.91,2022-05-13,2026-07-07,Monthly,Active,CUST87659219,,
POL86347307,Life,91932,923.84,2020-08-03,2025-07-19,Quarterly,Terminated,CUST70768869,,
POL74599769,Life,475179,622.45,2019-12-29,2029-03-18,Quarterly,Active,CUST10059686,,
POL02256240,Auto,240401,585.17,2020-10-17,2023-04-05,Quarterly,Active,CUST24107438,,
POL02002771,Health,239634,1599.3,2020-09-30,2027-10-24,Annually,Lapsed,CUST69731138,,
POL43561258,Auto,31875,975.87,2016-02-07,2023-03-08,Annually,Active,CUST80257562,,
POL83865881,Health,350959,603.87,2020-05-10,2024-01-20,Quarterly,Terminated,CUST96661441,,
POL91395324,Property,332486,933.6,2018-01-16,2022-07-10,Quarterly,Active,CUST11944824,,
POL86285298,Health,195869,786.5,2024-11-15,2031-05-01,Monthly,Lapsed,CUST93655605,,
POL86723130,Life,383574,915.35,2018-12-11,2028-08-21,Monthly,Lapsed,CUST09537081,,
POL32900389,Life,173919,1393,2024-01-02,2029-07-05,Quarterly,Terminated,CUST25676469,,
POL90610731,Health,355440,1268.27,2018-01-10,2023-10-28,Annually,Lapsed,CUST33290834,,
POL85757109,Health,482681,1351.18,2021-05-15,2023-05-31,Annually,Terminated,CUST05516743,,
POL11989725,Auto,193038,1237.43,2022-01-18,2026-08-06,Quarterly,Lapsed,CUST63815413,,
POL00974449,Auto,251495,1368.92,2020-04-12,2028-10-06,Annually,Active,CUST18686353,,
POL24717008,Health,47600,1474.7,2017-05-12,2025-07-05,Quarterly,Terminated,CUST14584400,,
POL34269181,Life,316937,309.78,2023-09-28,2031-07-26,Quarterly,Lapsed,CUST16443965,,
POL29465290,Property,367107,1255.74,2020-10-10,2022-10-08,Quarterly,Active,CUST98365528,,
POL62243302,Health,335451,596.43,2015-05-19,2019-03-28,Quarterly,Active,CUST29312542,,
POL64410288,Health,29271,1315.18,2016-12-07,2025-11-03,Monthly,Active,CUST25430988,,
POL99021522,Life,474504,1646.76,2019-09-24,2026-12-07,Monthly,Terminated,CUST50424339,,
POL82132627,Auto,461130,1336.96,2016-10-18,2022-09-10,Monthly,Lapsed,CUST09948159,,
POL60496337,Life,316634,1414.53,2016-12-20,2017-12-22,Quarterly,Active,CUST17130339,,
POL15628115,Health,441334,1931.24,2019-06-29,2028-11-12,Annually,Lapsed,CUST21126941,,
POL62548114,Health,270393,263.65,2018-12-21,2021-03-22,Quarterly,Active,CUST64728299,,
POL29520885,Health,331058,171.06,2021-06-15,2023-12-04,Annually,Active,CUST79795033,,
POL30595324,Life,361733,1635.92,2022-12-21,2026-10-21,Quarterly,Terminated,CUST77664811,,
POL03911421,Health,196164,226.69,2017-07-10,2023-01-06,Monthly,Terminated,CUST89603721,,
POL90576138,Auto,224111,1466.18,2024-05-20,2029-02-19,Monthly,Terminated,CUST42335952,,
POL84274065,Property,422709,1612.89,2019-01-26,2020-08-14,Annually,Lapsed,CUST81230725,,
POL83835374,Property,212060,326.08,2015-03-23,2016-07-27,Annually,Active,CUST78330003,,
POL59501098,Auto,220113,566.75,2022-10-24,2029-08-07,Quarterly,Terminated,CUST64051127,,
POL05014236,Life,180738,1277.45,2016-06-17,2019-11-05,Quarterly,Lapsed,CUST56880167,,
POL87430711,Property,247797,976.44,2022-04-05,2027-11-07,Quarterly,Lapsed,CUST81394306,,
POL04286300,Life,89320,1881.82,2018-07-20,2023-09-25,Monthly,Active,CUST41108480,,
POL27460532,Life,345245,249.7,2023-10-15,2028-01-26,Quarterly,Lapsed,CUST67298391,,
POL96972550,Property,401963,510.39,2020-06-14,2030-06-04,Annually,Lapsed,CUST76916753,,
POL58339093,Life,103772,565.86,2019-01-12,2025-05-06,Annually,Terminated,CUST85127866,,
POL44082493,Life,130749,539.27,2017-03-03,2019-05-09,Monthly,Terminated,CUST75884494,,
POL98942710,Health,373098,1116.45,2019-06-26,2026-09-13,Annually,Terminated,CUST26711431,,
POL33015134,Auto,20749,526.53,2019-09-17,2027-08-02,Monthly,Active,CUST70266451,,
POL56933693,Property,61480,1789.36,2021-06-02,2022-06-27,Monthly,Lapsed,CUST41268290,,
POL20256761,Life,315799,782.27,2023-07-05,2026-05-18,Quarterly,Lapsed,CUST91596645,,
POL85669523,Auto,322280,248.93,2020-06-15,2027-04-17,Quarterly,Lapsed,CUST97214840,,
POL59177631,Property,35008,1788.14,2017-04-24,2021-12-28,Quarterly,Terminated,CUST36507345,,
POL81473954,Health,479555,338.78,2023-03-15,2027-06-07,Annually,Lapsed,CUST39308148,,
POL03154234,Life,460099,1142.68,2021-12-07,2030-06-05,Quarterly,Terminated,CUST70357391,,
POL56172682,Health,266978,1988.45,2021-08-23,2027-12-07,Annually,Terminated,CUST18771479,,
POL33238422,Health,55375,1280.37,2015-06-12,2024-09-30,Annually,Lapsed,CUST16390802,,
POL27372206,Health,461499,253.93,2024-06-30,2025-08-12,Monthly,Lapsed,CUST91487291,,
POL10833752,Property,362121,236.51,2021-12-06,2023-01-04,Quarterly,Active,CUST44615637,,
POL40158884,Life,358163,1262.54,2023-11-08,2032-05-20,Monthly,Active,CUST04086033,,
POL78507070,Property,427330,434.16,2024-12-14,2026-08-26,Monthly,Lapsed,CUST64506627,,
POL19362691,Health,119931,1964.51,2018-01-15,2021-07-09,Quarterly,Terminated,CUST73838703,,
POL06565717,Auto,35391,732.06,2015-03-18,2024-12-08,Quarterly,Terminated,CUST49079642,,
POL26935323,Auto,318425,859.81,2018-08-21,2025-08-13,Monthly,Terminated,CUST71340569,,
POL71741054,Property,354095,675.57,2017-09-01,2023-01-04,Quarterly,Lapsed,CUST34044455,,
POL72311298,Health,234126,1124.72,2022-06-24,2030-12-23,Monthly,Terminated,CUST86143785,,
POL89729174,Health,234701,372.31,2015-06-06,2021-02-25,Monthly,Terminated,CUST83809007,,
POL86664104,Life,233117,853.96,2016-05-03,2019-08-22,Annually,Lapsed,CUST33350545,,
POL80418743,Auto,195897,873.53,2016-09-01,2020-02-29,Quarterly,Active,CUST26368794,,
POL37305327,Health,156517,484.6,2016-09-04,2020-03-19,Monthly,Active,CUST01418216,,
POL89665327,Life,115489,1213,2019-06-16,2022-10-01,Annually,Lapsed,CUST99294379,,
POL50162963,Health,47507,1100.68,2020-10-20,2024-02-26,Quarterly,Lapsed,CUST79016088,,
POL53959309,Property,138740,1219.12,2023-12-27,2029-08-11,Annually,Terminated,CUST39239739,,
POL63414573,Auto,397717,743.24,2024-11-08,2031-03-27,Monthly,Terminated,CUST17102318,,
POL01969422,Auto,256391,1473.86,2022-05-21,2031-06-12,Quarterly,Terminated,CUST49016326,,
POL95381325,Auto,158708,100.75,2024-06-03,2033-07-01,Monthly,Lapsed,CUST03615219,,
POL49392272,Health,223024,1457.31,2024-07-09,2033-12-10,Monthly,Active,CUST58068006,,
POL57078202,Life,158924,122.68,2019-11-13,2022-05-30,Quarterly,Lapsed,CUST17011157,,
POL73942123,Life,498666,1713.71,2018-04-26,2022-02-25,Quarterly,Lapsed,CUST59706553,,
POL54249410,Property,331580,797.87,2016-05-05,2025-03-23,Annually,Lapsed,CUST47542678,,
POL19058769,Health,493939,144.34,2016-03-04,2022-01-23,Quarterly,Active,CUST96709554,,
POL23237918,Auto,132842,537.43,2016-01-17,2021-07-28,Monthly,Active,CUST43760270,,
POL13071740,Auto,174954,1217.29,2019-04-27,2020-11-12,Annually,Active,CUST34044455,,
POL97923307,Auto,481077,870.12,2021-12-15,2026-06-06,Annually,Terminated,CUST40696387,,
POL96578326,Life,192427,1854.96,2016-02-01,2023-08-28,Monthly,Active,CUST00972517,,
POL84238087,Property,111901,1420.13,2022-07-28,2028-09-30,Quarterly,Lapsed,CUST59752065,,
POL41303027,Health,472621,1486.82,2017-10-09,2026-10-12,Monthly,Active,CUST08745607,,
POL98434828,Property,10085,310.58,2016-06-29,2021-01-16,Quarterly,Lapsed,CUST42820015,,
POL71218396,Auto,451039,1476.87,2022-02-12,2024-04-24,Annually,Active,CUST10569713,,
POL66883101,Property,152153,1246.96,2015-03-22,2020-06-03,Monthly,Terminated,CUST42009069,,
POL95137552,Auto,171173,912.98,2020-10-28,2022-11-03,Quarterly,Terminated,CUST66228845,,
POL45656881,Life,117685,1536.15,2018-09-24,2024-12-28,Monthly,Active,CUST07355992,,
POL38710685,Life,484035,169.34,2018-10-14,2024-04-17,Quarterly,Lapsed,CUST22397471,,
POL13276567,Auto,248845,1979.79,2022-11-22,2031-09-02,Quarterly,Lapsed,CUST20921135,,
POL31888448,Life,227364,394.57,2017-10-21,2022-02-09,Annually,Active,CUST73404920,,
POL03123237,Health,226275,1803.92,2018-05-09,2026-07-14,Annually,Terminated,CUST55740087,,
POL50504166,Auto,55326,273.86,2017-05-10,2021-06-09,Quarterly,Lapsed,CUST46496271,,
POL05439001,Auto,52504,521.15,2016-01-11,2018-05-05,Quarterly,Lapsed,CUST01158686,,
POL78750589,Property,350800,1044.55,2023-11-30,2031-11-27,Monthly,Active,CUST13785611,,
POL18037009,Health,63234,352.96,2018-02-12,2022-07-03,Quarterly,Active,CUST90193495,,
POL26720328,Life,21718,1722.53,2019-06-13,2023-01-26,Monthly,Terminated,CUST51701415,,
POL41993395,Auto,499612,227.7,2021-10-22,2027-06-19,Annually,Lapsed,CUST91449119,,
POL91390239,Property,32344,1458.29,2024-09-26,2032-03-05,Annually,Terminated,CUST32721526,,
POL39627448,Life,126347,1016.98,2021-05-21,2028-09-21,Annually,Lapsed,CUST81158705,,
POL78264122,Life,103545,1508.54,2021-03-25,2030-09-22,Monthly,Lapsed,CUST44428936,,
POL32302882,Property,44365,1686.48,2020-02-25,2022-01-21,Quarterly,Lapsed,CUST15839292,,
POL38485615,Health,235784,523.71,2019-08-11,2029-01-02,Annually,Terminated,CUST02254414,,
POL32589050,Auto,282406,1358.53,2018-06-19,2020-11-03,Monthly,Active,CUST39886299,,
POL45441486,Auto,354726,1887.5,2020-09-26,2026-06-15,Monthly,Terminated,CUST80741810,,
POL47794870,Auto,192293,445.14,2022-11-13,2027-12-09,Monthly,Lapsed,CUST74243218,,
POL95668571,Property,300875,995.52,2018-06-12,2023-11-21,Quarterly,Lapsed,CUST17621953,,
POL82008946,Property,257739,1750.22,2023-04-17,2026-09-29,Annually,Active,CUST62839618,,
POL81654453,Auto,434047,1251.35,2019-01-15,2021-04-19,Annually,Lapsed,CUST29927607,,
POL96760097,Life,423316,1249.73,2020-08-23,2030-04-19,Annually,Terminated,CUST71655174,,
POL31551903,Health,418176,1639.54,2019-10-10,2027-10-13,Annually,Active,CUST39534406,,
POL00074761,Health,286278,1694.09,2017-01-10,2026-06-08,Monthly,Terminated,CUST41261747,,
POL42519290,Health,473135,1024.8,2018-03-30,2028-02-16,Annually,Active,CUST72879222,,
POL27310887,Auto,209273,234.36,2019-12-29,2021-03-03,Monthly,Active,CUST76892770,,
POL07816782,Property,13935,1918.35,2015-08-15,2022-01-13,Quarterly,Active,CUST23301508,,
POL60030374,Life,310344,842.34,2024-05-19,2029-01-01,Quarterly,Terminated,CUST03843520,,
POL70572993,Life,139893,1174.73,2024-10-10,2027-04-04,Monthly,Lapsed,CUST93366412,,
POL50159442,Life,430273,504.66,2021-06-01,2026-10-30,Annually,Lapsed,CUST43326670,,
POL37935124,Auto,259647,1115.6,2023-01-05,2029-05-18,Annually,Terminated,CUST74762381,,
POL85929126,Life,417567,1106.08,2017-07-06,2024-04-30,Monthly,Lapsed,CUST86083356,,
POL52938288,Auto,424859,1923.61,2020-11-06,2023-06-30,Monthly,Terminated,CUST61933067,,
POL34332950,Health,291947,808.64,2018-09-29,2023-01-09,Annually,Terminated,CUST01743153,,
POL29296849,Property,295357,634.99,2020-09-13,2022-01-17,Annually,Lapsed,CUST28747234,,
POL84512558,Health,345129,199.86,2023-09-20,2024-10-04,Monthly,Active,CUST44420798,,
POL44115622,Auto,35268,1310.51,2016-06-28,2023-07-29,Monthly,Terminated,CUST00698672,,
POL17801092,Auto,35625,174.52,2023-06-12,2027-04-10,Monthly,Active,CUST68265494,,
POL39256265,Life,38421,1789.69,2020-03-13,2026-10-31,Annually,Terminated,CUST32721526,,
POL19672686,Property,107957,569.79,2016-12-10,2025-09-18,Annually,Active,CUST72244441,,
POL76377276,Health,485983,125.32,2024-10-16,2034-05-15,Annually,Terminated,CUST73144508,,
POL03458249,Auto,128045,1579.58,2017-05-14,2023-06-02,Annually,Active,CUST49648749,,
POL39135067,Auto,423005,1643.44,2019-12-16,2028-11-16,Monthly,Lapsed,CUST27330763,,
POL45114954,Auto,168109,700.94,2015-06-08,2021-09-15,Monthly,Active,CUST02388532,,
POL68938255,Auto,430569,548.17,2017-04-09,2024-03-11,Quarterly,Terminated,CUST61884842,,
POL02404416,Health,178255,1976.6,2023-10-09,2030-09-30,Quarterly,Active,CUST79033345,,
POL89295458,Property,318680,867.82,2023-12-15,2033-03-09,Annually,Active,CUST89565074,,
POL08440937,Property,263135,1779.78,2016-04-18,2019-06-07,Quarterly,Active,CUST78939221,,
POL06348797,Property,412599,993.83,2022-07-13,2029-11-13,Quarterly,Terminated,CUST26489653,,
POL46127836,Life,43030,602.28,2024-07-17,2026-02-26,Quarterly,Lapsed,CUST71794015,,
POL48522495,Health,286088,1701.73,2020-03-05,2022-03-10,Quarterly,Lapsed,CUST06278301,,
POL46902142,Life,412648,361.39,2018-03-21,2027-02-15,Quarterly,Active,CUST15511549,,
POL29133385,Auto,239504,1573.24,2019-06-13,2026-05-06,Monthly,Active,CUST48471962,,
POL46194153,Life,119611,592.67,2022-12-05,2032-10-12,Quarterly,Active,CUST25664706,,
POL17440652,Health,16788,197.25,2017-12-06,2023-01-15,Monthly,Terminated,CUST08450980,,
POL72579941,Life,405312,1991.99,2018-01-25,2026-03-18,Monthly,Lapsed,CUST51776470,,
POL82676830,Life,70715,1814.76,2022-12-06,2026-08-29,Monthly,Terminated,CUST72249795,,
POL28936757,Auto,164757,470.65,2023-02-08,2029-02-18,Annually,Terminated,CUST39825791,,
POL12251267,Health,60283,424.83,2015-07-08,2017-10-02,Quarterly,Terminated,CUST21836581,,
POL22416843,Auto,326018,1273.64,2021-03-23,2027-08-09,Monthly,Terminated,CUST29123454,,
POL68142821,Property,246506,830.64,2018-08-25,2028-07-17,Monthly,Terminated,CUST96639330,,
POL80669381,Life,137736,819.29,2022-06-03,2029-12-11,Quarterly,Lapsed,CUST94483327,,
POL32822609,Auto,25992,695.69,2023-06-01,2025-07-25,Monthly,Terminated,CUST68676616,,
POL29059161,Auto,296825,1778.81,2023-08-24,2033-02-10,Monthly,Active,CUST46496271,,
POL21189445,Life,351720,1741.87,2023-01-08,2024-11-22,Quarterly,Terminated,CUST77060083,,
POL09615361,Health,223326,1917.89,2015-02-14,2022-06-25,Quarterly,Terminated,CUST23300167,,
POL27717636,Auto,402535,308.41,2018-06-24,2027-07-28,Quarterly,Active,CUST37271886,,
POL85798962,Health,197600,1586.34,2017-12-07,2020-07-02,Quarterly,Active,CUST81171278,,
POL66167857,Life,200220,364.61,2019-05-27,2021-01-16,Monthly,Active,CUST02220651,,
POL69786310,Auto,366345,754.72,2019-06-17,2027-04-23,Quarterly,Active,CUST55686510,,
POL71010293,Life,20658,1458.67,2017-02-15,2023-03-01,Quarterly,Active,CUST44886949,,
POL00811165,Auto,32898,619.89,2020-12-24,2026-08-03,Annually,Active,CUST81996742,,
POL61699231,Property,92790,460.45,2018-04-21,2026-01-14,Quarterly,Lapsed,CUST53920813,,
POL89580964,Health,97396,1976.8,2015-12-27,2024-11-23,Annually,Lapsed,CUST97269015,,
POL96606923,Auto,191564,208.4,2018-12-03,2023-05-03,Monthly,Lapsed,CUST47582904,,
POL03979350,Life,364307,650.62,2021-09-23,2026-05-14,Monthly,Lapsed,CUST78500212,,
POL36321695,Property,346691,1210.13,2018-12-16,2021-01-03,Monthly,Lapsed,CUST42335952,,
POL88479195,Health,279750,683.98,2019-09-21,2026-08-25,Quarterly,Terminated,CUST66675757,,
POL16832610,Property,307850,843.97,2024-10-17,2026-10-16,Monthly,Lapsed,CUST91404991,,
POL24247688,Property,262411,1913.71,2023-06-03,2026-10-18,Annually,Lapsed,CUST46894236,,
POL92479874,Health,319667,1889.3,2020-06-10,2025-08-31,Monthly,Lapsed,CUST23834040,,
POL82794219,Life,146079,685.1,2017-12-28,2027-10-24,Annually,Active,CUST35856100,,
POL53944841,Auto,288521,959.83,2018-07-29,2026-09-10,Annually,Lapsed,CUST74841376,,
POL95771628,Auto,415258,1454.3,2016-07-27,2021-07-23,Quarterly,Terminated,CUST29255794,,
POL73436304,Health,314249,963.13,2021-05-19,2029-08-27,Monthly,Active,CUST95846994,,
POL93878741,Property,384423,1332.53,2016-07-13,2020-01-21,Monthly,Terminated,CUST84108163,,
POL11162574,Property,418885,416.07,2018-08-28,2022-10-01,Quarterly,Lapsed,CUST54951289,,
POL49030532,Health,396895,1378.49,2015-10-10,2024-07-24,Quarterly,Lapsed,CUST52891364,,
POL75052846,Health,68866,590.72,2022-07-12,2031-07-03,Monthly,Terminated,CUST98943476,,
POL06150370,Property,52551,224.92,2024-01-14,2028-09-29,Quarterly,Lapsed,CUST59334083,,
POL94072462,Property,430638,174.08,2016-12-10,2024-09-18,Annually,Lapsed,CUST24246293,,
POL30459208,Property,28862,1485.61,2021-10-02,2030-07-25,Monthly,Active,CUST64673977,,
POL08890801,Health,40288,409.06,2023-10-26,2026-02-09,Quarterly,Terminated,CUST28636367,,
POL66485877,Auto,12794,1489.47,2022-06-01,2031-11-08,Quarterly,Lapsed,CUST51541773,,
POL90601372,Life,200436,355.06,2023-11-25,2026-06-29,Quarterly,Lapsed,CUST40396385,,
POL35164229,Health,455139,496.88,2018-12-28,2021-06-07,Quarterly,Lapsed,CUST05322016,,
POL79738375,Life,302026,1121.56,2017-04-03,2018-06-25,Quarterly,Active,CUST98545861,,
POL78451531,Property,53776,1046.94,2018-09-27,2027-09-04,Monthly,Active,CUST10241954,,
POL84977364,Property,78831,769.2,2020-06-06,2029-02-04,Annually,Lapsed,CUST37271886,,
POL38205564,Life,92898,767.45,2020-05-10,2027-11-26,Monthly,Terminated,CUST63928747,,
POL20683862,Auto,367347,1902.79,2015-12-11,2020-05-07,Monthly,Active,CUST09928745,,
POL53660854,Life,403020,1832.76,2015-12-05,2023-10-23,Monthly,Active,CUST02233588,,
POL89180223,Life,318174,354.32,2019-09-01,2026-08-03,Monthly,Lapsed,CUST95007965,,
POL45095642,Property,371031,168.47,2024-09-11,2033-07-06,Annually,Lapsed,CUST63461471,,
POL48690249,Life,419289,1196.91,2023-02-22,2028-02-06,Monthly,Terminated,CUST80069974,,
POL27435543,Life,289690,272.06,2023-12-06,2028-04-01,Annually,Lapsed,CUST61594133,,
POL68371036,Life,323298,1179.53,2018-08-30,2022-07-13,Monthly,Lapsed,CUST95978496,,
POL39957242,Health,233463,175.64,2024-08-20,2034-06-01,Monthly,Lapsed,CUST99294379,,
POL90638463,Auto,227659,889.3,2024-02-16,2032-05-07,Annually,Active,CUST78768706,,
POL11199753,Auto,148627,683.7,2017-06-30,2024-05-09,Quarterly,Terminated,CUST70037973,,
POL36528332,Property,360154,1937.24,2019-07-06,2024-02-02,Quarterly,Active,CUST46123229,,
POL56889817,Life,224655,1747.2,2015-08-21,2016-10-04,Annually,Active,CUST65204686,,
POL08801313,Health,144047,1863.65,2020-07-12,2025-07-28,Annually,Lapsed,CUST84535664,,
POL68995549,Health,13801,1903.51,2018-02-21,2027-06-06,Quarterly,Active,CUST68459371,,
POL29536417,Life,249615,1896.6,2023-08-26,2025-03-15,Annually,Active,CUST43085227,,
POL53530629,Life,479508,836.65,2019-12-28,2025-04-26,Monthly,Terminated,CUST22227034,,
POL21160213,Property,14739,1307.28,2017-01-28,2023-01-26,Monthly,Terminated,CUST76994713,,
POL93493038,Life,317969,1053.68,2023-07-20,2024-08-26,Quarterly,Terminated,CUST40676066,,
POL19547339,Life,489496,1888.35,2017-06-16,2022-07-29,Annually,Terminated,CUST79978670,,
POL29207038,Auto,317844,549.44,2019-07-27,2025-10-07,Monthly,Active,CUST68206150,,
POL56397262,Auto,103644,1816.89,2023-09-17,2027-11-04,Quarterly,Active,CUST63254548,,
POL51164854,Property,220257,1763.07,2016-06-20,2018-04-19,Monthly,Lapsed,CUST41888458,,
POL76939080,Property,459527,1514.73,2022-05-19,2031-10-25,Monthly,Terminated,CUST24733880,,
POL78820382,Health,280979,352.99,2020-04-28,2023-12-16,Quarterly,Terminated,CUST19195679,,
POL84852929,Health,456183,1119.01,2019-11-16,2021-12-28,Monthly,Terminated,CUST24838453,,
POL46236340,Auto,409235,860.95,2015-04-30,2024-04-17,Quarterly,Lapsed,CUST05440655,,
POL82812519,Health,308150,1862.78,2016-03-21,2024-10-26,Quarterly,Terminated,CUST94468387,,
POL21798029,Auto,269646,1735.44,2015-10-22,2021-01-14,Annually,Active,CUST48998448,,
POL33833286,Property,215050,1067.31,2024-04-24,2028-01-06,Quarterly,Terminated,CUST44462533,,
POL81238149,Property,234301,1197.33,2017-09-22,2019-07-31,Annually,Terminated,CUST53659261,,
POL25740876,Health,409750,1574.53,2020-08-06,2025-09-26,Annually,Lapsed,CUST38427760,,
POL26074452,Life,310409,1798.63,2015-06-10,2024-09-10,Annually,Active,CUST27855580,,
POL76989054,Life,443937,210.75,2021-10-30,2026-06-22,Quarterly,Lapsed,CUST32262761,,
POL48662696,Property,251639,1319.07,2024-08-01,2031-08-25,Annually,Active,CUST82989625,,
POL85747478,Property,83388,1969.01,2022-01-09,2031-01-08,Monthly,Terminated,CUST02064269,,
POL31489077,Property,113738,1081.31,2018-05-01,2020-01-17,Quarterly,Terminated,CUST28258809,,
POL03785266,Health,240594,187.23,2021-02-09,2027-04-27,Annually,Terminated,CUST92087908,,
POL64965934,Life,348114,1929.09,2018-09-10,2020-10-17,Monthly,Active,CUST35063171,,
POL14267045,Health,324425,231.24,2019-08-06,2025-02-14,Monthly,Lapsed,CUST19811172,,
POL79867486,Life,482343,459.15,2018-01-09,2019-02-21,Quarterly,Lapsed,CUST44732504,,
POL21441518,Auto,126882,390.74,2023-08-20,2029-03-19,Annually,Terminated,CUST07265929,,
POL66208661,Auto,458961,922.33,2024-03-22,2026-02-24,Quarterly,Terminated,CUST78462039,,
POL46009613,Property,97102,538.33,2022-12-28,2024-09-19,Annually,Active,CUST17787169,,
POL42638741,Property,32254,284.96,2019-03-31,2021-06-23,Monthly,Lapsed,CUST53467151,,
POL88399292,Auto,246986,1558.72,2018-03-03,2024-04-08,Quarterly,Active,CUST63094148,,
POL06081128,Life,119446,877.29,2020-03-28,2022-09-11,Annually,Active,CUST26089492,,
POL96274415,Life,99047,1639.18,2018-02-24,2025-02-08,Quarterly,Terminated,CUST25199906,,
POL39707981,Property,373252,520.44,2019-04-11,2024-06-24,Annually,Active,CUST33662644,,
POL45684772,Health,331911,995.61,2016-12-18,2018-07-18,Monthly,Active,CUST98560807,,
POL21114405,Life,13223,1911.54,2016-06-19,2018-04-23,Annually,Lapsed,CUST55738104,,
POL59977317,Health,291201,579.75,2015-04-02,2024-07-02,Quarterly,Active,CUST53642388,,
POL50807231,Property,53520,1621.33,2019-06-18,2022-12-13,Quarterly,Terminated,CUST42041475,,
POL95336212,Auto,92129,1802.98,2020-10-21,2029-02-03,Monthly,Active,CUST30962816,,
POL02246754,Health,222775,820.71,2021-04-13,2025-08-17,Monthly,Terminated,CUST39217209,,
POL89873736,Property,124454,1581.39,2021-01-25,2027-10-13,Annually,Lapsed,CUST28258809,,
POL03710995,Health,106380,1632.28,2020-11-16,2026-06-13,Annually,Terminated,CUST91160900,,
POL77366966,Property,158722,1319.86,2016-03-05,2019-10-21,Monthly,Lapsed,CUST80277031,,
POL20381025,Health,110341,491.54,2024-01-04,2028-10-27,Quarterly,Lapsed,CUST50219386,,
POL61983383,Property,389568,1812.76,2023-07-25,2026-12-07,Quarterly,Active,CUST26743868,,
POL77573599,Auto,351551,1951.09,2021-05-17,2028-06-27,Annually,Lapsed,CUST32352924,,
POL04143745,Health,210177,165.46,2021-03-08,2028-10-18,Monthly,Lapsed,CUST89988266,,
POL03368809,Health,155210,981.54,2022-12-01,2025-07-30,Quarterly,Lapsed,CUST94848993,,
POL45634456,Life,39728,743.65,2019-10-07,2026-11-05,Monthly,Lapsed,CUST65104226,,
POL09445725,Health,453875,712.06,2017-01-07,2022-03-22,Quarterly,Lapsed,CUST06732104,,
POL26928183,Auto,261871,125.23,2020-08-12,2023-06-25,Quarterly,Terminated,CUST30357576,,
POL69652935,Property,277633,1236.86,2021-10-18,2028-02-05,Quarterly,Lapsed,CUST67296311,,
POL13413511,Health,45693,825.51,2017-09-19,2021-12-25,Quarterly,Lapsed,CUST40514613,,
POL57495535,Life,49897,1497.74,2015-09-13,2020-10-03,Quarterly,Lapsed,CUST79853995,,
POL32252482,Life,345204,1769.88,2024-08-15,2034-04-18,Annually,Terminated,CUST94848993,,
POL97931166,Auto,458657,1048.25,2021-01-21,2022-03-09,Annually,Terminated,CUST71891504,,
POL89983994,Life,320941,347,2016-12-11,2021-12-23,Quarterly,Terminated,CUST99682254,,
POL54056565,Health,459596,593.74,2024-05-29,2026-12-20,Quarterly,Terminated,CUST17818654,,
POL80143604,Auto,250228,412.5,2018-07-19,2020-10-18,Annually,Lapsed,CUST40529086,,
POL26020657,Life,362156,1302.19,2023-05-18,2031-09-17,Annually,Terminated,CUST01156039,,
POL92151932,Health,340571,1099.08,2019-12-24,2028-12-01,Quarterly,Lapsed,CUST82343141,,
POL38067049,Auto,100548,627.87,2023-12-07,2030-03-21,Annually,Active,CUST80772087,,
POL62323938,Property,416867,951.8,2018-04-13,2019-05-15,Annually,Active,CUST97214840,,
POL48112744,Property,83665,1197.77,2016-05-09,2023-10-26,Quarterly,Terminated,CUST71790707,,
POL93562061,Auto,166946,985.59,2022-01-10,2024-11-05,Monthly,Lapsed,CUST15258611,,
POL07736550,Auto,66983,1298.56,2023-11-13,2026-10-03,Annually,Active,CUST91280167,,
POL03121117,Auto,126360,737.36,2016-09-24,2019-09-28,Monthly,Terminated,CUST73210197,,
POL16359450,Property,317170,462.56,2016-12-13,2020-11-13,Monthly,Lapsed,CUST89250160,,
POL62665179,Health,123001,1077.9,2022-08-19,2028-06-01,Quarterly,Lapsed,CUST53467151,,
POL12156543,Life,58071,524.97,2019-07-28,2025-12-15,Monthly,Lapsed,CUST03313167,,
POL64808892,Property,488665,1428.68,2017-05-27,2022-09-21,Monthly,Lapsed,CUST05573540,,
POL73876399,Health,68734,661.85,2023-06-03,2031-12-29,Quarterly,Lapsed,CUST98331725,,
POL34826521,Auto,482922,1084.74,2018-03-26,2027-04-01,Annually,Lapsed,CUST80482237,,
POL55857160,Health,354193,1654.59,2020-09-12,2029-07-05,Quarterly,Terminated,CUST23094202,,
POL90480498,Property,377176,1336.73,2017-02-16,2024-02-23,Annually,Lapsed,CUST15223833,,
POL06015860,Auto,469118,634.07,2020-02-04,2029-08-17,Monthly,Active,CUST98979035,,
POL84892449,Health,341820,592.71,2017-01-25,2019-08-08,Annually,Terminated,CUST25888759,,
POL19560921,Property,270125,904.07,2019-09-14,2021-01-03,Monthly,Terminated,CUST65451880,,
POL59147290,Life,129365,123.42,2015-09-06,2025-03-02,Quarterly,Lapsed,CUST28505104,,
POL69476490,Auto,346751,1364.7,2015-06-02,2017-03-23,Monthly,Active,CUST82201328,,
POL40270611,Property,290328,467.19,2017-01-22,2018-07-09,Quarterly,Terminated,CUST78457687,,
POL22321187,Health,242943,1277.07,2021-11-08,2027-01-06,Monthly,Terminated,CUST05954822,,
POL77506531,Auto,70477,1805.63,2020-03-16,2027-07-13,Quarterly,Lapsed,CUST50829047,,
POL07976771,Life,287769,1236.03,2022-10-17,2030-06-05,Monthly,Terminated,CUST82696043,,
POL45468849,Health,374999,986.91,2021-01-03,2030-04-11,Monthly,Terminated,CUST62906519,,
POL63051562,Auto,11665,234.1,2015-06-16,2025-05-28,Monthly,Lapsed,CUST75656240,,
POL94870283,Life,274905,335.45,2019-03-11,2026-09-12,Monthly,Lapsed,CUST44835273,,
POL38182158,Life,364159,660.58,2021-02-28,2026-02-18,Monthly,Terminated,CUST10189147,,
POL36090611,Health,24555,107.03,2016-07-26,2023-01-30,Quarterly,Terminated,CUST56167007,,
POL82098917,Life,175444,1788.24,2021-02-22,2030-05-16,Monthly,Lapsed,CUST98147889,,
POL99568401,Property,107753,1391.49,2015-08-03,2019-10-04,Monthly,Terminated,CUST73072285,,
POL79130344,Property,169512,359.11,2020-06-02,2023-02-18,Quarterly,Active,CUST38361358,,
POL49188779,Auto,313459,142.51,2015-01-14,2024-09-20,Quarterly,Terminated,CUST72249795,,
POL98118247,Health,72953,1915,2017-08-24,2024-09-05,Annually,Lapsed,CUST67521046,,
POL43888562,Auto,475627,285.32,2016-11-17,2020-01-27,Quarterly,Active,CUST89924604,,
POL79654180,Life,459884,891.1,2018-01-19,2026-10-23,Annually,Terminated,CUST99163226,,
POL43201050,Health,399633,1612.96,2020-05-19,2026-09-13,Annually,Active,CUST82112721,,
POL64164417,Health,179382,916.38,2020-07-17,2025-08-14,Quarterly,Terminated,CUST60126456,,
POL56909701,Health,202196,789.61,2024-01-22,2029-06-25,Annually,Lapsed,CUST27529673,,
POL04312649,Auto,303601,1811.05,2018-06-27,2019-12-03,Monthly,Terminated,CUST36410265,,
POL52704029,Life,342917,197.65,2019-01-16,2022-06-04,Annually,Lapsed,CUST31891472,,
POL99187964,Property,413700,1606.85,2016-10-17,2020-11-21,Annually,Active,CUST86161063,,
POL09346416,Life,76241,1260.63,2016-01-01,2017-11-07,Quarterly,Active,CUST84970191,,
POL33880190,Property,423049,1631.99,2024-11-30,2027-07-01,Annually,Lapsed,CUST01712934,,
POL49366333,Property,265335,1521.04,2020-08-13,2024-12-16,Monthly,Lapsed,CUST38016023,,
POL88774190,Property,365694,1812.36,2017-05-16,2021-05-30,Monthly,Terminated,CUST78208538,,
POL46303313,Health,198579,820.77,2015-03-29,2025-03-20,Quarterly,Active,CUST55667061,,
POL72761852,Auto,275574,814.6,2018-12-09,2023-04-07,Annually,Active,CUST98599943,,
POL78499068,Property,264154,1133.33,2018-09-25,2027-12-25,Quarterly,Terminated,CUST22366291,,
POL46591798,Property,91026,1979.35,2015-05-21,2022-03-19,Annually,Lapsed,CUST59590365,,
POL56917671,Property,111475,297.75,2020-09-05,2022-02-15,Monthly,Active,CUST38446135,,
POL26477746,Life,147592,1544.91,2022-01-20,2028-01-23,Quarterly,Active,CUST40987292,,
POL83870465,Property,492391,935,2018-07-31,2020-01-02,Monthly,Terminated,CUST86319543,,
POL07767138,Property,421590,1699.49,2023-12-10,2028-07-29,Monthly,Active,CUST08620277,,
POL90011725,Auto,108180,776.57,2017-12-14,2026-12-15,Annually,Terminated,CUST91857651,,
POL71239767,Property,197690,1466.52,2022-03-24,2029-11-10,Quarterly,Lapsed,CUST80650317,,
POL91891378,Health,398082,210.96,2022-04-30,2032-03-09,Annually,Terminated,CUST96630079,,
POL46142999,Life,205386,1697.1,2021-03-20,2026-12-11,Monthly,Terminated,CUST84694293,,
POL20839843,Property,372799,713.29,2017-12-20,2027-09-01,Quarterly,Terminated,CUST53758771,,
POL28045007,Health,124885,1523.36,2018-03-04,2019-06-24,Monthly,Active,CUST41151561,,
POL82823553,Life,245335,657.89,2016-08-21,2024-05-27,Annually,Active,CUST35883996,,
POL92853225,Life,260072,1679.89,2023-01-11,2024-11-07,Monthly,Lapsed,CUST39825791,,
POL67872849,Property,387477,789.8,2020-05-11,2024-08-02,Annually,Terminated,CUST33350545,,
POL51108570,Life,370483,1178.59,2018-01-22,2026-01-08,Quarterly,Active,CUST89932416,,
POL52952594,Property,254016,1467.47,2019-12-28,2022-09-05,Annually,Lapsed,CUST93366412,,
POL20348552,Life,334606,824.98,2019-12-18,2028-02-21,Quarterly,Terminated,CUST21236149,,
POL40907312,Property,13494,1751.94,2022-06-27,2024-09-28,Monthly,Lapsed,CUST80919849,,
POL69634824,Life,215110,1354.99,2019-02-06,2027-04-12,Annually,Lapsed,CUST59144251,,
POL63187776,Health,201690,806.75,2023-04-04,2025-11-24,Annually,Active,CUST46080578,,
POL92218718,Auto,250209,1670.7,2020-01-18,2026-12-03,Annually,Terminated,CUST38458880,,
POL15902669,Auto,267414,845.55,2023-05-09,2032-03-11,Monthly,Terminated,CUST07355992,,
POL17105339,Property,324587,1368.69,2018-04-10,2026-04-15,Annually,Terminated,CUST23587687,,
POL67379824,Property,406101,1945.33,2020-05-27,2022-07-20,Annually,Terminated,CUST76193646,,
POL33080881,Property,429833,1099.02,2018-07-10,2022-08-21,Annually,Active,CUST08493059,,
POL26177163,Life,25080,201.24,2018-05-10,2027-06-23,Quarterly,Lapsed,CUST49174127,,
POL92289899,Auto,467870,450.93,2015-12-13,2025-04-04,Annually,Terminated,CUST23959385,,
POL53317705,Health,81015,1412.79,2015-09-07,2022-01-11,Annually,Terminated,CUST63841241,,
POL36981616,Auto,91776,666.35,2024-12-13,2032-10-04,Monthly,Lapsed,CUST79327356,,
POL56127428,Life,165065,522.45,2023-05-24,2030-01-20,Monthly,Terminated,CUST38994996,,
POL77789737,Life,130641,787.57,2021-05-19,2023-04-13,Annually,Active,CUST47568893,,
POL70127485,Property,114404,537.45,2021-09-02,2026-08-26,Annually,Lapsed,CUST97172366,,
POL60505158,Life,74379,382.69,2019-05-19,2027-10-24,Monthly,Active,CUST06002600,,
POL07319671,Life,361240,1916.28,2021-11-10,2026-07-11,Quarterly,Terminated,CUST06392747,,
POL20670070,Auto,31765,1449.65,2019-06-28,2021-05-02,Annually,Terminated,CUST03789210,,
POL49532703,Auto,361339,141.1,2016-05-13,2022-04-11,Monthly,Terminated,CUST65839668,,
POL23016733,Auto,499877,599.87,2024-01-26,2030-06-12,Quarterly,Lapsed,CUST44539389,,
POL40922873,Health,355452,442.03,2023-07-16,2031-04-18,Monthly,Lapsed,CUST89978032,,
POL53156329,Health,132528,1705.3,2019-08-11,2027-10-22,Monthly,Lapsed,CUST85950802,,
POL28937515,Life,95419,502.12,2015-08-25,2016-09-20,Monthly,Lapsed,CUST72431417,,
POL12104163,Life,72794,940.1,2018-10-20,2021-05-29,Quarterly,Terminated,CUST60958047,,
POL13187754,Health,448911,1283.51,2020-09-28,2029-05-21,Quarterly,Active,CUST50835416,,
POL46564609,Health,199691,897.35,2020-11-10,2029-04-16,Monthly,Lapsed,CUST69457285,,
POL15165645,Life,284426,1924.25,2017-07-21,2024-11-18,Monthly,Lapsed,CUST45192084,,
POL93327871,Life,121588,1622.98,2020-09-19,2024-03-30,Monthly,Lapsed,CUST12401788,,
POL12291756,Property,496696,763.83,2023-06-07,2029-01-27,Quarterly,Terminated,CUST15729440,,
POL15978608,Property,269403,679.7,2022-10-06,2025-07-09,Annually,Active,CUST12667505,,
POL67053864,Health,99375,309.28,2021-07-18,2023-12-28,Annually,Active,CUST00971282,,
POL02913059,Property,459891,1512.84,2020-10-22,2030-07-18,Monthly,Terminated,CUST30511648,,
POL99518262,Life,106408,1599.03,2021-04-24,2024-09-11,Monthly,Active,CUST78652368,,
POL49457170,Property,190778,959.1,2016-11-29,2022-03-16,Quarterly,Terminated,CUST77682848,,
POL70701103,Auto,486988,1793.77,2020-11-01,2028-04-10,Monthly,Terminated,CUST32639304,,
POL04847102,Health,35183,1482.68,2017-04-27,2022-02-12,Quarterly,Terminated,CUST81406135,,
POL72715668,Property,47176,1555.69,2021-06-29,2028-05-02,Quarterly,Lapsed,CUST40417111,,
POL30815147,Property,168794,1138.78,2021-07-09,2023-07-31,Quarterly,Lapsed,CUST53636696,,
POL85997412,Life,348949,541.92,2016-03-21,2021-10-12,Quarterly,Terminated,CUST51648922,,
POL30420925,Life,299524,1831.27,2019-10-19,2028-05-12,Monthly,Terminated,CUST67038482,,
POL26751534,Health,17678,1751.15,2024-12-19,2029-09-23,Quarterly,Lapsed,CUST61536104,,
POL15097723,Property,365243,1587.47,2018-07-02,2024-03-15,Annually,Terminated,CUST83482447,,
POL81404875,Life,152457,652.88,2021-10-25,2024-11-05,Quarterly,Terminated,CUST35077184,,
POL31358869,Health,102147,1842.32,2017-11-28,2025-01-17,Annually,Active,CUST58555588,,
POL40579539,Life,208193,1213.47,2023-06-19,2032-12-05,Monthly,Terminated,CUST06182214,,
POL07342539,Health,409709,102.35,2018-12-11,2028-10-19,Monthly,Lapsed,CUST47360274,,
POL39946670,Auto,143312,200.69,2024-01-12,2028-03-24,Monthly,Lapsed,CUST90124222,,
POL63474388,Property,341218,104.07,2017-08-20,2023-10-12,Monthly,Lapsed,CUST93762757,,
POL65038532,Health,481718,494.74,2018-10-10,2028-02-13,Annually,Active,CUST35260349,,
POL88167849,Property,212301,739.88,2018-11-28,2023-11-19,Monthly,Terminated,CUST81290264,,
POL10148217,Auto,132910,1300.13,2015-10-08,2019-04-04,Quarterly,Terminated,CUST10496213,,
POL76204779,Life,417588,1375.68,2024-03-26,2025-09-11,Annually,Lapsed,CUST59559298,,
POL24220210,Life,312160,1083.41,2015-04-30,2023-07-17,Annually,Terminated,CUST58169296,,
POL12716498,Auto,207978,227.05,2024-08-30,2026-11-27,Quarterly,Active,CUST11207741,,
POL37005180,Life,413282,633.43,2017-12-31,2021-01-03,Annually,Active,CUST42396979,,
POL33049382,Life,210953,198.31,2023-03-22,2031-11-11,Monthly,Terminated,CUST09948159,,
POL95337810,Health,164178,1629.38,2020-05-24,2024-04-17,Annually,Active,CUST13436080,,
POL23308648,Life,137969,730.52,2016-02-17,2024-10-03,Quarterly,Terminated,CUST66439456,,
POL02312997,Auto,408787,1232.63,2020-03-22,2023-08-04,Quarterly,Lapsed,CUST56374821,,
POL77315241,Property,446102,1139.06,2016-04-20,2017-04-26,Monthly,Active,CUST98331108,,
POL47115213,Auto,420087,314.51,2023-12-27,2031-04-12,Quarterly,Terminated,CUST28778699,,
POL49874464,Health,154492,1920.07,2022-02-22,2025-04-12,Annually,Active,CUST11864773,,
POL79096614,Auto,367298,1853.83,2016-10-05,2025-10-04,Annually,Terminated,CUST10876445,,
POL76421550,Property,243458,1791.71,2023-08-15,2027-09-18,Quarterly,Active,CUST14709344,,
POL74615400,Life,335682,1263.4,2016-10-31,2025-10-08,Quarterly,Lapsed,CUST79013283,,
POL61858865,Life,322656,892.8,2022-11-10,2027-12-12,Annually,Lapsed,CUST96159281,,
POL32001025,Life,105607,1813.45,2017-12-26,2019-10-19,Annually,Terminated,CUST58339732,,
POL29477661,Health,427737,1207.45,2023-08-13,2030-07-08,Quarterly,Lapsed,CUST70199024,,
POL60275519,Auto,139389,1125.07,2017-10-20,2024-02-12,Monthly,Lapsed,CUST08627957,,
POL83784659,Property,209715,955.68,2017-06-24,2025-01-15,Monthly,Terminated,CUST87605942,,
POL12763634,Life,143133,1758.67,2019-08-12,2023-07-11,Monthly,Lapsed,CUST05440655,,
POL30600963,Health,479454,705.2,2017-10-30,2020-02-06,Annually,Lapsed,CUST27343337,,
POL34319547,Life,344292,615.07,2019-05-01,2020-06-13,Monthly,Terminated,CUST37934673,,
POL21879187,Auto,80626,760.87,2024-06-01,2031-11-26,Monthly,Active,CUST18010105,,
POL07768534,Life,180262,1689.82,2021-06-28,2025-01-13,Quarterly,Lapsed,CUST36507345,,
POL72485507,Health,317192,1756.78,2019-09-22,2025-05-04,Quarterly,Active,CUST88248320,,
POL25208231,Life,152373,872.09,2017-09-06,2019-03-21,Annually,Terminated,CUST67171307,,
POL01332140,Health,105691,1460.08,2017-03-31,2026-09-02,Quarterly,Active,CUST06363360,,
POL47517699,Health,302897,1118.41,2018-08-17,2023-03-07,Monthly,Terminated,CUST82861470,,
POL58128936,Health,418176,377,2024-04-21,2028-05-25,Quarterly,Lapsed,CUST19543662,,
POL32198260,Auto,23152,1285.48,2018-06-20,2027-09-11,Monthly,Terminated,CUST00125540,,
POL84577702,Auto,272147,232.35,2015-07-04,2020-08-19,Quarterly,Active,CUST14823336,,
POL57207157,Property,411698,583.34,2021-04-13,2027-09-28,Annually,Active,CUST12032876,,
POL13544300,Life,129871,1981.4,2017-02-25,2022-11-14,Quarterly,Lapsed,CUST84108163,,
POL45190683,Life,129807,1231.09,2016-10-12,2023-11-12,Monthly,Lapsed,CUST62512574,,
POL21669430,Auto,28010,192.25,2018-06-09,2028-02-12,Quarterly,Lapsed,CUST93700561,,
POL28550299,Property,484580,1105.26,2018-10-01,2021-12-19,Quarterly,Lapsed,CUST12072688,,
POL23811097,Property,495857,651.69,2020-03-27,2025-06-02,Annually,Terminated,CUST72431417,,
POL28303229,Property,275100,1591.91,2016-06-24,2021-08-30,Quarterly,Lapsed,CUST32626732,,
POL52933183,Auto,99114,1596.17,2019-12-10,2022-09-01,Quarterly,Terminated,CUST75487537,,
POL03671194,Health,342550,1072.89,2024-11-22,2027-09-13,Monthly,Terminated,CUST92205452,,
POL87464804,Life,167823,1857.75,2023-02-01,2026-12-07,Quarterly,Active,CUST94275292,,
POL61065772,Property,442609,1625.66,2018-02-16,2022-04-11,Annually,Lapsed,CUST44342472,,
POL67096541,Life,37638,1486.22,2017-12-28,2025-01-11,Quarterly,Terminated,CUST79013283,,
POL48574800,Health,313222,1902.49,2017-06-30,2025-01-03,Annually,Active,CUST60334028,,
POL20367982,Health,245762,1193.15,2020-07-18,2030-01-05,Quarterly,Lapsed,CUST64482109,,
POL01530992,Life,233168,1707.34,2023-12-02,2028-08-11,Annually,Lapsed,CUST32639304,,
POL60672344,Auto,85463,961.64,2019-07-25,2029-06-05,Annually,Active,CUST83770928,,
POL36866670,Health,335809,780.87,2016-08-04,2018-06-09,Annually,Active,CUST55708223,,
POL75237627,Auto,460170,941.47,2021-08-02,2028-04-27,Annually,Lapsed,CUST40040643,,
POL55949918,Life,380478,1847.14,2023-10-05,2027-05-31,Quarterly,Lapsed,CUST06392747,,
POL83365380,Life,410400,1633.11,2016-05-19,2017-06-21,Monthly,Terminated,CUST20900154,,
POL22399101,Property,360932,1940.88,2016-08-26,2024-04-26,Annually,Active,CUST83518933,,
POL81014728,Life,65543,834.52,2019-01-03,2020-12-13,Monthly,Active,CUST99261655,,
POL05711134,Life,183991,1735.23,2022-01-03,2030-03-07,Quarterly,Terminated,CUST20900154,,
POL01930886,Health,185357,1562.57,2016-08-10,2018-07-15,Quarterly,Lapsed,CUST69194840,,
POL02268206,Health,476994,512.7,2015-10-02,2020-08-05,Quarterly,Terminated,CUST12032876,,
POL96624216,Health,49647,856.04,2023-04-26,2024-08-13,Monthly,Lapsed,CUST28007772,,
POL48183700,Auto,269370,1339.23,2020-06-15,2023-11-11,Quarterly,Lapsed,CUST51342866,,
POL08689656,Health,301024,1257.52,2019-06-14,2026-12-10,Quarterly,Terminated,CUST95978496,,
POL98091818,Property,202271,113.6,2020-09-16,2027-12-08,Annually,Lapsed,CUST24118417,,
POL52467400,Life,284757,1029.67,2019-06-09,2022-04-22,Annually,Lapsed,CUST01574970,,
POL77410789,Health,231973,303.72,2015-01-20,2021-05-17,Quarterly,Active,CUST54853959,,
POL39137077,Property,308420,882.29,2024-06-14,2027-01-25,Monthly,Lapsed,CUST65063643,,
POL69765567,Health,34651,919.73,2022-03-26,2032-03-08,Annually,Lapsed,CUST19968931,,
POL04272099,Auto,464281,899.94,2016-11-27,2020-07-19,Monthly,Active,CUST29646268,,
POL96779565,Auto,227680,402.5,2017-01-12,2025-10-28,Quarterly,Active,CUST21995908,,
POL04331178,Auto,144292,1583.08,2015-10-29,2018-03-06,Quarterly,Active,CUST45840087,,
POL25573830,Life,361925,1465.2,2021-11-19,2028-10-01,Annually,Active,CUST40026003,,
POL22879070,Health,178510,1773.65,2020-09-23,2022-09-25,Monthly,Active,CUST86161063,,
POL05156789,Life,85576,795.74,2017-08-29,2019-11-09,Quarterly,Lapsed,CUST73036111,,
POL97318899,Health,296382,742.84,2023-12-23,2032-12-03,Monthly,Active,CUST57146043,,
POL54295320,Life,247410,1844.12,2016-04-21,2018-08-04,Quarterly,Lapsed,CUST92174847,,
POL24211829,Life,215953,1998.9,2020-12-23,2029-11-18,Annually,Terminated,CUST53692233,,
POL53216568,Auto,168158,913.79,2024-10-23,2034-06-09,Monthly,Lapsed,CUST29322950,,
POL55243233,Auto,363332,1100.77,2017-12-27,2027-09-16,Monthly,Terminated,CUST38035904,,
POL89882153,Property,86144,299.69,2021-04-04,2022-10-25,Quarterly,Terminated,CUST93615565,,
POL15821242,Auto,291295,1170.03,2016-12-24,2026-10-11,Annually,Active,CUST99574693,,
POL55302444,Property,466351,262.86,2017-09-16,2021-08-14,Monthly,Active,CUST79918262,,
POL75483438,Property,314484,1429.49,2022-06-28,2025-06-05,Annually,Terminated,CUST66999929,,
POL41056885,Health,11444,1633.77,2022-01-07,2025-04-11,Monthly,Active,CUST02064269,,
POL08751578,Life,309060,774.91,2017-12-13,2019-12-16,Quarterly,Active,CUST23610376,,
POL85425957,Health,206738,222.91,2020-03-16,2024-08-29,Monthly,Terminated,CUST74372166,,
POL37412181,Health,230605,1705.9,2015-12-29,2021-07-25,Annually,Active,CUST84146717,,
POL45925285,Auto,334978,936.94,2024-06-11,2028-11-19,Annually,Lapsed,CUST73711975,,
POL75543657,Auto,176782,1956.98,2019-05-17,2022-10-19,Quarterly,Active,CUST33692337,,
POL11532182,Auto,458904,736.44,2023-09-01,2030-10-23,Monthly,Terminated,CUST96555170,,
POL98320607,Auto,162821,651.41,2021-07-14,2029-04-06,Monthly,Active,CUST76896663,,
POL45391676,Life,498261,338.76,2020-05-01,2029-08-03,Quarterly,Lapsed,CUST05166868,,
POL17800247,Life,393154,573.45,2023-03-08,2030-05-17,Monthly,Active,CUST81230725,,
POL06415305,Life,332217,186.72,2018-01-01,2026-05-10,Monthly,Lapsed,CUST70625014,,
POL85856716,Auto,128629,450.63,2020-03-14,2023-09-17,Quarterly,Lapsed,CUST70634368,,
POL62254331,Life,130868,1950.07,2022-12-17,2032-02-28,Monthly,Terminated,CUST78501377,,
POL38330072,Life,140278,1649.87,2018-04-08,2021-07-08,Monthly,Lapsed,CUST57608382,,
POL18753841,Health,151308,401.61,2018-09-29,2025-10-14,Quarterly,Lapsed,CUST53636696,,
POL22750173,Life,203897,1837.48,2015-01-05,2024-09-15,Quarterly,Active,CUST93980968,,
POL97686386,Life,189118,1060.31,2020-04-28,2022-06-24,Annually,Active,CUST52438130,,
POL65281628,Life,497084,468.52,2016-01-21,2025-03-23,Annually,Lapsed,CUST89320263,,
POL08877517,Auto,42119,1177.78,2016-01-01,2022-02-05,Monthly,Terminated,CUST99515838,,
POL86049888,Property,180634,1288.06,2019-11-18,2022-07-28,Monthly,Terminated,CUST23879674,,
POL19159127,Health,361724,1819.82,2023-04-16,2025-03-09,Annually,Lapsed,CUST37922598,,
POL62185518,Life,153032,462.86,2021-05-14,2026-10-28,Quarterly,Terminated,CUST75783850,,
POL81605555,Life,240777,1927.84,2022-05-20,2030-09-07,Annually,Active,CUST35249786,,
POL16978594,Property,440323,473.85,2018-06-07,2024-02-17,Monthly,Lapsed,CUST44732504,,
POL29655105,Property,219432,1097.78,2024-11-12,2034-05-03,Quarterly,Active,CUST83175784,,
POL60099234,Life,99389,1959.42,2020-11-01,2028-03-25,Annually,Terminated,CUST79785817,,
POL19174209,Life,369920,235.7,2018-09-23,2026-05-03,Annually,Active,CUST86885915,,
POL41019516,Auto,81369,475.45,2020-05-13,2025-11-27,Monthly,Terminated,CUST67943535,,
POL70872179,Life,64102,1783.8,2024-05-12,2030-05-04,Monthly,Lapsed,CUST34833670,,
POL64702950,Life,282653,217.73,2023-12-28,2028-05-01,Annually,Lapsed,CUST68667580,,
POL91015458,Auto,179052,1297.96,2016-10-10,2026-07-21,Monthly,Terminated,CUST64350786,,
POL37628555,Health,92430,1034.01,2019-10-19,2024-08-28,Annually,Terminated,CUST28914554,,
POL17984911,Property,108505,1588.99,2021-11-23,2026-05-28,Annually,Terminated,CUST69199405,,
POL34336501,Auto,189816,697.35,2024-04-12,2025-04-13,Annually,Lapsed,CUST97698598,,
POL41495893,Life,275758,1741.36,2021-03-21,2023-05-06,Quarterly,Lapsed,CUST08294495,,
POL24807912,Health,228370,1037.69,2023-12-16,2029-07-23,Annually,Active,CUST51938281,,
POL08383719,Auto,313577,1623.87,2024-04-05,2030-08-02,Annually,Lapsed,CUST89386367,,
POL35283143,Health,462448,751.07,2024-11-15,2027-05-22,Monthly,Terminated,CUST97654101,,
POL00638794,Property,203889,1846.57,2022-12-07,2030-01-02,Quarterly,Active,CUST49236023,,
POL39150268,Life,166167,271.22,2022-01-14,2023-01-23,Quarterly,Lapsed,CUST75662303,,
POL44829275,Property,296888,1534.61,2018-05-28,2021-09-15,Annually,Lapsed,CUST53497384,,
POL95375629,Auto,481196,433.34,2024-09-13,2029-01-17,Quarterly,Lapsed,CUST04837076,,
POL25403992,Auto,164236,100.24,2020-07-05,2025-03-01,Monthly,Active,CUST89073515,,
POL05460747,Health,87164,440.91,2024-03-11,2030-06-30,Annually,Terminated,CUST96630079,,
POL95475973,Life,199335,609.41,2019-10-11,2029-06-17,Monthly,Lapsed,CUST61187078,,
POL55645770,Property,230257,1616.03,2024-01-18,2027-04-02,Annually,Lapsed,CUST16866580,,
POL62201641,Health,352047,1370.75,2018-02-01,2019-07-08,Annually,Lapsed,CUST65675664,,
POL16400516,Property,68135,435.62,2016-10-24,2023-12-29,Quarterly,Lapsed,CUST74979874,,
POL57602095,Auto,333599,383.09,2017-07-29,2020-04-01,Annually,Terminated,CUST40586562,,
POL24546559,Health,484329,564.74,2019-06-24,2024-08-13,Quarterly,Lapsed,CUST28036132,,
POL48748875,Life,192302,402.18,2016-04-10,2018-10-05,Quarterly,Lapsed,CUST24412701,,
POL43843486,Health,454720,1167.99,2018-03-08,2025-07-08,Annually,Active,CUST96217751,,
POL72255591,Life,232078,1837.43,2020-11-21,2022-07-14,Quarterly,Terminated,CUST83456609,,
POL18760277,Health,261769,1336.48,2023-09-26,2025-10-11,Annually,Terminated,CUST44275097,,
POL51104112,Life,219027,1445.02,2020-01-22,2028-10-05,Monthly,Active,CUST90674765,,
POL40049374,Health,437457,541.98,2022-11-03,2032-08-11,Annually,Terminated,CUST37223429,,
POL22613795,Life,161343,1437.82,2020-07-26,2023-08-13,Monthly,Lapsed,CUST29981317,,
POL89182008,Health,303941,1669.34,2019-08-14,2028-10-12,Quarterly,Active,CUST98006967,,
POL69702312,Property,47191,1644.7,2017-11-01,2022-11-02,Annually,Terminated,CUST45155063,,
POL47394285,Auto,288179,647.01,2021-11-17,2029-08-06,Annually,Lapsed,CUST56275781,,
POL96935129,Auto,274855,1663.13,2015-11-08,2017-12-16,Quarterly,Active,CUST70030309,,
POL13931730,Property,216368,1775.04,2024-02-07,2031-08-16,Quarterly,Lapsed,CUST93249760,,
POL57782466,Life,38149,574.58,2022-06-19,2024-02-13,Monthly,Active,CUST26798925,,
POL37802566,Health,262222,1361.35,2017-03-20,2023-10-17,Annually,Active,CUST94551901,,
POL42513263,Health,265695,777.85,2018-07-19,2023-03-26,Monthly,Lapsed,CUST39886528,,
POL83060919,Property,70878,1246.26,2018-03-09,2021-11-08,Monthly,Active,CUST49837558,,
POL42742626,Life,416969,953.92,2020-05-09,2025-02-24,Quarterly,Active,CUST78628805,,
POL91813694,Property,152565,373.54,2020-08-06,2027-10-07,Quarterly,Lapsed,CUST13480810,,
POL95405693,Property,322237,731.98,2018-05-09,2026-06-12,Quarterly,Terminated,CUST31889067,,
POL35996382,Property,225316,1048.6,2024-09-16,2031-07-13,Quarterly,Terminated,CUST93732507,,
POL32788321,Auto,361035,131.07,2022-12-19,2030-08-11,Annually,Active,CUST19175258,,
POL62864496,Property,206627,492.76,2015-02-13,2017-10-24,Quarterly,Active,CUST91330063,,
POL61062551,Life,353061,758.9,2020-08-08,2028-01-27,Monthly,Lapsed,CUST94440051,,
POL45455008,Property,234941,1057.66,2021-11-24,2030-06-27,Annually,Lapsed,CUST49321550,,
POL85749437,Health,64961,1494.86,2022-09-12,2025-09-10,Quarterly,Lapsed,CUST20848847,,
POL97854951,Health,71260,184.61,2022-12-07,2027-10-30,Quarterly,Active,CUST42649877,,
POL39231633,Auto,68339,1457.91,2017-02-13,2020-09-01,Quarterly,Active,CUST51129594,,
POL83596471,Auto,360837,1184.18,2021-09-20,2029-11-17,Annually,Terminated,CUST41171867,,
POL73557141,Property,460639,583.52,2018-03-29,2022-08-29,Monthly,Active,CUST00745482,,
POL31169168,Health,169143,1283.76,2017-06-26,2023-05-24,Quarterly,Terminated,CUST98331725,,
POL39556502,Health,397665,1921.55,2020-05-04,2023-03-18,Annually,Active,CUST82455264,,
POL43123760,Property,350932,1515.97,2020-06-16,2027-12-15,Annually,Lapsed,CUST53231078,,
POL52570875,Property,121261,1874.3,2021-12-09,2030-10-23,Annually,Lapsed,CUST32344189,,
POL56665937,Life,301806,570.1,2020-04-26,2022-01-03,Quarterly,Lapsed,CUST31924421,,
POL23145372,Health,42840,733.61,2024-08-05,2032-05-19,Monthly,Active,CUST91459619,,
POL32166365,Life,37620,866.61,2021-01-18,2029-05-02,Annually,Lapsed,CUST72531071,,
POL48971029,Auto,382820,1637.43,2022-06-12,2027-12-31,Monthly,Lapsed,CUST71619691,,
POL67260165,Property,127021,1490.18,2021-01-20,2022-08-12,Monthly,Lapsed,CUST15843494,,
POL89484652,Auto,333408,1926.37,2019-03-20,2022-08-09,Quarterly,Lapsed,CUST09366032,,
POL89737164,Health,475662,1072.78,2016-09-22,2024-08-28,Quarterly,Active,CUST40770489,,
POL27685502,Life,419799,1918.44,2016-06-30,2021-12-01,Quarterly,Lapsed,CUST00150301,,
POL97765922,Life,17722,187.65,2018-10-21,2026-01-14,Monthly,Terminated,CUST21321824,,
POL38306907,Life,79338,1889.84,2022-10-18,2024-06-10,Quarterly,Terminated,CUST58637584,,
POL25998313,Life,295798,1200.92,2022-06-22,2024-07-25,Quarterly,Lapsed,CUST21748118,,
POL74661339,Property,414315,554.05,2024-01-12,2029-05-19,Quarterly,Active,CUST82595798,,
POL39266909,Health,359569,866.92,2019-12-10,2028-01-03,Quarterly,Lapsed,CUST91954014,,
POL62033992,Health,455419,904.12,2020-12-11,2028-07-04,Quarterly,Lapsed,CUST19245315,,
POL33819244,Auto,482085,395.95,2018-12-07,2024-09-29,Quarterly,Terminated,CUST11501139,,
POL73888890,Life,228739,1128.92,2019-09-27,2026-07-22,Monthly,Lapsed,CUST41660600,,
POL13345815,Property,339608,969.51,2018-09-26,2027-07-22,Quarterly,Active,CUST81225418,,
POL32410068,Life,443958,1481.74,2019-07-15,2028-10-03,Annually,Lapsed,CUST40396385,,
POL69821903,Auto,225776,1547.96,2015-12-11,2021-05-28,Quarterly,Lapsed,CUST90321947,,
POL87761575,Health,298732,1578.44,2018-08-02,2028-07-29,Quarterly,Active,CUST10072038,,
POL57434745,Property,493897,328.6,2022-07-12,2027-01-30,Monthly,Terminated,CUST73332147,,
POL90998412,Life,210660,1950.62,2022-03-04,2029-12-01,Annually,Lapsed,CUST83206040,,
POL55253594,Property,192027,1309.83,2019-12-11,2027-03-06,Annually,Terminated,CUST24433893,,
POL96803168,Auto,106074,1902.18,2019-12-08,2023-09-07,Quarterly,Lapsed,CUST60069995,,
POL66073787,Health,115527,168.62,2018-02-16,2025-01-08,Quarterly,Active,CUST45148477,,
POL05708532,Property,221413,602.92,2016-09-03,2017-10-21,Quarterly,Active,CUST88488520,,
POL20890423,Life,168941,170.75,2024-05-07,2026-09-04,Quarterly,Active,CUST10680740,,
POL18433097,Life,319831,541.76,2023-12-19,2030-07-15,Monthly,Active,CUST50304623,,
POL21822034,Life,480019,486.06,2016-04-11,2025-06-16,Monthly,Lapsed,CUST56689252,,
POL87603432,Health,114872,1452.93,2017-11-15,2026-03-01,Annually,Lapsed,CUST88009581,,
POL87116208,Health,264237,1077.11,2017-05-03,2020-06-02,Annually,Active,CUST02523364,,
POL85070326,Health,343452,1606.39,2016-04-02,2018-08-21,Monthly,Terminated,CUST31204776,,
POL15824139,Health,226834,866.94,2017-07-20,2026-08-27,Quarterly,Active,CUST90162029,,
POL74324052,Auto,470174,758.76,2021-05-17,2031-04-12,Monthly,Terminated,CUST01418738,,
POL10828457,Property,173304,1295.21,2017-01-25,2020-11-09,Quarterly,Lapsed,CUST74177659,,
POL49583465,Health,115608,918.91,2019-11-10,2023-03-29,Quarterly,Active,CUST56215398,,
POL64169471,Property,392057,1392.18,2021-07-16,2028-12-29,Quarterly,Lapsed,CUST82451970,,
POL34306249,Property,329123,780.52,2020-11-23,2030-11-13,Annually,Terminated,CUST22367504,,
POL15413250,Auto,93227,1937.64,2017-04-24,2020-07-04,Monthly,Lapsed,CUST03850539,,
POL07584414,Property,310200,1091.08,2017-11-19,2019-01-02,Quarterly,Terminated,CUST54704750,,
POL10466419,Property,459656,237.95,2023-11-05,2029-10-18,Monthly,Active,CUST59063255,,
POL07992427,Health,204294,1211.31,2016-04-02,2022-11-24,Quarterly,Lapsed,CUST88971515,,
POL79774019,Auto,464057,1818.92,2019-07-01,2028-11-02,Monthly,Terminated,CUST38172611,,
POL86678758,Health,458975,577.2,2021-06-05,2028-10-18,Monthly,Lapsed,CUST41146530,,
POL91301507,Property,397996,1115.86,2018-04-11,2019-07-08,Annually,Active,CUST78277888,,
POL75790395,Property,136467,989.53,2018-12-23,2027-10-11,Monthly,Active,CUST19037538,,
POL72689700,Life,196771,979.09,2021-01-02,2027-01-10,Monthly,Active,CUST97737134,,
POL79257166,Health,215042,129.57,2018-12-25,2023-10-08,Annually,Lapsed,CUST04470605,,
POL54084176,Health,432217,146.21,2020-06-21,2023-03-08,Annually,Terminated,CUST59014511,,
POL61208002,Life,392041,1956.26,2020-04-08,2022-12-05,Quarterly,Lapsed,CUST20605632,,
POL18175825,Property,365154,1524.48,2019-07-21,2026-11-03,Quarterly,Active,CUST48070910,,
POL27152348,Auto,91872,666.42,2015-08-05,2021-06-15,Quarterly,Active,CUST66770624,,
POL65805829,Life,375199,1588.75,2022-03-20,2029-05-17,Annually,Terminated,CUST79016088,,
POL91110515,Health,453190,438.78,2020-09-16,2022-06-20,Monthly,Terminated,CUST26436799,,
POL47692099,Property,253023,1335.62,2018-01-01,2024-06-23,Monthly,Active,CUST33123037,,
POL03021304,Health,24850,1543.02,2020-03-09,2021-11-10,Monthly,Terminated,CUST71031652,,
POL52373291,Health,271787,999.41,2017-10-18,2026-08-26,Monthly,Terminated,CUST56743742,,
POL00027462,Health,433764,453.51,2019-07-06,2026-03-21,Annually,Terminated,CUST24420078,,
POL00053682,Auto,249903,1976.49,2022-11-03,2025-12-23,Annually,Active,CUST73495153,,
POL91428444,Auto,290712,397.42,2018-04-21,2021-12-02,Quarterly,Active,CUST49675622,,
POL47427298,Health,163264,1791.02,2021-06-03,2023-11-20,Annually,Lapsed,CUST01201519,,
POL23259824,Life,92641,893.25,2023-05-29,2028-12-28,Monthly,Terminated,CUST58157397,,
POL58913291,Health,180686,539.64,2015-01-24,2016-09-07,Monthly,Terminated,CUST36291804,,
POL70221797,Life,25303,411.7,2015-10-08,2023-08-03,Monthly,Active,CUST13006395,,
POL17760836,Life,145836,881.74,2019-09-15,2025-01-18,Quarterly,Lapsed,CUST49174127,,
POL84155447,Health,218757,903.39,2024-09-01,2034-08-15,Annually,Lapsed,CUST24621636,,
POL61012482,Auto,473653,1860.87,2020-05-07,2029-07-18,Monthly,Active,CUST83482447,,
POL27562885,Health,453237,619.24,2015-06-08,2017-03-16,Quarterly,Lapsed,CUST89191740,,
POL51145761,Health,75481,518.88,2024-03-22,2033-03-17,Quarterly,Active,CUST29454283,,
POL19986234,Property,126137,186.67,2022-10-12,2028-09-22,Quarterly,Terminated,CUST88971515,,
POL83558215,Health,331539,230.44,2024-04-03,2029-03-18,Quarterly,Terminated,CUST29339598,,
POL51223603,Life,32230,124.24,2023-02-05,2030-02-20,Annually,Active,CUST12708863,,
POL53424615,Life,73825,792.37,2020-01-12,2021-05-18,Annually,Terminated,CUST42176644,,
POL97116121,Health,100857,955.45,2024-02-27,2033-12-16,Annually,Terminated,CUST23290415,,
POL52256054,Life,335090,1509.97,2022-08-17,2025-12-04,Annually,Terminated,CUST44038518,,
POL15452704,Auto,137366,1454.35,2019-11-20,2022-09-12,Annually,Lapsed,CUST02924046,,
POL35880668,Property,60581,1246.99,2022-10-18,2028-03-10,Annually,Lapsed,CUST91838380,,
POL09718181,Property,216807,1703.88,2019-02-01,2028-12-09,Annually,Terminated,CUST48602212,,
POL71221796,Property,141379,1288.24,2017-03-14,2027-02-11,Monthly,Lapsed,CUST63404306,,
POL11657273,Life,197430,520.16,2024-03-03,2030-04-30,Quarterly,Active,CUST58906130,,
POL13040382,Life,273532,1787.06,2023-09-22,2029-10-27,Annually,Active,CUST01201519,,
POL81188650,Health,171965,919.26,2022-01-23,2023-03-23,Monthly,Terminated,CUST42550834,,
POL94226268,Health,240438,1549.93,2023-02-03,2025-02-14,Monthly,Terminated,CUST56919473,,
POL72474540,Health,461777,1880.56,2018-08-15,2023-10-30,Annually,Terminated,CUST76241465,,
POL95614962,Health,247626,829.14,2021-08-16,2027-07-28,Monthly,Active,CUST77843488,,
POL09396530,Life,65489,269.74,2017-01-20,2022-09-23,Monthly,Terminated,CUST34234173,,
POL72359932,Life,351671,143.03,2020-08-26,2029-04-19,Annually,Lapsed,CUST53665257,,
POL87284738,Property,147663,268.76,2020-11-02,2022-01-25,Monthly,Terminated,CUST43028954,,
POL79841700,Health,223867,388.12,2023-01-25,2029-12-23,Monthly,Active,CUST28678258,,
POL05346693,Auto,46416,1550.34,2021-07-26,2025-10-14,Annually,Terminated,CUST57078534,,
POL04666316,Health,79373,860.66,2021-04-19,2023-02-03,Annually,Active,CUST67064326,,
POL23939811,Auto,476819,1978.09,2019-12-28,2029-10-19,Annually,Active,CUST88974312,,
POL14694740,Life,90182,1191.56,2019-11-10,2027-07-21,Monthly,Terminated,CUST39775134,,
POL50904690,Health,11946,1586.35,2017-04-17,2025-06-09,Monthly,Terminated,CUST67112766,,
POL84945685,Life,225155,451.73,2019-12-24,2027-05-09,Annually,Lapsed,CUST28007772,,
POL45056410,Property,117410,1249.07,2017-04-18,2026-06-18,Monthly,Lapsed,CUST20442550,,
POL18917162,Health,165025,1557.45,2018-02-07,2026-01-04,Annually,Lapsed,CUST41756964,,
POL93569527,Life,41252,1246.83,2019-06-20,2024-04-27,Annually,Lapsed,CUST80341849,,
POL08022082,Auto,380387,1487.79,2018-08-26,2021-02-20,Annually,Lapsed,CUST61699442,,
POL39776148,Life,306883,558.99,2015-03-22,2023-11-22,Annually,Terminated,CUST08745607,,
POL59128367,Health,434183,1781.37,2020-06-12,2027-07-22,Quarterly,Terminated,CUST87522482,,
POL25339559,Health,237668,1919.99,2023-02-24,2030-08-26,Quarterly,Active,CUST22979259,,
POL99509489,Health,199531,1002.6,2016-05-17,2021-07-03,Annually,Active,CUST05448990,,
POL24131589,Health,307255,320.96,2024-04-08,2028-09-01,Quarterly,Active,CUST80620284,,
POL53014679,Auto,473362,748.59,2015-12-19,2025-10-28,Quarterly,Active,CUST90674765,,
POL36551695,Life,439132,825.18,2023-10-18,2033-03-19,Monthly,Lapsed,CUST44416294,,
POL45897709,Property,322423,502.98,2023-08-17,2029-03-20,Annually,Lapsed,CUST77141677,,
POL24059480,Life,271971,158.27,2017-11-14,2027-08-07,Quarterly,Active,CUST39434727,,
POL34097370,Life,120233,538.62,2019-06-20,2025-10-09,Quarterly,Lapsed,CUST25664706,,
POL20155433,Property,349926,1988.96,2021-05-21,2030-01-28,Monthly,Terminated,CUST26183899,,
POL88048338,Property,229327,1200.63,2016-02-12,2023-11-11,Quarterly,Lapsed,CUST32422139,,
POL08306459,Property,435880,491.39,2020-05-01,2023-12-31,Quarterly,Active,CUST28636367,,
POL83627294,Life,32092,651.5,2015-09-24,2017-02-10,Monthly,Active,CUST38077133,,
POL67370723,Health,477474,931.7,2021-11-14,2031-04-03,Monthly,Active,CUST92557259,,
POL56855277,Life,489052,756.9,2023-08-15,2030-07-30,Monthly,Active,CUST51111317,,
POL71025279,Property,136519,554.36,2015-08-09,2018-09-05,Quarterly,Terminated,CUST00376151,,
POL89877141,Property,491553,974.78,2024-02-11,2027-12-05,Quarterly,Active,CUST43474845,,
POL46278459,Auto,205903,1326.6,2024-06-22,2028-03-27,Quarterly,Lapsed,CUST47750404,,
POL23225249,Life,96126,1371.34,2014-12-31,2021-11-10,Monthly,Terminated,CUST85445586,,
POL97046010,Health,344772,1954.64,2015-11-07,2025-06-26,Quarterly,Active,CUST55058209,,
POL04685108,Health,265293,1621.16,2015-01-15,2018-09-21,Annually,Active,CUST48975513,,
POL41128359,Auto,488924,1236.63,2023-05-26,2027-05-31,Quarterly,Terminated,CUST48150903,,
POL93053026,Auto,405434,436.33,2023-09-09,2032-01-21,Monthly,Lapsed,CUST76347079,,
POL48548690,Life,286441,1864.15,2021-08-02,2029-05-27,Quarterly,Lapsed,CUST59353588,,
POL09899083,Health,296905,148.16,2020-09-28,2026-08-25,Monthly,Terminated,CUST97084481,,
POL28544968,Property,67018,842.07,2022-06-30,2025-10-23,Quarterly,Active,CUST15729440,,
POL32747822,Life,216473,1817.14,2017-06-10,2020-09-25,Annually,Lapsed,CUST51004971,,
POL40953889,Auto,168075,1402.47,2020-06-06,2024-04-11,Quarterly,Lapsed,CUST76099488,,
POL71377159,Property,97714,1498.58,2020-05-29,2027-07-08,Annually,Active,CUST39647338,,
POL12620607,Life,208073,253.07,2024-02-11,2031-12-16,Monthly,Terminated,CUST45786640,,
POL03542172,Property,20808,1868.37,2020-07-11,2021-10-03,Monthly,Active,CUST84858008,,
POL19062916,Property,93069,1625.86,2024-01-29,2026-03-02,Annually,Active,CUST57350810,,
POL79030894,Health,260765,1500.08,2018-03-29,2024-09-18,Quarterly,Lapsed,CUST28258809,,
POL24466673,Property,224846,250.66,2023-01-24,2024-06-09,Monthly,Active,CUST92631069,,
POL95548739,Life,269049,1168.54,2024-06-06,2028-06-27,Annually,Terminated,CUST87054211,,
POL06082159,Life,113307,1798.29,2018-03-01,2020-01-19,Annually,Lapsed,CUST29327405,,
POL61268918,Health,313895,1392.25,2018-09-26,2022-01-01,Monthly,Terminated,CUST71761032,,
POL43684594,Property,153244,1464.06,2017-01-28,2021-02-16,Annually,Lapsed,CUST41638643,,
POL48638488,Life,371737,1988.42,2023-10-19,2025-07-03,Annually,Terminated,CUST91932461,,
POL79633584,Auto,13225,543.74,2021-05-30,2022-08-06,Monthly,Lapsed,CUST76280899,,
POL05425412,Life,144308,650.11,2021-11-15,2025-08-08,Monthly,Active,CUST64402425,,
POL03268061,Auto,375145,1721.39,2020-08-01,2028-08-14,Annually,Lapsed,CUST31049765,,
POL58046238,Health,366924,1084.41,2020-04-07,2023-12-24,Annually,Terminated,CUST24156688,,
POL00555987,Life,490902,339.66,2015-03-29,2020-05-14,Quarterly,Active,CUST26092604,,
POL64301411,Property,395841,1006.99,2024-04-21,2026-07-13,Annually,Lapsed,CUST34127687,,
POL44117650,Property,493491,1314.28,2024-01-29,2031-11-27,Annually,Lapsed,CUST69641136,,
POL96996630,Auto,448034,1152.97,2016-05-12,2025-10-14,Quarterly,Active,CUST97879695,,
POL29698184,Auto,450948,867.42,2017-09-29,2019-01-18,Monthly,Lapsed,CUST71225485,,
POL61337531,Auto,204208,332.35,2016-01-17,2024-03-03,Annually,Terminated,CUST55740087,,
POL87102563,Life,280509,1631.01,2015-01-21,2023-09-07,Monthly,Terminated,CUST81280296,,
POL19165656,Property,248557,671.71,2023-03-19,2032-05-25,Annually,Lapsed,CUST71549116,,
POL83494214,Property,363692,694.06,2016-02-17,2018-02-14,Annually,Active,CUST19141323,,
POL44698969,Auto,462742,680.96,2021-01-09,2026-03-21,Annually,Active,CUST39434727,,
POL03681890,Property,335837,296.79,2016-07-12,2020-04-26,Monthly,Terminated,CUST68066282,,
POL82827765,Health,161941,1071.32,2016-04-01,2024-05-28,Quarterly,Active,CUST50829047,,
POL58468979,Health,48451,735.8,2022-07-28,2024-01-01,Monthly,Lapsed,CUST07244824,,
POL04129775,Life,236415,1017.54,2022-01-06,2025-09-25,Quarterly,Terminated,CUST12138426,,
POL05174448,Health,156546,1733.75,2015-08-10,2016-11-05,Annually,Terminated,CUST17600382,,
POL13757692,Auto,107495,492.66,2016-06-15,2022-05-19,Monthly,Lapsed,CUST60031192,,
POL22546780,Auto,186877,1149.75,2024-11-07,2027-05-29,Monthly,Lapsed,CUST12596512,,
POL13870747,Auto,334963,107.72,2024-07-13,2030-04-18,Quarterly,Terminated,CUST91053694,,
POL41691326,Auto,95747,1278.81,2021-04-25,2022-06-19,Monthly,Terminated,CUST35415891,,
POL80649448,Health,321786,1764.6,2022-03-01,2028-08-10,Annually,Lapsed,CUST45148477,,
POL96055104,Life,139393,764.97,2022-11-17,2030-09-01,Quarterly,Terminated,CUST81583434,,
POL64820224,Property,361914,370.55,2022-09-04,2027-02-16,Monthly,Terminated,CUST31631183,,
POL23605253,Health,140541,947.85,2020-01-23,2022-11-18,Monthly,Terminated,CUST90055777,,
POL52061885,Property,297933,1337.97,2024-12-05,2033-09-16,Monthly,Lapsed,CUST03789210,,
POL54766419,Health,68544,928.47,2017-01-01,2021-04-13,Monthly,Lapsed,CUST21904355,,
POL60396773,Life,480975,1420.86,2022-03-29,2024-05-21,Annually,Lapsed,CUST46386527,,
POL39100560,Health,312790,1264.09,2017-03-17,2018-11-20,Quarterly,Terminated,CUST76960209,,
POL73957943,Auto,426180,194.82,2020-07-26,2030-01-30,Annually,Terminated,CUST26214584,,
POL07510316,Health,302746,1603.86,2015-01-17,2023-07-26,Quarterly,Lapsed,CUST36050741,,
POL32316303,Auto,432298,1160.47,2020-12-24,2025-12-02,Annually,Terminated,CUST82850738,,
POL70355052,Health,55029,783.51,2022-09-22,2030-06-08,Quarterly,Terminated,CUST93857577,,
POL35831200,Property,107683,1902.2,2016-08-15,2021-03-01,Annually,Terminated,CUST20768799,,
POL43810674,Health,61633,510.71,2016-03-30,2017-04-12,Monthly,Terminated,CUST82201328,,
POL29566487,Property,189308,1045.02,2021-12-23,2025-11-11,Quarterly,Lapsed,CUST03158868,,
POL83125745,Health,434716,1585.5,2024-07-15,2026-10-02,Quarterly,Active,CUST69853377,,
POL96105992,Property,31096,714.11,2016-04-18,2022-12-08,Quarterly,Terminated,CUST44281467,,
POL14232641,Health,101574,1119.62,2018-11-14,2027-09-21,Monthly,Active,CUST40565180,,
POL70276690,Auto,359550,1746.43,2015-09-06,2023-10-11,Monthly,Terminated,CUST14360985,,
POL83845394,Property,450228,731.4,2020-12-05,2022-05-20,Annually,Lapsed,CUST95152808,,
POL18936768,Health,93577,837.41,2019-12-25,2023-08-13,Quarterly,Lapsed,CUST35883503,,
POL88646934,Property,73768,1066.78,2021-01-26,2027-01-19,Quarterly,Terminated,CUST74437728,,
POL31150343,Life,383334,1430.49,2021-09-20,2030-12-15,Quarterly,Lapsed,CUST01544560,,
POL77590064,Life,274265,946.81,2018-01-20,2020-04-20,Annually,Terminated,CUST09846051,,
POL87958361,Property,116065,1436.17,2021-09-24,2031-01-01,Quarterly,Active,CUST25167839,,
POL01957491,Life,104234,671.59,2016-05-28,2021-02-14,Annually,Active,CUST78768706,,
POL32669368,Health,83369,459.52,2018-06-09,2026-01-10,Quarterly,Active,CUST44692135,,
POL47434227,Auto,291591,895.12,2015-02-26,2023-02-21,Quarterly,Lapsed,CUST57383224,,
POL77202133,Auto,254120,488.55,2016-04-14,2020-10-07,Annually,Lapsed,CUST69853377,,
POL47001756,Health,117077,120.49,2022-09-05,2023-10-19,Quarterly,Lapsed,CUST91136281,,
POL81675097,Health,467805,548.62,2019-05-24,2022-12-22,Monthly,Terminated,CUST88294403,,
POL87932414,Auto,235909,1203.02,2016-08-12,2025-02-21,Monthly,Active,CUST89101661,,
POL64120908,Auto,72381,901.33,2024-01-27,2029-05-19,Annually,Lapsed,CUST25828676,,
POL83057308,Property,234912,419.12,2020-02-13,2026-03-16,Quarterly,Active,CUST73141277,,
POL23057519,Life,246388,1184.62,2015-08-01,2024-06-17,Annually,Active,CUST79849439,,
POL35891090,Property,358858,1386.24,2019-09-22,2026-04-02,Annually,Lapsed,CUST98331108,,
POL93399992,Health,144521,366.72,2023-04-15,2028-06-18,Monthly,Lapsed,CUST56082389,,
POL50710696,Health,30699,1340.93,2021-01-08,2030-04-27,Quarterly,Active,CUST07468344,,
POL82014099,Property,81558,378.2,2015-01-19,2024-08-26,Quarterly,Active,CUST24472456,,
POL25023935,Health,161000,836.7,2020-04-30,2021-12-02,Quarterly,Lapsed,CUST27280279,,
POL15028588,Auto,194304,513.39,2018-03-13,2024-06-21,Quarterly,Terminated,CUST34809863,,
POL93527045,Health,168473,895.71,2018-11-12,2021-09-24,Annually,Active,CUST92361788,,
POL11591403,Life,411684,1325.34,2019-10-07,2024-03-17,Annually,Terminated,CUST80003725,,
POL45693467,Health,484704,1655.96,2018-11-30,2025-01-23,Quarterly,Terminated,CUST44410921,,
POL20256570,Health,145493,1168.95,2018-06-30,2021-03-05,Monthly,Lapsed,CUST27984197,,
POL90485670,Health,441115,777.48,2023-08-12,2030-06-03,Quarterly,Active,CUST32845434,,
POL16874164,Health,498724,1093.48,2020-08-28,2030-07-01,Annually,Terminated,CUST62087566,,
POL94407943,Property,161428,1020.5,2020-09-09,2028-08-25,Annually,Terminated,CUST54414917,,
POL66935971,Health,183840,204.94,2018-02-26,2024-08-06,Annually,Lapsed,CUST78378678,,
POL00285080,Property,266905,1611.98,2024-06-23,2026-02-17,Annually,Active,CUST39927411,,
POL56375042,Life,398870,1916.87,2015-03-04,2024-09-08,Annually,Terminated,CUST74784564,,
POL23995965,Property,160201,1663.23,2022-01-09,2030-12-07,Monthly,Lapsed,CUST87543401,,
POL17257260,Property,40778,632.66,2015-04-08,2022-01-18,Monthly,Lapsed,CUST74645435,,
POL47359207,Auto,253355,339.04,2024-05-17,2030-06-25,Annually,Lapsed,CUST72317473,,
POL25690244,Health,46016,763.91,2022-07-14,2025-02-06,Annually,Lapsed,CUST39846764,,
POL56082024,Property,307716,1194.32,2016-02-23,2022-02-02,Monthly,Active,CUST75487537,,
POL83477672,Health,151673,271.1,2015-03-14,2017-12-28,Annually,Lapsed,CUST82710023,,
POL35251275,Health,466446,756.95,2016-09-28,2020-05-08,Annually,Terminated,CUST41303481,,
POL88925713,Property,493718,353.45,2016-02-04,2022-08-21,Quarterly,Active,CUST29542458,,
POL84180502,Property,497733,337.76,2020-01-12,2023-10-03,Annually,Active,CUST64486961,,
POL35917604,Life,454022,481.46,2018-01-01,2021-07-02,Monthly,Lapsed,CUST36502944,,
POL32525791,Health,434369,1558.81,2015-11-16,2017-02-01,Quarterly,Active,CUST39273723,,
POL45410336,Life,362940,1806.14,2023-06-02,2025-06-27,Monthly,Terminated,CUST19168713,,
POL14461196,Life,87993,1828.8,2024-12-21,2026-01-26,Quarterly,Terminated,CUST91404991,,
POL64120254,Auto,486008,1272.05,2017-05-22,2020-11-18,Annually,Active,CUST13490253,,
POL11850737,Health,220209,1065.5,2015-05-06,2018-04-29,Monthly,Terminated,CUST89555445,,
POL24090621,Life,368150,904.34,2024-11-09,2032-06-18,Annually,Terminated,CUST27860794,,
POL07053234,Life,328811,1390.71,2021-02-07,2023-04-25,Quarterly,Lapsed,CUST75412147,,
POL56345921,Auto,268963,1015.9,2018-08-30,2025-11-18,Annually,Terminated,CUST10313009,,
POL73302546,Health,477924,169.97,2017-05-18,2020-07-21,Quarterly,Terminated,CUST99527487,,
POL41570616,Health,276531,1825.41,2019-01-05,2022-04-24,Monthly,Terminated,CUST85679291,,
POL00167399,Life,307898,1588.34,2022-01-05,2024-02-18,Annually,Lapsed,CUST98453099,,
POL14909944,Auto,471997,510.63,2020-06-11,2024-03-05,Quarterly,Lapsed,CUST64614760,,
POL52791225,Life,448004,485.18,2018-11-22,2027-04-24,Monthly,Active,CUST06384819,,
POL63694348,Property,192800,1301.26,2024-11-12,2029-05-25,Monthly,Lapsed,CUST21270891,,
POL33923599,Life,174145,548.78,2023-08-08,2031-04-14,Monthly,Terminated,CUST48411549,,
POL91166639,Life,242690,822.38,2021-03-11,2025-12-18,Annually,Terminated,CUST97726267,,
POL73745921,Auto,327990,1280.77,2022-09-11,2030-05-03,Quarterly,Terminated,CUST54931182,,
POL31856502,Health,195984,731.64,2023-09-25,2031-06-07,Annually,Active,CUST10537452,,
POL88017939,Health,346000,893.52,2024-11-21,2032-07-14,Monthly,Active,CUST49209448,,
POL37431066,Property,254456,902.41,2021-09-07,2027-02-06,Monthly,Lapsed,CUST96102930,,
POL03068532,Life,103721,1440.72,2016-05-06,2017-07-29,Monthly,Terminated,CUST12048374,,
POL81019998,Auto,115126,1448.83,2018-06-14,2025-03-08,Monthly,Terminated,CUST64300710,,
POL54082537,Life,442362,943.43,2017-06-11,2023-06-25,Monthly,Terminated,CUST46870622,,
POL75380530,Life,209598,211.07,2021-08-27,2029-06-17,Monthly,Lapsed,CUST65008360,,
POL13370317,Life,100661,720.89,2024-08-02,2028-01-23,Quarterly,Lapsed,CUST81031233,,
POL72506078,Life,94147,1391.12,2022-01-14,2029-08-20,Annually,Lapsed,CUST48464862,,
POL15788896,Health,239349,1641.5,2016-05-30,2025-01-08,Annually,Terminated,CUST32046264,,
POL87257642,Health,496885,1439.67,2023-07-29,2032-01-05,Quarterly,Lapsed,CUST12778863,,
POL10754194,Property,17967,1047.09,2020-12-18,2030-12-03,Monthly,Terminated,CUST84238322,,
POL02543918,Health,453625,1353.21,2017-07-12,2024-02-27,Monthly,Active,CUST49937329,,
POL80996561,Auto,60697,1965.83,2017-11-24,2019-08-09,Quarterly,Terminated,CUST18874246,,
POL82172592,Property,267228,1126.64,2019-08-25,2024-03-12,Quarterly,Active,CUST26207435,,
POL70577511,Health,450658,516.14,2020-02-21,2024-04-03,Quarterly,Active,CUST80334188,,
POL00677715,Life,262348,468.55,2016-12-03,2026-05-06,Annually,Active,CUST01068208,,
POL65284354,Property,71376,1654.53,2024-05-17,2026-10-17,Annually,Terminated,CUST56753771,,
POL29054681,Property,240942,1354.38,2020-03-27,2024-07-12,Quarterly,Lapsed,CUST93959202,,
POL56020599,Life,468873,1911.52,2017-02-04,2021-06-21,Monthly,Active,CUST23383512,,
POL02586223,Health,379631,1084.19,2020-05-08,2024-11-27,Monthly,Active,CUST41171867,,
POL36565456,Health,216868,1340.78,2022-02-08,2024-03-20,Quarterly,Lapsed,CUST08016042,,
POL73721889,Health,342812,1486.96,2023-10-18,2027-09-09,Annually,Terminated,CUST04003999,,
POL42862009,Health,67164,832.84,2017-11-11,2027-04-08,Monthly,Terminated,CUST62010126,,
POL91109221,Life,389380,377.89,2020-03-08,2027-12-19,Monthly,Active,CUST64350786,,
POL99391697,Life,380097,1389.76,2024-03-28,2028-10-26,Monthly,Active,CUST49174055,,
POL07501738,Life,125380,1863.52,2022-10-01,2027-01-28,Quarterly,Lapsed,CUST08945946,,
POL54824622,Auto,464079,1437.05,2021-11-08,2028-01-02,Quarterly,Lapsed,CUST48484204,,
POL74809100,Health,244082,1967.32,2024-05-27,2029-07-14,Monthly,Terminated,CUST71619691,,
POL05204154,Auto,87650,818.61,2016-11-08,2025-02-07,Quarterly,Active,CUST13561615,,
POL36096008,Auto,392536,161.62,2016-09-03,2025-02-02,Monthly,Lapsed,CUST93577880,,
POL92010970,Health,211516,983.76,2023-01-12,2025-04-12,Annually,Lapsed,CUST87141280,,
POL26112372,Auto,19563,657.99,2015-11-10,2025-08-14,Monthly,Terminated,CUST56819798,,
POL33632852,Auto,189775,1209.52,2015-03-18,2023-05-30,Annually,Active,CUST42176644,,
POL29315631,Life,453210,911.55,2018-08-21,2027-03-17,Monthly,Active,CUST00111093,,
POL87150455,Life,411286,984.42,2023-12-14,2033-03-13,Annually,Active,CUST65363374,,
POL96387470,Life,40135,1025.69,2019-07-27,2027-09-24,Monthly,Active,CUST56374162,,
POL23926652,Auto,16716,1755.54,2020-09-25,2030-06-22,Quarterly,Active,CUST69834247,,
POL17904439,Health,262737,1620.91,2019-11-05,2021-07-12,Monthly,Lapsed,CUST40187120,,
POL38419825,Life,79369,1298.05,2022-01-01,2029-08-09,Quarterly,Lapsed,CUST32248638,,
POL76405797,Property,228164,1938.96,2021-04-15,2029-12-26,Annually,Active,CUST53785151,,
POL21911131,Life,430068,1774.39,2021-09-03,2026-05-17,Annually,Active,CUST24107438,,
POL92252183,Life,467484,1056.68,2021-02-28,2023-07-26,Monthly,Active,CUST78462039,,
POL05753582,Life,336564,1259.22,2016-06-28,2018-07-30,Annually,Lapsed,CUST06521429,,
POL26903492,Life,268170,1183.17,2018-09-24,2026-11-17,Annually,Terminated,CUST39846764,,
POL31299981,Property,75575,1621.23,2021-09-05,2024-05-03,Monthly,Lapsed,CUST82429974,,
POL01888346,Property,114014,554.59,2023-11-07,2029-01-17,Quarterly,Terminated,CUST91567525,,
POL87558325,Life,141239,1548.06,2019-01-27,2022-05-24,Monthly,Lapsed,CUST52954499,,
POL09367565,Auto,212579,1024.62,2023-02-02,2025-11-15,Quarterly,Active,CUST61057737,,
POL66521872,Auto,216391,331.1,2022-03-16,2024-05-26,Quarterly,Terminated,CUST20740508,,
POL95876138,Property,81339,1794.3,2018-07-28,2027-08-15,Annually,Terminated,CUST39448165,,
POL98940145,Life,56311,1410.65,2018-11-08,2023-09-21,Quarterly,Lapsed,CUST40183908,,
POL20706800,Health,173741,1762.32,2020-07-04,2021-12-13,Quarterly,Terminated,CUST31775664,,
POL62363777,Property,267104,787.09,2023-04-01,2025-08-13,Annually,Active,CUST51111317,,
POL30056651,Life,267386,1176.46,2017-05-11,2020-03-25,Quarterly,Terminated,CUST66609255,,
POL48483047,Property,390406,117.42,2024-02-04,2030-01-04,Annually,Terminated,CUST92868253,,
POL87901300,Auto,37420,281.68,2019-12-24,2024-03-31,Monthly,Terminated,CUST89826348,,
POL23666757,Life,376568,1569.66,2021-11-21,2029-01-10,Monthly,Terminated,CUST10333438,,
POL17108285,Life,398667,584.31,2023-12-28,2032-03-03,Quarterly,Terminated,CUST99747043,,
POL29859333,Life,419360,479.85,2015-06-18,2017-12-03,Monthly,Active,CUST61133269,,
POL45632663,Property,146573,566.02,2024-05-08,2028-08-20,Monthly,Lapsed,CUST29123454,,
POL95105211,Auto,466991,1132.09,2019-07-28,2023-08-09,Annually,Lapsed,CUST58712853,,
POL86241971,Health,418693,1605.26,2018-09-26,2022-07-22,Monthly,Active,CUST81462168,,
POL88449964,Health,341091,1939.58,2022-12-03,2026-04-26,Monthly,Active,CUST91742379,,
POL91221786,Health,171331,1282.32,2016-03-28,2017-07-26,Monthly,Active,CUST90930392,,
POL81320794,Auto,77017,961.9,2023-10-26,2032-01-08,Quarterly,Active,CUST34213033,,
POL51364019,Life,60433,528.51,2019-06-23,2020-08-17,Monthly,Terminated,CUST39832327,,
POL31936663,Health,378283,996.79,2022-05-19,2030-09-10,Quarterly,Terminated,CUST35524650,,
POL26252695,Life,459005,1376.44,2017-02-22,2026-11-17,Monthly,Active,CUST48998448,,
POL75928270,Property,57340,1050.78,2016-02-12,2024-09-10,Monthly,Active,CUST35283238,,
POL84662646,Life,320034,1164.54,2018-11-03,2023-05-24,Quarterly,Active,CUST36410265,,
POL07640768,Health,109395,1289.56,2022-09-11,2025-08-20,Quarterly,Terminated,CUST18358200,,
POL79406105,Auto,23380,344.97,2020-10-12,2027-01-01,Annually,Terminated,CUST90396181,,
POL87414724,Property,432369,482.11,2019-11-24,2025-01-28,Monthly,Lapsed,CUST40022319,,
POL61963636,Health,180734,528.51,2015-07-15,2019-08-24,Quarterly,Active,CUST77867553,,
POL20036492,Life,141323,1202.55,2024-08-12,2029-08-27,Quarterly,Active,CUST15661323,,
POL34350307,Life,131457,1160.06,2021-11-24,2029-06-04,Quarterly,Terminated,CUST02392291,,
POL07383816,Life,277611,219.31,2019-03-21,2027-11-27,Monthly,Active,CUST80574300,,
POL05276181,Property,419020,638.74,2017-05-23,2022-09-17,Monthly,Lapsed,CUST22979259,,
POL01056651,Life,269885,804.12,2015-10-01,2024-04-29,Annually,Active,CUST54482939,,
POL57167179,Health,88333,908.36,2024-05-24,2034-05-16,Annually,Active,CUST28678258,,
POL26041216,Life,13984,1975.26,2019-03-17,2027-05-18,Annually,Active,CUST26015722,,
POL99892267,Auto,426110,1544.72,2019-11-14,2026-09-14,Quarterly,Lapsed,CUST27970509,,
POL68220534,Auto,89721,1347.13,2024-04-19,2030-02-04,Monthly,Active,CUST08876431,,
POL43928223,Life,190126,1083.61,2015-06-13,2020-08-05,Quarterly,Active,CUST21473276,,
POL53360521,Life,35644,553.33,2024-09-03,2033-06-25,Annually,Lapsed,CUST10343076,,
POL55583522,Life,380268,269.61,2018-08-11,2026-11-23,Annually,Active,CUST62528326,,
POL23406460,Health,73094,799.32,2021-08-26,2023-01-07,Monthly,Active,CUST18828818,,
POL46108222,Auto,89599,1087.29,2019-07-13,2027-02-17,Monthly,Lapsed,CUST20299805,,
POL34185139,Life,29427,736.76,2021-06-02,2023-09-10,Annually,Active,CUST30166728,,
POL18009742,Auto,152197,652.85,2019-11-27,2025-07-15,Quarterly,Terminated,CUST96555170,,
POL01410101,Auto,118760,363.05,2023-11-18,2032-10-01,Quarterly,Terminated,CUST56206893,,
POL25999716,Property,325249,988.68,2016-01-15,2022-12-13,Monthly,Lapsed,CUST32700823,,
POL58829430,Health,393698,1908.4,2016-01-05,2017-05-30,Annually,Active,CUST60069995,,
POL35621374,Life,122628,529.24,2020-12-03,2027-11-23,Quarterly,Terminated,CUST02717752,,
POL91591924,Property,427653,1166.26,2022-04-01,2024-03-07,Annually,Terminated,CUST96670367,,
POL31141839,Life,261126,529.37,2024-03-02,2034-02-26,Annually,Lapsed,CUST95865242,,
POL53495954,Life,315606,1157.92,2017-12-24,2026-12-29,Monthly,Terminated,CUST80741810,,
POL86577388,Life,259025,1710.53,2020-09-23,2027-07-13,Annually,Lapsed,CUST05890581,,
POL93128506,Auto,91096,986.85,2016-05-05,2020-10-12,Annually,Terminated,CUST27280279,,
POL99329003,Auto,352111,200.98,2017-05-13,2022-11-20,Quarterly,Terminated,CUST64350786,,
POL72353827,Property,292256,643.86,2023-03-05,2024-10-31,Monthly,Lapsed,CUST18830067,,
POL74405232,Property,325093,1891.26,2022-02-06,2028-03-15,Annually,Terminated,CUST90517764,,
POL79712563,Life,479808,1934.92,2017-02-25,2019-03-20,Annually,Terminated,CUST86757499,,
POL59054638,Auto,466394,1510.95,2016-11-22,2021-07-09,Quarterly,Terminated,CUST83482447,,
POL11386721,Life,96438,608.66,2020-07-08,2029-01-16,Quarterly,Terminated,CUST53857349,,
POL27080806,Property,217869,1188.03,2020-04-17,2024-07-15,Monthly,Active,CUST99163226,,
POL67346720,Life,431160,1198.45,2022-05-30,2028-04-01,Quarterly,Active,CUST70088411,,
POL21533048,Property,420337,934.13,2022-02-14,2028-07-27,Quarterly,Lapsed,CUST77926751,,
POL87314266,Auto,155538,1504.41,2022-05-29,2032-01-23,Quarterly,Terminated,CUST89128570,,
POL40501212,Life,416185,1032.35,2023-06-26,2026-12-04,Monthly,Terminated,CUST67483570,,
POL77404434,Property,144518,1229.45,2024-07-24,2031-05-10,Monthly,Active,CUST37540848,,
POL21785501,Auto,417121,1067.61,2019-01-03,2026-08-23,Monthly,Active,CUST54440441,,
POL01637103,Auto,489091,1081.16,2018-04-16,2023-03-05,Annually,Active,CUST85843138,,
POL37640614,Life,350797,404.7,2024-01-22,2025-08-15,Quarterly,Terminated,CUST11215372,,
POL38779532,Health,262187,636.3,2015-05-02,2017-09-24,Annually,Terminated,CUST51678763,,
POL93532453,Property,163972,452.84,2020-04-22,2022-08-11,Annually,Active,CUST20723913,,
POL32964708,Health,156023,481.4,2018-11-01,2025-11-06,Annually,Active,CUST90946182,,
POL60083626,Property,260790,1674.77,2024-04-07,2029-09-28,Monthly,Terminated,CUST06284514,,
POL37953515,Health,297873,729.55,2024-01-04,2029-10-16,Monthly,Terminated,CUST47696408,,
POL30949010,Auto,335074,431.49,2015-01-03,2021-03-02,Monthly,Active,CUST39350909,,
POL89850916,Health,19258,538.84,2020-02-26,2021-07-06,Annually,Active,CUST47568893,,
POL42233188,Property,149936,986.38,2018-04-12,2025-03-19,Monthly,Active,CUST09537081,,
POL18840628,Life,81325,1601.13,2023-01-24,2027-05-28,Quarterly,Terminated,CUST74635566,,
POL97879638,Auto,428511,1242.64,2022-07-05,2027-10-28,Annually,Lapsed,CUST11013072,,
POL98458382,Health,41065,306.33,2021-05-17,2023-09-10,Annually,Terminated,CUST91241575,,
POL99307499,Life,298383,528.57,2021-06-26,2027-11-04,Quarterly,Lapsed,CUST98881712,,
POL12388538,Health,75893,641.2,2018-07-23,2023-07-02,Monthly,Terminated,CUST60676525,,
POL38913667,Auto,179874,1623.37,2023-07-06,2028-04-27,Annually,Lapsed,CUST72665861,,
POL66729277,Life,284813,1898.97,2019-06-16,2028-05-12,Monthly,Terminated,CUST25453256,,
POL04984888,Property,22443,1666.07,2019-01-21,2028-03-04,Monthly,Active,CUST74684366,,
POL04461844,Property,305076,1186.43,2016-09-27,2025-10-29,Monthly,Terminated,CUST25971692,,
POL02953987,Life,394958,1761.55,2014-12-26,2020-03-05,Annually,Terminated,CUST00157628,,
POL45794212,Life,369944,957.71,2019-10-17,2027-05-15,Quarterly,Terminated,CUST20264514,,
POL12021840,Life,465590,1205.32,2015-01-04,2017-10-31,Monthly,Terminated,CUST87110325,,
POL80902857,Life,349302,720.5,2018-11-10,2020-12-12,Annually,Lapsed,CUST26638275,,
POL30067784,Health,402009,809.51,2015-01-04,2022-09-07,Annually,Lapsed,CUST52762998,,
POL97395232,Health,113307,298.25,2019-03-06,2028-09-06,Quarterly,Terminated,CUST73705342,,
POL16232154,Health,94945,906.57,2023-06-06,2025-07-23,Monthly,Active,CUST98453099,,
POL40650840,Property,354927,975.7,2021-10-31,2027-02-13,Quarterly,Terminated,CUST55274449,,
POL35241420,Life,456537,1392.11,2021-02-08,2030-12-08,Monthly,Terminated,CUST80204459,,
POL55451317,Life,194258,223.47,2024-05-31,2029-03-08,Annually,Lapsed,CUST11027799,,
POL64599261,Health,163198,774.66,2022-10-09,2027-06-21,Monthly,Terminated,CUST27230496,,
POL16497483,Life,118570,1381.37,2019-12-29,2025-02-15,Annually,Lapsed,CUST86071121,,
POL44197274,Health,197847,172.29,2024-01-04,2025-01-23,Quarterly,Terminated,CUST24170306,,
POL79351007,Health,113652,480.78,2019-10-14,2027-12-15,Quarterly,Terminated,CUST69123669,,
POL85421445,Auto,216620,1913.11,2015-10-31,2018-04-19,Quarterly,Lapsed,CUST74979874,,
POL91301577,Life,65078,1740.74,2019-01-15,2020-08-06,Quarterly,Active,CUST86827517,,
POL96350038,Auto,300530,263.76,2021-11-24,2031-11-10,Monthly,Terminated,CUST33573403,,
POL83891543,Life,117229,257.87,2015-01-12,2019-05-04,Quarterly,Lapsed,CUST47716501,,
POL61910551,Property,141375,1279.24,2019-06-30,2027-01-05,Monthly,Terminated,CUST12048374,,
POL07172279,Auto,381667,1386.88,2016-10-07,2023-11-11,Monthly,Terminated,CUST85679291,,
POL40635868,Property,336366,898.5,2019-11-13,2029-03-06,Annually,Lapsed,CUST61057737,,
POL86871699,Health,159366,657.9,2019-06-02,2022-10-21,Quarterly,Terminated,CUST44416294,,
POL98972486,Property,93984,1009.9,2016-01-05,2025-02-01,Annually,Terminated,CUST59279612,,
POL10353696,Life,264166,1060.97,2024-04-10,2034-03-08,Monthly,Lapsed,CUST35324709,,
POL19826464,Health,495879,243.47,2024-01-25,2027-07-02,Annually,Active,CUST02904724,,
POL43365109,Health,94861,1692.73,2022-04-04,2025-04-24,Quarterly,Lapsed,CUST16970597,,
POL34839804,Auto,321202,1985.14,2018-04-27,2026-06-01,Quarterly,Active,CUST31812391,,
POL22478374,Life,362500,1995.41,2022-11-10,2029-03-16,Quarterly,Active,CUST03874304,,
POL77820339,Property,306142,183.25,2021-02-18,2030-12-22,Annually,Terminated,CUST67369093,,
POL19433237,Property,394010,1483.9,2024-05-16,2029-06-02,Quarterly,Terminated,CUST37900794,,
POL76932868,Health,289672,709.99,2021-07-18,2024-04-01,Monthly,Terminated,CUST87238120,,
POL41761083,Life,381146,1123.39,2020-08-07,2025-06-06,Annually,Active,CUST20309690,,
POL64386769,Property,431392,350.61,2017-10-12,2025-03-16,Quarterly,Active,CUST85742293,,
POL59120668,Health,100340,1838.26,2019-05-25,2021-05-24,Quarterly,Terminated,CUST98383766,,
POL21757183,Life,241710,1107.37,2017-02-26,2022-12-12,Monthly,Terminated,CUST24246293,,
POL28084608,Property,237049,1193.6,2023-03-17,2029-08-29,Monthly,Lapsed,CUST69260828,,
POL45824623,Life,162958,889.98,2023-08-07,2029-05-15,Monthly,Active,CUST94687217,,
POL31252194,Health,161336,1169.16,2021-04-24,2022-08-14,Annually,Terminated,CUST19370245,,
POL40654062,Life,96776,1349.11,2017-02-05,2021-04-25,Monthly,Lapsed,CUST49079642,,
POL68041288,Health,113438,530.65,2017-06-28,2020-11-30,Monthly,Active,CUST79910497,,
POL66896232,Health,368102,1023.57,2020-06-06,2030-05-08,Quarterly,Lapsed,CUST19076228,,
POL66215442,Health,367238,1111.92,2021-03-28,2026-04-14,Annually,Terminated,CUST64034272,,
POL53985837,Property,92880,1402.94,2024-01-19,2033-01-11,Quarterly,Active,CUST53206356,,
POL26196435,Property,384155,1552.27,2019-08-07,2022-01-29,Annually,Active,CUST87082152,,
POL06372967,Life,36327,1264.86,2020-02-03,2023-10-22,Monthly,Active,CUST60052387,,
POL24776392,Auto,160579,1775.87,2022-09-08,2030-11-15,Monthly,Terminated,CUST41407135,,
POL79861668,Property,138870,712.25,2023-06-23,2025-02-04,Monthly,Terminated,CUST32651947,,
POL30398822,Auto,336485,801.58,2022-07-06,2024-02-19,Monthly,Lapsed,CUST33451063,,
POL41941398,Life,20865,256.89,2024-10-06,2034-01-06,Annually,Terminated,CUST33206965,,
POL54158213,Auto,474218,1638.36,2015-12-13,2019-01-24,Monthly,Lapsed,CUST96477760,,
POL25767436,Life,271913,1209.3,2020-11-20,2023-01-10,Quarterly,Active,CUST53225019,,
POL90801398,Health,252247,997.78,2023-11-15,2031-05-01,Quarterly,Lapsed,CUST86071121,,
POL84935714,Health,458500,1130.36,2021-02-18,2024-03-22,Annually,Lapsed,CUST80947233,,
POL29870683,Life,50059,1001.7,2018-11-03,2025-10-22,Quarterly,Terminated,CUST00558554,,
POL86204804,Property,182210,586.3,2019-03-02,2021-12-03,Annually,Lapsed,CUST50223337,,
POL07331096,Health,133436,857.85,2023-04-26,2026-07-06,Annually,Terminated,CUST71519906,,
POL47491023,Property,298939,469.78,2020-08-14,2026-07-28,Quarterly,Active,CUST19968931,,
POL78988005,Life,381226,1943.33,2022-09-03,2027-03-13,Quarterly,Active,CUST17912018,,
POL20597369,Life,359198,1222.59,2020-05-29,2023-12-21,Monthly,Active,CUST43700526,,
POL22925819,Life,498306,1316.69,2018-10-16,2026-07-28,Quarterly,Terminated,CUST54127030,,
POL99353162,Health,209082,342.04,2016-06-03,2022-01-26,Quarterly,Terminated,CUST10055277,,
POL67753905,Life,207944,916.4,2015-05-12,2022-07-07,Quarterly,Terminated,CUST69497414,,
POL71493130,Life,453432,1761.43,2022-01-19,2029-04-11,Annually,Terminated,CUST63960070,,
POL69222840,Life,426016,1380.86,2018-01-13,2020-09-01,Annually,Active,CUST89932416,,
POL77822153,Life,53690,810.86,2022-01-10,2025-07-27,Monthly,Lapsed,CUST93074291,,
POL84330752,Health,31535,1552.07,2015-12-08,2024-12-19,Annually,Active,CUST06243143,,
POL81049657,Auto,453140,249.35,2018-11-13,2024-04-29,Annually,Lapsed,CUST59767575,,
POL09607120,Life,64517,1073.07,2016-06-14,2019-06-20,Annually,Lapsed,CUST72998627,,
POL63517748,Life,28932,1770.98,2020-09-14,2022-10-14,Annually,Active,CUST79172554,,
POL22866808,Auto,254972,784.68,2015-06-20,2022-12-05,Quarterly,Active,CUST14751083,,
POL55402770,Health,456008,1851.99,2022-12-15,2025-05-09,Annually,Active,CUST19668009,,
POL14673138,Life,27406,277.97,2020-11-20,2028-09-02,Annually,Terminated,CUST96951275,,
POL32850811,Life,485611,686.55,2018-07-24,2019-08-09,Annually,Active,CUST94024764,,
POL36376405,Health,146769,780.1,2018-01-09,2021-12-29,Annually,Active,CUST78371218,,
POL57116310,Auto,171048,846.8,2016-09-21,2020-12-11,Quarterly,Lapsed,CUST20014882,,
POL80995541,Auto,496140,1441.31,2022-08-06,2027-08-22,Monthly,Terminated,CUST41183614,,
POL22918011,Health,64931,510.38,2017-02-18,2024-10-27,Monthly,Active,CUST12258027,,
POL99343551,Property,93972,1333.17,2016-08-24,2025-05-13,Monthly,Lapsed,CUST94468387,,
POL95686589,Auto,112138,332.05,2020-11-23,2028-05-03,Annually,Lapsed,CUST95771051,,
POL74488580,Life,187413,789.28,2020-09-23,2024-11-14,Annually,Active,CUST10128452,,
POL03845436,Life,372191,703.16,2021-10-12,2023-02-23,Annually,Lapsed,CUST02848032,,
POL49082754,Property,372280,339.83,2016-03-19,2022-04-30,Quarterly,Lapsed,CUST91933662,,
POL79206629,Auto,166622,911.19,2020-01-03,2023-02-19,Monthly,Active,CUST29877876,,
POL48220371,Auto,399412,634.2,2016-04-15,2017-06-27,Monthly,Active,CUST46133992,,
POL02880116,Auto,258767,1842.18,2015-11-08,2021-08-06,Quarterly,Terminated,CUST06182214,,
POL17982019,Health,183174,145.58,2017-01-07,2019-07-18,Monthly,Terminated,CUST06667152,,
POL59802127,Health,311907,242.41,2018-03-10,2024-07-20,Annually,Lapsed,CUST08037065,,
POL82513265,Life,388717,1857.26,2023-11-12,2029-01-20,Annually,Lapsed,CUST15432662,,
POL07546280,Property,184861,780.71,2023-12-22,2031-10-31,Annually,Active,CUST43675849,,
POL46514343,Life,348027,796.16,2024-01-23,2031-08-04,Quarterly,Terminated,CUST96653745,,
POL45081491,Life,119183,1376.44,2022-10-30,2031-04-08,Quarterly,Active,CUST88407736,,
POL74142880,Health,153132,1646.57,2016-07-16,2022-01-04,Annually,Terminated,CUST02220651,,
POL84931770,Health,338517,885.46,2016-05-16,2019-03-10,Monthly,Active,CUST69637885,,
POL52796576,Auto,428286,1868.7,2021-07-08,2029-10-07,Quarterly,Lapsed,CUST21077290,,
POL98526256,Auto,284006,546.1,2015-01-08,2024-06-03,Annually,Active,CUST91932461,,
POL15046507,Life,444455,690.98,2023-04-15,2030-09-22,Monthly,Terminated,CUST24759498,,
POL34670863,Life,318052,1818.13,2016-09-22,2018-05-29,Annually,Lapsed,CUST23936480,,
POL82697180,Life,383384,1891.59,2015-05-26,2020-04-30,Monthly,Terminated,CUST29647833,,
POL79014248,Life,493156,979.71,2020-11-23,2029-10-14,Monthly,Terminated,CUST35677309,,
POL11173408,Auto,384594,1914.55,2017-05-26,2023-08-14,Monthly,Lapsed,CUST17804693,,
POL20801175,Property,431012,1546.16,2019-08-19,2028-12-14,Quarterly,Lapsed,CUST37708358,,
POL26361547,Auto,134460,314.82,2017-12-02,2027-01-14,Monthly,Active,CUST65839668,,
POL48790077,Auto,375238,953.07,2021-08-24,2028-02-29,Annually,Active,CUST85268837,,
POL27343652,Property,335144,1024.6,2018-11-11,2023-10-14,Quarterly,Terminated,CUST40825204,,
POL52182081,Property,122192,555.42,2021-05-20,2031-03-12,Monthly,Terminated,CUST50775418,,
POL63375937,Property,134311,1577.29,2019-07-13,2029-03-20,Quarterly,Terminated,CUST71216300,,
POL39337647,Auto,431401,351.72,2024-05-28,2033-04-29,Monthly,Lapsed,CUST20533795,,
POL78314103,Auto,188741,1214.69,2015-11-13,2025-01-16,Monthly,Terminated,CUST06037966,,
POL97881363,Life,41444,142.36,2024-04-20,2033-06-22,Quarterly,Active,CUST47460421,,
POL89180514,Life,193288,1380.34,2024-10-26,2033-03-12,Annually,Active,CUST43237725,,
POL20175576,Property,425745,1036.61,2016-04-19,2024-12-07,Monthly,Terminated,CUST09948159,,
POL66446830,Health,151646,425.17,2022-02-19,2027-07-16,Quarterly,Lapsed,CUST00961403,,
POL12305734,Health,127971,826.72,2018-07-22,2021-06-22,Annually,Lapsed,CUST30592090,,
POL53425545,Property,332511,1440.29,2016-06-24,2020-11-26,Monthly,Active,CUST82932140,,
POL78113526,Auto,196080,394.8,2015-06-05,2019-04-18,Quarterly,Lapsed,CUST67137051,,
POL90316205,Life,170472,1659.95,2024-07-26,2027-10-14,Annually,Active,CUST85928680,,
POL82486686,Auto,127501,1290.24,2018-02-12,2026-06-28,Quarterly,Terminated,CUST29968354,,
POL39253825,Auto,130911,1355.03,2017-12-23,2024-04-28,Quarterly,Active,CUST90434699,,
POL37660659,Auto,225023,1757.79,2022-12-04,2030-09-16,Monthly,Active,CUST50659335,,
POL67932010,Health,467964,259.13,2017-06-24,2022-09-02,Monthly,Lapsed,CUST27860794,,
POL49350723,Auto,20307,1767.25,2016-05-23,2018-01-24,Quarterly,Lapsed,CUST88780782,,
POL41015273,Property,35643,1769.82,2024-09-09,2029-07-07,Annually,Active,CUST23300167,,
POL35985478,Property,145195,1870.79,2023-08-11,2029-11-24,Monthly,Active,CUST97526474,,
POL99061249,Health,396120,913.02,2015-09-01,2018-12-08,Monthly,Terminated,CUST32352924,,
POL53582347,Auto,280261,651.77,2022-06-13,2027-03-16,Annually,Lapsed,CUST74326403,,
POL04572453,Property,215898,224,2022-07-05,2032-06-01,Monthly,Active,CUST08045424,,
POL87381995,Property,81325,1864.1,2021-03-20,2023-06-02,Quarterly,Lapsed,CUST91874119,,
POL65765097,Auto,271630,1787,2021-10-10,2025-11-13,Annually,Terminated,CUST08294495,,
POL97005943,Health,292457,563.92,2016-08-04,2022-10-20,Annually,Active,CUST72237129,,
POL85814059,Auto,201809,371.15,2020-06-23,2027-12-05,Quarterly,Terminated,CUST75662303,,
POL70403090,Property,161051,585.39,2020-10-16,2029-08-01,Quarterly,Lapsed,CUST56375847,,
POL42122048,Health,139616,108.7,2015-04-02,2020-01-20,Annually,Terminated,CUST90637926,,
POL21020862,Life,407388,558.31,2023-12-18,2029-10-10,Annually,Active,CUST60102742,,
POL81937503,Life,264843,494.61,2015-05-17,2018-11-24,Quarterly,Terminated,CUST79836458,,
POL62890808,Property,262667,1684.57,2023-12-31,2026-11-06,Annually,Lapsed,CUST55270946,,
POL51973963,Health,244391,1629.22,2017-05-04,2022-01-07,Monthly,Terminated,CUST71555564,,
POL47741439,Life,332323,594.34,2020-09-20,2021-12-21,Monthly,Lapsed,CUST29309248,,
POL76701939,Health,51224,1208.58,2017-10-23,2022-02-27,Annually,Active,CUST45343290,,
POL71958850,Auto,82506,1695.93,2024-01-28,2031-05-27,Quarterly,Terminated,CUST19123465,,
POL03359385,Life,349539,440,2015-08-13,2019-03-29,Quarterly,Lapsed,CUST93944423,,
POL31903736,Property,160232,889.48,2024-12-20,2027-06-30,Quarterly,Terminated,CUST70959994,,
POL58966996,Property,187514,1652.21,2017-05-07,2026-07-22,Monthly,Terminated,CUST83653327,,
POL13070623,Property,198903,298.91,2024-07-27,2029-04-03,Annually,Lapsed,CUST29250902,,
POL05347013,Property,84264,1294.23,2015-09-18,2024-09-02,Annually,Lapsed,CUST98959709,,
POL92549260,Property,151096,770.41,2015-06-11,2019-03-21,Annually,Lapsed,CUST51555314,,
POL86602241,Property,355310,1960.54,2018-12-13,2027-01-20,Monthly,Active,CUST29485027,,
POL50804542,Health,133675,1431.23,2023-12-07,2028-05-03,Quarterly,Terminated,CUST50493367,,
POL10635257,Health,255024,307.15,2024-10-24,2032-02-28,Monthly,Active,CUST35883996,,
POL20115045,Health,468290,1797.33,2018-06-02,2025-04-23,Annually,Terminated,CUST53758771,,
POL73588867,Health,97114,1546.22,2018-11-25,2021-07-03,Monthly,Terminated,CUST95268122,,
POL25196574,Property,253357,959.62,2022-12-28,2032-06-04,Quarterly,Lapsed,CUST72216292,,
POL45549290,Auto,339990,1361.53,2024-10-11,2034-08-07,Quarterly,Active,CUST29542458,,
POL50830116,Health,324828,1000.73,2016-02-19,2025-12-23,Quarterly,Terminated,CUST06586563,,
POL51962418,Life,302062,1893.82,2018-01-25,2023-08-23,Annually,Terminated,CUST07355992,,
POL93930819,Auto,150149,1502.65,2024-02-15,2030-06-24,Annually,Active,CUST56356363,,
POL48783282,Health,53991,1099.65,2019-11-28,2024-06-07,Annually,Terminated,CUST28357312,,
POL77439955,Property,25351,1616.88,2023-06-13,2025-01-06,Annually,Active,CUST31991535,,
POL61757675,Auto,294985,715.06,2017-11-02,2022-04-25,Quarterly,Lapsed,CUST37051867,,
POL77654130,Health,371957,876.88,2016-02-19,2023-11-06,Monthly,Terminated,CUST04292052,,
POL70398119,Auto,276184,1224.94,2023-03-01,2028-07-13,Monthly,Active,CUST13577579,,
POL70310488,Auto,388598,550.42,2015-01-21,2020-10-25,Annually,Active,CUST46799300,,
POL35480649,Auto,287554,1551.44,2018-02-10,2022-12-30,Annually,Lapsed,CUST81127641,,
POL63615243,Auto,475650,1542.28,2021-06-02,2027-08-26,Annually,Terminated,CUST96227591,,
POL09014096,Health,195040,455.19,2019-12-04,2020-12-30,Quarterly,Lapsed,CUST00904754,,
POL82401042,Auto,91285,1460.4,2017-12-30,2020-02-16,Quarterly,Lapsed,CUST48850257,,
POL43920577,Property,304660,848.04,2024-08-16,2033-06-23,Quarterly,Terminated,CUST29322950,,
POL77188684,Health,336059,1824.69,2022-05-08,2024-08-29,Quarterly,Active,CUST67999059,,
POL39450388,Auto,94084,712.82,2020-11-20,2023-08-06,Annually,Lapsed,CUST39886299,,
POL07109537,Health,400469,671.4,2020-10-31,2022-03-18,Monthly,Lapsed,CUST35222838,,
POL19515945,Life,490488,1262.99,2018-06-21,2027-04-08,Annually,Active,CUST92557259,,
POL09146332,Property,202615,450.97,2021-10-19,2027-08-11,Quarterly,Terminated,CUST95152808,,
POL30313207,Auto,384060,1158.24,2022-08-17,2030-01-28,Annually,Active,CUST50835416,,
POL22465003,Property,382364,820.17,2024-06-10,2032-11-08,Annually,Active,CUST65392826,,
POL78018067,Life,308437,809.14,2022-06-18,2030-10-25,Quarterly,Active,CUST33904147,,
POL05468446,Auto,472624,313.72,2023-07-15,2028-04-29,Monthly,Lapsed,CUST06954029,,
POL32493960,Auto,342183,1631.11,2021-01-29,2029-11-12,Quarterly,Terminated,CUST40497767,,
POL76101411,Auto,90858,1239.19,2020-02-13,2021-04-20,Annually,Lapsed,CUST66940113,,
POL50589864,Property,48099,324.08,2017-02-28,2025-05-03,Annually,Terminated,CUST09267662,,
POL31918611,Auto,100592,1106.7,2017-02-23,2025-06-30,Annually,Lapsed,CUST73472975,,
POL21488909,Life,437466,373.95,2024-08-09,2032-05-01,Monthly,Terminated,CUST23290415,,
POL05845525,Property,295867,1183.71,2021-09-27,2031-09-15,Annually,Lapsed,CUST19435664,,
POL95503927,Life,78487,306.25,2023-10-23,2028-02-16,Quarterly,Terminated,CUST82696043,,
POL68080704,Auto,58493,917.26,2023-07-01,2030-07-06,Annually,Active,CUST21126941,,
POL92022218,Life,331737,1987.02,2019-07-09,2022-12-05,Quarterly,Terminated,CUST74684366,,
POL79310767,Auto,321804,1361.07,2019-05-17,2028-04-12,Annually,Terminated,CUST80650317,,
POL66670427,Life,237226,1532.28,2017-08-18,2020-06-04,Quarterly,Lapsed,CUST70990233,,
POL70586146,Health,413695,1069.78,2021-03-09,2026-11-28,Monthly,Lapsed,CUST11166559,,
POL91496475,Life,408497,690.42,2018-03-04,2021-08-09,Quarterly,Lapsed,CUST41305024,,
POL61274835,Health,354848,1154.01,2018-02-23,2022-11-11,Monthly,Terminated,CUST28339448,,
POL86234151,Property,104266,374.25,2021-09-24,2025-12-06,Annually,Active,CUST83014142,,
POL60096605,Health,55228,948.51,2015-05-17,2025-03-10,Annually,Lapsed,CUST23441524,,
POL68847136,Auto,21874,951.17,2015-03-18,2018-05-26,Annually,Terminated,CUST68281778,,
POL67256934,Property,214173,1536.85,2022-03-14,2024-01-04,Quarterly,Active,CUST85679291,,
POL65820287,Life,302868,751.95,2018-12-27,2027-08-28,Monthly,Active,CUST90683254,,
POL93117339,Auto,399844,1585.62,2015-11-06,2021-05-24,Annually,Terminated,CUST19076228,,
POL14706176,Health,250115,1793.94,2019-10-04,2022-01-22,Monthly,Active,CUST15563808,,
POL44229118,Health,239144,1493.99,2018-01-13,2020-03-20,Monthly,Active,CUST72665861,,
POL91532160,Health,349965,1440.85,2024-02-17,2032-02-01,Annually,Lapsed,CUST24038932,,
POL17634644,Health,465454,922.87,2019-09-21,2026-04-29,Annually,Lapsed,CUST45352096,,
POL40092390,Life,34689,1112.68,2019-11-30,2021-11-17,Annually,Terminated,CUST81108268,,
POL03596444,Life,345946,1972.2,2016-03-27,2018-08-22,Annually,Active,CUST83712658,,
POL83335990,Life,315900,1048.89,2024-02-02,2029-06-11,Monthly,Terminated,CUST52359238,,
POL62011769,Auto,121461,246.78,2019-07-09,2029-01-13,Annually,Lapsed,CUST04973142,,
POL56054127,Life,32616,1170.79,2018-02-07,2022-04-27,Monthly,Terminated,CUST86198760,,
POL34279255,Health,342282,1408.15,2019-11-22,2024-10-19,Monthly,Active,CUST18484796,,
POL35733918,Health,261784,608.58,2023-06-12,2029-01-17,Quarterly,Active,CUST21222525,,
POL82947020,Auto,481614,1973.01,2016-05-17,2018-08-28,Quarterly,Active,CUST66213193,,
POL14835880,Auto,481985,1753.89,2016-07-03,2019-03-10,Annually,Terminated,CUST14656819,,
POL84917275,Health,137334,1563.57,2016-10-16,2021-05-08,Annually,Active,CUST35355567,,
POL50465451,Auto,377986,567.39,2016-10-22,2026-03-15,Annually,Lapsed,CUST56374821,,
POL63433584,Health,263906,959.49,2020-10-29,2025-08-13,Monthly,Terminated,CUST62703583,,
POL11950441,Auto,185952,285.64,2016-11-13,2020-10-10,Quarterly,Terminated,CUST39883207,,
POL99336458,Property,103438,1900.17,2022-04-22,2031-09-30,Annually,Terminated,CUST27430641,,
POL56891224,Health,55128,1683.73,2019-06-25,2022-09-29,Monthly,Active,CUST89683690,,
POL35855900,Auto,295767,806.28,2024-10-24,2034-07-06,Quarterly,Terminated,CUST63174810,,
POL40918381,Auto,140089,1683.85,2023-01-29,2030-08-20,Annually,Lapsed,CUST08016042,,
POL91751592,Health,417729,1229.13,2023-01-15,2031-08-13,Annually,Lapsed,CUST15980899,,
POL01655235,Auto,394255,1496.57,2017-04-19,2023-06-10,Quarterly,Lapsed,CUST36630131,,
POL69912538,Property,40732,1153.39,2018-12-22,2024-03-08,Monthly,Terminated,CUST78421127,,
POL77983903,Life,393536,390.24,2020-02-03,2029-09-13,Quarterly,Active,CUST45343290,,
POL47755970,Life,170470,826.27,2020-12-24,2029-08-01,Quarterly,Terminated,CUST72531075,,
POL63646806,Property,49620,1670.52,2020-03-05,2021-09-25,Annually,Terminated,CUST07240558,,
POL83969664,Property,365991,570.56,2015-02-18,2024-06-11,Monthly,Lapsed,CUST26565796,,
POL51974701,Health,468877,1113.52,2022-01-28,2024-04-13,Monthly,Lapsed,CUST25685755,,
POL12364849,Property,128255,512.16,2017-02-20,2027-01-27,Annually,Lapsed,CUST96724886,,
POL89559053,Property,321564,926.23,2016-04-13,2025-07-20,Annually,Active,CUST27814120,,
POL04079645,Health,469166,1997.23,2022-05-26,2030-10-03,Monthly,Terminated,CUST15087891,,
POL59539217,Auto,17366,557.36,2020-04-10,2024-11-04,Monthly,Lapsed,CUST93959202,,
POL05422955,Property,292248,1427.22,2017-08-04,2026-09-24,Annually,Lapsed,CUST79755040,,
POL95032278,Auto,19638,1106.92,2023-02-06,2026-11-18,Quarterly,Active,CUST44315907,,
POL10231732,Life,419812,999.26,2015-06-27,2018-09-11,Annually,Terminated,CUST67521046,,
POL42878655,Life,52776,510.91,2018-03-16,2025-12-09,Monthly,Active,CUST09899735,,
POL20029148,Health,340463,121.33,2023-04-22,2027-09-29,Quarterly,Active,CUST91932461,,
POL30144763,Property,192400,398.65,2024-12-01,2028-08-17,Quarterly,Lapsed,CUST63461471,,
POL43518284,Health,350604,1159.07,2017-11-07,2022-10-21,Monthly,Lapsed,CUST76170188,,
POL58245588,Property,178897,1990.99,2016-10-25,2019-05-05,Monthly,Terminated,CUST36502944,,
POL26021266,Health,249040,482.94,2020-03-07,2021-09-09,Quarterly,Active,CUST94483327,,
POL20726693,Auto,441090,958.33,2019-10-22,2025-08-31,Quarterly,Active,CUST04578025,,
POL57578050,Auto,130820,637.57,2019-02-03,2027-06-10,Monthly,Active,CUST05464310,,
POL40860073,Health,48315,616.58,2022-09-22,2028-03-31,Quarterly,Terminated,CUST60606082,,
POL53248656,Property,127034,1349.15,2018-12-03,2025-06-09,Quarterly,Lapsed,CUST86470817,,
POL94500784,Life,207176,113.24,2020-12-18,2026-12-28,Annually,Lapsed,CUST88843350,,
POL70863328,Property,201046,368.04,2019-03-18,2022-02-17,Monthly,Lapsed,CUST63525013,,
POL53955100,Life,192286,1527.04,2022-05-28,2025-05-06,Quarterly,Lapsed,CUST21236193,,
POL83013724,Auto,289597,791.41,2016-11-14,2025-01-11,Quarterly,Lapsed,CUST39304615,,
POL26961940,Health,367029,1076.78,2022-06-10,2027-10-11,Monthly,Terminated,CUST58217728,,
POL21551791,Auto,67502,1780.9,2017-10-17,2024-07-16,Quarterly,Terminated,CUST32079386,,
POL25617891,Auto,440652,1762.72,2021-11-05,2031-01-01,Annually,Active,CUST52438130,,
POL96709207,Property,141046,683.58,2022-04-30,2030-03-27,Quarterly,Active,CUST08154097,,
POL53111704,Life,359994,1115.75,2020-09-22,2023-10-20,Annually,Lapsed,CUST55031474,,
POL37879847,Property,221919,1097.24,2015-08-22,2019-12-14,Monthly,Terminated,CUST58584623,,
POL32906837,Property,130906,488.77,2018-04-04,2027-04-10,Monthly,Active,CUST35619691,,
POL48302488,Property,356185,1378.72,2016-12-04,2020-02-27,Annually,Active,CUST06543363,,
POL20699215,Auto,129847,1036.25,2022-10-29,2024-12-15,Annually,Lapsed,CUST99828921,,
POL45984602,Auto,146733,196.17,2020-02-01,2027-09-25,Annually,Active,CUST01800996,,
POL73703547,Property,331888,977.33,2024-05-20,2033-04-10,Quarterly,Active,CUST99988126,,
POL50805715,Auto,14851,807.15,2015-05-30,2017-09-08,Quarterly,Terminated,CUST97293125,,
POL13559855,Life,299315,903.47,2022-06-29,2024-07-03,Monthly,Lapsed,CUST28840291,,
POL54448931,Property,450152,944.87,2021-05-05,2030-04-13,Annually,Active,CUST57806407,,
POL50406144,Life,61376,107.84,2017-07-08,2020-07-28,Annually,Lapsed,CUST66492734,,
POL80050705,Property,289992,1069.19,2024-04-14,2031-05-22,Annually,Active,CUST57843657,,
POL99672508,Auto,45135,814.44,2015-12-26,2019-10-23,Monthly,Active,CUST11362327,,
POL29892884,Property,297716,807.04,2022-04-06,2030-07-05,Quarterly,Lapsed,CUST47625072,,
POL71169830,Health,496200,151.03,2020-05-25,2022-03-13,Annually,Terminated,CUST78428397,,
POL06341687,Life,355566,1887.17,2017-07-04,2020-05-27,Quarterly,Terminated,CUST01848800,,
POL30102239,Auto,251397,534.23,2018-01-23,2025-06-15,Monthly,Terminated,CUST91318322,,
POL64958007,Health,49902,448.83,2024-07-07,2032-08-09,Quarterly,Active,CUST84918429,,
POL74375234,Property,441565,937.79,2022-10-04,2031-07-11,Quarterly,Lapsed,CUST03452356,,
POL19188778,Property,292458,934.57,2022-10-21,2028-12-03,Annually,Lapsed,CUST97539220,,
POL23066229,Property,330699,1202.41,2022-12-22,2027-04-07,Quarterly,Active,CUST93992111,,
POL92741100,Auto,242690,332.84,2015-03-12,2025-02-19,Quarterly,Lapsed,CUST95420914,,
POL80263334,Life,28248,1850.07,2016-04-17,2021-09-15,Monthly,Lapsed,CUST86814379,,
POL11539302,Property,472666,1089.24,2020-09-15,2026-09-13,Monthly,Terminated,CUST69825332,,
POL61616519,Health,348571,1481.49,2020-09-27,2022-09-12,Annually,Lapsed,CUST74158487,,
POL59779212,Life,424695,447.74,2023-07-12,2025-08-10,Annually,Lapsed,CUST56211642,,
POL46435605,Auto,123724,536.2,2017-05-24,2023-08-21,Monthly,Lapsed,CUST83831085,,
POL00076326,Auto,161799,1554.84,2022-03-27,2027-10-23,Quarterly,Active,CUST18584565,,
POL80491812,Property,167744,1797.32,2018-08-14,2023-01-17,Annually,Terminated,CUST53702024,,
POL71149711,Property,152046,1940.27,2021-08-31,2026-02-05,Annually,Active,CUST84639603,,
POL44317279,Auto,277609,816.61,2020-01-27,2024-01-14,Annually,Terminated,CUST57878535,,
POL60410061,Property,241650,144.31,2017-07-01,2025-10-04,Monthly,Lapsed,CUST96043315,,
POL71490424,Property,201573,1584.16,2018-09-12,2020-07-18,Quarterly,Terminated,CUST02184808,,
POL48116183,Health,255347,483.75,2022-09-04,2028-02-06,Quarterly,Active,CUST58555588,,
POL11366285,Property,144193,725.11,2024-03-03,2028-11-16,Annually,Active,CUST86774118,,
POL27312649,Property,359829,1504.84,2021-11-19,2025-03-23,Quarterly,Active,CUST15199230,,
POL23616095,Life,357755,1623.07,2023-06-14,2029-03-15,Quarterly,Lapsed,CUST66262326,,
POL17842339,Life,345521,1398.13,2017-10-12,2019-08-12,Monthly,Terminated,CUST02686696,,
POL31482176,Property,417812,395.78,2020-05-07,2025-10-23,Monthly,Lapsed,CUST10335621,,
POL93065434,Property,183045,1780.09,2023-04-09,2032-08-30,Annually,Terminated,CUST44410921,,
POL20797511,Auto,123611,620.47,2024-08-30,2032-06-25,Quarterly,Lapsed,CUST06247712,,
POL19022484,Property,146070,969.01,2018-07-30,2021-05-20,Quarterly,Active,CUST25734739,,
POL54437917,Property,326156,361.79,2022-03-22,2028-04-28,Monthly,Active,CUST94537086,,
POL79171752,Life,272185,1575.54,2016-04-25,2020-03-20,Monthly,Terminated,CUST28747234,,
POL77295889,Auto,372561,1959.34,2021-11-23,2030-05-09,Monthly,Lapsed,CUST19543662,,
POL28518330,Health,334950,1972.39,2021-02-11,2025-01-08,Monthly,Terminated,CUST65678125,,
POL27667498,Health,205677,1316.13,2017-09-18,2023-10-13,Quarterly,Terminated,CUST60031192,,
POL74240303,Life,107733,1185.22,2023-02-18,2032-05-11,Monthly,Active,CUST68173648,,
POL02642777,Property,225397,914.75,2018-01-20,2026-04-02,Quarterly,Lapsed,CUST45820772,,
POL53266235,Health,106875,1637.05,2021-01-09,2027-01-23,Annually,Active,CUST47821240,,
POL89472328,Life,241302,1280.46,2019-04-18,2028-12-02,Quarterly,Terminated,CUST83659102,,
POL72999115,Health,382469,555.86,2024-12-15,2033-11-07,Monthly,Terminated,CUST60555781,,
POL22426524,Property,311219,1574.82,2015-12-30,2025-12-20,Monthly,Active,CUST73055610,,
POL77977275,Auto,232375,253.9,2018-04-20,2022-07-07,Annually,Terminated,CUST78772673,,
POL36741877,Life,443734,1177.2,2015-11-13,2021-01-26,Quarterly,Active,CUST36148354,,
POL81138188,Life,177993,1245.13,2024-07-19,2032-03-23,Monthly,Terminated,CUST50318524,,
POL37789454,Property,389336,935.04,2016-06-19,2019-04-21,Quarterly,Active,CUST17203363,,
POL26231753,Property,281931,1042.58,2022-05-26,2024-06-18,Monthly,Terminated,CUST63614687,,
POL72768482,Property,406478,190.73,2020-08-17,2026-01-27,Annually,Active,CUST41499971,,
POL44711941,Life,311324,986.86,2020-04-01,2024-01-22,Monthly,Terminated,CUST42468228,,
POL61600687,Health,412067,1328.42,2022-09-13,2032-06-11,Annually,Lapsed,CUST97297558,,
POL40292999,Life,119429,563.01,2018-10-28,2023-04-23,Quarterly,Active,CUST70179932,,
POL18325532,Health,269208,824.46,2021-08-07,2022-10-16,Monthly,Terminated,CUST14551528,,
POL35135678,Health,298922,751.24,2022-07-18,2030-04-21,Quarterly,Active,CUST01806122,,
POL84035014,Auto,57388,1042.09,2020-09-27,2025-10-05,Annually,Lapsed,CUST28672718,,
POL91245817,Life,117242,555.59,2016-09-21,2021-02-25,Annually,Lapsed,CUST64076713,,
POL25453349,Life,433211,458.57,2021-12-16,2026-09-13,Quarterly,Terminated,CUST40770489,,
POL79359714,Health,443226,239.9,2022-06-30,2032-04-16,Annually,Active,CUST32046264,,
POL28053301,Auto,233237,801.63,2016-05-10,2023-08-11,Monthly,Active,CUST50132199,,
POL83112617,Life,16525,1112.64,2023-09-27,2028-05-09,Monthly,Lapsed,CUST88067356,,
POL70257677,Property,416432,1940.43,2015-07-03,2024-03-27,Annually,Terminated,CUST70150477,,
POL18727318,Property,334052,1043.39,2024-08-19,2029-07-17,Annually,Terminated,CUST46516721,,
POL06351305,Auto,352173,1008.87,2020-10-16,2028-07-23,Annually,Lapsed,CUST01944550,,
POL65755562,Property,37890,1029.35,2019-01-25,2027-01-10,Annually,Lapsed,CUST17737767,,
POL10423452,Auto,292838,863.94,2018-01-01,2022-07-18,Monthly,Terminated,CUST82633434,,
POL01955713,Property,80948,752.99,2023-06-28,2027-08-03,Annually,Active,CUST83022384,,
POL56961629,Auto,31773,927.4,2024-06-07,2028-02-04,Annually,Active,CUST38662751,,
POL45153648,Health,233565,1232.16,2017-07-12,2022-10-17,Quarterly,Lapsed,CUST91483662,,
POL18028969,Property,129740,101.46,2024-03-21,2027-04-09,Quarterly,Active,CUST11882730,,
POL91672539,Auto,54292,582.14,2018-10-17,2023-11-29,Quarterly,Active,CUST48890914,,
POL28953016,Health,321291,1412.7,2016-10-03,2025-05-13,Quarterly,Terminated,CUST67805881,,
POL38988950,Health,141229,1461.32,2023-12-30,2029-09-25,Quarterly,Lapsed,CUST62813092,,
POL27507809,Health,249491,1842.66,2022-06-23,2024-07-18,Annually,Active,CUST56206893,,
POL00831253,Life,195574,881.21,2022-08-08,2025-02-12,Annually,Lapsed,CUST01001245,,
POL83671253,Life,389278,1863.35,2018-08-17,2024-08-01,Annually,Active,CUST58292065,,
POL27100819,Property,443109,1164.06,2018-10-08,2026-02-05,Quarterly,Terminated,CUST73402593,,
POL04601577,Auto,98383,108.68,2019-12-19,2025-07-31,Annually,Active,CUST18040436,,
POL04910841,Auto,364216,365.8,2018-02-18,2027-01-08,Annually,Active,CUST27119109,,
POL92491659,Life,44939,1962.4,2015-04-14,2019-10-06,Annually,Lapsed,CUST41268290,,
POL30360159,Life,391888,487.23,2019-01-08,2020-12-04,Quarterly,Terminated,CUST71493124,,
POL01068804,Property,302534,1764.72,2019-04-27,2021-12-07,Monthly,Terminated,CUST34213033,,
POL03033132,Health,314337,196.88,2023-07-14,2028-11-28,Annually,Terminated,CUST47003736,,
POL48255103,Property,329543,174.79,2020-05-07,2021-11-01,Monthly,Active,CUST34569594,,
POL94723645,Property,71010,206.5,2022-08-08,2026-07-05,Annually,Terminated,CUST56613068,,
POL28172331,Life,303207,866.13,2017-04-07,2019-04-28,Monthly,Terminated,CUST52643367,,
POL70866234,Health,230286,600.66,2017-10-27,2019-08-23,Annually,Lapsed,CUST53857349,,
POL14684878,Auto,365124,1286.13,2018-12-24,2024-07-22,Quarterly,Terminated,CUST95771051,,
POL94943347,Health,17803,899.53,2024-06-10,2028-10-12,Quarterly,Lapsed,CUST16660133,,
POL31224830,Health,76647,519.93,2024-07-16,2032-01-17,Quarterly,Terminated,CUST36576560,,
POL33177916,Property,80217,1870.37,2019-03-31,2020-05-08,Annually,Active,CUST65675664,,
POL14072112,Health,395595,108.27,2016-12-23,2019-06-26,Monthly,Active,CUST19811172,,
POL09462965,Property,90964,1144.42,2019-09-11,2029-06-17,Monthly,Active,CUST04882821,,
POL69777787,Auto,484273,1529.26,2016-12-05,2019-07-11,Quarterly,Active,CUST28506793,,
POL23581745,Health,252688,1257.9,2024-06-14,2029-09-20,Monthly,Active,CUST47527169,,
POL21865118,Life,400266,869.24,2021-01-19,2027-07-04,Annually,Terminated,CUST95531694,,
POL79962283,Auto,238001,1294.45,2019-10-09,2020-11-04,Quarterly,Active,CUST66017391,,
POL44992881,Property,36068,1414,2022-05-07,2026-08-02,Quarterly,Active,CUST26089492,,
POL51700588,Life,181001,512.63,2023-08-31,2030-01-04,Quarterly,Active,CUST71761032,,
POL75657317,Life,373051,840.48,2016-08-17,2020-12-12,Monthly,Terminated,CUST86885915,,
POL51395924,Health,92703,100.43,2017-09-11,2021-12-25,Annually,Active,CUST35201874,,
POL75494464,Health,473918,1798.51,2023-08-16,2033-05-18,Annually,Lapsed,CUST56082389,,
POL87711451,Life,237960,786.37,2017-05-25,2025-08-18,Monthly,Active,CUST81280296,,
POL66860672,Health,233369,863.92,2018-07-19,2027-07-21,Annually,Active,CUST87535650,,
POL05225694,Life,104643,1021.41,2021-10-25,2029-01-20,Quarterly,Active,CUST72244441,,
POL02258663,Property,25878,1972.87,2022-06-18,2031-01-08,Annually,Lapsed,CUST26046350,,
POL75098865,Property,417218,1429.11,2022-01-02,2026-12-19,Quarterly,Lapsed,CUST85843138,,
POL24582838,Health,168472,1712.15,2023-01-07,2028-06-11,Annually,Terminated,CUST30998709,,
POL77765185,Life,327047,329.51,2015-01-15,2016-11-20,Monthly,Active,CUST05568975,,
POL75914495,Property,63446,1128.18,2016-08-09,2022-12-12,Annually,Active,CUST45931778,,
POL23336703,Health,32206,142.94,2023-06-21,2032-05-27,Annually,Active,CUST20569770,,
POL82679187,Auto,77188,1385.66,2016-07-12,2024-09-16,Quarterly,Lapsed,CUST81638568,,
POL05037648,Health,447893,961.91,2018-07-12,2025-10-05,Quarterly,Lapsed,CUST43290947,,
POL96221318,Life,357697,1562.1,2016-02-22,2019-03-23,Monthly,Active,CUST57878535,,
POL27915739,Life,264911,1660.68,2017-10-24,2025-05-08,Quarterly,Terminated,CUST24838453,,
POL98680765,Health,474229,1535.5,2018-06-05,2022-01-14,Annually,Terminated,CUST07395003,,
POL71597887,Life,426169,275.38,2020-09-28,2024-11-21,Monthly,Lapsed,CUST08169319,,
POL71437971,Auto,152969,189.32,2022-08-19,2032-06-21,Quarterly,Terminated,CUST78371218,,
POL77500354,Auto,442942,1431.69,2023-07-31,2030-10-08,Annually,Active,CUST75412147,,
POL76996418,Life,188372,858.12,2022-07-02,2031-08-17,Monthly,Terminated,CUST44929464,,
POL37906683,Property,149704,1575.2,2016-10-31,2021-03-20,Annually,Terminated,CUST22955416,,
POL45303866,Property,342975,1276.94,2020-11-11,2027-08-17,Annually,Active,CUST35923084,,
POL60056200,Property,13615,1576.02,2023-05-01,2026-08-02,Monthly,Active,CUST05166868,,
POL85480742,Auto,312072,107.54,2023-07-12,2026-11-26,Quarterly,Terminated,CUST50131393,,
POL11311249,Auto,32283,632.87,2016-02-21,2021-11-09,Annually,Terminated,CUST29805169,,
POL77958772,Health,321807,673.23,2024-06-18,2027-05-06,Quarterly,Active,CUST00457976,,
POL05185447,Life,271056,1813.45,2017-11-03,2022-07-24,Quarterly,Lapsed,CUST47847817,,
POL18055024,Life,352494,1632.5,2017-06-05,2019-10-20,Monthly,Active,CUST86360336,,
POL11682509,Health,399883,175.69,2023-09-10,2032-07-07,Annually,Active,CUST76633869,,
POL87334776,Life,483850,610.98,2019-05-26,2025-11-21,Monthly,Terminated,CUST91567525,,
POL60959014,Life,113079,1251.89,2017-06-24,2027-05-12,Monthly,Terminated,CUST69825332,,
POL07946398,Property,213958,645.25,2016-10-19,2019-08-24,Annually,Active,CUST47950419,,
POL85374430,Auto,278614,676.07,2020-10-23,2029-06-16,Quarterly,Terminated,CUST64749211,,
POL76059961,Auto,493477,1183.83,2019-08-27,2022-12-05,Monthly,Terminated,CUST77704326,,
POL52778521,Life,14353,735.14,2016-09-27,2026-03-14,Annually,Lapsed,CUST55395846,,
POL32646006,Property,265136,616.13,2023-04-25,2033-03-06,Monthly,Terminated,CUST15254113,,
POL86718236,Health,265107,695.63,2015-01-07,2018-04-06,Annually,Terminated,CUST29981317,,
POL00862798,Life,142919,1534.52,2022-02-23,2027-06-29,Monthly,Active,CUST21473276,,
POL98618330,Life,207282,1357.56,2022-07-11,2024-04-17,Annually,Lapsed,CUST41446038,,
POL66992068,Health,281519,1895.57,2018-10-01,2020-01-16,Annually,Active,CUST72186583,,
POL82970640,Auto,309081,1735.79,2017-09-24,2024-10-03,Monthly,Active,CUST73181070,,
POL25517652,Life,30332,616.02,2018-02-07,2019-12-26,Quarterly,Active,CUST14150053,,
POL06409803,Property,259640,336.58,2019-01-09,2020-01-13,Monthly,Active,CUST32157622,,
POL88450754,Auto,294297,811.97,2018-11-15,2023-07-15,Quarterly,Active,CUST84381012,,
POL51127842,Health,422213,1788.74,2023-11-08,2028-09-25,Quarterly,Lapsed,CUST14754808,,
POL58793431,Property,196432,1652.99,2018-11-30,2028-01-03,Monthly,Lapsed,CUST46135838,,
POL84536532,Health,268609,1828.33,2021-11-27,2025-11-02,Quarterly,Terminated,CUST80282687,,
POL46047482,Property,219310,557.63,2015-01-03,2023-08-06,Monthly,Terminated,CUST78772723,,
POL18422174,Property,219815,1029.04,2020-03-09,2025-02-08,Monthly,Active,CUST03008845,,
POL65121827,Property,380802,377.92,2022-12-19,2027-04-08,Quarterly,Lapsed,CUST85015707,,
POL30700700,Health,477730,205.21,2021-04-11,2028-11-25,Annually,Active,CUST73620388,,
POL26217907,Life,460042,1874.93,2024-06-11,2029-04-12,Monthly,Terminated,CUST64398033,,
POL28359408,Life,484594,212.26,2017-08-08,2019-12-22,Quarterly,Terminated,CUST93762757,,
POL39585916,Health,341171,1726.56,2015-05-07,2024-07-04,Monthly,Terminated,CUST62519479,,
POL40288131,Property,152298,1429.85,2017-05-07,2025-07-16,Annually,Lapsed,CUST94261283,,
POL12588543,Property,120545,959.79,2022-06-03,2032-03-14,Monthly,Terminated,CUST54293952,,
POL94299396,Property,332668,324.47,2021-08-25,2030-01-17,Quarterly,Terminated,CUST92087908,,
POL01953510,Property,105493,1871.41,2018-01-29,2025-09-23,Quarterly,Terminated,CUST61152485,,
POL53180986,Property,448957,1886.32,2024-05-02,2028-05-13,Quarterly,Active,CUST50809150,,
POL60529596,Auto,317112,272.72,2015-08-06,2019-02-25,Annually,Terminated,CUST51436403,,
POL17699181,Health,469657,1234.45,2018-05-14,2022-10-29,Quarterly,Active,CUST68851190,,
POL85518381,Life,443772,1925,2018-01-25,2022-10-23,Annually,Lapsed,CUST94024764,,
POL00790731,Property,491828,722.06,2016-04-06,2020-07-20,Monthly,Lapsed,CUST64506627,,
POL79308293,Property,238021,185.65,2018-01-23,2023-09-07,Quarterly,Terminated,CUST95274525,,
POL75583220,Auto,152775,1899.9,2015-06-19,2017-07-28,Annually,Lapsed,CUST07740232,,
POL93077983,Property,148316,151.45,2016-11-29,2025-02-12,Annually,Terminated,CUST18477593,,
POL41162519,Health,435384,843.41,2016-12-29,2023-05-14,Annually,Active,CUST46612879,,
POL21013410,Property,148205,1504.89,2024-01-30,2027-03-08,Quarterly,Lapsed,CUST91204941,,
POL73536906,Life,467001,1647.11,2015-01-13,2018-03-20,Annually,Active,CUST35441846,,
POL80301647,Life,122127,820.8,2017-06-07,2022-11-16,Annually,Terminated,CUST65831421,,
POL79966692,Health,86578,705.01,2022-12-06,2032-08-24,Quarterly,Terminated,CUST23869208,,
POL14879776,Health,169916,1808.82,2018-10-30,2023-07-27,Annually,Active,CUST21063311,,
POL58623707,Life,134163,802.51,2022-09-11,2026-07-31,Quarterly,Lapsed,CUST86117199,,
POL10386302,Health,20444,603.64,2020-02-03,2021-12-13,Quarterly,Active,CUST94782863,,
POL56491969,Auto,24007,1551.59,2016-02-09,2018-08-27,Quarterly,Lapsed,CUST81225418,,
POL99602250,Property,171632,587.51,2021-03-09,2023-03-27,Monthly,Active,CUST25749054,,
POL01897492,Property,242981,1015.82,2022-06-26,2031-11-16,Monthly,Terminated,CUST53642388,,
POL03026921,Health,362254,1257.18,2015-04-25,2017-04-27,Quarterly,Lapsed,CUST07572458,,
POL36441789,Auto,58984,389.47,2019-10-17,2027-04-22,Annually,Lapsed,CUST82795942,,
POL21292296,Health,166685,726.24,2023-04-18,2024-04-21,Monthly,Terminated,CUST28641281,,
POL38348666,Auto,212249,1672.74,2022-08-31,2027-08-13,Monthly,Active,CUST17612389,,
POL58185281,Auto,250003,1728.93,2021-03-09,2026-05-19,Annually,Active,CUST06959252,,
POL82403986,Auto,390831,246.15,2022-09-28,2026-06-04,Quarterly,Active,CUST52459393,,
POL69345542,Health,300014,1865.63,2019-04-13,2024-11-15,Monthly,Terminated,CUST87542280,,
POL61565089,Property,261765,1824.64,2015-05-27,2019-09-20,Annually,Terminated,CUST35260349,,
POL72131385,Auto,429703,1096.48,2018-07-14,2024-10-29,Monthly,Lapsed,CUST89386367,,
POL99575360,Health,30789,1281.44,2016-12-08,2023-10-20,Quarterly,Active,CUST27723093,,
POL73764767,Auto,103078,505.98,2020-12-17,2024-03-13,Annually,Terminated,CUST62402125,,
POL15585087,Health,64030,1096.88,2020-07-23,2024-07-05,Monthly,Lapsed,CUST49812848,,
POL59775349,Health,170259,267.83,2016-05-16,2025-07-17,Monthly,Lapsed,CUST50344731,,
POL33945420,Property,397693,1062.58,2023-02-02,2028-09-19,Monthly,Lapsed,CUST88982495,,
POL02432943,Life,52500,1248.78,2018-07-01,2027-02-23,Monthly,Lapsed,CUST07838901,,
POL33232710,Health,387030,1072.79,2020-04-13,2027-03-25,Quarterly,Lapsed,CUST54761752,,
POL92258412,Health,219222,1781.15,2023-12-16,2031-09-17,Quarterly,Terminated,CUST39434727,,
POL26888148,Property,165719,605.71,2024-08-06,2031-06-20,Quarterly,Lapsed,CUST47318206,,
POL94726413,Health,126017,1560.77,2024-06-27,2026-11-14,Monthly,Lapsed,CUST61996964,,
POL73854383,Life,255423,697.87,2022-11-25,2032-04-07,Quarterly,Terminated,CUST59586533,,
POL19911528,Health,92232,390.25,2023-08-26,2033-01-16,Annually,Terminated,CUST05440655,,
POL89952764,Life,372687,1528.09,2017-10-24,2019-03-05,Annually,Lapsed,CUST19473832,,
POL41639012,Auto,193710,920.48,2022-10-03,2024-06-10,Monthly,Lapsed,CUST63928747,,
POL38343188,Health,159969,134.12,2020-02-22,2028-09-28,Monthly,Lapsed,CUST90831097,,
POL60365755,Life,456284,341.18,2018-10-22,2020-01-15,Monthly,Active,CUST99646698,,
POL72072111,Auto,96227,257.22,2022-06-11,2025-03-09,Monthly,Terminated,CUST70030309,,
POL69526791,Property,303978,1990.14,2015-02-16,2021-08-25,Monthly,Lapsed,CUST28101646,,
POL75813186,Health,430095,862.03,2022-03-12,2027-01-29,Annually,Active,CUST41027839,,
POL54348718,Property,17863,987.73,2016-04-02,2020-05-09,Annually,Terminated,CUST48452402,,
POL01382311,Property,418691,671.8,2015-12-09,2020-07-04,Quarterly,Terminated,CUST51779748,,
POL91394495,Auto,254334,1697.05,2024-08-07,2034-04-03,Annually,Lapsed,CUST27723093,,
POL27929198,Health,103704,1786.38,2016-04-23,2020-01-21,Annually,Active,CUST01418216,,
POL96583337,Life,370743,1635.97,2016-06-14,2022-08-26,Quarterly,Active,CUST44831266,,
POL42489589,Health,478192,382.54,2021-05-11,2028-11-13,Quarterly,Terminated,CUST44108597,,
POL62455700,Auto,414861,1816.45,2017-12-06,2020-08-09,Monthly,Terminated,CUST85393599,,
POL06553987,Auto,133678,357.57,2024-03-20,2025-11-05,Quarterly,Lapsed,CUST22906487,,
POL64197228,Property,159237,1893.6,2015-03-13,2024-03-17,Quarterly,Terminated,CUST50406971,,
POL23778009,Health,479730,1074.38,2017-07-27,2020-11-25,Quarterly,Terminated,CUST39213094,,
POL89539607,Health,244257,1949.44,2021-03-15,2031-02-02,Quarterly,Terminated,CUST40045796,,
POL77225479,Health,107027,346.6,2022-06-12,2031-12-07,Annually,Lapsed,CUST69591551,,
POL80674848,Health,293462,275.34,2015-01-29,2017-09-22,Annually,Lapsed,CUST50775418,,
POL70742419,Property,139286,1685.69,2015-06-27,2019-12-27,Annually,Lapsed,CUST20233555,,
POL10130655,Property,494301,1910.93,2019-04-01,2022-04-05,Quarterly,Lapsed,CUST97749945,,
POL35832686,Life,163130,526.04,2021-09-05,2030-08-01,Annually,Lapsed,CUST17931302,,
POL27597307,Property,292080,142.51,2023-06-12,2025-06-26,Monthly,Lapsed,CUST96283853,,
POL18801240,Health,145382,702.33,2023-12-10,2033-04-18,Quarterly,Terminated,CUST90206702,,
POL88077264,Health,214628,752.42,2024-03-01,2031-01-19,Monthly,Terminated,CUST30106981,,
POL28486225,Life,292794,1738.81,2015-09-15,2023-10-01,Quarterly,Terminated,CUST78546729,,
POL51666989,Life,498988,412.54,2018-09-07,2023-12-21,Quarterly,Terminated,CUST07678524,,
POL84313861,Auto,473962,1086.2,2019-07-02,2027-01-24,Quarterly,Lapsed,CUST43643465,,
POL95370014,Property,370937,1019.01,2015-02-10,2019-11-09,Monthly,Active,CUST07395003,,
POL90934498,Auto,209305,1116.57,2016-05-26,2022-03-01,Quarterly,Lapsed,CUST98849252,,
POL63879412,Property,254689,493.17,2017-09-10,2022-11-13,Annually,Lapsed,CUST32481898,,
POL16556269,Property,30792,841.26,2023-07-28,2024-12-22,Annually,Terminated,CUST65008360,,
POL79052116,Health,208516,614.85,2019-01-27,2023-11-23,Annually,Terminated,CUST32620909,,
POL42869985,Property,210847,1458.17,2022-12-27,2026-05-06,Quarterly,Terminated,CUST26436799,,
POL83165381,Life,147246,530.21,2022-02-13,2023-12-05,Monthly,Lapsed,CUST49330658,,
POL55184793,Property,63694,591.9,2021-05-10,2030-05-29,Quarterly,Terminated,CUST59408491,,
POL58505380,Auto,219676,1468.39,2021-09-05,2031-08-30,Monthly,Active,CUST99665209,,
POL05441250,Health,417123,413.35,2020-05-10,2024-01-03,Quarterly,Active,CUST14417337,,
POL01003100,Health,365402,1767.21,2017-11-12,2019-07-19,Quarterly,Terminated,CUST10966489,,
POL90883106,Life,350028,684.97,2019-09-04,2026-02-21,Quarterly,Active,CUST35801046,,
POL24756615,Auto,121812,1517.79,2023-01-01,2029-09-30,Quarterly,Active,CUST41929980,,
POL68840569,Property,119506,971.98,2017-02-13,2024-06-11,Annually,Terminated,CUST22739741,,
POL59080097,Property,30934,1473.33,2022-01-17,2023-04-24,Annually,Terminated,CUST24412701,,
POL75342581,Auto,107493,546.67,2016-12-27,2024-08-31,Quarterly,Active,CUST11178327,,
POL80560091,Property,321937,121.41,2018-09-17,2023-06-17,Quarterly,Lapsed,CUST23834040,,
POL19924089,Auto,267279,118.97,2019-02-03,2020-02-03,Quarterly,Active,CUST51792368,,
POL65040463,Auto,148053,1546.71,2018-12-06,2024-11-28,Annually,Active,CUST28191420,,
POL48871817,Health,138607,1312.28,2018-10-02,2024-02-08,Quarterly,Terminated,CUST24728723,,
POL41207897,Property,295068,1538.98,2019-09-28,2020-10-10,Monthly,Active,CUST06477814,,
POL47660863,Property,100558,602.03,2016-08-30,2022-06-07,Monthly,Terminated,CUST89895699,,
POL30839784,Property,130508,1645.88,2024-12-05,2033-07-30,Quarterly,Terminated,CUST89320263,,
POL37677741,Life,34290,1696.05,2021-10-02,2027-08-14,Annually,Lapsed,CUST69637885,,
POL67385863,Life,42026,1001.21,2016-07-27,2018-12-16,Quarterly,Terminated,CUST28765452,,
POL52131318,Life,422456,481.72,2021-01-19,2026-02-27,Quarterly,Terminated,CUST05897242,,
POL19793427,Auto,102999,1740.18,2024-11-17,2029-01-18,Monthly,Terminated,CUST31292770,,
POL21472760,Property,192906,1892.26,2015-07-10,2020-09-05,Annually,Active,CUST65866057,,
POL58933149,Health,471083,1258.8,2023-01-09,2031-12-26,Quarterly,Active,CUST36509309,,
POL25392096,Auto,245667,131.24,2019-12-11,2025-06-06,Monthly,Terminated,CUST84535664,,
POL12917640,Health,210792,1634.46,2019-03-27,2028-09-09,Quarterly,Terminated,CUST40820550,,
POL99154634,Property,38722,320.36,2018-10-18,2023-10-16,Annually,Active,CUST14645850,,
POL63440106,Health,126939,828.87,2023-05-01,2032-09-15,Quarterly,Lapsed,CUST18563939,,
POL83258516,Life,32741,637.27,2022-04-19,2029-01-12,Monthly,Lapsed,CUST83809007,,
POL94782191,Auto,376154,688.56,2023-03-01,2027-04-10,Quarterly,Lapsed,CUST48566967,,
POL15463503,Auto,139193,662.57,2017-08-22,2025-04-04,Annually,Lapsed,CUST71560537,,
POL20706206,Auto,309318,246.08,2022-09-02,2025-12-09,Annually,Terminated,CUST50318524,,
POL00874992,Life,352357,1701.56,2020-09-20,2026-12-07,Monthly,Active,CUST09832061,,
POL44369068,Life,428628,741.09,2024-10-01,2025-11-19,Quarterly,Lapsed,CUST91483662,,
POL22842025,Health,456004,1582.35,2017-08-24,2020-04-16,Annually,Terminated,CUST29485027,,
POL09444948,Life,137884,1099.34,2021-12-23,2029-01-21,Quarterly,Lapsed,CUST13129700,,
POL28145230,Health,424119,957.55,2020-06-17,2030-01-07,Annually,Active,CUST03874304,,
POL71626215,Health,311534,692.57,2019-02-22,2024-06-19,Quarterly,Terminated,CUST90683254,,
POL34664875,Property,473295,1310.56,2018-03-24,2020-05-06,Quarterly,Active,CUST39888793,,
POL63887686,Life,63382,437.58,2018-05-06,2024-01-30,Quarterly,Terminated,CUST59222858,,
POL26441179,Life,419496,352.91,2021-10-01,2028-07-16,Quarterly,Lapsed,CUST93110612,,
POL94534713,Auto,166725,782.32,2020-10-19,2027-08-14,Monthly,Active,CUST93604597,,
POL61326572,Health,238838,195.29,2024-06-30,2029-06-13,Monthly,Lapsed,CUST90206702,,
POL02370104,Auto,25850,112.39,2018-07-02,2019-09-02,Quarterly,Terminated,CUST88875854,,
POL25240752,Property,63483,1091.67,2018-04-28,2024-10-25,Monthly,Lapsed,CUST57396211,,
POL09632911,Auto,261571,630.97,2024-07-25,2026-02-19,Quarterly,Terminated,CUST62771206,,
POL96461175,Health,283657,172.02,2015-01-02,2019-02-10,Quarterly,Active,CUST65986981,,
POL87625141,Auto,338148,1148.13,2020-10-14,2029-12-23,Annually,Terminated,CUST95002629,,
POL72620502,Property,224665,559.05,2019-11-04,2028-02-27,Monthly,Lapsed,CUST80934061,,
POL06079689,Health,49997,1435.91,2022-12-05,2028-12-20,Annually,Active,CUST92738858,,
POL88411869,Life,184994,1550.06,2019-07-12,2021-08-19,Quarterly,Active,CUST61536104,,
POL55036826,Health,77442,1033.03,2023-07-28,2033-07-13,Quarterly,Terminated,CUST90857572,,
POL50892587,Auto,200112,970.86,2016-02-04,2025-01-19,Quarterly,Active,CUST81849013,,
POL80170716,Auto,186746,633.82,2020-08-05,2026-06-03,Monthly,Active,CUST14150904,,
POL39619519,Auto,332699,1639.22,2019-04-14,2023-08-22,Monthly,Active,CUST19037538,,
POL50101215,Health,157824,476.52,2016-11-19,2018-02-06,Monthly,Active,CUST58906130,,
POL00700775,Auto,386458,486.82,2017-06-11,2018-08-24,Annually,Lapsed,CUST89945576,,
POL67523094,Health,140606,1713.96,2018-03-25,2024-07-23,Quarterly,Lapsed,CUST57771662,,
POL72000232,Health,422432,1344.23,2022-12-05,2025-02-04,Annually,Active,CUST20865863,,
POL90189213,Health,459488,152.66,2019-12-25,2025-09-04,Monthly,Terminated,CUST46665089,,
POL92386046,Life,90927,103.4,2021-09-24,2028-03-12,Quarterly,Lapsed,CUST10569713,,
POL73143221,Health,74876,1597.57,2021-10-10,2028-11-26,Monthly,Active,CUST75208784,,
POL53379185,Auto,337374,1137.66,2016-07-28,2023-07-17,Quarterly,Lapsed,CUST47950419,,
POL47327506,Health,237616,1246.48,2021-02-01,2023-04-21,Annually,Lapsed,CUST81127641,,
POL13383594,Property,371344,1868.15,2022-02-14,2023-06-06,Quarterly,Lapsed,CUST33962049,,
POL67043142,Auto,202562,1368.26,2017-07-05,2019-02-20,Annually,Lapsed,CUST62652225,,
POL50918861,Auto,92857,540.52,2018-09-23,2026-04-30,Annually,Lapsed,CUST57734845,,
POL36441440,Auto,227780,1049.73,2016-06-26,2019-05-28,Monthly,Active,CUST43384379,,
POL96262921,Health,131434,794.87,2019-11-29,2023-10-25,Annually,Active,CUST91026302,,
POL99499463,Health,392800,616.77,2024-03-02,2025-03-15,Annually,Lapsed,CUST76241465,,
POL91712276,Property,270635,1028.28,2017-05-28,2023-03-11,Annually,Terminated,CUST89534428,,
POL31787198,Life,436257,1373.56,2019-06-02,2022-06-03,Quarterly,Terminated,CUST03270522,,
POL08738740,Health,448853,1544.67,2020-09-05,2029-06-18,Quarterly,Active,CUST05270166,,
POL17891442,Life,293580,202.83,2018-06-16,2025-05-12,Monthly,Active,CUST75395843,,
POL71538226,Life,57382,1398.05,2021-02-14,2024-07-02,Annually,Terminated,CUST52700712,,
POL77743586,Health,368533,1166.75,2021-03-28,2024-11-28,Monthly,Lapsed,CUST20926526,,
POL05711191,Auto,194184,1493.39,2021-06-23,2023-12-26,Monthly,Active,CUST84041769,,
POL22946424,Property,437038,1481.46,2021-04-05,2030-07-12,Monthly,Lapsed,CUST04842811,,
POL20614853,Health,413509,1350.34,2022-11-03,2030-10-05,Quarterly,Terminated,CUST87100488,,
POL86747748,Property,129419,675.45,2022-05-01,2031-06-24,Annually,Active,CUST37155070,,
POL29088779,Auto,133288,1632.52,2014-12-24,2020-03-24,Quarterly,Terminated,CUST12341278,,
POL93447913,Health,40416,1705.95,2022-10-09,2030-03-07,Quarterly,Lapsed,CUST72669050,,
POL41257003,Property,390454,1818.54,2022-06-03,2025-04-23,Quarterly,Terminated,CUST10853720,,
POL99145104,Property,190026,1101.18,2017-07-09,2025-11-06,Quarterly,Terminated,CUST96327064,,
POL46952826,Auto,445515,1072.15,2022-07-15,2025-12-07,Annually,Active,CUST98979035,,
POL21888730,Life,207185,1452.19,2024-08-23,2026-05-10,Monthly,Terminated,CUST62389831,,
POL21102975,Health,108657,727.5,2019-06-14,2021-09-08,Quarterly,Active,CUST21895219,,
POL92124618,Auto,167672,516.28,2016-02-14,2017-02-14,Quarterly,Terminated,CUST91160900,,
POL01760964,Property,375866,613.78,2017-05-19,2020-06-22,Monthly,Lapsed,CUST47260887,,
POL54754157,Property,324597,1284.11,2016-03-24,2022-12-13,Monthly,Lapsed,CUST63170748,,
POL25321971,Property,434630,1744.96,2020-09-10,2026-03-11,Annually,Terminated,CUST44423635,,
POL27825756,Life,391727,1452.52,2017-07-02,2023-08-05,Quarterly,Terminated,CUST41027839,,
POL96689813,Life,212282,1622.42,2018-12-11,2021-09-30,Quarterly,Active,CUST35803966,,
POL54131362,Property,451900,124.19,2024-04-08,2027-07-09,Monthly,Terminated,CUST61172155,,
POL08111147,Auto,324728,714.54,2016-04-28,2022-01-05,Annually,Lapsed,CUST18330989,,
POL10125019,Auto,221856,1852.32,2022-06-09,2031-01-20,Quarterly,Active,CUST93489747,,
POL18629977,Property,41588,1430.69,2017-10-04,2019-04-08,Monthly,Lapsed,CUST01418216,,
POL05757630,Property,59796,480.92,2022-09-29,2032-08-10,Quarterly,Lapsed,CUST58722551,,
POL34609667,Life,231169,595.97,2015-01-19,2021-07-11,Monthly,Active,CUST71971429,,
POL28345234,Life,416976,1979.89,2016-10-01,2022-01-27,Annually,Lapsed,CUST90364876,,
POL43038676,Life,446810,1292.35,2024-12-04,2029-02-21,Annually,Active,CUST68294082,,
POL45200895,Auto,443669,322.8,2021-05-14,2029-01-12,Monthly,Active,CUST99119446,,
POL45269265,Auto,42335,667.63,2023-05-18,2030-03-17,Annually,Terminated,CUST20570615,,
POL85051035,Auto,440800,1118.99,2021-05-07,2029-10-09,Monthly,Terminated,CUST43700526,,
POL77001792,Health,177644,727.86,2022-07-12,2028-10-27,Quarterly,Lapsed,CUST69853377,,
POL16384443,Health,35417,1080.84,2017-04-04,2020-09-18,Monthly,Terminated,CUST35002588,,
POL58924354,Health,350911,1201.71,2015-10-07,2017-09-26,Annually,Active,CUST43515933,,
POL61380833,Life,74935,551.24,2017-02-22,2021-07-03,Monthly,Terminated,CUST36037637,,
POL13756321,Property,465184,1567.13,2022-10-24,2026-03-31,Monthly,Terminated,CUST53798021,,
POL05422944,Auto,444685,1302.35,2017-03-08,2020-10-13,Annually,Active,CUST46156285,,
POL46408344,Property,17503,621.27,2015-08-28,2022-08-23,Monthly,Lapsed,CUST14766617,,
POL06244566,Life,465894,402.87,2019-05-28,2027-01-31,Annually,Active,CUST02223205,,
POL81978916,Property,358232,1669.01,2022-12-24,2030-10-01,Quarterly,Lapsed,CUST08169319,,
POL38653037,Auto,221160,274.24,2017-02-26,2018-09-26,Quarterly,Active,CUST56930916,,
POL09045141,Health,362435,468.67,2020-03-04,2023-06-22,Monthly,Active,CUST17693863,,
POL90750748,Auto,374546,993.5,2021-06-17,2028-12-10,Annually,Active,CUST03595293,,
POL21603808,Property,428643,566.92,2024-03-30,2031-12-20,Monthly,Active,CUST62906519,,
POL05899397,Property,440264,679.41,2021-08-02,2027-11-19,Annually,Terminated,CUST88002176,,
POL80956972,Health,24762,1486.67,2016-12-10,2018-07-24,Annually,Lapsed,CUST67050803,,
POL19177817,Property,120852,502.38,2018-11-08,2024-11-07,Quarterly,Lapsed,CUST94648417,,
POL92889380,Auto,293030,1123.71,2023-09-05,2027-04-28,Annually,Active,CUST81849013,,
POL78176386,Health,437769,1177.39,2019-03-23,2024-11-15,Monthly,Lapsed,CUST64749211,,
POL04691373,Property,469406,1304.87,2021-07-11,2027-02-25,Monthly,Active,CUST50223337,,
POL86881272,Life,154809,1720.68,2019-09-15,2027-03-16,Quarterly,Active,CUST12303155,,
POL50787866,Auto,14572,649.13,2017-07-23,2021-05-12,Annually,Lapsed,CUST59988156,,
POL16680260,Auto,30361,1179.57,2019-01-22,2028-05-20,Annually,Lapsed,CUST31891472,,
POL11235338,Auto,455912,1809.34,2018-01-18,2022-05-05,Monthly,Terminated,CUST89843998,,
POL95397773,Property,76760,647.67,2019-07-28,2027-12-27,Monthly,Terminated,CUST84193604,,
POL03108905,Health,77618,1707.58,2019-10-14,2024-12-13,Annually,Terminated,CUST49150400,,
POL40242558,Property,127764,1128.29,2021-06-03,2030-07-06,Quarterly,Active,CUST81461842,,
POL92654706,Auto,175450,1502.26,2022-04-30,2023-07-21,Annually,Active,CUST10019824,,
POL79167800,Health,41694,1055.66,2015-07-12,2020-02-01,Quarterly,Terminated,CUST64813229,,
POL25010710,Property,381574,1160.69,2023-10-08,2033-08-06,Monthly,Lapsed,CUST52210185,,
POL07883345,Property,363044,1133.61,2015-10-14,2017-07-11,Annually,Lapsed,CUST98398273,,
POL88877150,Property,21615,1328.18,2019-09-02,2024-01-22,Annually,Terminated,CUST23936480,,
POL10715809,Health,400776,1384.15,2018-10-06,2024-10-13,Annually,Lapsed,CUST29766156,,
POL96943795,Property,56415,1044.27,2022-02-01,2029-10-22,Monthly,Terminated,CUST72990336,,
POL87949298,Health,202038,1012.05,2017-05-24,2018-08-22,Quarterly,Active,CUST38303408,,
POL31242516,Health,195747,459.84,2016-12-04,2020-10-09,Monthly,Active,CUST40967783,,
POL02018032,Health,115596,1597.36,2021-12-07,2028-04-10,Annually,Terminated,CUST19204140,,
POL04376186,Life,345222,777.81,2022-07-04,2026-07-14,Annually,Terminated,CUST94811273,,
POL19709461,Auto,330393,877.87,2017-08-07,2025-12-20,Quarterly,Lapsed,CUST89684340,,
POL62969017,Life,356950,684,2019-09-29,2025-03-09,Annually,Terminated,CUST72362587,,
POL63810929,Auto,471321,1882.88,2021-03-05,2028-02-08,Annually,Active,CUST26920405,,
POL73385230,Health,437031,1052.95,2019-10-07,2022-01-12,Annually,Terminated,CUST78792705,,
POL75665661,Health,197878,1993.82,2022-01-13,2024-03-10,Monthly,Terminated,CUST21236193,,
POL42401961,Property,346583,969.08,2022-02-22,2023-05-25,Quarterly,Terminated,CUST62219285,,
POL81304497,Life,47160,530.21,2022-12-20,2028-02-21,Annually,Active,CUST77926751,,
POL43112527,Auto,405650,1302.02,2024-07-02,2026-02-13,Annually,Lapsed,CUST85912220,,
POL51431594,Property,437453,644.82,2024-05-26,2030-01-22,Annually,Terminated,CUST91731661,,
POL01761052,Life,255645,530.08,2016-02-11,2021-05-29,Monthly,Terminated,CUST88352784,,
POL40414509,Life,143775,1368.6,2016-04-25,2018-05-20,Monthly,Terminated,CUST39978791,,
POL90757042,Life,344929,810.31,2015-06-16,2024-11-23,Annually,Active,CUST43165625,,
POL03903128,Auto,236983,725.92,2024-11-02,2028-01-20,Annually,Lapsed,CUST04966172,,
POL76144005,Auto,307406,1526.73,2023-08-01,2031-08-29,Quarterly,Active,CUST35741824,,
POL64086911,Auto,157450,1685.42,2018-09-19,2028-06-02,Monthly,Terminated,CUST86791210,,
POL57255628,Health,82368,698.03,2016-10-06,2025-07-30,Quarterly,Terminated,CUST58197880,,
POL23599244,Property,388305,998.85,2024-04-28,2029-05-27,Annually,Active,CUST09336650,,
POL28741464,Property,90290,294.38,2019-05-29,2027-04-16,Quarterly,Terminated,CUST85191045,,
POL75577474,Life,92841,1736.68,2022-08-07,2029-05-15,Annually,Terminated,CUST35201063,,
POL65525755,Life,412488,1764.62,2016-08-26,2020-03-10,Annually,Terminated,CUST09318482,,
POL82520665,Auto,65696,903.73,2016-02-06,2017-11-08,Monthly,Lapsed,CUST40230825,,
POL74434126,Auto,449631,235.22,2021-07-06,2026-05-28,Quarterly,Active,CUST75512674,,
POL85168651,Health,278957,1358.41,2019-12-06,2026-05-12,Quarterly,Terminated,CUST11864773,,
POL83633099,Health,416648,1108.33,2024-07-19,2032-03-02,Quarterly,Lapsed,CUST24433893,,
POL24186172,Health,168049,1016.69,2019-12-25,2029-11-04,Annually,Terminated,CUST73475730,,
POL07053909,Health,161475,1131.12,2022-07-27,2028-02-19,Monthly,Terminated,CUST17544947,,
POL84894422,Auto,262035,655.49,2020-12-19,2027-09-03,Annually,Terminated,CUST07355992,,
POL75119597,Property,39704,879.32,2022-06-27,2025-08-02,Quarterly,Terminated,CUST25687384,,
POL51011477,Health,386837,1073.63,2023-02-10,2031-10-10,Quarterly,Active,CUST22020788,,
POL48850895,Property,194560,1532.96,2023-08-16,2027-09-23,Quarterly,Active,CUST27130653,,
POL24286854,Health,354203,1670.02,2024-01-14,2027-03-03,Annually,Lapsed,CUST00957425,,
POL13813789,Property,173467,993.5,2015-01-19,2019-04-14,Annually,Active,CUST98240391,,
POL73426057,Property,447914,1864.67,2016-10-23,2025-06-08,Annually,Active,CUST02691181,,
POL50813853,Auto,456341,331.54,2020-03-19,2022-07-17,Monthly,Active,CUST20014882,,
POL98385553,Auto,322516,1022.7,2020-10-18,2022-06-02,Quarterly,Lapsed,CUST96630079,,
POL93524693,Health,209856,376.03,2015-09-06,2023-12-28,Monthly,Lapsed,CUST94158908,,
POL28999466,Property,256809,801.91,2023-10-08,2033-08-31,Quarterly,Terminated,CUST24587752,,
POL20316923,Auto,496546,1443.69,2024-03-25,2027-03-07,Annually,Lapsed,CUST56686028,,
POL90352176,Health,359549,1704.06,2021-03-31,2029-02-16,Annually,Terminated,CUST27179577,,
POL76724353,Property,81376,138.32,2024-01-13,2031-10-17,Quarterly,Active,CUST51166467,,
POL02097405,Property,40787,1469.16,2016-04-14,2019-11-22,Monthly,Lapsed,CUST67011602,,
POL31424622,Property,342925,775.16,2017-08-11,2022-07-13,Monthly,Terminated,CUST89642786,,
POL25895940,Property,284813,1291.42,2016-07-01,2026-04-04,Monthly,Terminated,CUST87220469,,
POL16366853,Life,173030,1290.09,2024-11-22,2028-10-09,Quarterly,Lapsed,CUST84358476,,
POL80090521,Health,335288,174.66,2018-02-27,2021-10-21,Annually,Lapsed,CUST53642388,,
POL55309097,Life,375215,615.97,2015-05-06,2019-01-31,Monthly,Terminated,CUST47187133,,
POL86348344,Health,54939,1452.43,2016-05-16,2018-07-26,Monthly,Terminated,CUST72861108,,
POL22122728,Property,265255,1807.89,2022-06-17,2030-10-22,Monthly,Lapsed,CUST22414349,,
POL90177568,Property,25428,1729.54,2024-02-01,2029-12-30,Annually,Active,CUST89748053,,
POL23565642,Property,274406,666.11,2017-05-16,2026-09-14,Annually,Active,CUST60678660,,
POL72422033,Health,214853,558.5,2019-06-07,2024-03-19,Quarterly,Lapsed,CUST27240070,,
POL95639941,Property,464688,1801.75,2018-10-27,2022-04-08,Quarterly,Terminated,CUST32352924,,
POL83116097,Auto,106056,179.13,2021-07-03,2023-04-19,Annually,Terminated,CUST29540063,,
POL91451194,Property,149443,815.25,2021-07-11,2029-07-15,Quarterly,Terminated,CUST82999951,,
POL38948704,Health,436809,1652.96,2016-03-13,2022-12-10,Quarterly,Active,CUST85843138,,
POL41034337,Health,29627,911.19,2023-12-24,2033-07-11,Annually,Active,CUST69834247,,
POL43471833,Health,323798,1402.9,2015-10-23,2024-08-26,Monthly,Lapsed,CUST85068425,,
POL69546989,Health,306242,1571.87,2021-02-25,2028-03-10,Monthly,Active,CUST26743868,,
POL65041637,Health,132646,467.21,2021-03-24,2028-09-03,Quarterly,Terminated,CUST50521862,,
POL39194296,Property,289383,1972.89,2024-06-24,2029-12-02,Monthly,Active,CUST12266213,,
POL05755013,Auto,486055,659.58,2024-01-27,2028-07-08,Annually,Terminated,CUST42176644,,
POL51199484,Life,285454,1930.71,2016-04-12,2017-07-21,Annually,Active,CUST55343170,,
POL01616706,Life,343805,1529.64,2023-02-27,2027-02-19,Annually,Lapsed,CUST35323431,,
POL16109896,Life,270263,1094.19,2020-04-26,2027-10-23,Quarterly,Active,CUST91794539,,
POL39219301,Property,227506,752.66,2017-03-20,2020-04-06,Annually,Active,CUST69109836,,
POL90263618,Auto,58584,133.32,2024-03-04,2030-06-22,Annually,Terminated,CUST78457687,,
POL11702115,Life,300254,1846.49,2017-07-16,2020-12-22,Monthly,Active,CUST95332571,,
POL87735228,Health,163384,1062.83,2018-07-29,2023-10-13,Annually,Terminated,CUST69423768,,
POL58712097,Health,423770,791.12,2024-09-14,2025-10-23,Annually,Terminated,CUST45390061,,
POL64806756,Property,105071,498.33,2015-09-03,2020-03-22,Quarterly,Lapsed,CUST71519906,,
POL46052776,Health,180137,168.41,2020-12-16,2030-08-17,Monthly,Terminated,CUST77108758,,
POL59354713,Life,284721,1323.82,2023-08-30,2033-05-05,Monthly,Lapsed,CUST90739739,,
POL64516432,Auto,218086,1271.53,2021-09-28,2023-12-19,Annually,Lapsed,CUST61104852,,
POL71891068,Life,76517,1062.23,2019-12-22,2026-11-11,Quarterly,Active,CUST58439547,,
POL80333003,Life,140861,1736.02,2022-02-08,2025-03-27,Monthly,Lapsed,CUST78501377,,
POL36980547,Auto,404834,410.98,2023-08-05,2027-05-23,Quarterly,Lapsed,CUST30520507,,
POL58860880,Health,26132,1656.96,2016-10-22,2019-11-27,Annually,Active,CUST68459371,,
POL77178021,Life,42699,1973.43,2015-01-10,2020-01-02,Annually,Active,CUST69853377,,
POL69269293,Life,202762,1744,2022-09-26,2027-01-05,Quarterly,Lapsed,CUST71339753,,
POL10755071,Property,179462,1020.3,2022-08-24,2023-10-14,Quarterly,Active,CUST91404991,,
POL83932917,Health,498811,1714.98,2016-05-01,2020-02-14,Monthly,Terminated,CUST69530630,,
POL30832962,Health,476761,1341.49,2015-06-22,2022-08-13,Quarterly,Lapsed,CUST59035786,,
POL74345799,Life,255886,1233.67,2018-12-02,2026-08-02,Quarterly,Lapsed,CUST55627676,,
POL61443977,Life,421747,1534.88,2024-01-10,2026-11-05,Quarterly,Lapsed,CUST88433084,,
POL75770781,Property,72061,325.86,2019-12-01,2026-02-17,Quarterly,Terminated,CUST22020788,,
POL80727318,Auto,184679,147.87,2021-03-11,2028-12-19,Quarterly,Active,CUST71550072,,
POL18952128,Auto,59740,114.59,2022-10-11,2028-10-13,Quarterly,Active,CUST57756679,,
POL42317567,Auto,78721,922.28,2024-05-01,2025-12-31,Quarterly,Lapsed,CUST01163085,,
POL63888565,Life,173861,138.13,2024-06-03,2032-06-14,Annually,Terminated,CUST48070910,,
POL30873119,Life,204193,757.14,2019-03-11,2021-06-03,Monthly,Terminated,CUST21925115,,
POL62871234,Life,327101,1968.29,2017-02-25,2019-10-05,Quarterly,Lapsed,CUST70215391,,
POL18819689,Life,79853,1203.14,2023-02-21,2032-11-14,Annually,Lapsed,CUST18309628,,
POL16070403,Health,148614,677.27,2022-05-07,2025-04-15,Quarterly,Lapsed,CUST22335312,,
POL60646707,Life,97994,1854.9,2024-03-17,2028-04-11,Monthly,Terminated,CUST65710291,,
POL32772716,Life,145704,656.74,2024-12-04,2031-04-06,Annually,Active,CUST76960209,,
POL95213167,Property,229004,1647.13,2018-08-16,2021-07-14,Quarterly,Lapsed,CUST85127866,,
POL31757726,Auto,315354,903.1,2024-11-11,2028-03-04,Annually,Lapsed,CUST92031887,,
POL48239604,Property,48806,703.19,2018-10-17,2026-02-11,Quarterly,Terminated,CUST45155063,,
POL44439232,Life,127841,594.87,2024-02-27,2033-07-12,Annually,Lapsed,CUST66425605,,
POL88923538,Property,324398,1062.42,2016-01-20,2019-05-31,Quarterly,Active,CUST19626031,,
POL76125657,Life,339169,1914.96,2022-09-14,2030-03-27,Annually,Lapsed,CUST48384816,,
POL88975946,Health,369222,723.79,2017-10-12,2027-05-19,Annually,Active,CUST11069957,,
POL68700634,Life,147650,1646.95,2017-12-04,2020-06-30,Annually,Active,CUST99831160,,
POL49857741,Life,388635,769.16,2019-01-26,2026-01-26,Monthly,Active,CUST60824429,,
POL19229138,Auto,355288,577.53,2022-12-11,2026-06-28,Monthly,Active,CUST69673140,,
POL75076805,Life,212295,1514.84,2020-01-24,2028-11-23,Annually,Active,CUST74721036,,
POL02009211,Auto,116174,541.86,2020-06-28,2027-01-17,Annually,Lapsed,CUST89684340,,
POL57089386,Property,226996,1150.66,2019-11-27,2026-05-30,Annually,Terminated,CUST06030806,,
POL14906583,Auto,177497,224.32,2016-04-26,2022-06-22,Annually,Active,CUST40294984,,
POL02523874,Property,181122,184.95,2018-03-18,2019-03-29,Quarterly,Active,CUST81230725,,
POL93167566,Property,160181,340.83,2023-11-22,2030-09-14,Quarterly,Terminated,CUST30512637,,
POL38489977,Health,181192,1532.54,2022-02-26,2029-05-08,Monthly,Active,CUST74535070,,
POL67771931,Health,70076,1896.83,2017-09-17,2024-05-22,Annually,Terminated,CUST31989964,,
POL25416062,Health,155313,1961.36,2017-03-15,2024-02-22,Annually,Active,CUST60069995,,
POL71333294,Life,29003,641.3,2016-08-07,2024-05-21,Monthly,Lapsed,CUST07333688,,
POL59833526,Property,113861,488.16,2017-02-05,2023-04-28,Annually,Active,CUST56770933,,
POL25350275,Health,33550,1342.66,2020-06-13,2021-06-21,Annually,Active,CUST85861378,,
POL75778354,Life,382697,276.95,2016-06-30,2023-05-09,Quarterly,Lapsed,CUST48026120,,
POL19200793,Auto,259531,1605.43,2017-01-15,2018-06-13,Quarterly,Active,CUST25408398,,
POL94710663,Auto,472094,1485.76,2020-12-01,2025-02-17,Annually,Active,CUST85445586,,
POL94207540,Property,364419,943.49,2017-12-28,2024-06-22,Monthly,Active,CUST07800196,,
POL30316211,Health,489153,481.4,2016-02-08,2020-02-04,Annually,Active,CUST66439456,,
POL98087224,Life,134110,748.85,2021-09-03,2026-05-26,Annually,Terminated,CUST80772087,,
POL33352305,Health,393996,967.6,2018-06-05,2022-06-07,Annually,Terminated,CUST65392826,,
POL71278302,Auto,160829,251.87,2019-01-31,2020-10-15,Annually,Terminated,CUST35088457,,
POL18044385,Health,36079,1221,2020-12-05,2023-04-11,Quarterly,Lapsed,CUST78602331,,
POL27083712,Auto,445790,1519.26,2023-10-13,2033-03-09,Quarterly,Terminated,CUST93527354,,
POL85712571,Property,102581,1886.13,2015-05-20,2023-03-16,Annually,Lapsed,CUST75905194,,
POL03040811,Health,337347,1440.88,2015-12-31,2023-03-09,Monthly,Active,CUST80245365,,
POL27437608,Health,237891,860.9,2016-08-07,2022-11-03,Annually,Terminated,CUST18330989,,
POL87258820,Property,271873,458.24,2021-03-06,2025-05-21,Annually,Lapsed,CUST57596772,,
POL83312613,Auto,237152,586.82,2024-03-22,2026-04-14,Monthly,Lapsed,CUST48384816,,
POL40215067,Life,73660,1627.15,2017-02-01,2023-03-04,Quarterly,Terminated,CUST43485981,,
POL06350413,Life,453103,479.17,2015-03-23,2022-05-04,Monthly,Lapsed,CUST52643367,,
POL92999675,Health,177921,412.38,2021-11-30,2026-04-14,Quarterly,Terminated,CUST96817699,,
POL14084452,Life,257917,1717.53,2021-01-25,2026-09-15,Annually,Terminated,CUST45359555,,
POL32669675,Auto,411714,228,2015-06-12,2020-03-02,Annually,Terminated,CUST56880505,,
POL38638977,Auto,137631,334.29,2023-02-01,2031-03-09,Monthly,Active,CUST57843657,,
POL16642790,Auto,87563,1341.85,2024-10-09,2030-06-05,Annually,Active,CUST47155964,,
POL20525212,Auto,138015,1038.46,2015-03-26,2024-03-09,Quarterly,Active,CUST55728141,,
POL94568655,Life,70302,1203.2,2016-05-26,2023-10-13,Annually,Lapsed,CUST47750404,,
POL97188917,Health,213203,432.07,2018-10-03,2025-09-08,Monthly,Active,CUST74110140,,
POL44866114,Auto,333685,933.05,2022-10-03,2028-06-10,Annually,Lapsed,CUST46892319,,
POL14768104,Life,129519,1170.95,2021-05-13,2030-07-12,Monthly,Active,CUST66721944,,
POL84783513,Property,438826,1568.59,2019-02-02,2021-06-04,Annually,Lapsed,CUST43474845,,
POL39824076,Health,254944,1312.22,2020-07-12,2025-10-03,Quarterly,Terminated,CUST09709314,,
POL87395621,Health,251417,690.45,2020-02-18,2025-05-30,Monthly,Terminated,CUST50814315,,
POL47337085,Life,35394,1215.32,2017-09-24,2023-08-28,Annually,Lapsed,CUST67358602,,
POL09137788,Life,420297,1043.21,2017-08-02,2021-11-08,Quarterly,Lapsed,CUST48484204,,
POL18109413,Auto,358798,1092.71,2018-10-27,2024-05-04,Annually,Terminated,CUST89730762,,
POL98954758,Property,308877,1905.77,2021-04-08,2024-04-28,Quarterly,Terminated,CUST06984039,,
POL89918097,Life,61326,1836.23,2023-02-05,2028-07-08,Monthly,Lapsed,CUST89021447,,
POL57420005,Property,428582,639.76,2016-03-20,2025-05-08,Monthly,Terminated,CUST73141277,,
POL55813188,Property,453818,328.62,2015-01-06,2020-12-04,Quarterly,Active,CUST05890581,,
POL13957620,Life,87647,1137.63,2020-12-09,2023-01-24,Quarterly,Terminated,CUST29776515,,
POL91419021,Health,137698,909.67,2022-07-20,2024-06-08,Monthly,Terminated,CUST43951887,,
POL12299687,Auto,260397,1561.16,2021-05-30,2031-05-23,Annually,Active,CUST17269052,,
POL89273756,Property,305577,455.19,2015-08-29,2025-05-21,Monthly,Terminated,CUST20917291,,
POL19285022,Auto,219151,1750.08,2022-05-17,2030-04-05,Quarterly,Active,CUST49408308,,
POL17436318,Property,384957,1148.53,2023-01-21,2029-12-14,Monthly,Lapsed,CUST33439572,,
POL96697698,Life,17103,1822.88,2021-05-23,2031-05-06,Quarterly,Terminated,CUST50493367,,
POL75979242,Property,16893,1356.47,2021-08-22,2023-07-19,Quarterly,Active,CUST84093200,,
POL05438535,Health,237301,622.22,2016-08-19,2022-08-11,Monthly,Lapsed,CUST10903677,,
POL78402619,Health,12187,1963.15,2022-11-01,2026-01-14,Annually,Lapsed,CUST66721944,,
POL87581875,Auto,225522,1807.5,2015-10-22,2019-03-28,Quarterly,Lapsed,CUST64632914,,
POL47653540,Life,435169,1841.36,2022-11-13,2024-07-02,Quarterly,Active,CUST21321824,,
POL17886964,Property,19141,1580.6,2017-06-07,2025-08-14,Monthly,Active,CUST62512574,,
POL20382669,Property,153754,891.94,2020-10-13,2022-08-14,Monthly,Terminated,CUST20957674,,
POL87600552,Auto,231069,1442.35,2016-03-22,2024-12-09,Monthly,Active,CUST51076259,,
POL44007868,Health,64454,1877.78,2019-02-23,2025-05-31,Monthly,Terminated,CUST90642961,,
POL41189495,Life,92739,640.18,2023-11-17,2029-09-05,Monthly,Terminated,CUST04966172,,
POL69142405,Health,231754,246.78,2022-10-18,2029-02-20,Annually,Terminated,CUST03277806,,
POL15552279,Auto,187580,1659.73,2023-04-13,2027-08-21,Annually,Lapsed,CUST84595409,,
POL49796640,Health,222758,1832.94,2016-07-21,2017-08-18,Monthly,Lapsed,CUST24962220,,
POL08274005,Life,266238,856.22,2019-09-13,2022-12-04,Monthly,Active,CUST81405860,,
POL96802208,Life,379661,103.3,2019-12-02,2029-09-10,Monthly,Terminated,CUST17557194,,
POL56794770,Property,132904,1125.63,2019-07-22,2024-05-10,Quarterly,Terminated,CUST99491156,,
POL64349650,Health,416561,238.67,2022-05-03,2029-03-05,Annually,Terminated,CUST81605317,,
POL06336076,Health,107457,363.14,2016-05-13,2019-02-03,Quarterly,Active,CUST07240558,,
POL07367741,Auto,286888,1529.81,2015-11-01,2021-12-18,Monthly,Active,CUST78057650,,
POL81900573,Property,317017,440.58,2024-10-12,2034-06-03,Monthly,Active,CUST31761859,,
POL23594874,Health,37513,1565.18,2018-08-22,2027-11-01,Monthly,Terminated,CUST10343076,,
POL01048465,Auto,349809,1456.14,2016-03-31,2024-11-29,Monthly,Terminated,CUST85393599,,
POL47162094,Life,22421,485.13,2022-07-12,2025-03-28,Annually,Lapsed,CUST89465073,,
POL20394281,Life,21111,1604.2,2017-10-21,2022-12-28,Monthly,Terminated,CUST03743893,,
POL33725370,Property,385048,1215.83,2016-04-21,2020-03-27,Monthly,Lapsed,CUST34774962,,
POL64365523,Life,227903,791.27,2019-04-10,2027-03-20,Annually,Lapsed,CUST37690101,,
POL47060142,Property,377629,1276.28,2021-02-04,2028-07-19,Annually,Lapsed,CUST21853719,,
POL66448558,Health,442883,1559.49,2015-12-11,2023-03-23,Annually,Active,CUST58292065,,
POL34084242,Health,43572,1746.49,2023-03-26,2032-04-24,Quarterly,Lapsed,CUST82090464,,
POL11723296,Property,161708,431.8,2018-11-29,2028-06-16,Quarterly,Lapsed,CUST11013072,,
POL36118464,Auto,72101,329.36,2016-05-28,2022-01-24,Annually,Lapsed,CUST34473126,,
POL66055000,Health,44665,1422.3,2021-04-18,2028-11-09,Monthly,Active,CUST04695158,,
POL02979851,Life,120270,1199.56,2020-01-02,2023-11-16,Quarterly,Terminated,CUST92797392,,
POL63461298,Property,354459,573.99,2024-04-10,2030-09-09,Quarterly,Terminated,CUST77255216,,
POL31396762,Health,248839,1098.08,2022-04-26,2030-10-19,Quarterly,Terminated,CUST12229226,,
POL70014788,Health,332705,1518.55,2023-02-17,2030-09-22,Annually,Terminated,CUST86863311,,
POL38002249,Health,73389,1371.27,2020-11-09,2023-08-29,Quarterly,Active,CUST63047493,,
POL35182756,Life,456881,956.19,2022-08-16,2029-09-20,Annually,Lapsed,CUST50659335,,
POL08758463,Life,159376,381.1,2017-02-03,2025-01-17,Monthly,Active,CUST42427446,,
POL76536421,Property,152199,638.82,2022-08-01,2026-08-24,Annually,Lapsed,CUST01185474,,
POL85498031,Health,493643,1014.01,2020-06-15,2023-05-19,Monthly,Lapsed,CUST17621953,,
POL86414767,Auto,412512,287.8,2024-05-25,2028-08-12,Quarterly,Terminated,CUST48452402,,
POL24233428,Life,480272,1379.54,2016-12-28,2026-10-10,Monthly,Active,CUST72045926,,
POL68324145,Life,425631,462,2024-01-28,2033-08-04,Quarterly,Terminated,CUST89125036,,
POL82024984,Auto,99195,1753.9,2015-12-07,2022-07-19,Annually,Terminated,CUST78299783,,
POL33132201,Health,496102,965.67,2018-04-21,2026-12-08,Quarterly,Active,CUST01490586,,
POL05477127,Health,211522,456.95,2021-04-16,2025-11-13,Monthly,Active,CUST41171867,,
POL02410052,Property,370803,743.79,2023-06-08,2030-07-07,Annually,Lapsed,CUST98348345,,
POL63841611,Life,129847,1351.56,2015-03-19,2020-03-25,Annually,Lapsed,CUST50669667,,
POL68447418,Life,130748,1404.96,2024-09-02,2031-07-17,Monthly,Terminated,CUST14167476,,
POL09476689,Health,206328,1029.24,2019-10-10,2023-01-14,Annually,Lapsed,CUST41234558,,
POL99781193,Auto,32358,291.01,2016-12-23,2022-09-20,Monthly,Terminated,CUST55688813,,
POL86878649,Auto,463355,355.26,2018-07-12,2025-06-12,Quarterly,Terminated,CUST22153945,,
POL96966394,Property,415786,962.21,2017-03-29,2024-12-07,Annually,Lapsed,CUST77004058,,
POL89382366,Health,442149,1213.22,2016-10-04,2020-09-12,Quarterly,Active,CUST87542280,,
POL23611289,Life,97932,207.83,2017-01-25,2019-09-09,Quarterly,Terminated,CUST87535650,,
POL04897483,Property,351354,1877.37,2021-08-27,2023-07-06,Monthly,Active,CUST55277516,,
POL55604629,Health,445312,1002.98,2020-04-03,2022-01-02,Monthly,Lapsed,CUST25301360,,
POL99777818,Health,115957,601.73,2023-06-23,2033-05-07,Quarterly,Terminated,CUST52563047,,
POL33527199,Health,341604,1488.71,2024-05-12,2027-09-21,Quarterly,Terminated,CUST62839618,,
POL42502114,Health,491436,581.47,2024-04-16,2027-08-04,Annually,Terminated,CUST56006203,,
POL90366335,Property,75243,1535.2,2015-12-31,2019-07-17,Monthly,Terminated,CUST67301841,,
POL49414469,Health,406601,504.26,2021-01-23,2030-07-09,Monthly,Active,CUST47857969,,
POL47418940,Auto,80295,1845.49,2018-11-29,2027-07-18,Annually,Terminated,CUST07678524,,
POL74047876,Life,395919,1001.16,2016-04-16,2025-01-07,Annually,Active,CUST50064478,,
POL03776378,Auto,81696,685.35,2017-04-09,2024-10-12,Quarterly,Terminated,CUST34481309,,
POL05559370,Life,120130,1602.37,2022-08-04,2025-11-23,Quarterly,Active,CUST29369671,,
POL30983744,Life,105842,1858.89,2018-12-10,2026-05-20,Quarterly,Active,CUST18176345,,
POL38989710,Life,440869,228.99,2022-09-16,2030-01-31,Annually,Active,CUST61996964,,
POL26638176,Health,292349,985.71,2023-03-20,2027-06-12,Annually,Terminated,CUST44692135,,
POL02132679,Life,471943,989.55,2016-01-02,2025-08-10,Monthly,Lapsed,CUST61538911,,
POL80780707,Health,179720,353.4,2017-07-15,2025-05-14,Quarterly,Active,CUST74762381,,
POL53814466,Property,102437,676.46,2018-07-21,2026-03-07,Monthly,Terminated,CUST22118188,,
POL85755692,Property,35313,434.46,2020-03-02,2025-08-23,Quarterly,Terminated,CUST59752065,,
POL34491800,Life,44774,512.37,2024-10-13,2027-01-13,Annually,Active,CUST75512674,,
POL43894987,Property,49631,356.68,2020-08-08,2026-10-08,Quarterly,Terminated,CUST23152605,,
POL83352802,Life,175557,1697.42,2020-03-24,2026-10-01,Quarterly,Terminated,CUST74437728,,
POL77797320,Auto,149963,1058.09,2018-05-28,2026-08-30,Monthly,Active,CUST33387287,,
POL11981142,Auto,217964,119.06,2016-02-10,2018-12-01,Quarterly,Terminated,CUST99001820,,
POL49316714,Property,409189,1261.35,2023-08-07,2031-10-29,Annually,Lapsed,CUST41234558,,
POL77047263,Property,242134,678.91,2017-10-21,2025-09-01,Annually,Terminated,CUST97232751,,
POL63829204,Life,107201,560.08,2018-02-18,2026-01-11,Annually,Active,CUST90831097,,
POL68917134,Health,118253,616.5,2022-09-25,2030-03-05,Quarterly,Lapsed,CUST05003547,,
POL51777585,Health,308329,124.95,2015-09-14,2023-01-07,Quarterly,Active,CUST62292062,,
POL12063534,Property,455227,1971.19,2022-07-01,2025-06-04,Quarterly,Active,CUST72304045,,
POL40022085,Health,414895,600.83,2019-08-25,2021-02-08,Quarterly,Lapsed,CUST57201717,,
POL00255979,Property,280017,1356.63,2018-09-03,2022-12-28,Annually,Terminated,CUST11931054,,
POL07593318,Auto,312079,321.86,2016-09-22,2023-07-24,Monthly,Active,CUST25624879,,
POL60886939,Health,379663,1436.07,2015-11-20,2022-09-04,Annually,Terminated,CUST63486927,,
POL16238853,Auto,296847,656.27,2019-11-10,2027-04-14,Monthly,Lapsed,CUST15461765,,
POL63634769,Auto,354435,496.26,2024-12-04,2033-05-20,Monthly,Lapsed,CUST28321995,,
POL21670174,Life,479381,599.15,2016-01-13,2024-07-11,Quarterly,Active,CUST86885915,,
POL14632307,Property,97026,1214.02,2016-06-27,2021-08-22,Quarterly,Lapsed,CUST30216438,,
POL42215039,Property,84750,1293.18,2022-12-03,2026-03-10,Quarterly,Lapsed,CUST28357312,,
POL70674011,Life,180733,156.57,2020-06-10,2023-12-28,Quarterly,Active,CUST40294984,,
POL17046298,Property,279239,1603.4,2018-01-08,2025-03-14,Quarterly,Lapsed,CUST97084481,,
POL89915201,Auto,372963,498.14,2018-04-10,2022-10-08,Monthly,Active,CUST63094148,,
POL42743605,Health,103391,1347.13,2018-11-16,2027-11-29,Annually,Terminated,CUST12528235,,
POL25852828,Auto,343187,1603.83,2024-11-22,2030-12-03,Quarterly,Lapsed,CUST76170188,,
POL56810401,Life,136370,669.61,2015-12-14,2019-12-04,Monthly,Terminated,CUST29433392,,
POL22122235,Health,14467,279.99,2022-08-04,2029-08-02,Annually,Active,CUST48783124,,
POL07274715,Health,259344,1585.35,2015-06-21,2022-08-15,Annually,Terminated,CUST92735077,,
POL64016468,Life,396457,503.26,2020-04-15,2021-06-17,Monthly,Lapsed,CUST69254691,,
POL53040094,Property,99352,1346.68,2018-02-01,2022-01-10,Monthly,Active,CUST24728418,,
POL92249528,Health,229158,764.98,2017-07-17,2018-12-22,Quarterly,Lapsed,CUST39448165,,
POL33469758,Health,286590,415.58,2022-03-26,2028-06-05,Quarterly,Lapsed,CUST06028852,,
POL77489665,Health,129083,650.44,2020-04-06,2022-07-22,Annually,Terminated,CUST39350909,,
POL69506822,Life,66720,186.66,2017-03-01,2024-12-07,Monthly,Terminated,CUST10241954,,
POL46846423,Health,431996,200.55,2019-05-07,2025-10-01,Monthly,Lapsed,CUST42335952,,
POL09280039,Property,287306,1134.42,2019-05-21,2022-10-31,Quarterly,Active,CUST09164374,,
POL43731827,Auto,133375,408.6,2015-01-10,2021-12-04,Quarterly,Active,CUST97905597,,
POL20321964,Life,179991,228.71,2017-11-24,2027-10-15,Quarterly,Lapsed,CUST63614687,,
POL35769314,Property,291887,285.57,2016-09-18,2022-12-05,Quarterly,Active,CUST19543662,,
POL29044573,Health,466048,1955.8,2022-12-27,2032-01-13,Quarterly,Active,CUST81587742,,
POL84360532,Health,95331,696.14,2019-06-11,2027-10-23,Quarterly,Lapsed,CUST85393599,,
POL91389692,Life,286478,684.58,2018-10-01,2020-03-29,Annually,Lapsed,CUST90005709,,
POL01510023,Health,185531,1000.64,2015-11-24,2021-08-24,Monthly,Lapsed,CUST03356078,,
POL24627769,Property,125363,1694.49,2016-01-09,2024-10-31,Monthly,Terminated,CUST81617367,,
POL80710223,Life,499478,1349.55,2015-06-30,2018-11-10,Monthly,Active,CUST19195679,,
POL24132405,Health,335570,1012.14,2015-11-26,2019-03-18,Monthly,Terminated,CUST76033212,,
POL14931411,Life,466136,940.09,2023-02-28,2028-12-20,Monthly,Lapsed,CUST52535666,,
POL22105377,Health,389880,1694.3,2017-11-01,2020-04-17,Annually,Active,CUST83175784,,
POL42020993,Auto,459090,753.01,2016-07-18,2020-02-25,Annually,Terminated,CUST34991629,,
POL95259878,Life,192140,1744.94,2023-05-26,2030-03-03,Annually,Active,CUST11219048,,
POL64342111,Auto,321693,1332.15,2024-05-06,2032-01-18,Annually,Terminated,CUST01068208,,
POL88446355,Health,53588,1278.63,2016-03-28,2025-11-23,Annually,Terminated,CUST20106314,,
POL61863200,Health,285208,652.37,2021-02-06,2023-06-03,Quarterly,Active,CUST62813092,,
POL89325440,Property,487483,143.46,2016-07-02,2020-02-28,Annually,Terminated,CUST79054400,,
POL16855866,Property,466128,989.71,2021-01-29,2028-07-18,Monthly,Active,CUST72186583,,
POL03641837,Health,176269,1596.86,2017-07-06,2021-08-07,Quarterly,Terminated,CUST31889067,,
POL62130164,Health,278038,856.56,2021-02-07,2023-03-25,Quarterly,Terminated,CUST92538561,,
POL53093436,Health,94677,523.18,2017-05-14,2025-01-21,Monthly,Terminated,CUST09366032,,
POL73129459,Property,212403,472.94,2024-09-15,2034-01-19,Quarterly,Lapsed,CUST89780589,,
POL85437892,Health,49147,143.43,2023-11-26,2027-03-30,Quarterly,Active,CUST57771662,,
POL14494138,Property,220343,675.4,2017-07-30,2026-08-23,Annually,Active,CUST10019824,,
POL22033410,Health,165573,1205.71,2016-04-02,2020-04-30,Annually,Active,CUST47009499,,
POL92140300,Property,196084,977.07,2015-10-07,2023-06-25,Quarterly,Lapsed,CUST27052495,,
POL64494784,Auto,397672,833.63,2015-10-22,2017-11-15,Quarterly,Terminated,CUST87889630,,
POL34720084,Property,20958,1455.51,2016-07-06,2019-04-04,Quarterly,Active,CUST12971844,,
POL90628400,Health,299309,855.37,2020-09-26,2024-01-18,Monthly,Lapsed,CUST64632914,,
POL52076686,Health,142072,1657.48,2021-03-01,2029-06-29,Annually,Active,CUST99661721,,
POL52977927,Health,448605,604.7,2022-04-10,2027-03-04,Monthly,Active,CUST24576061,,
POL08708649,Property,195328,1743.38,2024-08-23,2032-08-31,Annually,Terminated,CUST71233635,,
POL69552685,Health,317589,1874.34,2021-09-16,2027-01-25,Quarterly,Active,CUST48124327,,
POL39763262,Life,294143,1824.81,2024-06-07,2033-04-30,Annually,Lapsed,CUST50443721,,
POL15272448,Health,357357,1501.7,2021-05-25,2027-07-09,Annually,Active,CUST26810490,,
POL15259304,Health,376234,702.76,2020-07-09,2023-09-16,Quarterly,Active,CUST34598462,,
POL25394718,Life,225307,919.4,2016-10-24,2025-09-29,Quarterly,Active,CUST79166932,,
POL45256846,Health,385117,1376.48,2020-07-18,2027-03-10,Annually,Terminated,CUST47234307,,
POL40901995,Auto,370307,121.31,2016-02-28,2020-09-03,Quarterly,Lapsed,CUST05573540,,
POL12925982,Property,357974,715.96,2015-03-21,2017-10-22,Quarterly,Terminated,CUST36148354,,
POL44595284,Life,53236,384.55,2018-10-30,2025-10-10,Quarterly,Lapsed,CUST83570718,,
POL62589013,Health,20996,838.61,2017-05-11,2021-08-17,Monthly,Terminated,CUST75905194,,
POL71988877,Life,238704,1207.95,2017-02-12,2024-12-27,Monthly,Active,CUST89973347,,
POL80973920,Life,358171,329.78,2018-12-18,2025-12-20,Annually,Active,CUST84381012,,
POL31372369,Property,330069,240.17,2020-02-16,2021-08-13,Annually,Lapsed,CUST96657435,,
POL02345359,Life,399630,1032.09,2023-05-11,2033-02-21,Quarterly,Active,CUST90005709,,
POL47336501,Life,213458,1967.6,2019-01-12,2023-03-01,Quarterly,Active,CUST66721944,,
POL99450257,Property,265687,1373.45,2016-06-30,2019-05-15,Monthly,Terminated,CUST20299805,,
POL30184185,Property,107826,1857.44,2018-08-26,2027-06-15,Quarterly,Lapsed,CUST24275546,,
POL23949239,Health,426971,313.94,2019-04-05,2024-08-16,Monthly,Lapsed,CUST89681403,,
POL92996796,Health,443568,229.72,2019-05-24,2028-06-06,Monthly,Active,CUST79020693,,
POL91245659,Auto,255038,1730.64,2019-09-03,2028-10-20,Monthly,Active,CUST43341884,,
POL48533616,Health,378624,1656.94,2020-11-27,2027-06-19,Annually,Terminated,CUST15467548,,
POL01744770,Health,455862,1562.25,2019-09-11,2023-12-21,Annually,Terminated,CUST82752040,,
POL57229212,Health,259092,1657.3,2019-08-06,2025-12-19,Annually,Terminated,CUST61305885,,
POL11305221,Health,125268,1871.34,2015-01-30,2017-12-03,Monthly,Lapsed,CUST45437995,,
POL19959727,Health,496496,954.23,2016-08-25,2025-04-01,Monthly,Terminated,CUST93468923,,
POL91999842,Auto,39521,817.68,2016-12-17,2020-08-02,Quarterly,Lapsed,CUST13113384,,
POL67267899,Auto,471668,934.56,2019-09-17,2022-06-30,Annually,Active,CUST43002716,,
POL32368471,Life,42662,1966.82,2016-01-28,2020-10-11,Quarterly,Terminated,CUST02532377,,
POL66040683,Life,220844,1369.9,2022-01-15,2029-08-19,Annually,Terminated,CUST96159281,,
POL22068904,Health,321306,1833.44,2017-10-26,2021-09-16,Annually,Active,CUST30421939,,
POL54704012,Property,137160,1134.71,2015-01-04,2021-02-05,Quarterly,Lapsed,CUST37160593,,
POL36840871,Life,469534,1020.18,2022-04-29,2025-09-01,Annually,Active,CUST93732507,,
POL69516845,Auto,75863,1924.65,2017-12-11,2027-12-01,Annually,Lapsed,CUST73260643,,
POL20002970,Health,171744,1244.78,2023-11-01,2030-06-24,Quarterly,Terminated,CUST61113978,,
POL24534591,Health,74729,360.86,2023-05-13,2024-10-04,Annually,Lapsed,CUST79054400,,
POL41259303,Auto,242088,906.26,2018-05-22,2019-07-13,Annually,Terminated,CUST57892719,,
POL08962462,Life,361247,922.86,2021-04-25,2023-10-30,Annually,Terminated,CUST35077184,,
POL30621978,Life,471793,1457.97,2015-12-29,2021-09-01,Annually,Active,CUST01418738,,
POL04304374,Auto,294477,138.57,2024-07-10,2030-04-06,Annually,Terminated,CUST92151594,,
POL52319023,Life,202525,199.21,2021-01-19,2028-01-17,Quarterly,Lapsed,CUST58361697,,
POL41920122,Health,39886,1881.72,2024-06-24,2033-06-18,Monthly,Lapsed,CUST18270230,,
POL45603213,Life,193015,1680.96,2018-07-27,2026-11-19,Quarterly,Terminated,CUST42176644,,
POL78017200,Health,417789,1834.99,2022-02-05,2023-09-14,Monthly,Lapsed,CUST65374269,,
POL22916343,Life,179155,1005.72,2019-08-10,2022-03-22,Annually,Active,CUST68517617,,
POL17278693,Health,151665,658.3,2015-02-23,2023-07-24,Monthly,Terminated,CUST47383876,,
POL83669063,Health,237165,170.33,2016-07-06,2022-11-29,Annually,Terminated,CUST29707490,,
POL89341687,Life,434539,1593.68,2016-11-01,2022-10-03,Annually,Lapsed,CUST41888458,,
POL85174489,Health,487247,1628.98,2023-09-24,2028-11-29,Quarterly,Lapsed,CUST30299611,,
POL04244704,Life,390909,1058.94,2016-10-13,2024-07-24,Annually,Terminated,CUST18271621,,
POL00460604,Auto,208210,1625.44,2019-04-21,2023-08-17,Quarterly,Active,CUST44151713,,
POL04830457,Life,275865,1335.12,2015-11-06,2017-06-07,Annually,Terminated,CUST83518933,,
POL69656985,Property,363005,1763.02,2017-01-02,2026-08-29,Monthly,Terminated,CUST95823518,,
POL83436800,Auto,469512,1829.76,2017-08-14,2026-11-15,Annually,Terminated,CUST58068006,,
POL84743216,Life,405164,1787.44,2020-12-19,2029-06-09,Monthly,Terminated,CUST46002301,,
POL23689303,Health,381301,469.63,2021-09-18,2029-05-03,Quarterly,Terminated,CUST19068526,,
POL68135895,Health,202280,267.42,2017-06-12,2023-01-26,Annually,Terminated,CUST95146633,,
POL66329660,Property,13910,1897.2,2018-07-03,2023-09-28,Monthly,Lapsed,CUST68580787,,
POL86127854,Health,367360,1359.41,2019-10-29,2023-11-27,Quarterly,Lapsed,CUST84381709,,
POL83412862,Health,230115,1626.83,2018-05-16,2026-01-02,Monthly,Lapsed,CUST77008175,,
POL46201776,Life,42718,1221.65,2017-06-12,2024-05-11,Monthly,Lapsed,CUST37708358,,
POL01050561,Health,130596,897.36,2017-05-12,2026-08-03,Annually,Active,CUST19175258,,
POL21535465,Property,370080,1845.43,2018-10-23,2024-09-12,Monthly,Lapsed,CUST82780241,,
POL64446371,Health,451179,1022.25,2020-08-21,2026-08-13,Annually,Terminated,CUST06732104,,
POL83922217,Property,374787,1025.33,2024-06-29,2028-07-20,Quarterly,Terminated,CUST02223205,,
POL61267923,Life,444717,860.92,2017-03-28,2022-12-19,Annually,Lapsed,CUST76704494,,
POL32160258,Health,158093,1603.48,2018-03-25,2020-09-15,Monthly,Lapsed,CUST58470031,,
POL43895814,Health,416509,1236.18,2015-05-22,2017-01-28,Quarterly,Lapsed,CUST01418216,,
POL54989284,Life,276704,1407.15,2017-04-14,2026-07-20,Quarterly,Terminated,CUST11301044,,
POL40441861,Property,210257,1690.94,2020-07-17,2026-06-10,Quarterly,Terminated,CUST08584647,,
POL96191000,Life,462307,1989.92,2021-02-17,2027-09-23,Monthly,Active,CUST65374269,,
POL80015306,Property,294935,961.46,2015-10-25,2022-06-23,Quarterly,Active,CUST09069838,,
POL52663647,Health,490853,1431.44,2024-03-22,2033-06-06,Monthly,Lapsed,CUST97269015,,
POL58724717,Property,11770,426.65,2019-09-25,2024-10-13,Annually,Lapsed,CUST79764095,,
POL32907592,Auto,18454,1135.71,2021-01-21,2025-09-08,Annually,Lapsed,CUST47441942,,
POL47630985,Health,191187,419.38,2019-11-05,2023-11-04,Annually,Lapsed,CUST03093185,,
POL08632152,Auto,469201,306.36,2017-09-04,2021-05-20,Annually,Active,CUST47634037,,
POL48026137,Health,16587,1723.36,2021-06-27,2024-02-10,Annually,Terminated,CUST33110491,,
POL51395072,Health,353291,882.52,2020-11-05,2025-04-10,Annually,Active,CUST79172554,,
POL43714068,Auto,99803,313.31,2017-10-08,2023-11-10,Annually,Active,CUST57313567,,
POL32845970,Property,287454,259.04,2016-04-02,2018-07-07,Quarterly,Terminated,CUST32000469,,
POL60891078,Life,469409,803.4,2022-04-07,2030-01-19,Quarterly,Lapsed,CUST49837558,,
POL59198090,Life,345623,455.02,2021-03-16,2028-12-30,Annually,Active,CUST34592732,,
POL73068892,Auto,334789,597.64,2018-05-01,2024-12-21,Annually,Active,CUST69853377,,
POL19972510,Health,172187,1144.1,2022-10-29,2031-11-23,Quarterly,Active,CUST40770489,,
POL29760380,Auto,183681,1767.54,2023-12-18,2028-09-29,Quarterly,Terminated,CUST31775664,,
POL97195462,Property,484270,585.31,2021-01-30,2026-04-03,Quarterly,Active,CUST27052495,,
POL21505451,Auto,207120,249,2024-11-27,2033-01-17,Monthly,Terminated,CUST36309231,,
POL81100703,Life,435059,1756.02,2020-04-15,2027-03-03,Quarterly,Terminated,CUST54931182,,
POL55024911,Auto,19699,1203.6,2015-06-30,2018-02-21,Monthly,Active,CUST22397471,,
POL71729242,Health,394275,341.45,2022-10-06,2025-02-10,Annually,Lapsed,CUST35027813,,
POL92557558,Property,429486,1626.52,2019-05-13,2029-03-04,Annually,Active,CUST15581534,,
POL12430121,Property,332347,1566.12,2022-05-07,2024-11-29,Monthly,Terminated,CUST40967783,,
POL33988478,Health,100912,1300.41,2015-06-04,2022-01-24,Annually,Active,CUST65203808,,
POL38773717,Auto,233798,1089.06,2017-12-15,2025-02-08,Monthly,Terminated,CUST19875655,,
POL32826444,Auto,438044,399.75,2015-01-10,2017-05-08,Monthly,Terminated,CUST43891603,,
POL20662516,Auto,368863,1051.62,2017-01-13,2022-03-20,Annually,Active,CUST83956868,,
POL69805915,Property,142605,1212.3,2015-06-27,2017-01-26,Quarterly,Terminated,CUST98331108,,
POL59077724,Health,144236,1679.22,2024-12-03,2034-09-28,Annually,Lapsed,CUST36847829,,
POL20473959,Life,436455,1258.53,2018-03-16,2021-08-09,Monthly,Terminated,CUST71390634,,
POL94998693,Property,246463,1855.49,2017-08-09,2021-04-05,Annually,Active,CUST37149471,,
POL36713113,Life,274452,1625.76,2016-04-29,2023-09-08,Annually,Lapsed,CUST78388527,,
POL94633881,Auto,198237,120.04,2019-11-23,2025-03-13,Monthly,Active,CUST97410297,,
POL88240464,Health,162128,931.78,2024-01-09,2025-03-01,Monthly,Terminated,CUST80103803,,
POL86820277,Property,373948,1203.62,2024-12-22,2029-04-08,Quarterly,Lapsed,CUST43237725,,
POL82207194,Life,115529,965.29,2021-03-16,2027-07-27,Annually,Active,CUST19821426,,
POL34073978,Auto,420602,770.55,2022-10-09,2025-11-04,Monthly,Active,CUST42335952,,
POL53973271,Life,485064,1337.95,2021-07-08,2028-05-25,Annually,Lapsed,CUST30888667,,
POL82675358,Life,113283,1683.34,2021-02-15,2025-07-06,Quarterly,Terminated,CUST07244824,,
POL14234564,Life,232622,573.12,2023-04-30,2032-10-17,Annually,Lapsed,CUST40230825,,
POL80475717,Property,265046,1105.05,2024-12-22,2034-06-12,Monthly,Active,CUST99515838,,
POL99668251,Auto,94791,1512.6,2015-07-31,2018-01-14,Monthly,Terminated,CUST67171307,,
POL97021693,Property,131254,334.54,2018-11-18,2027-10-30,Annually,Terminated,CUST06347988,,
POL58472274,Health,462591,1463.31,2015-07-27,2024-01-29,Monthly,Terminated,CUST04086033,,
POL81184325,Health,491159,1233.74,2015-01-24,2019-07-07,Quarterly,Lapsed,CUST63525013,,
POL28472750,Auto,103677,385.22,2017-02-13,2020-06-29,Quarterly,Active,CUST17339433,,
POL66910170,Life,81499,1607.43,2017-02-14,2025-03-03,Monthly,Active,CUST88770537,,
POL08713900,Life,399370,1850.66,2021-09-11,2031-05-31,Annually,Active,CUST72317473,,
POL56813468,Auto,160754,584.37,2021-12-06,2023-08-14,Monthly,Active,CUST37223429,,
POL26761597,Property,75411,1732.88,2020-10-12,2027-04-25,Quarterly,Active,CUST12423616,,
POL21795687,Auto,275589,973.11,2015-10-02,2021-01-18,Quarterly,Terminated,CUST02350229,,
POL60212438,Property,53489,745.88,2020-04-25,2025-12-24,Monthly,Terminated,CUST80341849,,
POL70102364,Property,333769,779.02,2024-05-23,2032-12-30,Quarterly,Active,CUST90739739,,
POL51084784,Property,359128,1737.78,2017-11-26,2022-01-21,Annually,Terminated,CUST57078534,,
POL52347881,Auto,312088,391.88,2016-09-07,2020-05-27,Quarterly,Active,CUST46225402,,
POL70265364,Life,94483,605.2,2020-01-24,2023-08-19,Quarterly,Terminated,CUST04555144,,
POL97145074,Property,19058,413.77,2023-02-25,2030-08-26,Annually,Active,CUST01743153,,
POL20405348,Life,146430,637.54,2023-07-26,2029-06-02,Monthly,Lapsed,CUST09142065,,
POL64856204,Property,277218,503.55,2015-05-03,2020-02-24,Quarterly,Terminated,CUST87543401,,
POL93726857,Life,39631,1291.77,2021-04-21,2028-09-20,Monthly,Terminated,CUST04225451,,
POL46961879,Auto,125416,1526.42,2015-02-26,2023-09-23,Monthly,Lapsed,CUST96951275,,
POL50614997,Life,175416,1823.66,2015-09-30,2019-04-06,Monthly,Terminated,CUST06225282,,
POL31588332,Property,116144,141.41,2020-07-01,2028-09-10,Monthly,Terminated,CUST41476976,,
POL37435643,Property,377974,165.3,2018-01-14,2024-06-05,Annually,Lapsed,CUST84457591,,
POL20819230,Health,306927,1028.51,2022-06-29,2029-08-26,Annually,Terminated,CUST34020568,,
POL64080414,Life,136396,1704.47,2017-12-07,2023-07-15,Monthly,Terminated,CUST58857321,,
POL83375511,Life,217407,574.61,2020-08-23,2024-10-10,Quarterly,Lapsed,CUST28505987,,
POL32168354,Auto,472225,1968.67,2021-08-29,2031-04-22,Quarterly,Terminated,CUST35063171,,
POL89664710,Auto,50706,1657.68,2016-04-11,2018-09-13,Annually,Lapsed,CUST43641609,,
POL49882725,Property,220680,1742.2,2015-05-14,2023-10-16,Annually,Active,CUST10189744,,
POL87561435,Property,322722,1068.92,2018-12-14,2024-03-19,Quarterly,Active,CUST57716148,,
POL09517154,Auto,480923,1771.52,2024-07-05,2028-04-05,Monthly,Lapsed,CUST05897242,,
POL67712226,Life,235576,1502.92,2024-05-23,2026-10-30,Monthly,Lapsed,CUST21995908,,
POL47676177,Life,263941,1908.31,2019-11-19,2029-11-15,Monthly,Terminated,CUST45840087,,
POL04361929,Property,319925,197.24,2020-11-28,2023-09-19,Monthly,Lapsed,CUST69123669,,
POL47193771,Health,32871,1208.66,2016-12-21,2018-05-17,Monthly,Active,CUST91794539,,
POL64234033,Property,270890,903.58,2024-01-25,2033-12-12,Annually,Lapsed,CUST53206356,,
POL59205415,Auto,349672,1929.46,2020-08-06,2028-11-08,Monthly,Terminated,CUST60507247,,
POL24578512,Auto,292182,1526.93,2022-08-16,2024-03-12,Quarterly,Lapsed,CUST63366212,,
POL73147278,Property,418443,1664.61,2024-07-15,2031-03-06,Monthly,Terminated,CUST37303935,,
POL85853728,Life,341436,886.59,2017-01-10,2024-04-12,Monthly,Lapsed,CUST60676525,,
POL22483819,Health,24473,1598.45,2015-11-28,2023-11-05,Monthly,Active,CUST06676337,,
POL66258798,Auto,48430,473.96,2017-03-02,2018-09-18,Annually,Lapsed,CUST99094010,,
POL18225955,Property,140644,1757.42,2017-07-08,2025-03-26,Quarterly,Active,CUST71179981,,
POL18186401,Property,204696,1245.79,2016-02-03,2022-08-29,Annually,Lapsed,CUST26183899,,
POL04398649,Auto,205419,1721.19,2020-09-12,2027-08-26,Annually,Lapsed,CUST22526647,,
POL38710831,Life,15887,870.14,2018-01-24,2021-12-12,Quarterly,Lapsed,CUST90537815,,
POL66555161,Auto,404629,637.91,2022-05-11,2028-09-18,Annually,Terminated,CUST87784685,,
POL17347712,Life,459228,1483.87,2022-05-13,2025-07-21,Annually,Lapsed,CUST73991092,,
POL02696657,Health,370062,459.26,2024-03-03,2028-10-24,Annually,Terminated,CUST34809475,,
POL17217470,Property,394888,959.81,2023-05-01,2026-02-06,Monthly,Active,CUST03582753,,
POL33884251,Auto,115901,1161.12,2015-02-08,2023-07-22,Quarterly,Lapsed,CUST10128452,,
POL50060227,Property,64009,719.65,2021-10-19,2030-04-15,Monthly,Lapsed,CUST02687600,,
POL00986980,Life,134868,1386.73,2024-02-03,2026-09-20,Quarterly,Terminated,CUST43684981,,
POL30062684,Health,89428,376.01,2023-03-12,2029-04-13,Quarterly,Active,CUST20957674,,
POL54650874,Health,294390,985.65,2021-02-18,2024-12-24,Monthly,Lapsed,CUST94093064,,
POL27188629,Property,426545,1940.09,2023-08-09,2025-08-16,Monthly,Terminated,CUST78141073,,
POL59056408,Auto,231142,993.9,2016-08-07,2020-03-10,Annually,Active,CUST50669667,,
POL80156705,Auto,98425,1055.35,2019-05-26,2023-09-30,Quarterly,Active,CUST98026519,,
POL21956809,Auto,281389,862.03,2017-07-03,2027-01-20,Annually,Active,CUST48970118,,
POL87577770,Auto,35721,1216.41,2022-02-13,2026-12-19,Quarterly,Terminated,CUST89945576,,
POL96066215,Life,416519,857.15,2017-05-23,2024-05-17,Annually,Terminated,CUST58637584,,
POL96600998,Auto,104087,1445.1,2015-03-25,2018-08-16,Monthly,Active,CUST27766368,,
POL32342170,Life,343657,1707.63,2021-07-25,2025-06-10,Annually,Active,CUST54798891,,
POL95930417,Auto,291453,1182.77,2023-05-17,2024-11-27,Annually,Active,CUST37691262,,
POL39625921,Auto,225091,1014.81,2015-12-16,2018-03-15,Annually,Terminated,CUST77488617,,
POL02805938,Property,447336,1797,2016-08-05,2017-12-24,Annually,Terminated,CUST01330639,,
POL26826010,Property,453506,1083.45,2019-02-20,2024-05-26,Annually,Active,CUST34481309,,
POL62185307,Life,344930,825.1,2022-11-23,2025-09-06,Quarterly,Lapsed,CUST27326515,,
POL10285665,Auto,127224,385.32,2024-05-17,2029-04-05,Monthly,Lapsed,CUST25095128,,
POL70059971,Property,376866,1601.84,2023-05-22,2028-06-05,Monthly,Terminated,CUST03661198,,
POL76937321,Life,274005,1474.11,2019-03-02,2025-08-26,Monthly,Lapsed,CUST76990350,,
POL70256578,Property,277982,576.97,2021-03-22,2024-07-11,Monthly,Active,CUST03546088,,
POL10637039,Property,285269,540.55,2018-07-20,2024-12-31,Annually,Terminated,CUST87425473,,
POL72400250,Property,282279,1134.27,2017-11-13,2023-08-25,Quarterly,Lapsed,CUST53968543,,
POL91121585,Life,391725,317.39,2019-08-17,2027-01-25,Monthly,Lapsed,CUST20923093,,
POL88099393,Property,404643,329.93,2019-06-08,2024-09-22,Quarterly,Lapsed,CUST79785817,,
POL77940500,Life,249015,615.16,2023-05-29,2025-10-18,Quarterly,Active,CUST04637002,,
POL74355179,Health,228732,127.78,2021-08-21,2030-12-20,Annually,Lapsed,CUST12356539,,
POL72707891,Auto,92292,939.75,2019-09-19,2021-06-16,Quarterly,Terminated,CUST98943476,,
POL23156107,Property,433378,642.56,2020-07-14,2023-05-20,Monthly,Terminated,CUST39647338,,
POL14328771,Life,270203,1171.42,2022-09-08,2031-02-24,Monthly,Terminated,CUST62087566,,
POL11129837,Life,157602,201.15,2018-03-24,2021-10-13,Quarterly,Active,CUST86083356,,
POL39940079,Property,458645,1878.97,2017-02-19,2026-04-23,Monthly,Terminated,CUST82890521,,
POL73669093,Health,403790,887.13,2021-01-27,2022-12-06,Quarterly,Lapsed,CUST27619651,,
POL57872259,Health,240005,1420.47,2022-11-27,2024-08-22,Monthly,Active,CUST78004383,,
POL66994083,Property,268889,1290.81,2019-06-12,2026-07-31,Annually,Terminated,CUST35741824,,
POL66983136,Health,448285,839.07,2022-12-30,2024-03-03,Monthly,Lapsed,CUST42165970,,
POL39397182,Health,400947,834.63,2021-04-23,2023-01-06,Monthly,Terminated,CUST73828464,,
POL04896223,Auto,372440,572.45,2024-09-03,2029-01-10,Annually,Active,CUST52600992,,
POL01387095,Life,337729,459.03,2021-07-28,2029-06-24,Monthly,Terminated,CUST50645546,,
POL49595777,Property,43255,1997.83,2023-04-16,2030-05-27,Monthly,Active,CUST08971725,,
POL68796597,Auto,19942,229.92,2021-11-08,2031-08-08,Quarterly,Terminated,CUST69641136,,
POL59607702,Auto,196899,1786.43,2024-09-14,2034-02-12,Annually,Lapsed,CUST35369973,,
POL34270146,Auto,445986,268.95,2016-10-18,2018-11-03,Annually,Terminated,CUST09838887,,
POL98886602,Auto,144251,661.59,2016-11-18,2018-11-30,Monthly,Lapsed,CUST12400012,,
POL05660680,Auto,393488,683.62,2021-07-14,2029-07-07,Annually,Active,CUST87100488,,
POL37519472,Auto,303000,753.5,2017-10-31,2024-01-04,Quarterly,Lapsed,CUST92956352,,
POL34042376,Life,29126,822.78,2015-11-15,2023-04-17,Quarterly,Terminated,CUST62512574,,
POL22477939,Auto,154657,590.76,2018-10-06,2021-11-24,Monthly,Lapsed,CUST90979606,,
POL23806678,Health,204941,1878.25,2023-02-26,2032-07-09,Quarterly,Active,CUST38361358,,
POL38577141,Property,159938,183.73,2021-03-25,2027-08-14,Quarterly,Lapsed,CUST27970509,,
POL69129432,Life,448963,1361.49,2021-11-18,2030-12-10,Quarterly,Lapsed,CUST05197144,,
POL19466250,Life,225541,229.41,2016-05-10,2020-10-07,Quarterly,Active,CUST04188498,,
POL10021590,Life,308389,249.93,2023-03-27,2025-07-22,Annually,Active,CUST76704494,,
POL10427229,Life,215252,1105.29,2021-09-15,2027-06-06,Annually,Active,CUST92557259,,
POL51728504,Health,100511,1907.65,2023-11-04,2030-12-19,Quarterly,Active,CUST93838725,,
POL85593752,Auto,292998,119.9,2020-06-15,2027-12-23,Monthly,Active,CUST06284514,,
POL23806593,Auto,370270,649.71,2022-12-27,2028-01-30,Annually,Lapsed,CUST67064326,,
POL68960781,Health,114811,378.73,2018-01-14,2019-12-27,Annually,Active,CUST34044455,,
POL67199375,Life,127017,1568.15,2018-10-23,2025-11-23,Quarterly,Lapsed,CUST66793939,,
POL82513173,Health,499308,298.11,2020-01-21,2029-05-20,Monthly,Terminated,CUST75285468,,
POL35101625,Life,151254,1532.63,2019-01-12,2028-02-06,Annually,Lapsed,CUST55415032,,
POL47001205,Auto,183085,1403.76,2015-10-22,2022-12-30,Quarterly,Active,CUST29362486,,
POL83094866,Life,447518,1533.2,2020-10-30,2022-11-30,Monthly,Lapsed,CUST89683690,,
POL59817686,Life,167870,592.51,2023-10-27,2028-04-26,Annually,Terminated,CUST19068526,,
POL18326349,Auto,247261,888.13,2019-06-20,2020-11-17,Quarterly,Lapsed,CUST47383876,,
POL02785360,Health,310781,1862.64,2016-09-03,2025-12-29,Annually,Active,CUST09749593,,
POL21548187,Auto,95544,1372.19,2019-07-08,2028-03-12,Annually,Lapsed,CUST09630360,,
POL26368425,Auto,131911,1566.81,2022-01-01,2031-11-18,Annually,Active,CUST03843520,,
POL04549501,Auto,452522,1516.68,2021-01-17,2023-08-11,Monthly,Lapsed,CUST19175258,,
POL04119250,Life,200642,1569.95,2015-12-19,2023-03-19,Annually,Active,CUST10241954,,
POL13716373,Auto,155860,1023.51,2021-12-24,2026-11-24,Annually,Active,CUST79194423,,
POL30813545,Health,152143,1574.16,2022-04-09,2029-08-12,Quarterly,Active,CUST77596982,,
POL42954389,Life,317416,1075.85,2017-08-29,2020-08-27,Quarterly,Active,CUST53758771,,
POL12961927,Life,300180,554.53,2016-10-12,2024-12-22,Monthly,Terminated,CUST32081967,,
POL41338647,Auto,292014,1742.43,2023-02-16,2025-10-10,Monthly,Active,CUST86957645,,
POL73362780,Property,63870,1330.75,2015-10-03,2023-02-07,Quarterly,Lapsed,CUST69731138,,
POL36474565,Health,254281,1152.51,2017-10-28,2021-08-06,Quarterly,Active,CUST35415891,,
POL30735842,Property,366241,1600.92,2021-05-19,2025-09-17,Monthly,Lapsed,CUST76231180,,
POL22240017,Life,66828,1187.68,2021-09-14,2029-04-30,Quarterly,Lapsed,CUST61872797,,
POL11162373,Auto,287624,1013.03,2023-03-25,2030-02-13,Annually,Active,CUST44428970,,
POL61781970,Health,56073,1934.63,2017-03-03,2023-05-21,Quarterly,Active,CUST68764983,,
POL05553908,Health,412918,332.26,2024-10-25,2028-03-26,Monthly,Active,CUST71390634,,
POL01337640,Life,70965,1332.74,2020-01-12,2023-12-05,Monthly,Terminated,CUST65156614,,
POL88792514,Life,423377,318.8,2021-03-11,2022-08-08,Annually,Terminated,CUST11825074,,
POL77573735,Health,275970,1016.81,2016-09-06,2020-02-22,Annually,Terminated,CUST87747896,,
POL54374781,Auto,367623,399.51,2021-04-11,2026-11-11,Annually,Lapsed,CUST56292843,,
POL42066874,Health,96483,384.3,2016-04-08,2026-02-18,Quarterly,Lapsed,CUST79785817,,
POL38363742,Property,193776,1159.81,2021-04-22,2030-04-14,Monthly,Active,CUST35285680,,
POL11698885,Property,57295,1972.43,2024-03-22,2025-12-22,Quarterly,Terminated,CUST95007965,,
POL42164624,Life,188587,170.31,2017-09-14,2026-06-07,Quarterly,Active,CUST09807519,,
POL17867765,Property,373695,468.85,2015-03-21,2019-05-20,Monthly,Active,CUST98348345,,
POL90492389,Property,263287,1291.41,2019-02-15,2028-01-21,Annually,Terminated,CUST10203071,,
POL71220410,Property,148239,1969.92,2019-03-15,2024-04-11,Quarterly,Lapsed,CUST37327698,,
POL01236667,Life,55574,1603.76,2020-10-05,2030-01-09,Monthly,Lapsed,CUST24312409,,
POL98955756,Health,210103,1617.27,2016-12-04,2022-03-07,Quarterly,Active,CUST97126861,,
POL31185889,Auto,232848,1954.34,2023-04-03,2031-04-26,Monthly,Terminated,CUST36923180,,
POL45105560,Auto,208855,665.13,2018-09-05,2026-03-14,Monthly,Active,CUST57473102,,
POL70483793,Life,83052,1157.35,2020-11-23,2030-04-30,Quarterly,Active,CUST73210197,,
POL13918846,Health,166155,1495.42,2021-08-20,2024-03-30,Annually,Lapsed,CUST42566729,,
POL06516392,Auto,71842,555.71,2016-05-16,2025-07-13,Monthly,Lapsed,CUST09396272,,
POL92505335,Auto,447893,501.61,2021-09-11,2028-03-23,Quarterly,Lapsed,CUST24119331,,
POL16850731,Life,287430,1070.7,2016-06-07,2017-09-26,Monthly,Active,CUST45257347,,
POL01881823,Auto,57283,1673.31,2023-01-24,2027-06-12,Annually,Active,CUST34440268,,
POL07226848,Health,437227,249.61,2015-10-20,2019-09-30,Monthly,Lapsed,CUST37424132,,
POL73997241,Property,169686,1126.02,2016-01-29,2021-01-09,Quarterly,Lapsed,CUST38232094,,
POL11103169,Health,210397,557.16,2015-06-29,2019-10-15,Annually,Lapsed,CUST89659415,,
POL13721219,Property,72666,1601.79,2020-06-25,2022-07-25,Quarterly,Terminated,CUST86219059,,
POL15857890,Auto,315928,195.12,2018-04-22,2024-03-20,Annually,Terminated,CUST86994314,,
POL75806090,Health,493097,1085.89,2020-05-21,2030-01-06,Quarterly,Lapsed,CUST67753270,,
POL54958915,Health,26472,1359.26,2019-01-05,2028-03-22,Annually,Active,CUST35136000,,
POL33112269,Health,337990,1134.51,2022-04-20,2031-09-18,Annually,Lapsed,CUST45693495,,
POL92974818,Health,208031,1904.89,2023-09-22,2031-11-24,Annually,Active,CUST59843637,,
POL67864663,Auto,319130,1960.75,2018-06-30,2019-09-26,Quarterly,Active,CUST57618841,,
POL06550384,Life,103986,1417.79,2021-09-26,2027-08-22,Annually,Terminated,CUST13006395,,
POL71306650,Health,91479,1119.21,2016-05-04,2022-08-19,Quarterly,Lapsed,CUST39892656,,
POL39334378,Life,224178,1708.25,2019-11-07,2021-10-01,Monthly,Terminated,CUST89128570,,
POL74810323,Auto,317254,1275.94,2022-07-19,2030-10-12,Quarterly,Active,CUST20605632,,
POL77809174,Property,383536,746.85,2017-03-14,2022-05-28,Monthly,Lapsed,CUST63700759,,
POL59691627,Health,467486,837.16,2024-08-05,2032-09-05,Monthly,Terminated,CUST52589788,,
POL19466046,Health,338196,1553.03,2017-01-06,2023-10-31,Quarterly,Lapsed,CUST68281778,,
POL22374212,Property,10595,478.41,2021-01-24,2024-04-03,Monthly,Active,CUST32248638,,
POL07060236,Life,421478,752.55,2018-05-17,2020-09-26,Monthly,Active,CUST38016023,,
POL47441290,Property,265127,1685.59,2019-12-02,2026-10-06,Annually,Lapsed,CUST47833740,,
POL71842215,Auto,248453,694.17,2018-10-04,2022-01-09,Monthly,Terminated,CUST16392890,,
POL39911083,Auto,203262,1169.24,2017-12-13,2020-01-19,Quarterly,Lapsed,CUST65527652,,
POL14649492,Life,27119,1789.08,2022-04-16,2028-03-09,Monthly,Active,CUST46174055,,
POL68070002,Life,463527,1543.22,2015-08-14,2018-11-22,Monthly,Lapsed,CUST46821368,,
POL92754721,Auto,32711,708.8,2022-12-25,2024-11-13,Quarterly,Terminated,CUST76639594,,
POL46926974,Property,303084,242.57,2016-10-05,2021-09-25,Quarterly,Terminated,CUST80169010,,
POL27569348,Life,488805,1452.75,2021-04-25,2024-05-14,Quarterly,Lapsed,CUST05568975,,
POL46163995,Auto,159392,1222.96,2022-06-15,2028-06-04,Monthly,Active,CUST04317619,,
POL66937444,Health,216362,1738.48,2018-09-10,2026-08-25,Monthly,Lapsed,CUST94483327,,
POL76030997,Auto,20526,1322.33,2020-06-08,2025-07-08,Quarterly,Active,CUST99034747,,
POL60345020,Auto,238602,1167.24,2016-08-08,2018-03-30,Monthly,Lapsed,CUST41183614,,
POL65279232,Health,117016,538.19,2016-01-26,2020-12-16,Quarterly,Active,CUST58105765,,
POL94641041,Life,201396,1109.75,2018-07-23,2026-10-30,Annually,Lapsed,CUST79086850,,
POL05594711,Life,395788,1144.53,2015-02-08,2018-08-20,Quarterly,Terminated,CUST49079642,,
POL59886107,Life,475325,1530.15,2021-11-15,2030-09-17,Annually,Active,CUST94455292,,
POL44633851,Life,386691,842.67,2015-03-31,2019-12-24,Quarterly,Terminated,CUST10496213,,
POL91089424,Life,202810,1155.44,2023-11-17,2027-08-05,Quarterly,Lapsed,CUST63094148,,
POL63789313,Property,131172,1495.84,2021-05-17,2028-02-04,Annually,Terminated,CUST43485981,,
POL03937394,Life,485700,825.03,2023-02-16,2024-08-24,Annually,Active,CUST90537815,,
POL40919725,Health,136531,1100.91,2019-02-11,2021-01-21,Quarterly,Active,CUST05516156,,
POL12273521,Property,152050,1714.08,2022-08-30,2031-04-30,Annually,Lapsed,CUST20921135,,
POL55405368,Health,106176,493.29,2018-05-03,2025-06-04,Annually,Terminated,CUST18651147,,
POL76990355,Property,314038,1170.8,2015-10-08,2023-08-24,Monthly,Lapsed,CUST00111093,,
POL55126928,Life,56139,1960.49,2020-09-03,2028-03-29,Quarterly,Terminated,CUST44614531,,
POL33870479,Life,41120,756.92,2017-06-15,2023-11-27,Quarterly,Active,CUST22875335,,
POL67506217,Auto,286322,758.07,2016-02-29,2020-04-13,Quarterly,Active,CUST27855580,,
POL23901301,Property,37249,1251.05,2022-12-03,2028-09-19,Annually,Active,CUST18415430,,
POL08197937,Health,227384,632.81,2015-05-30,2020-10-13,Monthly,Terminated,CUST82440426,,
POL84222350,Life,373306,957.56,2020-06-10,2021-10-13,Monthly,Active,CUST86198760,,
POL25301637,Health,240480,1296.25,2022-06-17,2027-10-28,Annually,Terminated,CUST81280296,,
POL82345838,Property,165602,1550.9,2015-07-11,2025-04-02,Monthly,Terminated,CUST27326515,,
POL31362262,Auto,375408,133.72,2022-08-03,2032-03-01,Annually,Terminated,CUST08813866,,
POL79392367,Auto,346632,1138.06,2020-05-09,2022-11-17,Monthly,Lapsed,CUST55031433,,
POL74198912,Health,381676,1889.34,2024-03-02,2026-12-26,Monthly,Lapsed,CUST40230825,,
POL10977821,Property,123302,764.86,2016-02-12,2019-03-17,Annually,Lapsed,CUST74229946,,
POL97876617,Health,203446,716.29,2017-12-31,2020-02-07,Quarterly,Terminated,CUST74454973,,
POL22375772,Property,202275,1488.39,2020-08-13,2026-10-05,Quarterly,Terminated,CUST58666649,,
POL31916884,Property,331589,592.77,2017-06-15,2019-02-11,Monthly,Active,CUST19151898,,
POL24429033,Health,263470,1311.78,2015-05-23,2017-03-19,Quarterly,Active,CUST01781896,,
POL17342511,Auto,202678,1056.26,2017-01-03,2024-05-05,Annually,Lapsed,CUST98043397,,
POL28677105,Property,201548,1635.13,2022-03-17,2026-05-18,Monthly,Lapsed,CUST99194885,,
POL43732564,Health,310004,837.25,2023-08-16,2030-02-10,Quarterly,Active,CUST81990768,,
POL28314464,Health,22116,1633.27,2016-04-16,2021-05-21,Annually,Lapsed,CUST60955477,,
POL35204353,Health,198767,1434.17,2017-06-23,2019-04-16,Monthly,Lapsed,CUST07529006,,
POL89399063,Property,417672,782.84,2021-10-15,2028-04-25,Monthly,Active,CUST75793791,,
POL87120286,Health,164540,1304.6,2015-12-12,2023-07-13,Annually,Terminated,CUST40514613,,
POL88760778,Life,403276,117.92,2016-09-09,2022-04-01,Monthly,Lapsed,CUST97565253,,
POL38861643,Property,89784,405.86,2023-05-15,2031-10-25,Monthly,Lapsed,CUST98959709,,
POL65184917,Auto,426831,476.33,2020-06-04,2029-01-30,Monthly,Lapsed,CUST09615056,,
POL04610081,Auto,470013,739.62,2015-11-22,2022-12-14,Monthly,Lapsed,CUST85869477,,
POL69425319,Property,446018,1448.3,2020-02-13,2023-12-26,Quarterly,Active,CUST25878496,,
POL61904449,Auto,265486,987.82,2022-09-24,2026-11-15,Annually,Active,CUST52643367,,
POL08522082,Auto,191554,942.82,2017-03-09,2026-12-02,Monthly,Terminated,CUST48998448,,
POL26393538,Life,271975,1616.17,2015-06-07,2024-01-21,Quarterly,Active,CUST08945946,,
POL06555482,Property,231181,1556.27,2015-05-11,2022-07-21,Annually,Lapsed,CUST03545901,,
POL51635359,Health,116654,1172.94,2023-01-05,2027-04-20,Annually,Lapsed,CUST89845597,,
POL54944417,Health,81316,413.73,2021-05-26,2027-04-02,Annually,Lapsed,CUST14092929,,
POL75180219,Health,126031,1010.24,2019-08-12,2025-07-16,Annually,Terminated,CUST59727399,,
POL47276552,Property,139573,1440.28,2018-08-14,2025-12-08,Monthly,Lapsed,CUST61345201,,
POL86600900,Health,325581,962.72,2015-09-23,2017-05-12,Quarterly,Active,CUST25931546,,
POL26378825,Auto,246091,962.22,2021-04-07,2029-08-02,Quarterly,Terminated,CUST79997262,,
POL84891597,Property,202454,1879.8,2016-04-16,2018-08-19,Quarterly,Lapsed,CUST08493059,,
POL15359694,Life,96262,1946.44,2015-03-06,2020-05-24,Annually,Active,CUST10853720,,
POL30896226,Property,213032,465.94,2018-09-15,2023-04-30,Quarterly,Active,CUST01716705,,
POL16164633,Auto,163351,1070.26,2017-11-03,2021-10-30,Monthly,Active,CUST57618841,,
POL98820628,Auto,328822,1946.51,2022-08-11,2026-05-20,Quarterly,Lapsed,CUST63890690,,
POL59124038,Property,203709,255.94,2023-11-06,2030-10-31,Monthly,Active,CUST31991535,,
POL22790609,Property,81015,1500.66,2016-01-26,2021-03-01,Quarterly,Terminated,CUST24626933,,
POL12164019,Health,473953,1413.46,2020-08-31,2025-01-14,Annually,Active,CUST36502944,,
POL23434715,Life,425735,1354.39,2024-05-08,2026-04-29,Annually,Lapsed,CUST00972517,,
POL52695927,Auto,117486,453.61,2024-08-11,2028-12-21,Annually,Active,CUST15432662,,
POL46053164,Health,349962,861.21,2020-01-18,2030-01-06,Quarterly,Active,CUST95901092,,
POL88066577,Auto,364165,347.67,2023-08-11,2029-04-06,Monthly,Lapsed,CUST42287612,,
POL52513124,Property,244595,136.85,2021-12-12,2023-07-19,Quarterly,Lapsed,CUST36604631,,
POL40868193,Health,190337,1223.07,2018-08-27,2026-05-19,Monthly,Terminated,CUST39372490,,
POL03499905,Health,365979,1094.5,2021-03-14,2022-03-28,Annually,Active,CUST79911540,,
POL04124548,Auto,423216,360.59,2023-01-24,2031-01-04,Quarterly,Lapsed,CUST93131058,,
POL56626279,Property,202145,1440.26,2020-12-17,2026-08-04,Annually,Terminated,CUST36037637,,
POL39998865,Property,106175,308.63,2024-06-22,2027-12-04,Monthly,Terminated,CUST28996576,,
POL10684748,Life,328345,733.06,2016-12-20,2023-03-03,Monthly,Lapsed,CUST79795033,,
POL02457205,Property,466880,1463.1,2019-04-17,2027-08-17,Quarterly,Active,CUST82362920,,
POL02648001,Auto,123593,1404.23,2023-09-28,2030-12-31,Quarterly,Lapsed,CUST11481966,,
POL55664607,Life,184095,1790.85,2017-01-29,2025-09-27,Annually,Lapsed,CUST47694771,,
POL28148630,Health,242692,721.34,2019-07-19,2028-09-09,Annually,Active,CUST49174055,,
POL09901587,Life,379520,117.78,2015-07-15,2024-10-20,Annually,Active,CUST90010071,,
POL36630030,Auto,278081,1524.53,2016-01-13,2018-09-11,Monthly,Lapsed,CUST80345641,,
POL64256700,Life,265639,1849.67,2023-06-01,2024-12-22,Monthly,Terminated,CUST74973932,,
POL58122170,Property,229117,391.02,2018-02-08,2027-09-18,Monthly,Terminated,CUST97297558,,
POL12256062,Property,452645,1459.31,2022-04-26,2023-10-28,Monthly,Lapsed,CUST08493059,,
POL08155490,Health,228522,1960.87,2021-04-19,2027-05-08,Monthly,Terminated,CUST27910356,,
POL69073858,Life,139875,1165.73,2018-03-18,2020-08-25,Monthly,Lapsed,CUST89250160,,
POL37924331,Life,331802,1989.97,2019-09-30,2023-12-27,Quarterly,Active,CUST05146543,,
POL43127976,Property,39565,524.22,2023-09-30,2027-11-26,Monthly,Terminated,CUST64434702,,
POL29336617,Life,489961,1811.92,2019-06-17,2020-10-28,Monthly,Active,CUST43641609,,
POL83145179,Health,414421,282.26,2022-10-25,2026-01-22,Quarterly,Active,CUST85015707,,
POL75352154,Property,37893,1681.23,2024-05-15,2030-10-16,Quarterly,Lapsed,CUST82890521,,
POL17421087,Property,419855,1723.1,2018-05-11,2027-07-25,Annually,Terminated,CUST60130955,,
POL77086340,Property,93275,1528.27,2019-09-18,2026-05-28,Annually,Lapsed,CUST87334402,,
POL63778192,Health,353620,1651.4,2018-02-28,2021-09-19,Quarterly,Active,CUST51074032,,
POL35541554,Auto,29680,230.26,2022-01-04,2030-03-29,Quarterly,Active,CUST38035904,,
POL43027986,Health,214991,1684.83,2022-06-22,2024-04-23,Quarterly,Terminated,CUST70887355,,
POL92525583,Life,249347,489.48,2020-08-24,2029-04-04,Monthly,Active,CUST06052485,,
POL62259131,Life,112795,1819.07,2017-05-04,2018-12-18,Monthly,Lapsed,CUST48638550,,
POL54226110,Property,135959,961.37,2022-11-22,2029-05-16,Quarterly,Active,CUST12032876,,
POL76710986,Life,225740,742.55,2018-01-16,2027-08-27,Annually,Lapsed,CUST00428034,,
POL18290935,Life,269416,1636.06,2022-05-22,2030-04-16,Quarterly,Lapsed,CUST16983930,,
POL05034207,Auto,208708,1025.01,2023-02-18,2027-01-20,Quarterly,Terminated,CUST47568893,,
POL81521713,Life,468815,278.72,2022-10-08,2026-09-20,Monthly,Lapsed,CUST68869346,,
POL11435433,Auto,368383,1984.37,2020-06-03,2027-01-08,Monthly,Lapsed,CUST38797064,,
POL70589278,Auto,195714,1124.93,2020-06-27,2022-12-12,Annually,Terminated,CUST28392965,,
POL23193106,Life,394627,227.84,2017-01-12,2024-02-12,Quarterly,Active,CUST46531153,,
POL96147285,Auto,244613,308.58,2019-08-28,2026-12-15,Annually,Terminated,CUST51678763,,
POL40212338,Auto,468634,1943.69,2017-09-02,2022-03-03,Annually,Active,CUST37031571,,
POL36802897,Life,19303,1951.17,2020-03-08,2029-11-21,Quarterly,Active,CUST68736069,,
POL45419104,Property,130389,1983.88,2017-11-29,2025-11-08,Monthly,Terminated,CUST49906214,,
POL98813677,Life,226048,795.47,2015-08-18,2024-08-11,Monthly,Lapsed,CUST41670618,,
POL40028433,Property,88082,1630.64,2020-10-21,2030-05-01,Monthly,Active,CUST05013566,,
POL59298156,Health,400265,1515.79,2020-12-20,2026-03-23,Quarterly,Active,CUST30299611,,
POL78634856,Auto,13245,996.96,2019-02-06,2020-05-04,Monthly,Lapsed,CUST76917791,,
POL32067182,Auto,474017,1155.42,2017-03-21,2020-04-03,Monthly,Lapsed,CUST25235794,,
POL97015902,Life,45926,1735,2022-06-22,2029-02-04,Quarterly,Terminated,CUST82315883,,
POL01434989,Health,138503,351.11,2020-05-27,2023-02-18,Annually,Terminated,CUST58712853,,
POL02157251,Property,42294,1016.68,2015-03-21,2023-06-25,Annually,Terminated,CUST33229536,,
POL04717815,Auto,440859,586.84,2016-02-09,2022-06-27,Quarterly,Active,CUST28840291,,
POL00829050,Auto,243377,1668.82,2018-02-22,2026-08-09,Monthly,Lapsed,CUST56211642,,
POL98604785,Health,343578,1738.7,2021-08-27,2025-12-25,Annually,Active,CUST74415498,,
POL88842514,Property,242035,1065.12,2019-03-06,2027-04-12,Monthly,Active,CUST22689401,,
POL76182613,Auto,104385,779.44,2015-06-30,2025-04-06,Quarterly,Active,CUST23186598,,
POL86384869,Health,144771,797.18,2017-11-23,2026-08-15,Quarterly,Terminated,CUST19811172,,
POL84123482,Health,20102,1922.33,2015-05-06,2021-11-29,Quarterly,Active,CUST77150362,,
POL23562501,Life,15883,170.55,2017-07-14,2025-05-22,Monthly,Terminated,CUST56211642,,
POL48245779,Property,165993,690.79,2016-04-08,2023-02-25,Annually,Lapsed,CUST48116987,,
POL61900129,Health,156973,965.75,2019-10-24,2025-09-19,Annually,Terminated,CUST86351022,,
POL48633548,Health,233656,1231.37,2024-04-10,2033-03-13,Quarterly,Terminated,CUST67358602,,
POL79940322,Life,325033,1307.81,2024-04-26,2029-04-25,Annually,Lapsed,CUST91336546,,
POL04511784,Auto,440236,586.64,2024-06-17,2027-12-25,Quarterly,Lapsed,CUST56753771,,
POL86724189,Auto,42702,1698.24,2021-04-24,2027-02-27,Annually,Lapsed,CUST68281778,,
POL71033011,Property,51479,929.96,2022-05-09,2024-12-29,Monthly,Terminated,CUST59334083,,
POL85605519,Auto,238051,1108.64,2022-12-07,2032-06-06,Quarterly,Terminated,CUST91280167,,
POL74831187,Property,241123,992.38,2024-09-07,2026-06-21,Quarterly,Terminated,CUST81463736,,
POL20532227,Health,395705,399.13,2024-07-26,2031-06-12,Quarterly,Lapsed,CUST57245490,,
POL21319320,Auto,403366,1551.73,2017-11-02,2021-11-01,Annually,Lapsed,CUST51598236,,
POL75362203,Health,56627,1448.26,2015-12-09,2022-10-24,Monthly,Terminated,CUST97726267,,
POL16340905,Auto,52223,1782.26,2020-03-20,2022-04-19,Quarterly,Terminated,CUST71555564,,
POL78880767,Property,228219,1958.12,2016-06-27,2017-11-09,Monthly,Terminated,CUST99468207,,
POL36025605,Auto,228030,226.82,2019-04-15,2022-04-11,Monthly,Active,CUST12356539,,
POL59624459,Auto,407423,387.92,2023-01-14,2028-05-20,Quarterly,Active,CUST32454205,,
POL67368474,Property,471245,1572.15,2023-02-11,2030-11-14,Annually,Active,CUST20529547,,
POL73942223,Life,482104,1646.7,2016-04-02,2022-05-07,Quarterly,Terminated,CUST97126861,,
POL07805552,Health,475069,275.47,2019-12-17,2028-06-10,Annually,Terminated,CUST04740255,,
POL44809724,Auto,486127,1665.58,2015-04-03,2022-06-29,Quarterly,Lapsed,CUST29404230,,
POL98234290,Health,424691,1286.53,2017-05-22,2027-03-04,Quarterly,Lapsed,CUST33648475,,
POL95715427,Property,329152,1935.18,2020-07-30,2026-10-24,Quarterly,Active,CUST94738616,,
POL14765103,Life,221346,1562.37,2020-02-24,2030-02-19,Annually,Lapsed,CUST36078159,,
POL20442417,Auto,414287,1834.74,2021-12-26,2030-06-20,Monthly,Lapsed,CUST01863550,,
POL91286503,Property,303843,811.94,2023-03-25,2027-05-14,Monthly,Active,CUST74736426,,
POL01605607,Property,191192,871.39,2022-10-16,2030-06-17,Annually,Terminated,CUST93161097,,
POL47675445,Life,46913,1507.31,2015-06-27,2021-04-07,Annually,Lapsed,CUST68846653,,
POL08617665,Life,357011,730.42,2016-07-11,2020-10-08,Quarterly,Lapsed,CUST86652981,,
POL13704102,Property,228947,1250.65,2020-07-18,2029-01-13,Quarterly,Lapsed,CUST45257347,,
POL56720424,Health,287023,776.56,2023-09-25,2027-10-10,Annually,Lapsed,CUST88009581,,
POL52358331,Auto,331163,639.27,2023-03-17,2029-07-15,Quarterly,Lapsed,CUST20921135,,
POL26714867,Auto,337408,1161.38,2022-07-24,2029-07-31,Quarterly,Lapsed,CUST32157622,,
POL96408694,Health,163191,723.4,2021-09-05,2028-04-22,Annually,Lapsed,CUST91459619,,
POL21669788,Property,31997,1802.15,2019-10-26,2022-02-11,Monthly,Terminated,CUST37359832,,
POL60705643,Health,487639,255.58,2015-05-08,2022-04-13,Annually,Lapsed,CUST80027772,,
POL70229811,Health,389191,1179.55,2024-04-17,2029-03-20,Monthly,Lapsed,CUST19195679,,
POL19452120,Life,61198,1878.79,2018-03-04,2024-05-11,Annually,Terminated,CUST79978670,,
POL73218489,Health,304863,1554.94,2024-02-16,2026-11-28,Annually,Lapsed,CUST37900794,,
POL31435265,Health,189439,1946.05,2016-06-18,2019-11-20,Monthly,Terminated,CUST69980952,,
POL88789148,Auto,270212,809.36,2022-03-01,2027-07-16,Annually,Active,CUST86867912,,
POL64141969,Property,137551,1300.3,2017-03-27,2022-06-11,Quarterly,Active,CUST01001245,,
POL31363009,Life,344240,852.36,2021-06-25,2022-09-17,Annually,Terminated,CUST59014511,,
POL84868487,Property,391619,788.66,2020-08-21,2024-03-03,Quarterly,Active,CUST63815413,,
POL62539686,Property,362011,1038.54,2021-05-10,2023-11-18,Monthly,Terminated,CUST63020146,,
POL51236806,Auto,236583,1086.27,2019-08-02,2028-10-13,Monthly,Active,CUST19204140,,
POL30197318,Health,62591,819.59,2017-12-04,2026-03-01,Annually,Lapsed,CUST50493367,,
POL97865190,Life,454722,463.41,2015-10-26,2018-03-27,Quarterly,Lapsed,CUST33962049,,
POL38512389,Health,345743,1259.81,2016-02-18,2022-02-06,Monthly,Active,CUST45173890,,
POL14455215,Health,163241,1423.99,2021-01-17,2026-04-06,Monthly,Lapsed,CUST83057986,,
POL42267896,Auto,365710,520.37,2022-07-01,2032-01-16,Quarterly,Active,CUST61706207,,
POL29424100,Life,265619,740.04,2015-03-04,2017-09-14,Annually,Active,CUST11501139,,
POL53549003,Life,340454,476.82,2020-12-03,2029-03-29,Quarterly,Terminated,CUST47448114,,
POL54969569,Auto,42367,1516.1,2019-09-15,2029-08-08,Annually,Active,CUST17011157,,
POL07284415,Auto,185232,287.54,2023-02-11,2032-08-15,Quarterly,Active,CUST46516721,,
POL21287950,Property,224757,1108.09,2023-01-20,2031-08-25,Annually,Active,CUST37390566,,
POL15359444,Life,294769,1229.77,2021-06-24,2026-01-18,Monthly,Active,CUST81146661,,
POL66244009,Property,360911,1840.32,2018-06-05,2020-09-07,Quarterly,Terminated,CUST18907875,,
POL40611534,Property,355093,604.17,2019-05-03,2023-12-14,Quarterly,Lapsed,CUST32236414,,
POL77001429,Property,470305,1498.57,2019-11-07,2023-11-18,Quarterly,Active,CUST30654514,,
POL40759511,Property,225190,534.89,2020-12-24,2022-12-18,Annually,Terminated,CUST86615154,,
POL14591104,Life,391988,661.38,2015-12-22,2023-04-07,Quarterly,Active,CUST71215012,,
POL66438707,Auto,433301,1324.12,2016-11-05,2026-05-29,Monthly,Lapsed,CUST87522482,,
POL76172999,Life,248155,1412.23,2018-04-09,2021-10-12,Annually,Terminated,CUST64085031,,
POL67720280,Auto,43275,862.99,2021-02-24,2030-11-23,Annually,Terminated,CUST28975795,,
POL14355937,Health,120124,553.28,2015-11-26,2023-05-12,Monthly,Active,CUST95377392,,
POL29498988,Life,224993,1910.14,2017-04-14,2021-06-14,Monthly,Lapsed,CUST66232963,,
POL61315068,Property,175289,315.09,2019-09-16,2021-02-25,Annually,Lapsed,CUST31631183,,
POL65528035,Property,309801,564.19,2017-02-21,2019-01-02,Quarterly,Terminated,CUST20186186,,
POL65618353,Auto,224578,159.69,2016-01-13,2023-12-17,Quarterly,Terminated,CUST24435883,,
POL96058521,Property,34948,526.21,2015-11-09,2023-02-13,Quarterly,Lapsed,CUST39372490,,
POL67127779,Property,233093,1212.78,2015-09-04,2021-09-29,Annually,Active,CUST53171437,,
POL61445310,Life,302693,1847.82,2021-02-06,2022-07-17,Annually,Terminated,CUST63724678,,
POL67671922,Life,290876,1951.29,2015-12-06,2024-02-01,Quarterly,Active,CUST08168341,,
POL18309119,Health,297065,106.34,2016-07-04,2019-07-11,Quarterly,Lapsed,CUST28996576,,
POL28992652,Property,396251,1929.51,2015-04-03,2023-08-24,Quarterly,Active,CUST26587958,,
POL67637922,Property,21841,1160.74,2020-06-06,2021-07-11,Annually,Active,CUST00900820,,
POL75124979,Health,382117,1146.3,2023-05-02,2025-06-16,Quarterly,Terminated,CUST29309248,,
POL25201250,Health,300347,1721.06,2019-10-14,2029-10-09,Quarterly,Terminated,CUST18765344,,
POL36178860,Property,423501,533.41,2020-07-24,2024-03-31,Monthly,Active,CUST02347590,,
POL96864283,Property,306076,1250.14,2020-09-20,2024-05-13,Annually,Active,CUST27496590,,
POL30587921,Life,362533,1974.61,2016-06-17,2019-04-24,Monthly,Terminated,CUST41142987,,
POL22529514,Health,435118,1113.81,2017-10-18,2024-02-23,Quarterly,Lapsed,CUST83922513,,
POL96516008,Auto,458895,1844.54,2023-10-31,2031-03-28,Annually,Active,CUST25676469,,
POL68934095,Health,373898,437.04,2021-10-15,2030-11-27,Quarterly,Active,CUST89223085,,
POL69146247,Auto,145752,1131.9,2023-07-16,2030-04-23,Annually,Lapsed,CUST42798343,,
POL85269593,Life,30906,1706.92,2015-10-25,2018-09-09,Annually,Active,CUST66474083,,
POL93482560,Life,158986,1007.6,2021-04-05,2031-03-22,Annually,Lapsed,CUST89101661,,
POL59942075,Health,76004,1934.4,2016-06-03,2024-06-27,Annually,Lapsed,CUST32114499,,
POL20216032,Property,254746,1045.2,2023-02-07,2032-11-15,Monthly,Active,CUST26743868,,
POL78697051,Life,454688,307.24,2024-08-22,2027-01-03,Quarterly,Lapsed,CUST88244823,,
POL89297739,Life,349813,1215.05,2019-05-20,2020-10-27,Quarterly,Terminated,CUST82932140,,
POL60364364,Auto,487086,915.07,2022-09-30,2030-09-27,Quarterly,Lapsed,CUST45636875,,
POL54717291,Life,34148,538.49,2022-08-03,2025-10-05,Quarterly,Active,CUST96159281,,
POL00366536,Health,146136,1864.68,2021-06-25,2025-09-15,Monthly,Active,CUST61923494,,
POL93538870,Life,322406,1183.28,2019-09-30,2025-07-19,Annually,Terminated,CUST29250902,,
POL23210845,Health,133414,1874.53,2024-02-28,2027-06-29,Monthly,Terminated,CUST96536738,,
POL46517848,Property,56093,1753.75,2015-05-07,2022-12-11,Annually,Terminated,CUST05051323,,
POL40234969,Health,235985,1308.12,2015-01-25,2018-06-27,Annually,Terminated,CUST96951275,,
POL69754204,Property,231815,1528.94,2016-10-21,2017-10-22,Annually,Terminated,CUST68876572,,
POL10073827,Life,408119,1173.31,2022-03-15,2029-05-29,Annually,Active,CUST52258185,,
POL30887755,Property,323791,199.98,2019-04-02,2025-01-13,Monthly,Terminated,CUST67943535,,
POL49795535,Life,271157,323.99,2023-03-10,2024-04-23,Annually,Active,CUST63812889,,
POL90223289,Auto,205730,1625.63,2024-11-26,2029-09-14,Annually,Lapsed,CUST95152808,,
POL27274188,Auto,379322,484.4,2016-08-31,2023-10-10,Annually,Terminated,CUST86816648,,
POL46676491,Property,370785,186.29,2015-07-12,2025-05-21,Annually,Terminated,CUST17383720,,
POL86778558,Property,221641,1755.02,2017-01-19,2022-02-16,Monthly,Active,CUST25671537,,
POL81385184,Life,201602,1732.07,2015-10-25,2019-09-06,Quarterly,Active,CUST93161097,,
POL27482488,Property,52783,1317.06,2015-07-12,2024-07-02,Annually,Lapsed,CUST13430900,,
POL50194049,Health,246750,361.86,2020-04-08,2025-02-02,Monthly,Terminated,CUST22490537,,
POL20586983,Life,150196,269.06,2017-02-09,2024-02-10,Quarterly,Lapsed,CUST16863839,,
POL25304698,Property,303383,1141.11,2017-08-13,2027-02-02,Quarterly,Lapsed,CUST31049765,,
POL41496276,Property,88711,1742.36,2016-06-08,2022-12-06,Annually,Terminated,CUST22118188,,
POL12907271,Property,327173,706.44,2022-12-25,2031-12-25,Annually,Terminated,CUST32700823,,
POL96746963,Auto,65835,1586.65,2020-02-19,2026-01-25,Quarterly,Lapsed,CUST84858008,,
POL75478196,Property,220170,1154.43,2023-04-07,2029-01-18,Annually,Active,CUST64682584,,
POL88242759,Health,271926,230.8,2017-04-27,2021-10-29,Monthly,Lapsed,CUST08387752,,
POL28656372,Property,345085,1104.95,2024-05-28,2031-01-04,Monthly,Terminated,CUST08154097,,
POL92941554,Life,209597,1659.06,2023-02-09,2029-12-03,Monthly,Terminated,CUST10552184,,
POL42603948,Health,298619,1673.89,2023-12-18,2027-10-05,Quarterly,Active,CUST64482109,,
POL30804068,Life,434911,445.35,2016-09-24,2023-04-23,Quarterly,Lapsed,CUST47582904,,
POL96558209,Auto,254781,1670.8,2016-01-27,2018-07-14,Quarterly,Active,CUST05897242,,
POL84343531,Auto,349322,495.45,2020-11-12,2029-03-03,Monthly,Lapsed,CUST42777695,,
POL20890655,Auto,272119,1307.56,2021-02-13,2029-12-31,Annually,Lapsed,CUST14953772,,
POL31763901,Auto,171473,897.33,2016-02-06,2017-12-03,Monthly,Active,CUST85581495,,
POL88518206,Auto,450291,1825.65,2023-03-21,2029-03-19,Quarterly,Terminated,CUST49376374,,
POL20430828,Life,135119,1342.94,2018-12-09,2021-03-04,Monthly,Terminated,CUST06926508,,
POL33767169,Auto,292971,1055.61,2021-06-26,2025-02-17,Annually,Lapsed,CUST18765344,,
POL30038118,Life,439468,321.28,2018-12-01,2022-03-27,Monthly,Terminated,CUST67038482,,
POL62289648,Health,71432,379.21,2024-05-23,2026-10-20,Quarterly,Active,CUST39001919,,
POL21715580,Life,333525,1914.35,2020-01-03,2029-04-26,Annually,Terminated,CUST21424834,,
POL41037493,Health,112193,679.6,2018-03-05,2020-02-17,Quarterly,Lapsed,CUST22335312,,
POL55128968,Auto,210704,245.88,2024-09-05,2028-02-08,Annually,Lapsed,CUST79383749,,
POL47956526,Property,116269,1057.17,2023-11-12,2025-05-18,Quarterly,Terminated,CUST34044455,,
POL03235385,Property,105032,727.74,2024-02-22,2033-02-28,Annually,Lapsed,CUST73711975,,
POL52722786,Life,184691,499.25,2020-02-03,2029-03-21,Annually,Active,CUST98994950,,
POL25640269,Life,126731,738.55,2021-08-15,2024-12-31,Quarterly,Active,CUST43023655,,
POL53561302,Property,91477,1956.72,2018-11-03,2025-12-26,Annually,Lapsed,CUST84093200,,
POL52255059,Property,486647,230.08,2018-01-24,2023-09-02,Monthly,Terminated,CUST54690850,,
POL84230041,Property,177246,1333.29,2023-06-20,2029-12-23,Quarterly,Lapsed,CUST97526474,,
POL96903028,Life,123036,1609.3,2016-01-15,2025-07-09,Monthly,Lapsed,CUST69457285,,
POL73079517,Health,488945,907.24,2024-10-08,2028-04-16,Monthly,Terminated,CUST89659415,,
POL19011462,Property,384067,1521,2020-01-18,2022-03-03,Monthly,Terminated,CUST93655605,,
POL54706486,Auto,126903,573.07,2017-04-20,2026-12-10,Monthly,Terminated,CUST14676481,,
POL43678761,Health,155638,1212.26,2016-04-26,2020-09-19,Annually,Active,CUST03874304,,
POL83977017,Auto,249865,882.2,2019-05-16,2024-04-14,Monthly,Lapsed,CUST60237755,,
POL71400772,Health,44504,1385.75,2024-05-27,2029-07-19,Annually,Lapsed,CUST41801829,,
POL58601836,Property,241257,407.29,2023-02-13,2030-09-28,Monthly,Active,CUST17787169,,
POL83778109,Life,373338,526.88,2018-11-20,2026-07-22,Annually,Active,CUST52851717,,
POL38146133,Property,58188,360.94,2021-01-07,2026-04-02,Quarterly,Active,CUST63841241,,
POL14796565,Auto,171785,913.38,2016-10-22,2025-03-15,Monthly,Terminated,CUST31812391,,
POL96087184,Health,369027,340.05,2015-08-26,2018-06-27,Annually,Lapsed,CUST58368389,,
POL79057725,Life,379889,1898.95,2023-07-09,2028-04-24,Quarterly,Lapsed,CUST67929017,,
POL62029185,Auto,315109,573.41,2020-12-01,2026-07-19,Monthly,Lapsed,CUST90806547,,
POL19136648,Auto,319402,834.19,2020-06-12,2027-03-15,Quarterly,Active,CUST88124412,,
POL35014451,Health,361787,1255.99,2021-08-08,2030-10-09,Monthly,Active,CUST52851717,,
POL08154404,Health,179446,1428.7,2021-05-01,2027-11-13,Monthly,Active,CUST01201519,,
POL02976851,Property,233166,425.24,2023-03-24,2024-07-27,Quarterly,Lapsed,CUST34283335,,
POL15219398,Health,113105,1851.53,2021-02-27,2024-09-07,Monthly,Active,CUST16857555,,
POL02004502,Auto,293668,1951.42,2020-04-11,2027-07-12,Monthly,Active,CUST68846653,,
POL68075927,Life,188294,1017.07,2018-04-04,2027-01-26,Quarterly,Active,CUST53295282,,
POL18418327,Auto,51703,1675.8,2016-03-30,2020-04-01,Quarterly,Lapsed,CUST10684171,,
POL88521632,Health,280862,438.96,2020-10-10,2027-11-27,Monthly,Active,CUST41800425,,
POL37930238,Life,33743,1454.74,2015-02-26,2018-07-09,Annually,Terminated,CUST63174810,,
POL31985660,Health,92197,1844.52,2016-07-08,2021-01-26,Annually,Lapsed,CUST90162029,,
POL91400674,Auto,495456,1677.08,2018-04-25,2022-08-19,Annually,Lapsed,CUST62754847,,
POL81031536,Health,214241,224.52,2018-11-10,2021-08-17,Quarterly,Lapsed,CUST61593818,,
POL29611472,Health,55341,509.76,2022-12-30,2027-12-07,Monthly,Lapsed,CUST90375310,,
POL00098040,Property,203852,1341.53,2017-08-10,2026-08-10,Quarterly,Active,CUST35741824,,
POL40675143,Life,390840,254.3,2020-08-20,2024-07-09,Annually,Terminated,CUST86827517,,
POL89307610,Property,30323,1772.81,2020-11-29,2024-07-20,Monthly,Active,CUST79268365,,
POL60446512,Property,121529,1999.22,2015-02-25,2024-06-03,Annually,Lapsed,CUST34283335,,
POL05732991,Health,20567,921.35,2019-07-25,2026-11-10,Monthly,Terminated,CUST35441846,,
POL21516037,Life,480603,232.34,2017-10-04,2024-04-30,Quarterly,Terminated,CUST49356497,,
POL39742907,Auto,38830,1036.7,2022-10-03,2024-03-15,Annually,Lapsed,CUST98026519,,
POL81184933,Life,51005,769.64,2021-08-10,2026-10-12,Monthly,Terminated,CUST07265929,,
POL17133126,Life,381095,1194.93,2017-11-30,2021-12-31,Quarterly,Terminated,CUST72660473,,
POL67018268,Auto,231783,1037.01,2021-10-31,2030-07-22,Monthly,Terminated,CUST72362587,,
POL45309482,Life,396921,671.3,2023-07-29,2028-12-18,Annually,Active,CUST83422531,,
POL74252623,Property,250590,1985.46,2023-02-25,2030-04-07,Quarterly,Active,CUST87469836,,
POL39439149,Life,359451,476.46,2015-07-01,2023-10-07,Monthly,Lapsed,CUST57301590,,
POL85778451,Life,300566,503.39,2016-02-03,2019-07-06,Annually,Active,CUST27430641,,
POL32471473,Auto,363471,171.8,2023-02-22,2027-12-19,Quarterly,Active,CUST98158624,,
POL17218507,Health,357110,710.59,2021-10-16,2028-02-29,Quarterly,Terminated,CUST22683788,,
POL38618818,Life,279706,416.06,2020-03-10,2027-04-23,Annually,Active,CUST41066153,,
POL87833198,Property,264027,1158.47,2021-08-27,2026-03-04,Quarterly,Terminated,CUST59780961,,
POL27486372,Property,147188,1130.67,2019-08-12,2027-03-11,Monthly,Active,CUST39448165,,
POL41321341,Property,158907,1044.54,2022-05-13,2024-07-27,Annually,Lapsed,CUST86060743,,
POL23863946,Property,377718,1498.68,2021-08-14,2029-12-21,Monthly,Terminated,CUST60827888,,
POL36453165,Health,480586,555.09,2015-02-14,2021-06-08,Annually,Terminated,CUST90183545,,
POL58976794,Life,112099,1505.37,2015-04-08,2018-11-09,Annually,Lapsed,CUST61187078,,
POL00118999,Property,414053,1821.68,2019-09-29,2022-07-02,Monthly,Lapsed,CUST24733880,,
POL35077867,Health,258434,1529.9,2015-08-29,2018-06-21,Annually,Active,CUST58105765,,
POL62171189,Property,297877,1285.01,2023-11-13,2027-11-02,Annually,Terminated,CUST80872989,,
POL78699699,Health,480615,1411.92,2018-04-01,2019-05-19,Quarterly,Terminated,CUST14656819,,
POL73601567,Auto,163841,1755.13,2017-09-09,2018-12-07,Quarterly,Active,CUST97878610,,
POL83104314,Property,89341,369.73,2016-07-14,2020-02-16,Monthly,Active,CUST32000469,,
POL02082012,Property,248305,911.99,2016-03-04,2018-08-06,Quarterly,Lapsed,CUST41303481,,
POL31666008,Health,318866,530.44,2021-10-11,2027-02-02,Monthly,Lapsed,CUST53482350,,
POL11983298,Health,413298,1612.31,2018-09-02,2024-04-05,Quarterly,Lapsed,CUST77682848,,
POL89029482,Life,78739,733.13,2023-02-06,2026-09-24,Quarterly,Terminated,CUST45352096,,
POL53158562,Life,432172,538.15,2016-04-09,2018-04-12,Monthly,Lapsed,CUST80178373,,
POL97641219,Life,254068,1682.99,2017-05-26,2019-08-28,Annually,Terminated,CUST56330515,,
POL12964771,Property,308658,764.61,2018-06-26,2024-03-08,Monthly,Lapsed,CUST12400861,,
POL88689818,Life,277881,1803,2022-01-10,2030-01-15,Annually,Lapsed,CUST76193646,,
POL87067112,Health,416237,637.85,2015-02-14,2023-11-13,Monthly,Terminated,CUST87049425,,
POL10286073,Life,198538,933.48,2015-10-07,2022-06-12,Annually,Lapsed,CUST79033345,,
POL45751576,Auto,310661,181.25,2024-09-07,2026-04-22,Monthly,Lapsed,CUST24431344,,
POL10282211,Health,440022,1352.04,2020-04-15,2029-12-09,Quarterly,Active,CUST97427667,,
POL95945115,Health,67210,1242.82,2024-02-11,2031-11-08,Monthly,Terminated,CUST18647774,,
POL56070761,Health,86464,1786.35,2024-04-13,2026-01-30,Quarterly,Terminated,CUST17748712,,
POL20898219,Property,467456,271.85,2023-02-25,2024-06-20,Monthly,Active,CUST58477431,,
POL67718623,Life,168980,1603.36,2017-03-07,2019-01-02,Monthly,Terminated,CUST66213193,,
POL85323496,Health,214643,312,2023-08-11,2030-12-02,Quarterly,Active,CUST17994890,,
POL98380131,Auto,343881,195.81,2018-07-19,2028-03-07,Monthly,Active,CUST79953424,,
POL97760999,Property,226849,632.19,2024-12-01,2026-12-30,Monthly,Lapsed,CUST25703315,,
POL00966757,Health,296085,1115.5,2023-07-30,2029-09-30,Annually,Active,CUST12400012,,
POL40722779,Life,265753,872.92,2019-10-31,2021-10-08,Annually,Active,CUST26137895,,
POL87901583,Health,229576,134.22,2020-01-12,2029-01-22,Monthly,Active,CUST34007755,,
POL30115645,Health,379691,1616.95,2017-05-10,2018-11-03,Annually,Terminated,CUST98059607,,
POL38850914,Auto,19276,465.68,2022-10-17,2029-08-13,Monthly,Active,CUST27802626,,
POL28044403,Auto,496417,1686.7,2021-03-16,2024-10-18,Quarterly,Terminated,CUST59420580,,
POL47455160,Auto,76423,1773.81,2017-11-18,2026-11-17,Quarterly,Active,CUST78396108,,
POL24535727,Auto,141838,120.88,2019-08-04,2025-11-10,Quarterly,Active,CUST53636696,,
POL80084188,Life,477917,876.37,2020-12-06,2025-09-08,Monthly,Active,CUST20186186,,
POL86311046,Health,460823,1994.57,2018-08-04,2022-03-27,Monthly,Lapsed,CUST58368389,,
POL03884605,Health,409346,1988.3,2022-10-11,2029-09-07,Annually,Lapsed,CUST98959709,,
POL37303684,Property,364206,490.22,2020-02-10,2021-06-28,Monthly,Active,CUST29805169,,
POL77070013,Auto,443803,397.52,2019-06-01,2021-03-19,Monthly,Terminated,CUST13939283,,
POL07540260,Health,418521,500.8,2019-03-05,2021-10-05,Monthly,Active,CUST12875579,,
POL18985962,Property,324370,696,2019-07-11,2025-06-04,Annually,Active,CUST12307049,,
POL61786939,Health,38153,546.55,2018-08-07,2026-05-19,Quarterly,Terminated,CUST64300710,,
POL06987694,Health,139829,560.09,2023-12-15,2031-02-01,Annually,Lapsed,CUST75103337,,
POL21410812,Life,187130,675.87,2016-11-08,2020-03-03,Annually,Active,CUST42778999,,
POL48634910,Life,304944,435.95,2018-04-08,2021-07-07,Quarterly,Terminated,CUST34068296,,
POL99936607,Auto,396888,1680.94,2017-08-21,2026-03-13,Monthly,Active,CUST02686696,,
POL55377332,Health,65291,817.15,2022-09-25,2029-06-23,Annually,Lapsed,CUST47228790,,
POL09053359,Life,173376,1048,2017-10-29,2023-10-14,Monthly,Active,CUST90920433,,
POL26420272,Life,18167,418.42,2018-03-17,2023-04-04,Annually,Lapsed,CUST94024764,,
POL43096448,Health,368147,1995.4,2017-09-04,2021-11-09,Monthly,Lapsed,CUST95330608,,
POL45440962,Health,15540,1467.13,2015-11-16,2019-09-24,Annually,Lapsed,CUST28361361,,
POL89942249,Auto,63153,440.64,2019-01-28,2024-04-25,Monthly,Lapsed,CUST75615977,,
POL76474786,Property,381653,1614.97,2022-12-03,2024-12-09,Annually,Active,CUST55000711,,
POL19289234,Property,401656,136.96,2022-12-04,2032-11-20,Monthly,Active,CUST84967828,,
POL25546683,Auto,383672,910.89,2023-11-23,2028-02-23,Annually,Terminated,CUST40195700,,
POL74112485,Auto,318107,1117.56,2023-02-12,2031-08-30,Monthly,Terminated,CUST79329107,,
POL63539662,Health,139819,1061.87,2023-01-10,2028-02-07,Monthly,Lapsed,CUST24806892,,
POL97583432,Auto,322598,983.32,2015-12-19,2017-05-06,Monthly,Active,CUST58352563,,
POL43412607,Health,424490,838.32,2016-04-30,2019-04-24,Quarterly,Active,CUST72879222,,
POL20142865,Life,94851,136.81,2018-02-15,2023-12-23,Monthly,Lapsed,CUST08168341,,
POL12796587,Property,255584,205.43,2018-11-15,2023-10-27,Monthly,Lapsed,CUST92249874,,
POL78277290,Life,21818,1382.48,2020-07-06,2026-10-23,Annually,Active,CUST70668160,,
POL27171310,Life,187796,828,2017-02-24,2025-03-04,Annually,Active,CUST01781896,,
POL64858473,Property,20240,1158.67,2016-10-10,2022-06-14,Annually,Active,CUST78299783,,
POL63887915,Property,89044,1692.95,2021-12-31,2027-12-12,Monthly,Terminated,CUST22797479,,
POL87573741,Property,481624,1472.99,2014-12-31,2016-05-20,Quarterly,Active,CUST52983993,,
POL28804957,Life,365061,1000.36,2018-03-13,2026-06-24,Monthly,Lapsed,CUST76438251,,
POL19694591,Property,195574,1096.62,2019-05-16,2023-02-01,Quarterly,Active,CUST59727399,,
POL28503798,Life,486923,813.71,2017-12-17,2024-05-01,Monthly,Lapsed,CUST78565117,,
POL12582263,Property,271188,686.13,2019-07-11,2027-11-23,Annually,Active,CUST94841919,,
POL91022506,Life,289716,444.32,2023-01-31,2032-04-17,Quarterly,Active,CUST32939112,,
POL03315797,Health,376740,1881.04,2018-12-13,2022-11-30,Annually,Terminated,CUST85679291,,
POL45551235,Auto,23379,890.82,2020-05-10,2025-09-12,Monthly,Lapsed,CUST98383766,,
POL77208632,Health,355737,1562.56,2023-03-12,2030-12-25,Annually,Lapsed,CUST87783555,,
POL22260500,Auto,152382,1471.71,2016-11-24,2020-06-05,Annually,Lapsed,CUST90316221,,
POL36836777,Property,206825,200.89,2020-11-27,2028-12-12,Quarterly,Active,CUST91208173,,
POL96268536,Property,318737,1725.09,2019-08-14,2027-07-20,Quarterly,Lapsed,CUST58200674,,
POL91407611,Property,214118,1360.69,2018-03-08,2021-02-15,Monthly,Terminated,CUST22702384,,
POL64095916,Life,76594,713.74,2020-10-03,2028-02-23,Monthly,Active,CUST83831085,,
POL64740997,Auto,231586,1758.12,2015-03-29,2023-01-30,Monthly,Terminated,CUST79978670,,
POL06176964,Auto,101981,1210.47,2021-03-12,2024-02-13,Monthly,Active,CUST76916753,,
POL86552601,Property,155063,666.01,2024-11-21,2027-06-04,Monthly,Lapsed,CUST61585782,,
POL98182454,Property,49906,450.36,2015-04-08,2024-12-14,Annually,Terminated,CUST87720578,,
POL04470175,Auto,229746,270.33,2015-11-17,2020-07-01,Quarterly,Active,CUST94522141,,
POL36184966,Life,331181,351.24,2022-12-13,2031-01-11,Quarterly,Lapsed,CUST37990717,,
POL11905173,Property,383367,462.75,2023-03-31,2026-05-26,Annually,Terminated,CUST40967783,,
POL22934928,Property,24866,320.99,2023-02-16,2024-08-07,Quarterly,Active,CUST86185759,,
POL51486527,Health,343945,1962.94,2024-09-11,2032-03-13,Annually,Lapsed,CUST67573322,,
POL67871269,Health,465364,1027.94,2018-01-29,2026-01-09,Monthly,Active,CUST15704037,,
POL52660613,Auto,205148,322.17,2018-06-01,2026-08-12,Quarterly,Active,CUST57652314,,
POL42173168,Property,238845,270.52,2018-12-25,2027-07-27,Quarterly,Active,CUST27814120,,
POL63448098,Life,269112,247.04,2019-11-26,2021-11-27,Annually,Active,CUST01158686,,
POL76633333,Health,246719,905.56,2020-06-18,2029-04-25,Monthly,Terminated,CUST21650393,,
POL87098270,Property,162187,300.36,2017-12-06,2020-04-18,Annually,Active,CUST72362587,,
POL21241927,Health,22575,339.1,2017-07-31,2019-05-23,Annually,Active,CUST18176345,,
POL78474617,Property,283778,1327.26,2016-08-28,2019-10-28,Monthly,Active,CUST17818654,,
POL40740703,Auto,337347,1666.04,2018-09-07,2021-03-19,Quarterly,Active,CUST82071648,,
POL01356668,Auto,407856,1808.28,2017-12-16,2025-10-19,Quarterly,Lapsed,CUST70037973,,
POL81358654,Health,223001,1072.92,2019-07-20,2021-02-05,Quarterly,Active,CUST11675818,,
POL42512488,Property,337140,464.19,2017-12-19,2019-01-16,Monthly,Terminated,CUST10837204,,
POL62388376,Property,166333,839.94,2023-03-23,2026-06-12,Annually,Lapsed,CUST19076228,,
POL64728367,Auto,384000,788.03,2017-04-16,2020-08-30,Quarterly,Active,CUST56206893,,
POL91325406,Property,217792,1845.65,2017-06-23,2023-08-26,Quarterly,Terminated,CUST93771069,,
POL94038390,Health,394057,420.36,2020-05-31,2022-01-24,Quarterly,Terminated,CUST46066510,,
POL93764594,Health,197854,889.58,2015-07-10,2020-05-14,Quarterly,Terminated,CUST97117972,,
POL01140651,Property,151106,1312.96,2024-03-06,2026-07-30,Quarterly,Lapsed,CUST04188498,,
POL64671018,Auto,18535,175.24,2022-05-01,2024-08-06,Quarterly,Active,CUST65008360,,
POL23937265,Life,391265,963.8,2018-11-24,2020-11-14,Quarterly,Lapsed,CUST42041475,,
POL91701869,Auto,169979,1475.85,2016-12-21,2018-10-17,Monthly,Active,CUST39892656,,
POL40774086,Auto,197593,1019.06,2021-08-25,2026-05-26,Monthly,Active,CUST20106314,,
POL84330960,Auto,468168,1331.79,2020-10-27,2029-02-15,Quarterly,Lapsed,CUST18970316,,
POL75156897,Health,463430,1960.53,2015-12-18,2018-04-20,Quarterly,Terminated,CUST40026003,,
POL03406980,Auto,234471,1166.54,2019-01-16,2021-09-18,Monthly,Lapsed,CUST19797075,,
POL56170272,Property,17599,388.24,2024-10-17,2029-08-23,Quarterly,Lapsed,CUST98456806,,
POL06989593,Auto,290518,1208.97,2016-11-10,2021-01-11,Monthly,Active,CUST96263683,,
POL13962079,Health,413995,435.26,2023-02-17,2029-07-15,Quarterly,Lapsed,CUST91529292,,
POL77110214,Health,31431,1615.64,2019-03-02,2025-01-16,Annually,Active,CUST87141280,,
POL97704616,Life,34065,1723.03,2019-03-23,2023-06-28,Monthly,Terminated,CUST80612800,,
POL73955380,Life,398009,513.82,2021-04-17,2025-11-17,Annually,Lapsed,CUST22178817,,
POL30994827,Life,232069,605.67,2023-05-03,2032-10-14,Quarterly,Active,CUST03843520,,
POL38939218,Auto,302817,1312,2023-08-22,2030-09-21,Monthly,Terminated,CUST71891504,,
POL58199739,Life,335631,946.46,2017-11-28,2022-10-27,Annually,Terminated,CUST84828807,,
POL75203791,Life,207663,1132.18,2015-09-28,2018-08-02,Annually,Terminated,CUST99041791,,
POL22369979,Property,327241,1311.47,2023-07-16,2026-06-10,Annually,Lapsed,CUST95978496,,
POL91441410,Property,264198,1589.42,2024-09-06,2032-06-11,Quarterly,Lapsed,CUST06792439,,
POL32215970,Health,431922,1331.52,2020-12-03,2023-10-22,Quarterly,Lapsed,CUST35415891,,
POL56805499,Auto,469103,1815.71,2023-10-20,2029-09-12,Monthly,Active,CUST21904355,,
POL76750122,Health,291182,388.84,2024-03-02,2030-07-23,Annually,Terminated,CUST52057828,,
POL47066048,Life,428770,1705.99,2017-12-26,2023-09-23,Quarterly,Lapsed,CUST76335555,,
POL62091024,Life,445720,256.69,2018-11-23,2027-10-14,Quarterly,Terminated,CUST61534512,,
POL58715038,Auto,90573,572.69,2016-10-12,2025-07-31,Annually,Lapsed,CUST80482237,,
POL70045571,Property,335523,1338.59,2021-09-02,2027-01-13,Monthly,Terminated,CUST36029781,,
POL81553263,Property,238866,1413.92,2022-05-06,2026-07-03,Monthly,Terminated,CUST89730762,,
POL37915217,Auto,122059,1470.69,2016-01-05,2020-03-29,Monthly,Active,CUST58545735,,
POL63019087,Auto,487293,117.3,2020-06-23,2025-08-18,Annually,Terminated,CUST53675259,,
POL00522342,Life,133872,1579.38,2023-04-30,2027-08-08,Annually,Terminated,CUST17793294,,
POL69392450,Auto,133827,476.75,2024-06-25,2033-10-06,Annually,Lapsed,CUST03213830,,
POL34341867,Property,455714,1015.59,2021-04-29,2026-09-16,Quarterly,Active,CUST11301044,,
POL31153725,Auto,86155,1928.26,2017-04-20,2026-08-13,Quarterly,Terminated,CUST77733988,,
POL39193067,Life,79361,604.97,2016-05-19,2018-03-06,Annually,Lapsed,CUST76637684,,
POL33662070,Life,121389,1951.33,2024-04-17,2029-06-01,Monthly,Active,CUST28266429,,
POL99490154,Health,194818,823.81,2021-11-18,2025-01-10,Quarterly,Lapsed,CUST95327409,,
POL43721127,Auto,432310,1963.33,2023-07-03,2026-12-26,Quarterly,Terminated,CUST80973937,,
POL13412239,Auto,390489,169.24,2021-05-26,2028-06-03,Quarterly,Active,CUST63507643,,
POL84437998,Life,303318,450.4,2020-02-05,2021-05-31,Monthly,Active,CUST64902351,,
POL50009102,Life,274123,579.91,2023-12-26,2027-11-13,Monthly,Active,CUST37424132,,
POL30766028,Health,262955,154.35,2015-10-10,2023-06-23,Monthly,Terminated,CUST78842949,,
POL96139840,Property,57516,1602.02,2018-07-14,2026-01-31,Annually,Terminated,CUST28135219,,
POL17393791,Property,250316,1167.58,2022-08-19,2031-08-14,Annually,Lapsed,CUST46516721,,
POL47946595,Property,51959,846.42,2019-10-26,2028-03-14,Annually,Active,CUST26092604,,
POL54898212,Life,498113,612.68,2018-06-22,2022-10-25,Annually,Lapsed,CUST87322138,,
POL14997788,Property,284623,936.68,2016-11-19,2018-06-29,Quarterly,Lapsed,CUST79836458,,
POL74506974,Property,161588,1663.51,2019-12-28,2028-08-11,Annually,Terminated,CUST93959202,,
POL48888144,Life,410140,1776.91,2015-04-05,2020-03-02,Monthly,Active,CUST55366666,,
POL72956351,Life,162266,1013.95,2020-02-07,2028-06-21,Monthly,Terminated,CUST89978032,,
POL76210793,Auto,184287,1827.76,2016-10-18,2022-08-21,Quarterly,Lapsed,CUST73046328,,
POL68286311,Health,407606,996.53,2024-01-28,2032-04-25,Annually,Active,CUST19220123,,
POL08571799,Life,275732,1540.2,2015-03-26,2017-06-29,Monthly,Terminated,CUST51674931,,
POL09476789,Health,117338,1764.44,2021-04-28,2028-08-17,Quarterly,Active,CUST07678524,,
POL53146582,Auto,95451,693.45,2019-10-04,2029-08-02,Quarterly,Lapsed,CUST85231947,,
POL43155265,Auto,467387,1152.47,2018-12-09,2028-10-18,Monthly,Terminated,CUST89207596,,
POL81367269,Auto,331628,1571.02,2022-10-04,2026-04-24,Quarterly,Active,CUST89465073,,
POL84399262,Health,434891,673.57,2017-04-01,2023-09-30,Annually,Lapsed,CUST71215012,,
POL54524104,Life,209017,1153.65,2022-10-18,2031-05-09,Annually,Active,CUST33347092,,
POL60803243,Life,477591,319.69,2018-05-16,2025-01-27,Annually,Active,CUST72652198,,
POL32589913,Auto,431293,736.54,2015-06-20,2023-02-01,Annually,Lapsed,CUST06202125,,
POL98908747,Health,142474,320.8,2019-11-30,2023-12-11,Quarterly,Active,CUST36783515,,
POL37348106,Auto,243014,1234.49,2022-07-13,2029-03-04,Quarterly,Terminated,CUST58139807,,
POL17461415,Auto,161564,949.49,2019-08-23,2026-06-03,Monthly,Lapsed,CUST81461842,,
POL35439402,Health,284705,513.39,2019-07-03,2027-03-23,Annually,Terminated,CUST02223205,,
POL65459247,Auto,483766,1927.93,2023-10-26,2031-01-20,Annually,Active,CUST11825074,,
POL15577075,Property,319323,612.67,2023-10-02,2033-09-13,Annually,Active,CUST55176228,,
POL16364468,Auto,130752,1830.18,2016-04-27,2020-02-13,Quarterly,Terminated,CUST81462168,,
POL22271139,Auto,13851,623.61,2022-06-02,2025-09-05,Annually,Active,CUST64711803,,
POL36347723,Property,112861,399.07,2016-04-05,2023-02-02,Annually,Terminated,CUST54951289,,
POL02555675,Property,22484,771.11,2024-12-11,2032-05-30,Annually,Terminated,CUST77434602,,
POL71161359,Property,373579,680.54,2017-01-20,2026-09-09,Annually,Terminated,CUST61228900,,
POL07908129,Property,263572,662,2017-05-28,2021-11-27,Monthly,Active,CUST14953772,,
POL86004596,Property,147682,1546.86,2021-08-01,2025-12-09,Monthly,Lapsed,CUST73191515,,
POL10256156,Auto,391859,1196.46,2020-05-05,2029-02-07,Quarterly,Active,CUST89125036,,
POL04120684,Life,372955,1935.93,2024-05-31,2026-01-09,Annually,Active,CUST97512387,,
POL49354428,Health,47064,190.19,2016-01-05,2017-05-19,Annually,Terminated,CUST98560807,,
POL01038075,Property,204972,779.18,2024-07-10,2030-10-08,Annually,Active,CUST94168956,,
POL89009482,Health,472488,1661.05,2016-09-06,2026-04-29,Annually,Terminated,CUST53636696,,
POL11284148,Property,379852,428.32,2016-12-20,2022-04-26,Annually,Terminated,CUST01330639,,
POL45105381,Life,224006,1850.44,2017-05-24,2026-11-06,Quarterly,Terminated,CUST99574693,,
POL33443696,Health,370313,1736.46,2022-05-21,2026-10-18,Quarterly,Active,CUST35872715,,
POL08895135,Life,358337,1593.63,2015-10-26,2017-11-26,Quarterly,Lapsed,CUST24902165,,
POL32734237,Property,481722,1010.96,2018-08-23,2024-12-04,Monthly,Active,CUST70030309,,
POL81131003,Auto,283289,151.76,2015-12-20,2019-07-23,Annually,Lapsed,CUST79126257,,
POL01422170,Auto,126194,430.68,2022-05-22,2026-01-20,Quarterly,Active,CUST99446623,,
POL59246614,Property,499759,618.24,2016-08-19,2025-11-18,Annually,Lapsed,CUST86090168,,
POL58855449,Property,174839,1896.12,2023-07-26,2024-10-29,Quarterly,Terminated,CUST72585140,,
POL22416756,Auto,15547,687.78,2018-02-17,2020-04-12,Monthly,Lapsed,CUST31384677,,
POL49287251,Auto,48575,1476.49,2017-07-15,2020-10-23,Quarterly,Lapsed,CUST84659893,,
POL60414319,Auto,151268,1169.59,2015-06-04,2019-10-20,Monthly,Terminated,CUST91742379,,
POL96005181,Property,424062,1911.53,2023-01-10,2032-08-14,Annually,Active,CUST13886532,,
POL42993604,Life,33791,437.48,2014-12-27,2019-11-22,Quarterly,Terminated,CUST09995414,,
POL52918990,Life,49046,1245.42,2018-03-14,2025-05-07,Monthly,Terminated,CUST32321186,,
POL67788128,Health,376870,1500.06,2023-07-19,2028-03-06,Annually,Lapsed,CUST59559298,,
POL27592722,Health,474605,1648.82,2021-03-07,2027-03-17,Quarterly,Active,CUST24326631,,
POL09895305,Health,422364,660.67,2023-04-25,2025-06-07,Monthly,Lapsed,CUST66793939,,
POL01152460,Health,231278,1207.14,2024-06-12,2029-02-05,Quarterly,Active,CUST52409774,,
POL60026692,Auto,407528,833.74,2016-01-28,2018-01-25,Quarterly,Lapsed,CUST29540063,,
POL97265632,Health,453665,961.16,2020-11-30,2028-05-30,Annually,Active,CUST77984164,,
POL54521184,Property,306618,1980.78,2019-06-28,2022-08-17,Quarterly,Active,CUST31816631,,
POL85035096,Property,335835,1491.89,2021-08-19,2031-06-03,Monthly,Active,CUST68137244,,
POL58534980,Property,146184,745.97,2021-10-24,2023-12-08,Monthly,Active,CUST75044858,,
POL21695517,Property,474623,434.14,2019-08-15,2024-12-03,Monthly,Lapsed,CUST95978496,,
POL08961266,Health,496151,652.18,2024-09-05,2031-02-27,Quarterly,Terminated,CUST10291399,,
POL58808782,Life,58647,1801.67,2015-05-08,2022-12-26,Quarterly,Lapsed,CUST94432521,,
POL22950477,Property,18253,1464.37,2019-10-09,2028-09-14,Quarterly,Lapsed,CUST93687795,,
POL26422191,Health,421133,807.21,2017-01-30,2024-09-06,Quarterly,Lapsed,CUST88124412,,
POL70698520,Property,150878,322.84,2019-10-25,2021-07-29,Quarterly,Active,CUST27363084,,
POL40101568,Health,425381,719.08,2017-09-09,2021-11-02,Annually,Terminated,CUST67573322,,
POL77060064,Property,354581,1655.48,2016-09-22,2018-01-30,Monthly,Active,CUST74841376,,
POL60601098,Auto,97528,1725.53,2022-12-13,2030-08-12,Monthly,Terminated,CUST10292264,,
POL64845458,Property,214479,235.09,2019-06-26,2026-11-13,Monthly,Lapsed,CUST69980952,,
POL51280703,Life,336779,1301.07,2020-06-28,2022-07-31,Quarterly,Lapsed,CUST14167476,,
POL63634442,Health,73612,1859.43,2018-12-10,2023-08-30,Quarterly,Terminated,CUST23797730,,
POL39936507,Life,211682,1867.55,2015-04-13,2016-09-20,Monthly,Lapsed,CUST79297350,,
POL35608817,Life,129557,635.37,2019-11-18,2024-06-04,Quarterly,Active,CUST78107518,,
POL16035887,Property,139609,1670.36,2015-04-05,2016-07-01,Quarterly,Active,CUST56846375,,
POL64903447,Property,37160,1519,2016-08-22,2021-05-08,Monthly,Lapsed,CUST24920399,,
POL60911272,Life,457587,1976.3,2019-06-05,2023-03-22,Annually,Active,CUST90777217,,
POL34979754,Life,440021,1027.08,2022-10-28,2026-01-20,Monthly,Active,CUST27855580,,
POL45374585,Life,25751,1161.56,2020-09-15,2027-10-19,Annually,Active,CUST12304533,,
POL30061822,Auto,200936,1822.67,2019-08-23,2028-01-27,Annually,Active,CUST24967115,,
POL63184474,Health,65622,715.02,2023-03-08,2027-10-12,Annually,Terminated,CUST17612389,,
POL39701482,Property,63572,551.91,2015-01-01,2019-07-02,Monthly,Lapsed,CUST40497767,,
POL08698776,Life,387445,649.28,2019-03-26,2026-12-01,Monthly,Lapsed,CUST48289484,,
POL10829873,Life,11831,953.1,2023-07-17,2028-08-27,Quarterly,Lapsed,CUST74052984,,
POL29507667,Property,485799,1081.13,2024-12-21,2034-03-05,Monthly,Lapsed,CUST15129851,,
POL30342672,Auto,386463,225,2017-10-23,2018-10-28,Monthly,Active,CUST02064269,,
POL07362298,Life,174392,227.53,2018-11-03,2025-09-15,Annually,Terminated,CUST94110151,,
POL35581923,Life,399662,875.43,2018-12-22,2022-01-09,Quarterly,Lapsed,CUST66439456,,
POL33615352,Health,37257,1011.46,2022-09-30,2023-12-15,Annually,Active,CUST01691078,,
POL43965992,Auto,434733,952.76,2017-03-28,2025-03-09,Monthly,Lapsed,CUST94217256,,
POL54361849,Auto,33675,1819.48,2018-08-30,2023-05-11,Quarterly,Terminated,CUST39600411,,
POL76891584,Health,486780,1746.8,2022-03-04,2027-01-02,Quarterly,Terminated,CUST42676997,,
POL72122375,Life,440814,431.65,2023-01-16,2025-03-21,Monthly,Terminated,CUST48587649,,
POL26862449,Health,267495,320.47,2022-02-08,2025-01-01,Monthly,Lapsed,CUST90354954,,
POL80050460,Property,140359,1852.15,2021-02-12,2024-05-17,Quarterly,Terminated,CUST86399059,,
POL95455759,Auto,274708,1946.59,2018-01-12,2022-11-23,Monthly,Terminated,CUST53625384,,
POL74008524,Auto,155198,1110.48,2018-04-25,2024-11-27,Annually,Terminated,CUST59906579,,
POL22378115,Auto,395720,247.29,2021-10-02,2024-03-18,Monthly,Terminated,CUST12639819,,
POL50050613,Health,137915,1626.84,2023-07-21,2029-09-29,Monthly,Active,CUST61133269,,
POL20039357,Health,482291,885.51,2018-04-02,2021-09-12,Monthly,Active,CUST95330608,,
POL05161978,Life,272166,1728.97,2016-06-13,2024-08-24,Annually,Active,CUST26207435,,
POL76048134,Life,331568,1339.44,2016-02-13,2020-05-16,Annually,Active,CUST39846764,,
POL40926349,Auto,133226,757.44,2020-05-11,2022-02-10,Quarterly,Terminated,CUST26035053,,
POL93795205,Property,310985,710.36,2020-11-07,2029-01-26,Monthly,Terminated,CUST20923093,,
POL42143112,Property,261849,939.26,2016-11-26,2022-01-11,Quarterly,Active,CUST51004500,,
POL23253258,Auto,246628,787.14,2015-07-06,2018-11-24,Annually,Active,CUST06792439,,
POL69244007,Property,322610,216.91,2022-01-15,2029-05-10,Quarterly,Terminated,CUST81587742,,
POL09523049,Life,164857,827.94,2022-09-06,2025-02-27,Quarterly,Active,CUST68338563,,
POL08784991,Life,390508,908.91,2015-05-08,2021-01-19,Annually,Lapsed,CUST24626933,,
POL83435156,Property,253965,158.85,2021-08-12,2024-01-31,Monthly,Lapsed,CUST18251614,,
POL06641859,Life,37455,1588.54,2016-03-07,2021-05-19,Quarterly,Lapsed,CUST31631183,,
POL72479103,Auto,126689,908.61,2023-08-23,2027-11-24,Quarterly,Active,CUST83454246,,
POL33261817,Life,115352,1960.96,2024-05-10,2030-01-28,Annually,Active,CUST95865242,,
POL93615411,Property,395839,1791.09,2017-02-26,2026-10-23,Annually,Terminated,CUST56211642,,
POL32140351,Auto,377616,446.09,2022-01-25,2027-05-06,Quarterly,Lapsed,CUST86814379,,
POL60639802,Life,267598,1652.03,2023-04-29,2029-11-03,Annually,Lapsed,CUST48889123,,
POL58013295,Life,353976,1778.9,2023-09-26,2030-06-15,Quarterly,Lapsed,CUST54127030,,
POL15232453,Health,346407,1883.88,2022-09-30,2032-01-30,Annually,Active,CUST49812848,,
POL83585187,Property,263651,1832.73,2017-12-05,2027-09-14,Annually,Lapsed,CUST41102477,,
POL19323581,Auto,378917,616.81,2020-04-06,2023-11-10,Annually,Active,CUST06278301,,
POL79993699,Life,376376,1795.7,2015-05-04,2022-06-27,Annually,Active,CUST61439560,,
POL96685286,Property,73417,997.34,2019-06-05,2024-10-12,Quarterly,Terminated,CUST27734461,,
POL19469435,Health,424758,1556.05,2021-12-09,2023-10-28,Monthly,Active,CUST62519479,,
POL98638552,Health,76582,1621.37,2024-01-14,2033-04-26,Quarterly,Terminated,CUST33315844,,
POL20853634,Health,263197,203.56,2021-06-07,2022-12-10,Monthly,Lapsed,CUST24956928,,
POL44752961,Property,464690,266.76,2024-04-03,2028-02-15,Monthly,Active,CUST97947934,,
POL10009883,Auto,339865,1821.85,2016-05-22,2023-10-10,Monthly,Terminated,CUST41663138,,
POL65725229,Health,67847,1643.28,2019-06-01,2021-10-28,Quarterly,Active,CUST09630360,,
POL58762954,Property,222656,570.49,2023-12-05,2027-06-04,Annually,Active,CUST32157622,,
POL64720623,Auto,299710,780.31,2023-09-23,2033-05-20,Quarterly,Active,CUST92152238,,
POL91053914,Life,421644,1646.06,2020-06-06,2025-12-26,Quarterly,Lapsed,CUST49079642,,
POL97796682,Life,458498,907.34,2017-06-30,2021-04-08,Annually,Lapsed,CUST36509309,,
POL25823193,Health,310533,613.49,2021-10-20,2022-12-11,Quarterly,Active,CUST73828464,,
POL34108237,Auto,257876,1625.28,2015-06-08,2019-10-16,Quarterly,Active,CUST47716501,,
POL44559582,Health,146003,603.53,2017-12-12,2024-04-05,Monthly,Active,CUST95998610,,
POL64544270,Property,68804,1387.47,2021-06-27,2031-02-17,Quarterly,Active,CUST17087537,,
POL11811289,Health,52388,933.05,2022-09-01,2030-09-30,Quarterly,Lapsed,CUST14645850,,
POL74728288,Health,220961,641.29,2021-01-10,2026-10-01,Quarterly,Terminated,CUST26361887,,
POL25107234,Property,223960,1589.41,2015-09-12,2019-09-18,Annually,Active,CUST51004500,,
POL93944640,Health,259528,1626.84,2021-12-03,2027-12-28,Annually,Lapsed,CUST95945675,,
POL36401097,Life,171846,1048.24,2023-10-11,2027-02-07,Quarterly,Lapsed,CUST66280886,,
POL84566610,Auto,111352,1463.69,2017-11-14,2027-03-23,Monthly,Terminated,CUST55395846,,
POL48969594,Auto,309012,928.07,2016-06-03,2017-12-11,Monthly,Active,CUST39333215,,
POL59595706,Property,220248,541.92,2024-12-16,2031-05-15,Quarterly,Terminated,CUST68477005,,
POL29803500,Auto,68169,1730.05,2023-02-16,2031-06-14,Monthly,Active,CUST71519906,,
POL33741751,Health,377839,334.47,2016-07-17,2024-12-25,Monthly,Terminated,CUST41660600,,
POL14316031,Health,161097,1145.18,2024-10-18,2032-09-15,Annually,Terminated,CUST35902078,,
POL23643525,Auto,451657,1858.05,2023-09-11,2032-06-12,Monthly,Terminated,CUST68739275,,
POL91500527,Auto,107855,240.91,2020-11-08,2030-10-07,Annually,Terminated,CUST14814883,,
POL01976477,Property,359935,1459.59,2024-04-16,2027-02-22,Quarterly,Terminated,CUST18309628,,
POL33335503,Life,380179,1892.55,2015-08-08,2018-09-28,Monthly,Terminated,CUST45621618,,
POL94646296,Property,66115,1699.23,2018-01-05,2019-05-18,Quarterly,Active,CUST52856544,,
POL40640329,Property,163602,424.67,2016-02-01,2025-08-03,Quarterly,Active,CUST38232094,,
POL42847651,Property,396961,1657.38,2018-03-12,2020-08-29,Annually,Active,CUST01038631,,
POL48921687,Auto,388224,1397.75,2022-05-12,2025-05-23,Quarterly,Active,CUST99665209,,
POL20325759,Auto,143884,929.83,2023-06-18,2025-09-14,Annually,Active,CUST95624970,,
POL30941821,Life,399142,1556.46,2024-09-22,2031-03-18,Quarterly,Terminated,CUST66949628,,
POL70775475,Health,63478,535.46,2016-07-12,2021-06-27,Quarterly,Terminated,CUST37096088,,
POL97721863,Life,400350,1733.56,2020-12-02,2027-04-27,Annually,Lapsed,CUST71790707,,
POL38116452,Auto,259923,904.87,2023-08-15,2031-10-09,Quarterly,Active,CUST89988266,,
POL61407113,Life,54013,1439.86,2022-09-26,2031-01-25,Quarterly,Active,CUST87781611,,
POL55272658,Health,241526,1439.45,2023-08-25,2033-06-30,Quarterly,Terminated,CUST55688813,,
POL01363904,Health,53136,1096.29,2022-06-08,2024-02-06,Annually,Lapsed,CUST30763587,,
POL15531962,Life,112721,162.2,2022-07-05,2032-02-09,Annually,Terminated,CUST87784685,,
POL63430600,Property,476671,727.56,2015-12-31,2020-08-13,Quarterly,Lapsed,CUST89599370,,
POL69382278,Health,36900,1024.35,2018-04-13,2020-01-03,Quarterly,Active,CUST61812818,,
POL06489280,Life,249686,1827.59,2023-09-26,2025-05-15,Quarterly,Lapsed,CUST44420798,,
POL91232159,Health,455329,652.74,2018-04-26,2026-04-25,Monthly,Active,CUST61013700,,
POL49351450,Auto,456497,1258.56,2023-02-17,2027-03-06,Quarterly,Active,CUST39256607,,
POL37997689,Life,365898,1929.93,2020-05-08,2027-07-02,Monthly,Terminated,CUST05448990,,
POL25139363,Property,66095,1613.05,2023-02-14,2026-03-19,Monthly,Active,CUST89924604,,
POL73709176,Auto,350181,1413.09,2020-04-09,2025-12-25,Quarterly,Terminated,CUST36630131,,
POL25170126,Auto,249970,393,2023-10-06,2026-04-26,Quarterly,Active,CUST88078329,,
POL38196708,Life,155644,1854.6,2015-10-08,2020-10-27,Annually,Active,CUST40987292,,
POL89451042,Auto,260494,1755.84,2023-02-20,2025-06-03,Monthly,Lapsed,CUST16908298,,
POL09189578,Auto,459164,1582.23,2019-06-27,2022-12-14,Annually,Lapsed,CUST62457391,,
POL51307192,Auto,498291,1008.6,2022-10-14,2026-04-25,Quarterly,Terminated,CUST35063171,,
POL42141695,Health,260163,313.91,2016-07-13,2018-10-31,Quarterly,Terminated,CUST66427411,,
POL71458301,Health,361757,953.85,2020-10-03,2029-07-06,Quarterly,Active,CUST86875438,,
POL17808570,Property,272607,213.25,2016-01-17,2017-05-11,Monthly,Lapsed,CUST99017644,,
POL85663411,Property,249792,1968.49,2017-12-19,2020-06-05,Annually,Lapsed,CUST80460923,,
POL58798123,Health,457221,269.92,2018-10-11,2024-12-29,Annually,Terminated,CUST18058514,,
POL39271824,Health,446936,719.55,2022-10-01,2026-10-29,Quarterly,Active,CUST41268290,,
POL86622832,Auto,380181,1562.72,2021-12-17,2026-02-10,Annually,Lapsed,CUST18025382,,
POL50643269,Life,181974,1646.89,2024-02-01,2025-10-20,Monthly,Terminated,CUST20225726,,
POL13519466,Health,374538,689.31,2024-07-29,2031-07-26,Monthly,Active,CUST21222525,,
POL21820155,Life,409281,1799.42,2021-05-15,2027-12-01,Monthly,Active,CUST15563808,,
POL33832316,Property,464283,1985.13,2016-10-07,2021-09-06,Annually,Lapsed,CUST13242806,,
POL39297512,Life,189782,138.92,2021-10-02,2029-09-17,Monthly,Active,CUST90669392,,
POL08734095,Property,92358,153.22,2022-10-25,2030-09-09,Quarterly,Terminated,CUST78008020,,
POL63277455,Property,383657,543.14,2019-03-27,2028-07-06,Monthly,Lapsed,CUST55028225,,
POL79704196,Life,104536,699.33,2018-10-06,2026-01-24,Quarterly,Terminated,CUST93559926,,
POL94737563,Health,258571,946.04,2016-08-26,2021-07-15,Monthly,Lapsed,CUST90250475,,
POL07444317,Life,59706,1191.53,2015-02-25,2017-11-13,Quarterly,Terminated,CUST31945384,,
POL48007083,Auto,275573,620.33,2018-01-31,2026-01-10,Quarterly,Active,CUST01038631,,
POL67715393,Health,87670,406.82,2023-11-02,2027-01-17,Quarterly,Lapsed,CUST11931054,,
POL70601305,Health,464516,941.67,2015-05-13,2017-11-16,Quarterly,Lapsed,CUST60937461,,
POL45280706,Auto,376243,325.29,2015-06-28,2020-07-05,Monthly,Lapsed,CUST78565117,,
POL22858712,Life,368629,1057.48,2024-11-18,2028-11-26,Quarterly,Lapsed,CUST22997992,,
POL06601160,Auto,194583,1611.63,2021-05-12,2029-04-12,Quarterly,Lapsed,CUST99086698,,
POL65862653,Property,257852,681,2022-07-14,2028-06-17,Quarterly,Active,CUST72531075,,
POL55809193,Auto,272393,1289.98,2015-10-06,2019-04-05,Quarterly,Lapsed,CUST66400390,,
POL05586650,Life,386319,1387.39,2015-07-11,2024-12-30,Quarterly,Active,CUST79681475,,
POL06449689,Life,412879,787.97,2018-03-15,2025-08-09,Monthly,Terminated,CUST32053848,,
POL02911863,Health,116641,1547.39,2018-12-21,2020-12-31,Quarterly,Terminated,CUST45352116,,
POL12199855,Life,496838,115.61,2019-10-03,2029-09-01,Monthly,Terminated,CUST22932604,,
POL81043217,Health,114741,363.43,2023-04-04,2032-07-20,Quarterly,Active,CUST29927607,,
POL42443004,Auto,357652,814.78,2017-07-22,2022-07-30,Annually,Lapsed,CUST47354175,,
POL75410004,Auto,129352,508.99,2018-01-20,2027-08-02,Quarterly,Terminated,CUST65129370,,
POL88177917,Health,162083,537.42,2015-07-06,2021-09-06,Annually,Lapsed,CUST76892770,,
POL38045222,Life,66374,861.66,2024-04-19,2028-02-04,Monthly,Terminated,CUST83000820,,
POL17289574,Health,198977,1196.67,2024-09-22,2030-05-05,Monthly,Lapsed,CUST78179789,,
POL16627282,Health,301010,134.39,2023-02-05,2025-03-02,Quarterly,Terminated,CUST81233973,,
POL30234855,Auto,138550,1682.27,2023-04-23,2032-06-30,Quarterly,Lapsed,CUST53117093,,
POL51511488,Health,330149,531.86,2016-10-05,2021-01-15,Monthly,Lapsed,CUST21712883,,
POL18035375,Health,165569,1897.39,2015-04-05,2023-12-19,Annually,Lapsed,CUST23834040,,
POL81196491,Auto,209485,1775.96,2015-04-11,2024-04-12,Annually,Lapsed,CUST73233081,,
POL11133444,Auto,112616,471.67,2018-03-21,2027-08-23,Annually,Active,CUST33229536,,
POL91660793,Health,432689,1226.42,2017-09-03,2027-02-15,Monthly,Terminated,CUST17557194,,
POL22639534,Life,384094,625.83,2016-12-02,2025-08-14,Monthly,Terminated,CUST35227808,,
POL02457698,Property,95005,725.75,2021-06-07,2022-07-25,Quarterly,Terminated,CUST10328168,,
POL65310322,Health,475354,547.88,2023-10-23,2032-11-17,Annually,Lapsed,CUST80748135,,
POL55078458,Auto,436203,804,2022-02-09,2025-01-06,Quarterly,Lapsed,CUST83363685,,
POL52520227,Auto,224434,1708.67,2018-12-08,2027-12-29,Monthly,Active,CUST53968543,,
POL00505335,Property,499942,1693.99,2017-03-23,2027-02-07,Quarterly,Active,CUST36740300,,
POL06459198,Auto,315768,1691.78,2018-04-03,2024-05-25,Annually,Lapsed,CUST85393599,,
POL07698492,Auto,134249,1867.67,2019-05-06,2020-09-14,Monthly,Active,CUST98959709,,
POL79929053,Property,151212,1811.12,2019-09-08,2029-08-08,Quarterly,Terminated,CUST57206169,,
POL12356640,Life,335536,387.04,2018-03-04,2021-07-10,Annually,Active,CUST71954321,,
POL41657581,Auto,246842,573.46,2019-03-03,2024-03-23,Annually,Active,CUST19175258,,
POL25712825,Health,191852,1311.2,2021-03-16,2030-09-06,Annually,Terminated,CUST17096278,,
POL23715386,Life,204348,1930.21,2024-06-23,2034-04-29,Annually,Terminated,CUST70150477,,
POL67483768,Property,143804,964.69,2020-04-04,2024-06-15,Quarterly,Terminated,CUST72297002,,
POL63827788,Life,65375,405.84,2019-11-22,2021-11-11,Quarterly,Lapsed,CUST84375768,,
POL91203477,Property,305831,971.14,2017-07-20,2023-08-06,Annually,Terminated,CUST14150904,,
POL17206182,Auto,392831,700.46,2019-04-30,2020-08-21,Quarterly,Active,CUST94262195,,
POL76262312,Health,315853,345.33,2022-01-31,2028-08-30,Annually,Lapsed,CUST50521862,,
POL63265267,Health,211158,1233.42,2022-04-17,2031-01-22,Quarterly,Active,CUST18097402,,
POL29024023,Property,319484,1329.45,2018-06-30,2019-09-02,Quarterly,Lapsed,CUST84444696,,
POL90886331,Auto,170872,645.02,2015-06-08,2022-10-27,Quarterly,Terminated,CUST76067231,,
POL13020656,Life,95036,738.29,2022-03-19,2024-05-08,Quarterly,Terminated,CUST72998627,,
POL68947456,Health,463260,1170.72,2018-09-25,2021-11-15,Monthly,Lapsed,CUST73757395,,
POL09863173,Property,344178,1115.97,2022-03-09,2025-01-23,Quarterly,Lapsed,CUST52954499,,
POL55879512,Auto,388259,109.3,2020-02-04,2021-10-08,Annually,Active,CUST15817856,,
POL68642735,Auto,287458,1517.17,2021-10-05,2024-08-21,Annually,Terminated,CUST35262371,,
POL21037043,Life,293186,1467.18,2017-09-22,2021-02-06,Monthly,Terminated,CUST86185759,,
POL25631558,Auto,248361,1571.77,2017-01-28,2020-08-06,Quarterly,Terminated,CUST24079126,,
POL55941578,Property,484574,658.56,2021-11-05,2029-08-29,Annually,Terminated,CUST88744541,,
POL12089823,Life,257545,256.6,2017-01-27,2020-02-12,Quarterly,Terminated,CUST43107360,,
POL31589660,Life,156378,1070,2020-10-15,2027-05-31,Monthly,Terminated,CUST05516156,,
POL18535742,Health,450371,309.91,2019-02-21,2022-03-03,Annually,Lapsed,CUST19050438,,
POL11298880,Property,91254,1957.38,2017-05-10,2018-12-11,Quarterly,Lapsed,CUST90005709,,
POL27861397,Auto,83936,138.62,2016-08-25,2019-01-30,Monthly,Lapsed,CUST24326631,,
POL36885821,Health,101372,1803.75,2023-10-07,2033-09-26,Monthly,Active,CUST03313167,,
POL05417793,Life,290655,706.41,2022-02-20,2030-03-27,Quarterly,Lapsed,CUST18097402,,
POL54459099,Life,301734,1646.68,2021-01-01,2027-10-12,Monthly,Active,CUST93732507,,
POL25370845,Property,476764,1122.24,2017-06-12,2026-05-26,Quarterly,Lapsed,CUST94716191,,
POL78045083,Health,218372,1646.85,2019-09-10,2022-05-20,Monthly,Active,CUST93366412,,
POL42954046,Auto,452249,1106.38,2022-02-14,2027-09-12,Quarterly,Lapsed,CUST79953424,,
POL70904560,Auto,474692,152.84,2023-10-19,2033-09-15,Quarterly,Lapsed,CUST69103964,,
POL09768718,Property,56835,1554.31,2018-12-25,2022-06-19,Quarterly,Lapsed,CUST66017391,,
POL60092587,Health,164263,403.97,2017-01-15,2021-09-10,Annually,Lapsed,CUST18010105,,
POL06598618,Life,430837,1092.6,2015-01-18,2020-03-06,Quarterly,Lapsed,CUST70668160,,
POL19532067,Auto,125749,1645.06,2024-07-08,2028-07-25,Monthly,Terminated,CUST58084780,,
POL13762609,Property,352362,111.05,2020-03-12,2029-08-18,Quarterly,Lapsed,CUST40617629,,
POL52170033,Life,295929,1388.86,2021-02-14,2026-10-20,Monthly,Lapsed,CUST81108268,,
POL51442309,Property,114135,1974.26,2020-02-18,2022-07-07,Quarterly,Active,CUST44428970,,
POL18608877,Property,157300,641.29,2021-11-21,2031-08-06,Monthly,Active,CUST05051323,,
POL52685173,Life,125067,583.15,2024-03-13,2031-11-19,Monthly,Terminated,CUST74177262,,
POL65542837,Auto,89570,447.27,2018-05-19,2024-05-23,Quarterly,Terminated,CUST88248320,,
POL73324138,Property,448336,1065.48,2016-09-21,2021-01-22,Annually,Terminated,CUST38657323,,
POL72790503,Property,66050,896.62,2015-04-03,2024-06-03,Monthly,Lapsed,CUST62056767,,
POL40780635,Health,276891,1369.32,2020-01-18,2027-10-05,Quarterly,Active,CUST60571420,,
POL18093390,Auto,374177,1272.91,2024-01-23,2028-09-20,Quarterly,Lapsed,CUST01048832,,
POL29299369,Health,291551,1921.3,2019-05-17,2021-12-15,Annually,Terminated,CUST29373963,,
POL46449389,Auto,343311,1249.2,2023-06-07,2029-07-13,Quarterly,Terminated,CUST24053384,,
POL16254654,Life,166423,902.7,2015-06-16,2019-05-18,Quarterly,Lapsed,CUST73670288,,
POL90777171,Health,137989,1506.45,2017-04-16,2021-03-02,Monthly,Active,CUST39107177,,
POL35998506,Life,214301,570.49,2023-12-29,2029-08-27,Annually,Terminated,CUST01800996,,
POL94198861,Life,208958,1733.84,2024-08-27,2027-12-24,Monthly,Lapsed,CUST00163744,,
POL37962495,Auto,77529,927.9,2015-10-24,2025-01-31,Annually,Lapsed,CUST83363685,,
POL91554199,Property,81927,1787.55,2023-02-25,2024-04-19,Quarterly,Lapsed,CUST32886124,,
POL46427278,Health,365798,1950.2,2022-06-17,2026-06-25,Quarterly,Active,CUST67451348,,
POL20825981,Auto,308094,873.29,2018-06-27,2021-10-02,Monthly,Active,CUST52643367,,
POL29892816,Auto,217278,1532.1,2017-10-16,2024-12-17,Quarterly,Terminated,CUST60349469,,
POL12935594,Property,185018,1658.3,2022-04-13,2031-05-09,Quarterly,Active,CUST85012007,,
POL60770959,Life,397336,1520.06,2018-09-02,2028-08-28,Annually,Terminated,CUST37922598,,
POL65991604,Health,395967,434.76,2016-10-02,2021-12-02,Quarterly,Terminated,CUST58200674,,
POL99912141,Property,281800,622.38,2023-01-12,2032-01-19,Quarterly,Active,CUST42524771,,
POL33388431,Auto,264927,1897.98,2022-02-15,2031-04-02,Quarterly,Terminated,CUST37096088,,
POL83559583,Health,385547,1330.9,2022-03-26,2028-11-20,Annually,Terminated,CUST17128189,,
POL48812002,Life,48655,1557.13,2015-12-10,2021-01-29,Quarterly,Lapsed,CUST23712466,,
POL64674789,Auto,462864,1943.26,2016-11-23,2023-01-14,Quarterly,Active,CUST36284430,,
POL97443175,Property,93581,1011.89,2020-01-16,2021-12-31,Quarterly,Active,CUST07400136,,
POL49903606,Property,456480,559.65,2024-09-08,2026-02-21,Annually,Active,CUST39183534,,
POL80184579,Auto,50398,169.27,2016-05-09,2024-10-27,Quarterly,Active,CUST93944423,,
POL36142159,Auto,399063,1825.69,2017-07-01,2024-12-01,Monthly,Terminated,CUST15563808,,
POL95381092,Auto,412224,139.59,2015-01-27,2022-07-31,Monthly,Terminated,CUST82989625,,
POL68888844,Health,464754,1354.59,2018-02-07,2021-06-25,Monthly,Terminated,CUST13466437,,
POL85106188,Property,247483,850.59,2017-07-05,2027-05-01,Quarterly,Lapsed,CUST27087362,,
POL89047007,Health,29103,502.66,2022-04-17,2028-07-19,Quarterly,Lapsed,CUST23444868,,
POL40954269,Health,427466,653.96,2020-11-25,2022-06-24,Annually,Lapsed,CUST90316221,,
POL11388203,Property,25643,1318.97,2016-08-30,2022-01-29,Annually,Terminated,CUST74243218,,
POL43290092,Health,357533,790.31,2023-06-25,2029-12-16,Quarterly,Active,CUST11625185,,
POL67383698,Property,93049,1681.08,2019-08-06,2028-09-29,Monthly,Active,CUST65548125,,
POL45795232,Health,170965,1006.29,2015-06-01,2019-02-04,Annually,Terminated,CUST20014882,,
POL33244868,Life,387860,303.18,2023-05-03,2032-06-08,Annually,Active,CUST85625931,,
POL47746919,Life,232242,865.7,2017-07-10,2020-03-22,Monthly,Active,CUST79209776,,
POL39299681,Life,30807,1815.91,2021-12-13,2031-01-27,Monthly,Active,CUST71233635,,
POL25465013,Life,187797,528.11,2021-02-05,2024-01-09,Quarterly,Active,CUST07816823,,
POL75659154,Health,395513,1887.54,2016-08-20,2020-08-30,Quarterly,Lapsed,CUST28996576,,
POL67451011,Life,292942,974.43,2015-01-06,2024-05-31,Quarterly,Active,CUST77060083,,
POL57397238,Life,182023,838.55,2019-06-24,2027-04-12,Monthly,Terminated,CUST63960070,,
POL95908586,Health,223586,1640.99,2024-05-07,2031-09-09,Monthly,Active,CUST92395089,,
POL69274209,Property,461882,1905.04,2023-06-17,2027-10-10,Monthly,Lapsed,CUST32275714,,
POL54674373,Health,215310,930.88,2020-09-16,2030-06-30,Quarterly,Lapsed,CUST22086391,,
POL58108694,Health,191498,1098.6,2021-01-26,2028-05-11,Monthly,Active,CUST55688813,,
POL63542337,Health,476788,1056.55,2023-01-28,2029-12-24,Quarterly,Lapsed,CUST30107640,,
POL30499231,Property,271168,1373.43,2022-04-30,2032-01-25,Annually,Terminated,CUST43891603,,
POL96504333,Auto,312237,233.79,2023-08-07,2031-06-22,Quarterly,Terminated,CUST27130653,,
POL66279716,Health,99380,499.22,2022-09-02,2024-01-07,Monthly,Active,CUST05189529,,
POL23728678,Health,17955,1263.01,2015-08-19,2025-01-10,Monthly,Lapsed,CUST06030806,,
POL22939272,Health,258505,180.68,2020-05-05,2026-06-16,Quarterly,Terminated,CUST38154052,,
POL90938074,Health,310412,1641.5,2022-10-28,2024-06-16,Monthly,Terminated,CUST64632914,,
POL14002864,Property,459084,1065.04,2024-08-29,2032-06-25,Monthly,Lapsed,CUST40593734,,
POL56373098,Auto,367287,1058.26,2020-05-05,2021-06-06,Quarterly,Lapsed,CUST54696882,,
POL13181261,Property,124261,1186.97,2023-05-19,2026-03-20,Monthly,Terminated,CUST65710291,,
POL93099683,Life,208529,762.14,2020-04-03,2025-05-29,Quarterly,Lapsed,CUST33290834,,
POL61024790,Property,336579,750.96,2019-07-29,2022-07-21,Monthly,Terminated,CUST98370859,,
POL73676395,Auto,270159,1977.92,2018-09-07,2028-02-09,Quarterly,Lapsed,CUST75381475,,
POL82553451,Health,93905,421.59,2016-12-25,2022-06-12,Annually,Active,CUST32005680,,
POL60362943,Auto,277616,1892.87,2015-03-23,2016-04-07,Monthly,Active,CUST43175295,,
POL91111316,Property,476595,234.97,2024-09-13,2032-04-06,Quarterly,Terminated,CUST40565180,,
POL35399559,Health,43650,557.09,2015-08-09,2016-11-28,Annually,Terminated,CUST48471962,,
POL33853949,Auto,45519,1237.04,2024-01-01,2033-09-30,Monthly,Active,CUST29536604,,
POL70419372,Health,157527,1266.12,2020-02-13,2026-09-19,Monthly,Active,CUST20533795,,
POL79279066,Life,159197,233.86,2019-05-15,2026-11-22,Monthly,Active,CUST82473025,,
POL09652123,Health,165084,384.81,2016-03-26,2021-04-18,Monthly,Lapsed,CUST55728141,,
POL79106490,Property,25558,971.74,2017-01-14,2021-08-29,Quarterly,Active,CUST86592215,,
POL11486850,Health,272271,699.99,2024-12-18,2026-01-14,Monthly,Active,CUST08131553,,
POL34147644,Life,489152,1157.39,2015-08-29,2024-07-30,Quarterly,Terminated,CUST62042930,,
POL40501631,Health,356364,1553.3,2018-10-28,2020-05-02,Annually,Terminated,CUST11613680,,
POL02303520,Health,313468,1779.54,2022-08-16,2024-02-19,Quarterly,Terminated,CUST12304533,,
POL52768424,Life,187518,679.43,2021-08-11,2030-11-18,Monthly,Lapsed,CUST91596645,,
POL01471307,Health,14325,703.86,2018-01-02,2026-05-09,Quarterly,Active,CUST35355567,,
POL54130737,Auto,363737,347.7,2023-02-13,2026-07-11,Quarterly,Terminated,CUST02670157,,
POL39140809,Health,101306,772.61,2015-03-09,2025-03-06,Annually,Terminated,CUST51541773,,
POL06464463,Health,280498,985.84,2020-05-01,2025-10-08,Quarterly,Active,CUST77980713,,
POL89541243,Life,113500,1997.3,2016-07-09,2023-09-19,Monthly,Terminated,CUST27087362,,
POL72775296,Auto,423140,1693.61,2020-07-21,2023-08-14,Monthly,Active,CUST02511241,,
POL54950027,Life,374253,1474,2024-11-30,2026-08-07,Monthly,Terminated,CUST42299913,,
POL18911060,Life,133500,577.33,2021-09-19,2028-08-08,Quarterly,Lapsed,CUST56215398,,
POL48214691,Health,110914,1992.08,2024-10-03,2029-04-15,Monthly,Lapsed,CUST31631183,,
POL09783846,Life,185164,1938.69,2019-07-04,2027-11-04,Monthly,Lapsed,CUST46314807,,
POL94937025,Property,71866,1285.85,2023-12-26,2031-11-19,Quarterly,Terminated,CUST29404230,,
POL49819394,Health,140723,1006.54,2019-10-02,2022-12-07,Quarterly,Terminated,CUST21113517,,
POL00348397,Health,208717,1964.87,2023-09-20,2027-05-20,Quarterly,Active,CUST92381290,,
POL39660520,Auto,379088,1526.27,2022-12-19,2031-01-29,Annually,Lapsed,CUST57742100,,
POL12428570,Property,111894,1726.96,2022-03-21,2026-12-31,Annually,Terminated,CUST07733586,,
POL17396373,Health,474795,1929.55,2020-10-24,2025-08-10,Annually,Active,CUST32939112,,
POL71741246,Auto,413104,678.52,2018-04-04,2027-07-17,Annually,Lapsed,CUST60974160,,
POL68123659,Property,118485,1628.66,2018-05-18,2026-03-28,Annually,Terminated,CUST21077290,,
POL99953034,Property,322030,1348.69,2019-07-02,2024-04-14,Monthly,Active,CUST11095679,,
POL98348434,Health,266828,1764.9,2021-10-28,2029-10-11,Annually,Active,CUST79795033,,
POL65126942,Life,71537,1667.16,2017-01-10,2020-06-03,Monthly,Terminated,CUST35077184,,
POL40430147,Health,96349,1455.88,2018-11-08,2028-07-02,Monthly,Lapsed,CUST48566967,,
POL04548210,Health,225655,1262.76,2022-08-30,2023-11-26,Monthly,Active,CUST08876431,,
POL90584478,Life,146876,1296.9,2023-10-26,2028-03-18,Annually,Lapsed,CUST91857651,,
POL09746785,Life,47351,1835.57,2017-05-21,2022-10-11,Annually,Terminated,CUST49183323,,
POL46452646,Health,341727,1982.81,2017-05-05,2024-03-02,Monthly,Terminated,CUST74468376,,
POL64116872,Property,185859,1886.08,2018-08-06,2022-09-19,Quarterly,Terminated,CUST40193994,,
POL63437599,Health,74268,1061.22,2023-11-27,2025-03-03,Monthly,Active,CUST22618398,,
POL09309739,Auto,147405,612.69,2017-10-27,2027-06-11,Quarterly,Terminated,CUST04029713,,
POL12714870,Health,305949,130.32,2024-04-07,2027-04-27,Annually,Lapsed,CUST32321186,,
POL64283889,Property,336170,751.71,2023-05-12,2033-03-29,Annually,Lapsed,CUST82593555,,
POL40696395,Life,155241,1366.21,2016-02-27,2017-12-14,Monthly,Terminated,CUST23834040,,
POL74216841,Auto,208908,696.6,2020-06-25,2023-10-03,Monthly,Lapsed,CUST50617473,,
POL25899154,Auto,172825,1098.42,2016-04-12,2019-02-11,Annually,Lapsed,CUST79959502,,
POL56002531,Property,303103,1010.24,2021-12-09,2025-03-05,Quarterly,Lapsed,CUST78772673,,
POL28874062,Life,285843,1524.74,2022-11-12,2026-07-21,Monthly,Active,CUST53482350,,
POL08466127,Auto,118447,1005.98,2019-09-30,2024-04-09,Quarterly,Terminated,CUST67999059,,
POL55324239,Life,449828,803.55,2020-12-18,2030-11-05,Quarterly,Lapsed,CUST84659893,,
POL15347898,Property,304925,1796.64,2015-09-02,2017-12-21,Quarterly,Active,CUST94761505,,
POL67417156,Life,347685,1653.27,2021-08-05,2028-11-02,Quarterly,Active,CUST28037030,,
POL84231010,Health,358801,652.56,2016-08-05,2019-01-21,Annually,Active,CUST29339598,,
POL24855714,Property,162025,556.51,2018-10-07,2024-11-09,Annually,Terminated,CUST28101646,,
POL68375690,Property,129008,1016.74,2021-01-04,2022-06-19,Quarterly,Terminated,CUST97543920,,
POL57863591,Property,79069,562.68,2016-12-11,2022-10-30,Monthly,Terminated,CUST18666306,,
POL72310248,Property,434517,1067.15,2020-09-13,2025-05-01,Quarterly,Lapsed,CUST99786491,,
POL40755792,Life,441178,1619.22,2017-10-19,2025-02-06,Quarterly,Terminated,CUST88070850,,
POL63897899,Life,415882,1748.6,2016-12-09,2025-04-17,Quarterly,Lapsed,CUST20186186,,
POL79704947,Health,71850,419.84,2024-05-20,2026-10-16,Monthly,Active,CUST29849064,,
POL27219888,Property,438861,1394.18,2017-01-27,2024-02-07,Monthly,Lapsed,CUST75125146,,
POL30351443,Life,297236,459.26,2016-10-15,2022-01-01,Annually,Terminated,CUST72822037,,
POL16461308,Life,356941,186.38,2015-08-01,2020-12-02,Annually,Terminated,CUST98348345,,
POL03121184,Property,177940,1341.39,2020-08-31,2023-11-15,Monthly,Active,CUST17748712,,
POL25712135,Auto,438925,1423.28,2018-10-30,2024-12-23,Quarterly,Lapsed,CUST51004500,,
POL75183965,Property,145842,1967.1,2019-08-11,2025-06-22,Monthly,Active,CUST46386527,,
POL35280348,Health,253674,1476.3,2023-05-22,2031-05-24,Monthly,Active,CUST77920021,,
POL81060207,Life,129607,1403.74,2016-09-11,2018-05-31,Monthly,Active,CUST12303155,,
POL82542747,Auto,188661,675.23,2017-06-15,2021-11-23,Monthly,Lapsed,CUST94350291,,
POL48887650,Life,42727,1430.01,2019-05-25,2021-03-07,Annually,Active,CUST78462039,,
POL14157474,Health,357314,964.33,2019-03-23,2022-10-19,Quarterly,Terminated,CUST32259461,,
POL18172918,Auto,413252,1737.19,2015-11-15,2021-06-12,Annually,Terminated,CUST13761576,,
POL99817489,Health,16899,645.99,2020-03-15,2022-02-23,Quarterly,Lapsed,CUST01188304,,
POL11303623,Auto,438583,887.26,2016-04-16,2020-10-15,Monthly,Active,CUST50775418,,
POL15880317,Health,164975,311.82,2015-06-15,2024-05-02,Quarterly,Lapsed,CUST81158864,,
POL87220514,Auto,136040,805.73,2018-10-17,2026-08-21,Monthly,Active,CUST32651947,,
POL27502535,Auto,298740,1011.09,2017-11-13,2020-09-30,Annually,Terminated,CUST74096037,,
POL78352626,Health,38733,1609.98,2016-05-05,2017-07-06,Monthly,Active,CUST31384677,,
POL60480382,Life,429613,542.31,2019-09-05,2024-08-23,Quarterly,Terminated,CUST39350909,,
POL11423275,Health,287282,1470.62,2022-10-27,2027-07-03,Quarterly,Terminated,CUST50346422,,
POL21502536,Auto,110143,1653.74,2021-12-28,2031-02-10,Quarterly,Terminated,CUST41499971,,
POL88741326,Property,176116,845.52,2020-06-08,2028-02-27,Monthly,Terminated,CUST10292264,,
POL23048183,Property,448473,404.13,2024-08-07,2026-11-21,Quarterly,Lapsed,CUST40947181,,
POL87187767,Auto,181622,1353.69,2022-01-16,2024-01-05,Annually,Lapsed,CUST64506627,,
POL20686006,Health,374292,1017.75,2021-03-03,2027-05-28,Annually,Terminated,CUST01665752,,
POL89253663,Auto,203947,1186.16,2016-04-15,2023-08-06,Annually,Active,CUST85929514,,
POL61867449,Life,408616,119.17,2018-10-21,2023-02-28,Monthly,Lapsed,CUST82696043,,
POL57681580,Auto,366425,1932.72,2020-02-12,2023-05-12,Monthly,Active,CUST02347590,,
POL08922259,Auto,357001,1216.35,2018-04-29,2021-06-26,Monthly,Lapsed,CUST08387752,,
POL78101894,Property,364915,487.79,2015-09-18,2024-05-02,Monthly,Lapsed,CUST79681475,,
POL14245598,Health,371224,1122.47,2022-09-02,2030-03-30,Quarterly,Active,CUST32259461,,
POL31194577,Property,86051,1551.9,2016-10-06,2020-01-31,Quarterly,Active,CUST52540976,,
POL74756717,Property,401973,121.73,2015-10-30,2024-08-24,Monthly,Lapsed,CUST81496501,,
POL39487176,Auto,249154,533.26,2016-03-20,2019-08-05,Annually,Active,CUST72237129,,
POL85944273,Health,367946,1696.45,2017-07-11,2019-03-14,Quarterly,Active,CUST46135838,,
POL70876228,Life,335884,1688.51,2018-10-28,2022-09-05,Annually,Terminated,CUST00521520,,
POL72056803,Life,381127,1486.14,2019-11-19,2023-03-06,Quarterly,Active,CUST43028954,,
POL22646973,Health,25363,904.43,2019-03-23,2028-08-28,Quarterly,Terminated,CUST26787300,,
POL84679651,Auto,366987,876.26,2018-09-24,2024-09-20,Quarterly,Terminated,CUST68698582,,
POL63927157,Auto,327491,1396.69,2015-06-16,2016-07-21,Monthly,Active,CUST35421257,,
POL62321649,Health,489549,486.75,2023-02-27,2028-12-12,Annually,Terminated,CUST87110325,,
POL07337795,Property,61230,797.82,2018-12-12,2026-10-18,Annually,Active,CUST97512387,,
POL04101668,Health,18495,996.46,2018-03-01,2028-01-09,Quarterly,Active,CUST94275292,,
POL64468653,Property,376423,819.94,2023-05-26,2026-10-20,Monthly,Lapsed,CUST40045796,,
POL31133103,Auto,179127,1444.98,2019-04-29,2022-10-17,Quarterly,Active,CUST00163744,,
POL21871449,Health,244976,931.5,2019-07-20,2028-02-16,Monthly,Lapsed,CUST92638924,,
POL56211763,Auto,124704,659.59,2023-06-17,2031-02-02,Annually,Lapsed,CUST31348063,,
POL87408952,Property,196266,1675.76,2024-10-30,2031-05-19,Annually,Active,CUST01155477,,
POL16668072,Health,235709,312.97,2022-04-03,2031-08-25,Quarterly,Terminated,CUST29647833,,
POL16834109,Health,276227,233.53,2019-01-19,2025-12-30,Quarterly,Lapsed,CUST74841376,,
POL50239181,Health,244572,457.38,2024-05-18,2031-05-13,Quarterly,Lapsed,CUST32079386,,
POL95905175,Life,477601,1507.53,2016-03-18,2019-01-28,Quarterly,Active,CUST26008635,,
POL96194303,Auto,350053,990.67,2024-09-18,2027-12-22,Monthly,Lapsed,CUST69576688,,
POL03859543,Life,458827,1464.78,2015-08-18,2021-04-07,Monthly,Active,CUST20014882,,
POL52134760,Auto,477011,777.15,2015-01-07,2024-09-29,Monthly,Terminated,CUST68667580,,
POL98989117,Property,56046,441.58,2024-09-01,2029-05-16,Annually,Active,CUST95377392,,
POL20307557,Life,472775,1838.61,2015-10-11,2022-07-29,Annually,Terminated,CUST64673977,,
POL78613616,Health,120200,1172.73,2017-10-19,2026-03-17,Quarterly,Lapsed,CUST05322016,,
POL91578808,Auto,357168,169.61,2021-03-20,2026-08-13,Monthly,Terminated,CUST52563047,,
POL81437740,Auto,318920,1738.9,2018-01-12,2025-05-14,Quarterly,Terminated,CUST73705342,,
POL13892354,Life,184815,563.42,2020-12-16,2030-11-19,Monthly,Active,CUST94275292,,
POL65609940,Health,452652,311.36,2019-10-19,2029-05-02,Annually,Lapsed,CUST52686016,,
POL14929560,Health,455209,1693.4,2021-08-25,2028-11-22,Annually,Active,CUST51580639,,
POL64204852,Life,234010,1531.2,2021-09-17,2029-02-10,Monthly,Active,CUST34641912,,
POL42192806,Auto,457301,1221.75,2019-10-04,2022-05-15,Annually,Lapsed,CUST28917499,,
POL80850995,Life,123500,1191.29,2019-12-13,2022-12-13,Annually,Terminated,CUST47009499,,
POL24046541,Auto,259455,1324.34,2016-10-05,2021-11-28,Annually,Active,CUST31569641,,
POL17406107,Auto,346537,1805.76,2024-11-03,2033-06-20,Monthly,Lapsed,CUST03874304,,
POL01522265,Property,436044,614.77,2023-03-08,2032-07-16,Monthly,Active,CUST90857572,,
POL51383212,Property,426650,1323.05,2023-10-21,2029-04-07,Annually,Terminated,CUST63154819,,
POL71973379,Auto,282344,1672.35,2022-04-29,2026-10-26,Annually,Active,CUST13113384,,
POL63114558,Property,56468,1295.17,2018-04-09,2026-01-14,Annually,Terminated,CUST13863991,,
POL54636446,Auto,387950,644.97,2017-02-03,2025-03-02,Quarterly,Lapsed,CUST32304513,,
POL16767131,Property,47671,438.18,2015-03-25,2016-04-20,Annually,Active,CUST28417350,,
POL01012522,Property,302956,414.28,2019-01-19,2026-05-01,Quarterly,Lapsed,CUST97331494,,
POL69932027,Life,391272,1394.4,2024-06-01,2032-12-13,Quarterly,Active,CUST17693863,,
POL06318068,Property,151772,911.01,2020-06-13,2026-07-01,Quarterly,Terminated,CUST22262366,,
POL55398785,Auto,224671,367.4,2015-08-20,2020-07-06,Monthly,Active,CUST45437995,,
POL47605263,Health,407757,681.83,2018-06-12,2024-09-18,Monthly,Terminated,CUST67999059,,
POL72517283,Health,40371,1154.99,2017-12-14,2024-04-01,Monthly,Active,CUST24728418,,
POL38688649,Life,320381,560.56,2021-07-20,2023-03-17,Monthly,Terminated,CUST70215391,,
POL75796752,Health,15691,409.82,2016-06-24,2026-03-09,Quarterly,Lapsed,CUST41115432,,
POL96832435,Property,466805,223.04,2024-10-17,2034-08-05,Annually,Lapsed,CUST02064269,,
POL79111025,Property,482172,357.8,2021-04-06,2028-03-17,Quarterly,Active,CUST29635221,,
POL58923628,Auto,402767,1161.57,2023-03-03,2028-08-13,Annually,Active,CUST44011114,,
POL55938009,Property,162467,854.18,2018-04-22,2019-11-22,Annually,Terminated,CUST19900410,,
POL89387677,Property,247916,896.8,2019-12-25,2021-08-01,Annually,Lapsed,CUST28700405,,
POL35254218,Life,118795,1620.97,2021-12-30,2024-10-10,Quarterly,Terminated,CUST88406986,,
POL36915834,Property,456729,304.53,2024-08-15,2026-10-02,Monthly,Lapsed,CUST25703315,,
POL51022224,Life,103672,1703.93,2023-04-14,2028-10-06,Annually,Lapsed,CUST10837204,,
POL11377387,Life,357075,659.05,2018-10-24,2023-08-29,Quarterly,Lapsed,CUST49630503,,
POL93761143,Auto,266068,908.09,2020-06-24,2023-03-30,Monthly,Active,CUST06026925,,
POL27799003,Property,482043,267.1,2022-02-09,2025-08-06,Monthly,Lapsed,CUST69160366,,
POL68805263,Life,425716,256.44,2022-01-16,2026-04-08,Annually,Active,CUST78579664,,
POL88991163,Health,26154,1447.39,2020-11-25,2022-04-25,Monthly,Lapsed,CUST08709013,,
POL75492947,Auto,310953,1215.44,2016-02-06,2024-07-01,Annually,Lapsed,CUST70150477,,
POL31494844,Property,138209,1226.38,2022-11-06,2029-02-08,Quarterly,Lapsed,CUST30994325,,
POL57894817,Health,453956,1893.57,2016-11-24,2020-12-23,Monthly,Active,CUST02848032,,
POL66358855,Property,366036,667.91,2019-12-07,2022-11-03,Monthly,Terminated,CUST61153740,,
POL38348669,Auto,164517,293.32,2021-03-22,2023-01-10,Quarterly,Active,CUST75356915,,
POL64607736,Auto,319380,1741.66,2015-04-28,2021-04-01,Monthly,Terminated,CUST18236210,,
POL25834055,Auto,346675,390.3,2015-09-17,2020-04-01,Monthly,Terminated,CUST43165625,,
POL18735683,Health,63011,1705.5,2019-12-20,2025-05-18,Monthly,Lapsed,CUST80730735,,
POL75415514,Property,414272,341.25,2019-03-25,2020-10-22,Quarterly,Active,CUST98240391,,
POL69044273,Property,428145,1454.17,2015-06-17,2023-08-21,Monthly,Active,CUST48596545,,
POL57020176,Auto,156173,782.9,2019-11-26,2025-07-04,Quarterly,Active,CUST49589480,,
POL98914308,Property,470400,232.69,2015-04-26,2016-05-14,Monthly,Active,CUST85912220,,
POL13435442,Life,51915,1678.7,2022-11-30,2024-02-02,Quarterly,Lapsed,CUST62813092,,
POL98372511,Property,176056,611.85,2018-01-24,2027-06-17,Monthly,Lapsed,CUST26368794,,
POL30960897,Auto,52005,1792.33,2023-07-13,2029-06-19,Quarterly,Active,CUST22618398,,
POL78449319,Life,243439,1947.15,2023-03-24,2024-09-04,Annually,Terminated,CUST63408106,,
POL10824295,Auto,260918,1517.06,2020-09-19,2029-05-04,Quarterly,Lapsed,CUST15704037,,
POL31924493,Property,253046,1452.26,2019-04-15,2027-08-28,Annually,Terminated,CUST18477593,,
POL46013781,Property,46215,472.13,2022-07-18,2028-03-10,Annually,Lapsed,CUST34833670,,
POL63838195,Auto,105437,882.95,2019-01-05,2021-02-18,Monthly,Lapsed,CUST21514064,,
POL29922770,Health,264381,1109.63,2019-09-19,2024-04-10,Quarterly,Terminated,CUST81405860,,
POL70933310,Auto,288210,806.82,2015-05-28,2018-01-19,Quarterly,Active,CUST17322901,,
POL32214877,Health,55506,117.21,2021-07-07,2025-05-23,Annually,Terminated,CUST66232963,,
POL75572994,Health,26993,382.6,2016-12-14,2019-06-13,Quarterly,Active,CUST41800425,,
POL50374708,Health,223213,1602.2,2021-01-09,2030-09-06,Annually,Terminated,CUST62731614,,
POL78800512,Life,208734,775.09,2016-03-26,2023-02-09,Monthly,Active,CUST79265112,,
POL92952758,Health,80178,165.04,2021-05-26,2027-05-09,Annually,Terminated,CUST32081967,,
POL23851177,Auto,214892,610.76,2020-09-02,2029-04-19,Monthly,Terminated,CUST19673795,,
POL93775978,Health,424522,796.33,2024-10-24,2029-02-11,Monthly,Active,CUST86382364,,
POL75103781,Property,263302,1331.92,2023-06-17,2025-08-02,Monthly,Terminated,CUST99468207,,
POL60130664,Auto,447131,269.66,2020-08-30,2022-07-05,Quarterly,Lapsed,CUST00457976,,
POL26049302,Auto,306208,1506.05,2022-04-21,2024-07-28,Annually,Terminated,CUST10531170,,
POL91787213,Auto,243730,308.71,2017-07-22,2019-08-27,Annually,Terminated,CUST75164246,,
POL67696228,Health,309238,1767.6,2023-05-17,2031-03-10,Annually,Lapsed,CUST81122174,,
POL53939402,Life,329768,111.44,2018-11-17,2025-02-19,Annually,Terminated,CUST78772723,,
POL84438611,Health,392845,1798,2015-03-13,2023-10-22,Quarterly,Active,CUST33229536,,
POL49101853,Life,402178,982.55,2016-02-21,2025-06-28,Quarterly,Lapsed,CUST38833866,,
POL08436264,Auto,291797,404.12,2021-11-11,2028-11-18,Monthly,Terminated,CUST12307049,,
POL92070714,Health,194031,1513.6,2021-12-29,2031-09-15,Annually,Lapsed,CUST88674563,,
POL22181403,Auto,187002,198.58,2018-01-16,2022-09-08,Monthly,Terminated,CUST92413522,,
POL82093909,Property,215313,740.05,2019-01-30,2021-08-14,Quarterly,Lapsed,CUST40046318,,
POL20126497,Auto,173646,1160.32,2022-03-29,2028-01-27,Monthly,Lapsed,CUST08841452,,
POL97638998,Health,319415,718.56,2017-03-01,2024-06-20,Annually,Active,CUST52528472,,
POL09320154,Life,308641,337.73,2016-02-22,2021-11-04,Monthly,Active,CUST42376640,,
POL49077462,Life,429403,598.2,2017-01-23,2019-07-09,Quarterly,Active,CUST61585782,,
POL82524320,Life,390133,635.91,2016-01-18,2019-12-17,Monthly,Lapsed,CUST23642771,,
POL82751378,Life,169584,1595.7,2020-08-13,2027-04-28,Annually,Lapsed,CUST01665752,,
POL83133699,Life,107213,437.04,2020-06-25,2023-01-17,Quarterly,Lapsed,CUST93838725,,
POL85481964,Health,200578,1932.16,2022-06-15,2031-05-29,Annually,Lapsed,CUST55520880,,
POL90911648,Auto,425936,1701.68,2023-06-14,2025-01-16,Annually,Lapsed,CUST51519356,,
POL74617245,Health,154618,1194.46,2021-01-21,2024-03-22,Monthly,Terminated,CUST37390566,,
POL51850419,Auto,442014,1985.39,2017-03-04,2025-08-05,Monthly,Terminated,CUST88047990,,
POL72865831,Life,242325,817.56,2021-05-29,2027-06-16,Annually,Active,CUST43942680,,
POL42505976,Auto,64219,1049.17,2017-11-25,2024-05-29,Annually,Lapsed,CUST18666306,,
POL17099737,Property,386533,1911.1,2016-02-11,2025-07-24,Annually,Terminated,CUST39597765,,
POL56083774,Property,390515,145.14,2023-04-15,2031-09-16,Monthly,Active,CUST74794595,,
POL51933372,Health,196404,1227.14,2014-12-27,2020-02-01,Monthly,Active,CUST78378678,,
POL83634244,Health,422393,1716.33,2018-03-13,2022-02-10,Quarterly,Terminated,CUST55722474,,
POL12296231,Life,422589,966.17,2016-01-17,2018-07-18,Annually,Terminated,CUST90870199,,
POL27396272,Property,245737,672.2,2017-06-26,2019-05-30,Annually,Terminated,CUST47410044,,
POL07772335,Health,412887,1811.41,2017-04-14,2025-12-02,Quarterly,Terminated,CUST44462533,,
POL91135744,Auto,484640,1220.49,2018-12-05,2021-07-25,Annually,Active,CUST41081092,,
POL70866676,Property,421590,601.65,2015-01-28,2021-11-25,Annually,Terminated,CUST91493148,,
POL18063392,Property,165144,516.46,2021-04-01,2029-12-14,Annually,Terminated,CUST62222602,,
POL54583693,Auto,104508,400.89,2017-12-02,2024-02-29,Monthly,Active,CUST00812258,,
POL04954474,Auto,412808,1111.64,2018-09-22,2020-01-08,Quarterly,Terminated,CUST95135095,,
POL14554808,Health,336241,482.15,2020-01-28,2027-01-22,Monthly,Terminated,CUST29805169,,
POL41642157,Auto,70916,1153.51,2019-10-31,2026-04-29,Quarterly,Lapsed,CUST02684142,,
POL66022914,Health,487527,315.58,2024-12-05,2030-08-14,Monthly,Terminated,CUST98398273,,
POL38530404,Auto,189813,144.14,2017-02-14,2019-08-08,Quarterly,Lapsed,CUST84918997,,
POL12062320,Property,106314,1763.34,2023-11-19,2025-11-04,Monthly,Active,CUST36567638,,
POL00464071,Auto,324861,1547.56,2020-10-31,2024-07-29,Quarterly,Active,CUST93959202,,
POL40274075,Property,394903,1152.99,2022-08-26,2026-07-17,Annually,Lapsed,CUST44578468,,
POL32938098,Health,393318,1549.59,2018-12-18,2027-10-26,Monthly,Terminated,CUST77003636,,
POL69638846,Health,308828,705.67,2020-09-13,2023-10-29,Monthly,Terminated,CUST29466976,,
POL69225417,Property,199375,690.94,2015-11-14,2023-04-15,Monthly,Terminated,CUST58114542,,
POL11308160,Auto,248925,568.9,2017-11-02,2020-05-12,Monthly,Active,CUST63364251,,
POL15495647,Auto,116623,1578.26,2020-09-27,2022-06-24,Quarterly,Active,CUST02967545,,
POL95524303,Life,413047,1783.79,2023-08-09,2030-05-21,Annually,Terminated,CUST31816631,,
POL82092173,Auto,499982,636.1,2020-02-27,2022-01-09,Quarterly,Terminated,CUST97228824,,
POL27860857,Auto,144562,704.86,2020-06-25,2022-07-28,Annually,Active,CUST79039433,,
POL99666979,Life,391507,560.61,2017-10-14,2021-01-25,Annually,Active,CUST52540976,,
POL38386145,Health,141348,558.84,2017-05-05,2025-03-26,Quarterly,Lapsed,CUST55343170,,
POL09884871,Auto,144119,1687.06,2024-01-09,2031-08-26,Monthly,Terminated,CUST14551528,,
POL41171995,Health,371943,561.44,2018-08-05,2024-09-20,Quarterly,Terminated,CUST67185564,,
POL01039952,Auto,287199,567.95,2015-12-20,2022-01-21,Quarterly,Terminated,CUST81139176,,
POL50481637,Auto,240823,1972.46,2015-08-02,2022-04-19,Annually,Active,CUST79016088,,
POL37801835,Health,205188,157.81,2018-06-23,2025-12-17,Annually,Lapsed,CUST20186186,,
POL36547956,Health,261872,293.53,2021-06-22,2023-08-25,Monthly,Terminated,CUST13507319,,
POL79145337,Auto,436364,1653.19,2018-11-27,2020-01-16,Annually,Active,CUST26207435,,
POL77433567,Property,136089,1376.6,2018-09-07,2023-03-29,Quarterly,Terminated,CUST86382364,,
POL46414237,Property,300566,1368.91,2019-10-11,2024-12-27,Annually,Active,CUST11536261,,
POL69716653,Health,112860,1517.57,2018-04-28,2023-01-17,Monthly,Lapsed,CUST77367814,,
POL08643765,Property,132225,1440.56,2015-12-24,2021-11-15,Annually,Terminated,CUST13785611,,
POL50447483,Health,237228,1742.21,2022-12-21,2029-04-23,Monthly,Active,CUST63889194,,
POL98651688,Health,278399,941.82,2019-03-18,2021-08-05,Annually,Terminated,CUST28731704,,
POL20686331,Health,141091,1298.82,2017-05-02,2025-09-28,Annually,Terminated,CUST64728299,,
POL02182930,Auto,472622,1119.29,2024-06-15,2026-07-16,Annually,Active,CUST93013255,,
POL15525439,Property,446082,1852.55,2016-08-06,2021-12-05,Monthly,Terminated,CUST98747364,,
POL30795826,Property,149986,1607.81,2024-05-28,2033-03-12,Monthly,Lapsed,CUST91052874,,
POL92884987,Life,411557,361.08,2019-03-12,2027-10-01,Annually,Active,CUST63408106,,
POL00668082,Health,20032,487.49,2020-07-20,2027-02-17,Annually,Lapsed,CUST76221093,,
POL85503272,Health,306857,546.94,2023-10-11,2025-07-29,Monthly,Active,CUST90712116,,
POL35164038,Property,300581,1883.11,2022-03-05,2025-12-18,Quarterly,Lapsed,CUST65451880,,
POL46336502,Life,419181,1280.46,2022-05-10,2025-11-27,Monthly,Lapsed,CUST88437448,,
POL17045726,Life,63400,665.68,2022-03-10,2028-11-06,Quarterly,Active,CUST18520299,,
POL64631990,Property,206323,765.21,2023-05-23,2032-11-12,Monthly,Terminated,CUST43175295,,
POL65318927,Life,419069,1170.89,2020-06-06,2029-08-27,Annually,Active,CUST83061640,,
POL04944787,Property,306577,372.41,2016-06-02,2024-12-01,Quarterly,Terminated,CUST57716148,,
POL14588316,Auto,214584,907.6,2024-12-12,2032-04-09,Annually,Active,CUST26740405,,
POL05595265,Auto,298043,427.41,2017-07-08,2019-06-10,Monthly,Terminated,CUST63224514,,
POL27996809,Life,434908,564.32,2016-12-27,2024-03-01,Quarterly,Active,CUST86111677,,
POL39168523,Health,336641,895.56,2016-07-02,2022-03-14,Annually,Lapsed,CUST41499625,,
POL38746180,Life,151188,1951.81,2018-04-15,2026-05-02,Annually,Active,CUST00457976,,
POL04530162,Life,418600,976.51,2017-12-09,2022-01-26,Monthly,Lapsed,CUST60983430,,
POL55512512,Auto,476470,1798.16,2023-02-26,2031-06-13,Annually,Terminated,CUST50659335,,
POL28660902,Property,12773,1305.2,2022-02-20,2024-08-23,Quarterly,Terminated,CUST86961737,,
POL77763107,Auto,192914,536.3,2020-03-14,2026-02-14,Quarterly,Lapsed,CUST50424339,,
POL79091785,Life,483338,1740.5,2016-01-10,2025-12-17,Monthly,Active,CUST82268881,,
POL91241306,Auto,267776,1235.85,2024-03-15,2029-06-23,Annually,Lapsed,CUST98748320,,
POL52344309,Health,248215,688.74,2016-03-30,2023-04-15,Annually,Lapsed,CUST90321947,,
POL71689457,Health,326517,1547.91,2024-10-21,2029-12-16,Annually,Lapsed,CUST39647338,,
POL63989865,Health,493228,782.62,2016-06-18,2023-11-20,Quarterly,Active,CUST62417241,,
POL95848823,Life,191056,1318.28,2021-11-16,2025-08-25,Quarterly,Lapsed,CUST63366212,,
POL89319438,Life,456915,1620.18,2018-05-17,2020-10-13,Monthly,Active,CUST13230682,,
POL56652346,Health,94682,1418.09,2019-10-29,2022-12-05,Quarterly,Active,CUST95624970,,
POL75516899,Auto,191632,1785.45,2016-07-21,2021-08-04,Quarterly,Terminated,CUST88406986,,
POL76074801,Health,33556,663.56,2017-12-05,2022-12-17,Annually,Active,CUST71162559,,
POL88776548,Health,242486,1063.75,2020-12-12,2029-06-10,Quarterly,Terminated,CUST03785984,,
POL86872083,Health,417252,1947.41,2016-08-24,2022-03-09,Quarterly,Lapsed,CUST24118417,,
POL76421974,Health,362068,1306.32,2022-07-29,2025-01-21,Quarterly,Active,CUST00961403,,
POL71366878,Auto,251465,1294.83,2020-02-18,2024-12-08,Quarterly,Active,CUST05051323,,
POL22408747,Property,80270,701.42,2021-03-18,2030-09-24,Quarterly,Lapsed,CUST09532877,,
POL25050325,Life,73825,1747.27,2021-01-28,2022-02-28,Annually,Lapsed,CUST94119943,,
POL39649490,Auto,456863,612.81,2023-10-17,2032-03-15,Annually,Active,CUST88500412,,
POL93990309,Auto,270127,1211.82,2019-02-21,2026-11-22,Quarterly,Active,CUST77984164,,
POL53803304,Life,413303,1508.3,2020-07-18,2025-08-01,Annually,Active,CUST13295036,,
POL12551742,Health,95780,520.14,2019-01-25,2021-04-22,Quarterly,Active,CUST64076713,,
POL48449977,Health,497097,1937.84,2020-05-17,2028-11-10,Quarterly,Active,CUST43659883,,
POL14355041,Property,467496,738.25,2015-04-19,2022-01-25,Monthly,Lapsed,CUST01800996,,
POL38268987,Life,497228,927.62,2021-06-06,2026-11-13,Quarterly,Lapsed,CUST22210220,,
POL80201508,Auto,366497,768.16,2017-05-23,2023-04-09,Annually,Active,CUST80772087,,
POL67510645,Property,251198,639.54,2017-12-07,2023-11-05,Monthly,Terminated,CUST62622700,,
POL03891541,Auto,119257,1894.42,2019-07-07,2025-12-01,Quarterly,Lapsed,CUST31962963,,
POL01378372,Life,347199,1621.43,2019-08-03,2023-01-26,Annually,Lapsed,CUST28672718,,
POL19957770,Property,438951,1540.59,2023-03-31,2030-01-14,Annually,Active,CUST37919209,,
POL21119152,Health,364082,907.04,2018-12-02,2019-12-04,Quarterly,Terminated,CUST12991152,,
POL12712372,Auto,249297,923.36,2016-06-14,2018-01-05,Monthly,Terminated,CUST09318482,,
POL87324459,Property,397598,130.23,2021-01-16,2026-04-30,Annually,Terminated,CUST88644901,,
POL54520836,Property,220198,236.76,2016-06-01,2022-04-26,Monthly,Lapsed,CUST01188304,,
POL65532247,Health,251580,1234.23,2016-09-18,2018-01-10,Annually,Terminated,CUST41833706,,
POL48016627,Health,333555,1885.34,2016-04-25,2024-03-15,Annually,Active,CUST50659335,,
POL26288388,Health,88244,244.92,2017-01-21,2026-02-07,Quarterly,Active,CUST42857551,,
POL93612712,Life,484154,1365.42,2019-02-05,2021-10-26,Quarterly,Active,CUST79755040,,
POL97702874,Property,183635,869.85,2019-07-10,2022-06-21,Monthly,Active,CUST91619309,,
POL24773335,Auto,187691,189.67,2020-08-25,2027-07-27,Annually,Terminated,CUST51740354,,
POL68317236,Property,427012,333.02,2019-09-17,2025-04-09,Annually,Active,CUST53920813,,
POL57131187,Property,494960,1769.24,2021-07-18,2028-10-04,Annually,Active,CUST94208610,,
POL39610160,Health,431703,805.58,2020-12-04,2022-07-17,Monthly,Active,CUST50064478,,
POL62155198,Property,152593,481.03,2024-03-20,2034-01-03,Monthly,Terminated,CUST00568856,,
POL22111965,Property,407204,1983.64,2024-03-29,2030-04-18,Quarterly,Terminated,CUST21926121,,
POL82259907,Health,118138,1349.2,2019-11-15,2025-07-07,Annually,Lapsed,CUST53035088,,
POL94271909,Life,254069,1174.75,2017-08-15,2023-01-29,Quarterly,Active,CUST88047990,,
POL93066643,Auto,37430,177.28,2019-09-18,2024-10-03,Quarterly,Active,CUST96917397,,
POL44871604,Auto,159611,1654.24,2016-07-04,2021-11-01,Annually,Lapsed,CUST75656240,,
POL57812937,Auto,127320,1403.41,2016-01-23,2018-10-04,Monthly,Active,CUST64541512,,
POL91258845,Life,14533,1321.25,2022-02-14,2028-12-03,Annually,Terminated,CUST33110491,,
POL41513621,Life,487525,1389.26,2016-10-19,2020-08-04,Annually,Active,CUST98802186,,
POL78779141,Property,494120,453.15,2024-11-16,2026-09-08,Monthly,Terminated,CUST01863550,,
POL13533618,Life,301245,425.54,2017-02-10,2024-07-15,Annually,Terminated,CUST26022925,,
POL64331852,Life,327510,1337.92,2022-12-30,2025-08-20,Monthly,Lapsed,CUST12848381,,
POL97038585,Life,118484,1944.83,2018-02-02,2022-01-29,Annually,Terminated,CUST38334303,,
POL96658719,Property,418319,777.83,2024-01-10,2029-12-20,Annually,Lapsed,CUST67369093,,
POL18799743,Life,457158,1451.69,2020-12-16,2025-10-03,Monthly,Active,CUST40987292,,
POL20512215,Health,474237,1437.35,2022-12-16,2029-01-15,Monthly,Lapsed,CUST51906206,,
POL37593998,Property,40753,1860.27,2016-03-09,2024-12-31,Monthly,Active,CUST16983930,,
POL28107867,Auto,127030,826.72,2022-05-28,2030-09-03,Monthly,Active,CUST34955941,,
POL73654382,Property,72726,645.22,2016-10-16,2025-11-23,Annually,Terminated,CUST81290264,,
POL39477201,Property,205752,523.27,2023-11-28,2030-12-25,Monthly,Lapsed,CUST59420580,,
POL62898897,Life,73483,383.45,2020-04-18,2023-11-25,Monthly,Active,CUST91336546,,
POL31990750,Property,148024,1735.96,2017-10-19,2023-12-18,Quarterly,Active,CUST67042353,,
POL88770224,Life,497289,1664.23,2021-03-20,2030-09-21,Quarterly,Active,CUST88279966,,
POL80243526,Auto,376114,357.12,2017-10-14,2020-07-17,Monthly,Lapsed,CUST78277888,,
POL09953966,Property,128623,837.23,2017-05-20,2021-06-22,Quarterly,Lapsed,CUST94024764,,
POL46136087,Life,487179,1820.4,2019-02-17,2020-06-23,Quarterly,Active,CUST56179922,,
POL56975228,Property,473671,1117.32,2024-10-14,2026-03-07,Annually,Terminated,CUST58244937,,
POL00517693,Auto,291030,315.17,2021-03-10,2026-09-26,Quarterly,Lapsed,CUST36078159,,
POL28363275,Health,287776,1100.7,2017-07-12,2023-05-08,Monthly,Terminated,CUST23935675,,
POL00148188,Property,495426,1088.55,2019-06-22,2028-06-20,Annually,Terminated,CUST24392889,,
POL36786547,Health,264442,1174.54,2019-06-24,2020-11-13,Annually,Lapsed,CUST99518405,,
POL62149179,Property,302339,1819.15,2021-10-09,2029-06-01,Monthly,Active,CUST98498472,,
POL82496704,Life,355791,1599.38,2024-11-02,2032-11-13,Quarterly,Terminated,CUST71975466,,
POL67171519,Auto,278462,423.69,2019-08-31,2029-01-15,Monthly,Lapsed,CUST19076228,,
POL09725206,Property,14958,1719.63,2021-09-03,2029-01-30,Monthly,Active,CUST03874304,,
POL60240212,Auto,327407,193.87,2023-06-20,2032-12-14,Quarterly,Lapsed,CUST98868938,,
POL20435070,Health,317784,1197.07,2018-12-26,2021-01-26,Monthly,Terminated,CUST38649810,,
POL42936470,Life,446429,408.1,2016-01-10,2023-02-17,Monthly,Lapsed,CUST01173822,,
POL09995407,Health,97813,178.68,2021-11-10,2030-01-05,Annually,Terminated,CUST78610086,,
POL78303630,Health,274340,1815.54,2023-09-07,2026-10-22,Monthly,Lapsed,CUST44017106,,
POL14011432,Health,499386,1467.02,2023-12-05,2028-02-09,Quarterly,Terminated,CUST84431547,,
POL69907310,Property,244643,1506.35,2018-06-30,2022-10-30,Monthly,Active,CUST59222858,,
POL31178570,Health,295976,1654.7,2016-05-25,2026-02-21,Quarterly,Terminated,CUST93687795,,
POL56700369,Health,129303,342.95,2017-07-27,2025-09-16,Quarterly,Active,CUST73141277,,
POL06723826,Life,44387,511.46,2017-03-06,2020-07-14,Annually,Active,CUST52977202,,
POL43799582,Auto,498655,453.74,2024-08-12,2027-10-09,Quarterly,Active,CUST59768279,,
POL92865559,Property,175905,145.8,2019-02-21,2023-05-13,Quarterly,Lapsed,CUST51129594,,
POL09886051,Auto,322811,1558.53,2015-07-12,2024-07-04,Quarterly,Terminated,CUST72652198,,
POL39807316,Health,185053,117.09,2021-02-25,2028-12-16,Quarterly,Active,CUST39036444,,
POL84758742,Health,108824,1537.03,2021-05-24,2030-06-03,Quarterly,Lapsed,CUST71225485,,
POL79306031,Property,177404,1125.39,2023-04-16,2029-10-28,Monthly,Lapsed,CUST41518415,,
POL84981148,Property,328192,1749.21,2024-12-06,2027-08-10,Monthly,Lapsed,CUST45390061,,
POL58228510,Property,288962,875.04,2016-08-25,2018-08-21,Annually,Terminated,CUST91876217,,
POL81359394,Property,333986,1409.29,2018-10-12,2020-10-20,Annually,Active,CUST15980899,,
POL23964698,Property,56052,1977.52,2021-01-07,2025-01-20,Quarterly,Active,CUST00125540,,
POL85529344,Health,236628,112.77,2024-03-14,2030-09-12,Monthly,Terminated,CUST02825696,,
POL44119689,Property,14684,1792.49,2020-05-01,2021-12-28,Quarterly,Terminated,CUST54087407,,
POL71629276,Property,125022,1080.07,2018-07-08,2022-04-25,Monthly,Lapsed,CUST76960209,,
POL80884020,Life,374871,1958.13,2019-02-12,2021-09-07,Quarterly,Lapsed,CUST32262761,,
POL01079944,Property,131796,1462.96,2020-10-02,2030-05-28,Annually,Terminated,CUST89417458,,
POL02598961,Auto,400581,520.36,2024-02-05,2032-07-15,Quarterly,Active,CUST79806237,,
POL45490530,Life,225929,1632.1,2017-05-18,2022-01-06,Quarterly,Active,CUST59244029,,
POL54078734,Auto,77428,1982.79,2020-10-19,2028-02-13,Monthly,Active,CUST42468228,,
POL15757383,Property,45646,1442.98,2020-07-07,2029-11-09,Quarterly,Active,CUST00376151,,
POL77283434,Auto,451583,1468.68,2024-10-18,2033-08-25,Monthly,Terminated,CUST65422529,,
POL14393103,Health,228435,1335.47,2022-06-03,2024-11-24,Annually,Lapsed,CUST77768999,,
POL91259489,Property,288445,1745.4,2017-04-07,2018-04-11,Quarterly,Active,CUST00694485,,
POL81985235,Life,61358,351.8,2024-08-06,2032-01-13,Monthly,Active,CUST18097402,,
POL20995447,Health,182361,919.65,2019-03-28,2024-02-21,Monthly,Terminated,CUST81845496,,
POL98161265,Auto,470635,1894.33,2022-04-26,2025-01-22,Quarterly,Terminated,CUST91404991,,
POL45315654,Health,370186,1509.88,2022-08-16,2032-04-18,Quarterly,Terminated,CUST40417111,,
POL90511171,Auto,401803,444.1,2021-09-29,2024-11-25,Quarterly,Terminated,CUST57508453,,
POL13266531,Auto,327505,449.92,2019-07-12,2023-08-19,Quarterly,Lapsed,CUST72998627,,
POL52900081,Property,218578,1049.77,2020-07-27,2028-09-19,Annually,Lapsed,CUST04922693,,
POL95004499,Life,177090,351.02,2015-12-02,2022-01-05,Monthly,Lapsed,CUST34481309,,
POL96668666,Property,355011,915.37,2017-12-20,2023-07-02,Annually,Terminated,CUST23301508,,
POL74902947,Auto,354534,1790.37,2022-12-28,2029-10-25,Quarterly,Terminated,CUST78427928,,
POL21502603,Property,200255,441.31,2018-08-31,2025-03-08,Annually,Terminated,CUST34007755,,
POL81732788,Auto,143264,305.7,2022-08-20,2031-09-02,Annually,Lapsed,CUST81280296,,
POL34844451,Life,295966,307.7,2020-08-19,2025-12-20,Quarterly,Active,CUST79612783,,
POL16452788,Auto,249613,418.98,2020-07-01,2027-05-21,Monthly,Lapsed,CUST49548724,,
POL44772123,Property,208218,1387.33,2022-07-02,2025-04-25,Quarterly,Terminated,CUST19031216,,
POL11755321,Life,436481,1806.08,2021-03-25,2023-10-18,Quarterly,Terminated,CUST90183545,,
POL43986389,Life,478011,1839.92,2024-01-22,2028-11-19,Annually,Terminated,CUST47716501,,
POL56561026,Life,187355,1532.59,2019-09-20,2023-05-08,Quarterly,Terminated,CUST19076228,,
POL98651946,Auto,184323,360.33,2022-02-28,2026-01-06,Quarterly,Active,CUST45390061,,
POL79918238,Life,462221,783.27,2019-01-10,2020-01-13,Monthly,Lapsed,CUST30888667,,
POL44808829,Auto,344278,735.96,2017-01-10,2018-09-10,Monthly,Terminated,CUST70357391,,
POL49905886,Property,25325,1288.93,2016-07-26,2020-04-18,Quarterly,Lapsed,CUST89683690,,
POL61467343,Health,35527,453.45,2021-03-25,2023-04-26,Quarterly,Terminated,CUST38063830,,
POL15307389,Life,449336,1814.89,2022-03-19,2027-05-30,Monthly,Terminated,CUST14360985,,
POL05353456,Property,427141,829.59,2015-07-16,2022-09-14,Annually,Terminated,CUST74973932,,
POL31639522,Health,351390,1743.38,2018-02-07,2025-05-12,Annually,Active,CUST64711803,,
POL88523487,Life,227331,1736.92,2023-12-15,2031-08-09,Annually,Terminated,CUST82861470,,
POL40389475,Auto,322487,1867.79,2017-10-13,2020-07-28,Monthly,Terminated,CUST70911672,,
POL00447395,Property,414287,234.8,2024-03-21,2026-08-27,Monthly,Terminated,CUST37977068,,
POL34180846,Property,317405,302.04,2019-12-31,2029-02-15,Monthly,Terminated,CUST57618841,,
POL54942639,Health,301388,896.4,2021-05-08,2028-02-26,Monthly,Terminated,CUST37424132,,
POL95808382,Life,220353,460.11,2021-09-06,2025-04-23,Annually,Terminated,CUST29454283,,
POL73626645,Auto,289123,1230.33,2024-11-27,2029-10-17,Quarterly,Lapsed,CUST75884494,,
POL47986452,Health,458254,583.92,2021-02-11,2030-05-17,Monthly,Lapsed,CUST69260828,,
POL45394277,Auto,89893,437.84,2024-09-16,2033-10-28,Quarterly,Lapsed,CUST67483570,,
POL93217359,Property,216131,433.98,2015-05-01,2024-12-08,Annually,Active,CUST43669767,,
POL51057338,Property,254758,906.27,2018-02-21,2026-03-12,Monthly,Terminated,CUST58374435,,
POL58542189,Property,251079,507.58,2015-05-28,2023-04-09,Quarterly,Active,CUST35063171,,
POL63719116,Life,485087,815.44,2019-05-12,2023-09-06,Annually,Terminated,CUST59706553,,
POL21355048,Health,68023,1972.83,2017-08-28,2027-06-21,Quarterly,Active,CUST10247611,,
POL56484946,Health,126311,543.38,2018-11-12,2022-04-07,Annually,Lapsed,CUST89620632,,
POL52322172,Auto,472586,774.01,2020-03-31,2027-11-06,Annually,Terminated,CUST60184493,,
POL42467906,Health,90540,196.23,2020-03-15,2024-07-21,Monthly,Terminated,CUST76231180,,
POL84424949,Life,272445,600.56,2015-01-18,2020-02-10,Monthly,Active,CUST58545735,,
POL14844757,Life,136471,612.01,2020-04-22,2025-03-11,Monthly,Terminated,CUST32399051,,
POL34037675,Health,81245,252.67,2019-01-23,2027-09-08,Quarterly,Active,CUST81983561,,
POL53289086,Life,96131,801.73,2020-03-27,2022-12-08,Annually,Active,CUST80924673,,
POL96497115,Health,460288,986.95,2024-10-13,2034-09-05,Annually,Active,CUST92797392,,
POL85219139,Health,405668,159.52,2024-01-27,2028-04-27,Annually,Lapsed,CUST86351022,,
POL36934313,Auto,325428,225.9,2017-05-29,2023-01-04,Monthly,Lapsed,CUST84237988,,
POL24076840,Auto,212207,330.41,2024-05-18,2029-12-10,Annually,Terminated,CUST28777964,,
POL86085378,Life,38403,1661.88,2020-12-12,2022-06-13,Quarterly,Terminated,CUST65422529,,
POL77005000,Health,229819,1928.43,2015-07-27,2020-03-27,Monthly,Lapsed,CUST81759154,,
POL97833278,Health,239773,774.34,2024-04-29,2031-05-07,Quarterly,Active,CUST31129000,,
POL07905542,Auto,347270,1923.54,2019-09-09,2021-10-12,Monthly,Lapsed,CUST78659447,,
POL31729294,Property,78223,1003.91,2023-03-02,2026-10-12,Monthly,Terminated,CUST66232963,,
POL61367355,Health,166177,1019.47,2015-08-11,2024-04-23,Quarterly,Terminated,CUST40195700,,
POL82703619,Life,278218,379.77,2015-04-18,2017-10-17,Monthly,Terminated,CUST97798895,,
POL55300155,Property,346868,835.56,2019-06-16,2027-11-03,Quarterly,Terminated,CUST17621953,,
POL62118534,Health,414068,689.98,2021-04-07,2027-06-12,Quarterly,Active,CUST25978160,,
POL03728537,Life,453857,1343.76,2024-12-09,2033-06-19,Quarterly,Terminated,CUST36502944,,
POL43758168,Property,334970,1981.93,2019-02-13,2024-11-24,Quarterly,Lapsed,CUST48533417,,
POL10592751,Health,270780,1887.36,2019-12-26,2029-07-12,Annually,Terminated,CUST02447950,,
POL63225220,Auto,364858,797.39,2016-03-30,2021-01-07,Monthly,Active,CUST12272309,,
POL11554162,Health,257032,566.91,2015-08-10,2020-12-31,Annually,Active,CUST61552560,,
POL90169809,Health,240007,1052.15,2018-05-16,2024-03-03,Annually,Terminated,CUST91596645,,
POL64188394,Property,337086,1291.3,2015-08-07,2025-02-22,Monthly,Terminated,CUST00547129,,
POL51072815,Health,143004,1713.66,2021-12-30,2031-01-29,Quarterly,Lapsed,CUST50318524,,
POL03680995,Health,42059,973.31,2017-03-10,2018-03-12,Monthly,Lapsed,CUST30822768,,
POL56799404,Property,375096,1574.91,2016-05-30,2024-07-26,Annually,Lapsed,CUST32422139,,
POL50630686,Life,415891,1620.94,2020-08-05,2022-06-15,Annually,Active,CUST55028225,,
POL17837045,Life,441828,321.05,2020-12-02,2027-02-27,Quarterly,Active,CUST80853586,,
POL85450794,Property,109924,1052.31,2024-06-25,2028-01-23,Monthly,Terminated,CUST99539653,,
POL23979446,Auto,133803,610.75,2018-10-28,2020-09-30,Annually,Lapsed,CUST08266988,,
POL35649929,Auto,53998,566.79,2015-11-17,2017-10-10,Monthly,Active,CUST20569770,,
POL94615763,Property,499732,1445.5,2017-11-29,2025-10-13,Monthly,Lapsed,CUST68062513,,
POL96661743,Health,471603,1294.87,2021-04-25,2030-01-23,Quarterly,Active,CUST08927809,,
POL37993966,Health,426736,1229.05,2021-05-21,2026-07-15,Annually,Active,CUST84595409,,
POL26618148,Property,436380,1246.91,2017-12-02,2024-04-09,Monthly,Terminated,CUST06477814,,
POL20520484,Property,388492,1076.75,2015-09-07,2018-10-24,Quarterly,Active,CUST08266988,,
POL17938396,Property,421523,1142.98,2021-11-26,2029-04-16,Quarterly,Active,CUST14676481,,
POL76734987,Auto,93307,404.82,2021-05-23,2025-10-22,Quarterly,Terminated,CUST79959502,,
POL64073712,Life,420185,1047.01,2019-11-30,2029-09-12,Annually,Terminated,CUST03489911,,
POL83784194,Life,229944,582.65,2016-01-14,2024-12-02,Annually,Active,CUST63486927,,
POL55315698,Health,403036,992.57,2015-01-17,2023-10-11,Quarterly,Active,CUST92113679,,
POL98432913,Life,463800,936.24,2016-01-23,2020-11-30,Quarterly,Terminated,CUST05794732,,
POL77625425,Life,281999,1461.97,2023-09-10,2028-01-14,Quarterly,Active,CUST74889507,,
POL39689030,Auto,361163,1432.47,2021-11-13,2029-12-20,Quarterly,Lapsed,CUST83712658,,
POL64080185,Health,74710,1617.16,2021-01-01,2025-03-04,Monthly,Terminated,CUST50712409,,
POL75784905,Auto,358752,354.16,2017-01-14,2023-08-25,Annually,Active,CUST89148765,,
POL65626338,Auto,77968,183,2021-01-08,2023-02-18,Quarterly,Lapsed,CUST85581495,,
POL28255049,Health,153980,104.84,2020-08-24,2029-01-26,Quarterly,Active,CUST44033846,,
POL90127927,Life,271530,1957.41,2021-03-01,2022-04-28,Annually,Terminated,CUST19821426,,
POL30181067,Life,362348,1863.46,2021-08-12,2028-09-12,Annually,Active,CUST34044455,,
POL63419367,Health,369467,1634.17,2023-05-11,2025-05-22,Quarterly,Terminated,CUST54931182,,
POL53578236,Auto,195696,487.41,2018-03-30,2027-11-08,Quarterly,Lapsed,CUST52874310,,
POL96375176,Auto,315398,414.27,2019-01-25,2025-02-22,Annually,Terminated,CUST05002100,,
POL82494167,Property,394450,1912.89,2020-05-15,2027-01-01,Monthly,Lapsed,CUST97895616,,
POL24384537,Health,361445,436.58,2020-10-05,2023-02-22,Monthly,Terminated,CUST00568856,,
POL58817915,Auto,101769,1907.17,2016-02-19,2025-02-27,Annually,Lapsed,CUST11459699,,
POL19255943,Auto,345228,355.69,2016-02-29,2022-03-21,Quarterly,Lapsed,CUST02691181,,
POL51786997,Life,135459,1459.05,2015-03-12,2022-05-07,Quarterly,Active,CUST40947181,,
POL14294149,Health,235083,1637.67,2023-01-26,2027-04-24,Annually,Lapsed,CUST28914554,,
POL10223827,Property,290728,1116.8,2018-02-07,2026-06-15,Annually,Lapsed,CUST00359219,,
POL46515162,Life,12808,343.62,2015-02-20,2021-04-28,Quarterly,Active,CUST37708358,,
POL68308449,Property,89123,1694.01,2015-05-03,2018-02-16,Monthly,Lapsed,CUST57393366,,
POL63767133,Life,284452,152.8,2017-03-01,2018-06-04,Quarterly,Lapsed,CUST47750723,,
POL25372382,Life,448299,749.94,2020-10-12,2029-03-17,Monthly,Lapsed,CUST99293827,,
POL82148607,Auto,493490,1743.5,2016-12-27,2025-07-11,Monthly,Terminated,CUST78901009,,
POL76394860,Life,220839,1353.47,2021-12-16,2030-08-19,Quarterly,Active,CUST14723297,,
POL00830653,Property,149416,835.88,2017-09-08,2018-11-11,Quarterly,Terminated,CUST22955416,,
POL92816036,Property,325600,965.86,2021-12-25,2024-05-15,Annually,Terminated,CUST97655058,,
POL95823449,Auto,298842,530.53,2015-02-15,2020-08-27,Monthly,Lapsed,CUST54601772,,
POL68941545,Property,51462,216.99,2019-02-28,2025-09-09,Monthly,Active,CUST32463831,,
POL12830195,Health,388220,688.23,2015-10-17,2017-06-23,Quarterly,Lapsed,CUST12497239,,
POL40877445,Property,94983,635.06,2017-09-01,2024-07-31,Annually,Active,CUST84918429,,
POL90732218,Auto,267775,1506.68,2022-02-02,2023-08-09,Annually,Lapsed,CUST47318206,,
POL14138519,Auto,359825,937.07,2020-01-08,2023-05-01,Annually,Terminated,CUST45732465,,
POL68942748,Auto,180552,413.32,2022-07-10,2026-07-19,Monthly,Active,CUST21236193,,
POL60663537,Health,200969,466.26,2021-01-18,2027-11-27,Monthly,Active,CUST53978709,,
POL65495317,Property,154742,1337.26,2016-07-07,2018-07-18,Annually,Active,CUST07678524,,
POL07522607,Life,224305,1599.45,2016-01-31,2022-07-02,Annually,Lapsed,CUST88551633,,
POL78617883,Health,218167,1981.35,2020-09-14,2021-10-11,Monthly,Active,CUST31012951,,
POL40562247,Auto,216372,1637.93,2024-04-26,2025-06-04,Quarterly,Active,CUST81601074,,
POL03245677,Auto,111368,1801.36,2015-07-09,2025-02-18,Annually,Lapsed,CUST08263514,,
POL45492411,Health,266525,1713.2,2024-11-23,2030-09-17,Monthly,Terminated,CUST42782916,,
POL70988897,Auto,59382,152.59,2020-01-08,2025-12-16,Monthly,Lapsed,CUST88070850,,
POL65537265,Life,299389,512.54,2024-05-27,2034-03-28,Monthly,Terminated,CUST98370859,,
POL62087073,Property,207263,770.06,2023-04-06,2032-08-06,Quarterly,Terminated,CUST25975924,,
POL50975802,Health,237392,113.27,2021-04-08,2027-12-04,Monthly,Active,CUST24463070,,
POL83231801,Health,219934,409.98,2020-01-18,2029-02-19,Monthly,Active,CUST48026120,,
POL72388396,Auto,74341,1006.36,2016-01-25,2022-05-27,Monthly,Lapsed,CUST26491889,,
POL11496462,Auto,394950,1946.24,2016-07-15,2017-11-14,Quarterly,Terminated,CUST81169273,,
POL17981826,Auto,314759,678.67,2021-08-23,2024-06-14,Quarterly,Lapsed,CUST45437995,,
POL57676193,Property,381164,305.2,2016-08-13,2024-07-30,Quarterly,Terminated,CUST96616775,,
POL12629332,Life,449447,869.47,2018-01-05,2026-01-01,Monthly,Lapsed,CUST43223037,,
POL15182482,Life,11248,925.63,2015-03-10,2018-05-14,Monthly,Lapsed,CUST86117199,,
POL52000180,Health,216391,471.68,2022-10-31,2025-01-23,Quarterly,Active,CUST67185564,,
POL02268449,Auto,493743,693.11,2024-11-22,2026-07-09,Quarterly,Active,CUST07800196,,
POL46609682,Life,447438,1728.07,2018-04-07,2024-09-06,Annually,Active,CUST60723930,,
POL63483094,Property,373591,1192.12,2017-08-24,2018-12-15,Annually,Lapsed,CUST72458524,,
POL41401323,Life,292730,623.08,2020-07-05,2026-11-04,Quarterly,Terminated,CUST33110491,,
POL09122433,Health,96983,866.27,2024-06-14,2026-08-10,Annually,Terminated,CUST59906579,,
POL04448150,Property,117861,458.87,2020-04-28,2021-12-17,Quarterly,Lapsed,CUST04470605,,
POL14172543,Auto,377433,1820.42,2016-09-08,2025-03-20,Quarterly,Active,CUST89125036,,
POL67344222,Life,240236,972.96,2022-05-11,2026-07-05,Annually,Active,CUST77059763,,
POL88871637,Property,450601,1153.44,2016-01-25,2025-08-18,Annually,Active,CUST11205379,,
POL30158428,Property,12250,1500.14,2023-06-02,2031-04-04,Annually,Terminated,CUST92649785,,
POL84279784,Property,129712,370.83,2023-01-31,2029-05-17,Annually,Active,CUST32275714,,
POL20003518,Auto,490628,1894.49,2018-05-03,2027-01-04,Monthly,Active,CUST11069957,,
POL46375474,Auto,443818,1432.71,2018-04-25,2027-01-22,Annually,Lapsed,CUST91330063,,
POL10264853,Auto,482747,1688.78,2024-01-05,2026-11-24,Annually,Terminated,CUST07265929,,
POL36714919,Property,316038,222.17,2024-12-07,2028-01-20,Quarterly,Lapsed,CUST88875854,,
POL33225143,Auto,287658,116.49,2019-07-04,2027-05-04,Quarterly,Lapsed,CUST96227591,,
POL09141368,Property,134321,1509.57,2022-11-05,2026-07-22,Annually,Terminated,CUST30421939,,
POL50620318,Life,435367,742.25,2021-03-17,2030-09-16,Annually,Lapsed,CUST58217728,,
POL00228879,Health,396929,351.04,2023-10-24,2032-03-22,Annually,Terminated,CUST77141677,,
POL30568906,Property,42169,370.31,2018-10-06,2025-09-20,Quarterly,Lapsed,CUST69404737,,
POL63605662,Auto,333671,1366.13,2023-02-06,2030-01-26,Monthly,Active,CUST49548724,,
POL35727736,Auto,14989,1182.7,2021-12-24,2025-05-04,Quarterly,Terminated,CUST82139236,,
POL00096946,Property,365296,1952.11,2015-07-20,2025-01-21,Monthly,Terminated,CUST53988881,,
POL73017269,Auto,51347,1469.87,2016-08-23,2022-05-21,Quarterly,Terminated,CUST85742293,,
POL98320101,Health,154337,1280.17,2018-02-13,2022-05-21,Annually,Active,CUST46955608,,
POL74138353,Auto,464934,966.74,2021-07-11,2029-04-21,Quarterly,Terminated,CUST91918281,,
POL46352702,Auto,69985,1977.37,2016-08-12,2018-11-02,Quarterly,Lapsed,CUST27130653,,
POL92392809,Property,408782,1030.6,2022-06-07,2024-09-21,Quarterly,Active,CUST18520299,,
POL45444901,Auto,166695,1483.6,2016-06-28,2025-10-30,Annually,Terminated,CUST51350628,,
POL93012338,Property,173916,1666.32,2016-08-28,2019-04-07,Monthly,Active,CUST94093064,,
POL12937892,Property,236415,1848.92,2018-12-28,2024-01-06,Monthly,Active,CUST28917499,,
POL48910951,Auto,63192,909.28,2015-07-09,2017-07-12,Monthly,Lapsed,CUST70959994,,
POL42785158,Auto,407351,1120.67,2018-03-31,2027-11-21,Quarterly,Lapsed,CUST17130339,,
POL89481184,Life,440732,1414.59,2016-12-20,2018-09-12,Quarterly,Terminated,CUST02909118,,
POL80803306,Health,256006,521.59,2017-08-13,2027-02-18,Monthly,Active,CUST66928513,,
POL84700280,Auto,458712,289.79,2017-04-25,2022-08-13,Quarterly,Active,CUST63969358,,
POL00994275,Health,15635,1673.53,2016-07-19,2017-09-24,Monthly,Terminated,CUST77060083,,
POL63571175,Life,439232,1633.23,2021-03-19,2023-10-16,Annually,Active,CUST79174441,,
POL29685812,Property,110533,762.23,2024-07-14,2029-04-06,Annually,Active,CUST74979874,,
POL11444956,Auto,392243,1561.72,2019-02-20,2025-11-20,Annually,Active,CUST34407963,,
POL62192158,Auto,15928,1835.16,2019-11-03,2021-08-20,Quarterly,Terminated,CUST59279612,,
POL19587292,Health,131438,1994.61,2015-12-15,2021-11-25,Monthly,Terminated,CUST22251191,,
POL22301304,Health,276348,1461.18,2016-07-05,2021-08-07,Monthly,Active,CUST13120356,,
POL25455063,Property,409363,1949.02,2020-07-07,2022-07-05,Monthly,Lapsed,CUST41670618,,
POL10635229,Life,371675,382.7,2023-08-30,2026-11-24,Annually,Terminated,CUST34161000,,
POL98472964,Auto,379784,1935.54,2022-09-19,2028-03-03,Annually,Active,CUST00283741,,
POL05444985,Life,311087,1157.03,2024-03-05,2033-07-13,Quarterly,Terminated,CUST53659261,,
POL00346770,Life,22816,1282.18,2017-11-26,2027-05-02,Monthly,Lapsed,CUST82268696,,
POL10547334,Auto,210980,504.99,2017-01-27,2022-03-20,Quarterly,Terminated,CUST62222602,,
POL52411181,Property,153284,1961.51,2018-01-10,2026-06-11,Annually,Active,CUST71857951,,
POL35189508,Auto,149663,1474,2024-05-21,2031-06-20,Annually,Lapsed,CUST93489747,,
POL19885981,Auto,446966,759.34,2018-05-17,2023-10-15,Quarterly,Active,CUST56180520,,
POL70622668,Auto,405241,1448.08,2022-04-19,2026-08-12,Annually,Lapsed,CUST55277516,,
POL12811794,Property,201163,705.24,2020-01-17,2021-02-11,Annually,Lapsed,CUST43028954,,
POL86559672,Property,15024,1157.36,2023-02-19,2025-11-20,Monthly,Terminated,CUST21123855,,
POL50223733,Property,308366,1469.36,2020-02-01,2028-11-23,Quarterly,Active,CUST00568856,,
POL36595013,Auto,98501,655.39,2019-01-25,2028-12-07,Monthly,Lapsed,CUST29474373,,
POL75843997,Health,312137,225.01,2019-10-29,2020-11-16,Quarterly,Active,CUST52359238,,
POL89539579,Health,347928,449.95,2016-03-17,2019-09-05,Monthly,Active,CUST19435664,,
POL33064834,Life,123353,308.7,2024-06-11,2034-01-17,Monthly,Lapsed,CUST02084185,,
POL76388033,Health,243490,365.4,2020-10-20,2025-08-14,Annually,Active,CUST22567858,,
POL80458341,Auto,238812,277.32,2023-07-01,2029-12-22,Monthly,Lapsed,CUST59376931,,
POL32514074,Property,461662,999.73,2018-02-11,2023-06-11,Monthly,Lapsed,CUST43913785,,
POL71130458,Health,23552,1525.88,2016-02-29,2017-06-21,Annually,Active,CUST96616775,,
POL74295287,Property,160585,938.97,2016-01-21,2025-10-26,Monthly,Lapsed,CUST22367504,,
POL66283142,Property,454149,210.28,2021-04-17,2023-02-05,Annually,Lapsed,CUST41171867,,
POL93274437,Auto,484358,706.4,2018-11-13,2028-06-05,Quarterly,Active,CUST27363084,,
POL23241143,Life,437501,771.95,2023-07-16,2027-12-04,Monthly,Terminated,CUST41946421,,
POL73582345,Health,426277,1588.64,2015-11-06,2022-07-18,Monthly,Active,CUST99854756,,
POL22496499,Health,358333,1234.17,2016-01-06,2019-08-17,Quarterly,Active,CUST34222918,,
POL91516623,Auto,20136,1201.24,2017-05-28,2020-07-11,Annually,Lapsed,CUST30957934,,
POL24716865,Health,339082,360.08,2015-06-21,2016-12-09,Quarterly,Active,CUST31917843,,
POL99941160,Property,212188,1008.01,2023-06-05,2027-02-11,Quarterly,Lapsed,CUST27977781,,
POL29228697,Health,421426,435.31,2022-07-29,2028-11-04,Annually,Lapsed,CUST47460421,,
POL97030178,Life,91322,1277.74,2020-06-23,2028-08-21,Monthly,Terminated,CUST72153561,,
POL92032315,Auto,323140,1647.53,2017-09-15,2027-03-11,Annually,Lapsed,CUST33350545,,
POL08033487,Property,137519,110.42,2020-07-18,2022-11-16,Annually,Terminated,CUST42800340,,
POL83688461,Property,162506,881.83,2024-03-07,2027-12-27,Annually,Active,CUST21853719,,
POL42688275,Auto,63362,509.12,2024-04-05,2030-05-14,Quarterly,Active,CUST09893997,,
POL20270146,Health,287370,1501.76,2017-11-30,2023-02-24,Quarterly,Lapsed,CUST39739079,,
POL20843719,Life,388273,802.34,2019-12-08,2029-03-04,Annually,Active,CUST62652225,,
POL78506700,Health,165205,686.18,2016-03-22,2021-03-30,Quarterly,Terminated,CUST21236193,,
POL93758442,Health,189438,812.22,2021-12-26,2023-07-23,Monthly,Terminated,CUST55776305,,
POL24987681,Auto,238816,1395.87,2017-01-05,2019-08-12,Monthly,Active,CUST45352116,,
POL96246636,Health,18932,632.92,2024-06-23,2026-01-03,Annually,Lapsed,CUST69673140,,
POL31948487,Health,294461,640.35,2016-06-20,2022-04-18,Annually,Lapsed,CUST27455507,,
POL33850550,Auto,315428,1931.67,2015-06-19,2020-07-18,Annually,Active,CUST93577880,,
POL21623003,Property,240719,118.84,2022-04-19,2023-12-11,Monthly,Lapsed,CUST68109929,,
POL09566109,Auto,176084,378.18,2015-08-17,2023-02-12,Monthly,Lapsed,CUST23299845,,
POL66161034,Life,417890,1276.82,2023-06-25,2032-07-23,Quarterly,Active,CUST52977202,,
POL67789029,Health,63162,1661.4,2016-10-22,2019-05-09,Quarterly,Terminated,CUST58470031,,
POL81758339,Life,406111,120.77,2018-10-10,2024-01-15,Annually,Terminated,CUST40653183,,
POL53331618,Life,327673,1175.5,2021-06-08,2030-08-02,Annually,Terminated,CUST40778743,,
POL41307729,Property,309305,136.74,2023-09-16,2025-05-03,Quarterly,Active,CUST44886949,,
POL33299865,Property,10130,1672.81,2019-12-23,2023-04-21,Quarterly,Active,CUST63486927,,
POL40752676,Life,426777,568.34,2015-07-09,2019-02-28,Monthly,Terminated,CUST51906206,,
POL79429202,Life,130747,1793.4,2020-03-04,2026-05-24,Monthly,Lapsed,CUST02392291,,
POL22220595,Health,142294,1858.97,2016-06-23,2018-03-03,Monthly,Lapsed,CUST89465073,,
POL86063749,Property,213099,719.42,2024-03-31,2031-03-10,Monthly,Lapsed,CUST37424132,,
POL76817780,Auto,286360,1624.8,2020-09-17,2026-11-22,Monthly,Active,CUST72483847,,
POL73772747,Auto,97948,536.57,2020-06-02,2029-02-14,Monthly,Lapsed,CUST41663138,,
POL16231917,Property,180397,1700.48,2021-09-19,2030-02-18,Annually,Lapsed,CUST98328113,,
POL94532652,Health,377437,1377.89,2021-07-15,2028-02-08,Monthly,Active,CUST58198958,,
POL91190170,Health,420928,635.95,2015-10-10,2025-04-19,Quarterly,Terminated,CUST34601326,,
POL92547677,Life,201449,664.13,2023-12-06,2031-04-19,Quarterly,Lapsed,CUST29407758,,
POL11415777,Life,148486,908.14,2015-08-29,2019-12-29,Annually,Terminated,CUST30962816,,
POL54662210,Health,75237,1507.32,2022-12-20,2025-05-04,Quarterly,Active,CUST94093064,,
POL50893138,Health,48876,1881.94,2018-05-14,2025-05-24,Quarterly,Lapsed,CUST12400012,,
POL58922928,Life,19419,916.96,2024-05-08,2031-03-06,Annually,Terminated,CUST74635566,,
POL07408282,Health,496358,1547.8,2017-04-24,2018-06-17,Annually,Terminated,CUST01068208,,
POL58697691,Life,176034,510.41,2019-08-10,2028-10-28,Annually,Terminated,CUST07524246,,
POL14293644,Health,366743,472.49,2017-10-19,2023-04-30,Quarterly,Active,CUST07114589,,
POL84921954,Property,373369,1984.73,2023-09-10,2028-06-06,Quarterly,Lapsed,CUST10203071,,
POL75706298,Property,216481,1114.98,2023-11-19,2033-09-16,Monthly,Terminated,CUST67042353,,
POL49450017,Auto,151640,350.65,2021-11-27,2023-10-06,Monthly,Terminated,CUST30395587,,
POL04747372,Property,454729,604.46,2015-03-07,2016-04-25,Monthly,Terminated,CUST21999455,,
POL23753951,Life,63566,1020,2018-10-09,2025-12-08,Monthly,Lapsed,CUST41638643,,
POL98798352,Auto,405841,821.75,2022-06-10,2029-01-14,Monthly,Lapsed,CUST49648749,,
POL45453047,Property,423719,1692.98,2015-02-14,2018-12-12,Quarterly,Lapsed,CUST21286210,,
POL34029193,Life,395391,1813,2015-09-01,2021-06-25,Monthly,Terminated,CUST90806547,,
POL14622039,Health,421602,460.47,2024-01-26,2028-11-08,Quarterly,Lapsed,CUST32273076,,
POL35484461,Health,266784,914.37,2019-11-01,2023-04-22,Quarterly,Lapsed,CUST17130962,,
POL19625007,Life,21826,181.83,2016-02-26,2020-08-01,Annually,Terminated,CUST72669050,,
POL68048439,Life,68133,1700.21,2024-08-26,2032-05-15,Monthly,Terminated,CUST03789210,,
POL97321987,Health,263540,1691.05,2015-08-23,2021-01-01,Annually,Terminated,CUST05108186,,
POL07470252,Health,134900,585.45,2017-05-31,2025-04-19,Monthly,Active,CUST24984864,,
POL80906414,Health,141636,1474.01,2016-03-10,2021-02-02,Monthly,Terminated,CUST33662644,,
POL83440343,Life,326904,1310.17,2023-03-07,2030-10-25,Quarterly,Terminated,CUST95998610,,
POL92817192,Health,113850,850.26,2024-01-14,2026-05-28,Annually,Lapsed,CUST63408106,,
POL24735696,Life,416066,950.47,2018-11-30,2028-05-01,Quarterly,Lapsed,CUST01590733,,
POL56295315,Property,22152,122.44,2016-04-24,2020-09-18,Monthly,Terminated,CUST01800996,,
POL08536084,Life,494148,1190.96,2024-11-03,2028-12-15,Annually,Terminated,CUST21670322,,
POL73506805,Property,110034,864.06,2023-08-23,2027-07-03,Quarterly,Lapsed,CUST29627265,,
POL64655567,Auto,82997,930.86,2016-12-17,2025-10-11,Monthly,Terminated,CUST98456806,,
POL15357129,Life,303199,1422.47,2023-04-16,2025-11-23,Monthly,Active,CUST94791078,,
POL95333136,Property,309713,371.23,2015-02-05,2020-06-28,Monthly,Terminated,CUST50842928,,
POL92690680,Health,24659,1835.84,2018-08-10,2024-06-16,Annually,Active,CUST65204686,,
POL73706161,Life,176113,1956.14,2022-06-25,2024-07-03,Annually,Lapsed,CUST76197402,,
POL61367608,Property,340341,357.25,2017-07-03,2021-12-16,Quarterly,Terminated,CUST89978032,,
POL33328438,Property,492532,1321.02,2019-06-05,2024-03-04,Annually,Lapsed,CUST09537081,,
POL63077601,Auto,267802,123.9,2017-11-23,2020-05-25,Annually,Active,CUST65825398,,
POL20742697,Life,324786,857.12,2019-08-26,2028-01-13,Annually,Terminated,CUST88337653,,
POL28263562,Health,182347,330.57,2018-05-28,2019-07-15,Monthly,Lapsed,CUST49324501,,
POL07250865,Property,103548,1202.6,2017-10-07,2022-07-18,Annually,Active,CUST47723419,,
POL33910335,Health,175824,1642.03,2021-12-10,2023-10-11,Monthly,Active,CUST06409997,,
POL41613938,Health,422552,1628.54,2022-08-28,2029-02-03,Quarterly,Lapsed,CUST40389603,,
POL56060343,Property,249120,1453.38,2015-05-23,2024-07-03,Monthly,Terminated,CUST61053077,,
POL17678286,Property,11289,310.01,2024-09-12,2030-06-13,Quarterly,Terminated,CUST66233935,,
POL99884356,Health,66780,1179.5,2019-10-02,2024-03-23,Monthly,Lapsed,CUST14823336,,
POL64233816,Property,300603,1622.14,2019-03-02,2023-12-25,Monthly,Active,CUST53231078,,
POL54191606,Health,412493,1783.97,2019-06-11,2023-11-28,Annually,Lapsed,CUST03848250,,
POL80364635,Auto,430222,811.71,2015-06-23,2023-07-27,Quarterly,Lapsed,CUST57615018,,
POL27999053,Property,364250,1468.17,2022-10-03,2031-02-25,Quarterly,Terminated,CUST92413522,,
POL68750121,Auto,96756,1047.78,2023-03-03,2031-04-01,Quarterly,Lapsed,CUST52535666,,
POL63818909,Auto,364411,1728.37,2019-10-21,2024-09-07,Monthly,Terminated,CUST56310283,,
POL51550482,Life,162365,527.53,2021-08-17,2030-12-14,Annually,Terminated,CUST27179577,,
POL82889617,Auto,118068,530.08,2018-10-08,2026-06-13,Monthly,Active,CUST37303935,,
POL28971853,Property,71138,1328.21,2024-09-29,2034-06-10,Quarterly,Lapsed,CUST84553673,,
POL36334787,Auto,257256,1813.56,2015-05-29,2023-05-14,Annually,Active,CUST36502944,,
POL15506424,Life,109495,856.61,2016-03-08,2021-09-17,Monthly,Terminated,CUST21748118,,
POL73122537,Life,385931,976.53,2021-03-15,2025-12-17,Quarterly,Active,CUST95482935,,
POL82409345,Auto,447326,325.32,2019-10-22,2026-08-12,Annually,Terminated,CUST55128751,,
POL19823419,Property,466204,476.43,2018-05-27,2020-02-17,Monthly,Terminated,CUST41499971,,
POL91695176,Health,243749,311.24,2016-07-29,2026-04-05,Quarterly,Lapsed,CUST40696387,,
POL68099694,Life,58602,551.84,2021-05-04,2028-09-10,Monthly,Lapsed,CUST63277557,,
POL62266023,Health,261143,1634.72,2016-10-24,2025-03-29,Annually,Lapsed,CUST86901460,,
POL43318024,Life,155545,187.07,2023-08-17,2029-09-04,Quarterly,Terminated,CUST20900154,,
POL18546067,Auto,279331,638.91,2023-04-01,2025-07-16,Monthly,Lapsed,CUST10343076,,
POL43784976,Life,110576,1668.43,2021-12-20,2028-03-28,Quarterly,Lapsed,CUST31570146,,
POL21103923,Auto,94191,1193.78,2016-11-06,2020-05-09,Monthly,Terminated,CUST94460812,,
POL92837863,Life,348985,1227.82,2018-12-29,2026-07-27,Quarterly,Lapsed,CUST81617367,,
POL53750210,Life,114630,338.03,2024-10-11,2033-04-14,Monthly,Lapsed,CUST80257562,,
POL74597020,Health,483547,1957.01,2017-10-14,2026-08-08,Quarterly,Active,CUST50659335,,
POL92351882,Health,455551,233.69,2023-05-15,2027-12-15,Monthly,Active,CUST87385959,,
POL24459389,Life,290204,199.68,2022-06-29,2026-10-18,Quarterly,Terminated,CUST29474373,,
POL13218423,Auto,445981,1195.5,2016-04-10,2020-07-03,Annually,Lapsed,CUST34161000,,
POL50086773,Auto,118401,1344.43,2023-09-16,2026-01-16,Annually,Lapsed,CUST37919209,,
POL60541709,Auto,243320,1238.86,2022-09-25,2028-07-19,Annually,Lapsed,CUST77341734,,
POL34052302,Auto,458605,599.1,2021-12-06,2030-12-29,Quarterly,Terminated,CUST96661441,,
POL10236705,Health,98751,1813.71,2016-12-17,2021-08-08,Monthly,Active,CUST61538911,,
POL19552952,Health,239817,175.14,2024-01-10,2031-12-19,Monthly,Terminated,CUST62739813,,
POL30306030,Life,102551,413.56,2024-04-28,2029-12-29,Monthly,Terminated,CUST17126231,,
POL96996235,Auto,290960,1022.52,2019-02-10,2028-03-06,Annually,Lapsed,CUST76982457,,
POL78662239,Health,303068,1337.38,2021-04-25,2024-08-07,Quarterly,Terminated,CUST42668135,,
POL29271605,Property,267205,274.4,2016-07-25,2023-05-13,Monthly,Lapsed,CUST87784685,,
POL28002736,Auto,39831,1380.75,2018-08-14,2023-10-11,Monthly,Active,CUST24312409,,
POL85156451,Auto,402001,1357.53,2017-09-30,2024-05-13,Annually,Lapsed,CUST55038762,,
POL40235413,Auto,47872,1236.47,2017-10-09,2025-07-28,Monthly,Terminated,CUST14679491,,
POL01226871,Life,173379,1508.87,2024-04-26,2030-05-29,Quarterly,Lapsed,CUST46969019,,
POL04051225,Life,190812,1975.66,2020-04-12,2027-04-26,Monthly,Terminated,CUST83273864,,
POL04612795,Health,486101,1636.49,2015-06-09,2025-05-07,Annually,Active,CUST40187120,,
POL17867504,Auto,279535,950.01,2017-05-25,2020-11-24,Monthly,Lapsed,CUST21864148,,
POL32327074,Auto,469078,1821.45,2022-12-07,2030-10-05,Monthly,Terminated,CUST42670563,,
POL26404554,Property,195902,944.23,2019-01-10,2025-04-12,Quarterly,Active,CUST09841369,,
POL14697961,Auto,300198,603.37,2023-03-01,2025-01-20,Quarterly,Terminated,CUST57618841,,
POL36275848,Life,147069,1858.61,2024-05-30,2028-10-10,Monthly,Lapsed,CUST44011114,,
POL13985907,Property,257950,1145.36,2021-05-22,2022-12-29,Quarterly,Lapsed,CUST74889507,,
POL51851655,Life,108266,881.85,2018-05-12,2022-12-07,Annually,Lapsed,CUST32721526,,
POL24187970,Life,263767,1662.13,2015-02-13,2017-08-14,Monthly,Lapsed,CUST40778743,,
POL99222365,Health,296638,1338.79,2024-12-10,2028-03-03,Annually,Lapsed,CUST01156039,,
POL55964099,Life,422053,366.85,2023-08-28,2028-10-06,Annually,Terminated,CUST90946182,,
POL30236803,Auto,46479,416.08,2020-03-15,2028-12-07,Quarterly,Lapsed,CUST34161000,,
POL14005154,Health,103610,1317.15,2017-07-03,2026-11-20,Quarterly,Active,CUST18477593,,
POL26980875,Life,333159,575.22,2015-04-02,2022-07-22,Quarterly,Terminated,CUST03615219,,
POL87037802,Health,116883,1474.83,2023-05-27,2031-11-13,Annually,Terminated,CUST85814865,,
POL31317905,Life,453244,1950.19,2023-09-25,2026-04-08,Monthly,Terminated,CUST59752065,,
POL75121871,Auto,487602,973.93,2021-11-13,2029-03-11,Annually,Lapsed,CUST79329161,,
POL76278767,Auto,145029,1683.05,2018-09-29,2026-01-24,Monthly,Terminated,CUST46516721,,
POL73257652,Property,28484,1803.48,2019-09-26,2026-11-25,Quarterly,Terminated,CUST93013255,,
POL09641433,Property,242450,1783.33,2016-05-15,2019-05-19,Annually,Lapsed,CUST67011602,,
POL32459505,Health,256463,897.38,2024-05-28,2028-06-22,Quarterly,Active,CUST23444868,,
POL46550237,Health,421309,388.68,2016-04-02,2024-09-30,Quarterly,Terminated,CUST06048624,,
POL88593471,Auto,99413,559.95,2019-12-14,2029-06-07,Quarterly,Lapsed,CUST87110325,,
POL87616796,Property,411809,193.68,2020-02-25,2026-03-01,Quarterly,Active,CUST78768706,,
POL53680608,Health,144409,1054.88,2018-01-22,2020-11-29,Monthly,Active,CUST54360382,,
POL13181377,Life,15079,266.76,2016-06-15,2022-10-24,Monthly,Terminated,CUST40230825,,
POL15636653,Life,449757,664.52,2018-02-25,2027-02-09,Quarterly,Lapsed,CUST00800509,,
POL44476991,Auto,320358,1308.3,2021-04-26,2028-04-09,Annually,Lapsed,CUST38994996,,
POL30619857,Life,211009,1866.68,2019-08-09,2021-02-02,Monthly,Lapsed,CUST39549313,,
POL23970822,Auto,20813,381.55,2022-11-11,2025-02-09,Annually,Lapsed,CUST59814160,,
POL61725675,Auto,372896,1593.4,2017-01-24,2023-05-16,Annually,Active,CUST32700823,,
POL11516583,Property,461878,1089.63,2021-01-30,2025-10-30,Quarterly,Terminated,CUST86757499,,
POL27425814,Auto,354786,1148.92,2024-02-09,2033-04-22,Annually,Terminated,CUST21569193,,
POL49437324,Health,119754,334.83,2018-05-15,2021-01-19,Quarterly,Terminated,CUST10333438,,
POL12536451,Auto,125813,400.43,2020-03-11,2024-11-24,Quarterly,Active,CUST36410265,,
POL84291987,Health,190984,526.26,2015-04-15,2024-08-03,Annually,Active,CUST11534201,,
POL32942067,Property,76418,615.14,2017-12-22,2024-03-29,Quarterly,Lapsed,CUST17315573,,
POL15886204,Health,241141,760.43,2024-01-24,2030-11-11,Quarterly,Active,CUST12138426,,
POL29858612,Health,95399,174.61,2020-04-15,2023-12-09,Annually,Lapsed,CUST72604656,,
POL78513544,Health,346998,725.51,2019-05-05,2023-12-21,Annually,Terminated,CUST29392769,,
POL47222103,Auto,224689,1226.1,2017-03-06,2023-08-21,Monthly,Active,CUST41536787,,
POL25708156,Auto,251787,409.22,2021-07-06,2028-06-24,Quarterly,Lapsed,CUST55580606,,
POL41605006,Auto,106927,996.52,2019-03-27,2025-09-23,Annually,Active,CUST97427667,,
POL25794151,Health,288305,1770.86,2024-10-05,2033-02-19,Annually,Active,CUST05701299,,
POL75540698,Auto,273675,869.46,2020-05-03,2030-02-12,Monthly,Terminated,CUST89386367,,
POL79812576,Life,203645,443.85,2021-04-11,2023-10-24,Quarterly,Active,CUST75285468,,
POL96627466,Auto,108422,1742.75,2022-08-19,2027-03-25,Monthly,Lapsed,CUST93604597,,
POL18134493,Property,149858,594.4,2017-04-26,2019-04-13,Annually,Lapsed,CUST97879695,,
POL76432131,Property,243232,420.1,2023-02-20,2032-05-20,Quarterly,Active,CUST64208709,,
POL79051924,Auto,389519,1644.77,2016-12-16,2022-04-18,Annually,Terminated,CUST01188304,,
POL90691357,Auto,192026,1653.4,2016-07-30,2024-04-19,Annually,Terminated,CUST24728723,,
POL28778471,Property,24611,275.61,2015-07-04,2024-01-18,Monthly,Active,CUST75890768,,
POL73016380,Health,23008,448.1,2021-09-28,2029-12-26,Annually,Active,CUST62423574,,
POL53374047,Auto,354323,727.84,2018-06-03,2022-03-11,Monthly,Terminated,CUST82268881,,
POL73225608,Property,35404,959.48,2023-12-05,2026-03-22,Annually,Lapsed,CUST56310283,,
POL96974246,Auto,145418,584.98,2020-11-09,2023-03-04,Annually,Terminated,CUST37116790,,
POL14924574,Property,203691,1048.3,2022-10-03,2030-08-04,Annually,Lapsed,CUST48069749,,
POL42903965,Health,320190,1233.73,2018-01-28,2025-04-27,Quarterly,Lapsed,CUST45193864,,
POL95960706,Auto,118176,437.81,2017-04-07,2026-10-02,Monthly,Lapsed,CUST63054181,,
POL61950574,Life,434186,1697.96,2015-03-19,2021-02-07,Annually,Active,CUST73260643,,
POL08851218,Health,363167,1840.6,2015-02-18,2018-08-07,Annually,Terminated,CUST58169296,,
POL89077589,Life,128023,711.66,2015-08-01,2018-08-01,Quarterly,Active,CUST60827888,,
POL21637751,Life,127111,1619.12,2017-01-28,2025-11-21,Monthly,Lapsed,CUST14953772,,
POL20698881,Auto,465629,703.94,2021-04-28,2025-05-08,Quarterly,Terminated,CUST25249967,,
POL55748934,Life,248600,1851.48,2018-01-25,2023-05-22,Quarterly,Active,CUST67050803,,
POL95603214,Health,105129,1506.25,2022-03-12,2030-05-21,Monthly,Terminated,CUST02991127,,
POL97852810,Auto,233743,504.36,2020-01-13,2023-12-06,Annually,Terminated,CUST48484204,,
POL95259508,Health,266928,402.22,2020-03-08,2028-09-26,Monthly,Lapsed,CUST06619029,,
POL70372456,Life,252288,1619.45,2019-09-13,2027-09-04,Quarterly,Active,CUST57393366,,
POL78473646,Life,448589,839.87,2020-03-22,2026-06-10,Monthly,Terminated,CUST75033036,,
POL81550647,Auto,483324,1442.01,2015-04-15,2021-02-19,Annually,Lapsed,CUST20570615,,
POL95538571,Life,349214,982.72,2022-05-05,2030-05-09,Annually,Lapsed,CUST80027772,,
POL54792632,Auto,102393,619.24,2021-09-24,2028-05-08,Annually,Terminated,CUST41234558,,
POL51614389,Life,315957,640.54,2019-12-04,2022-05-08,Annually,Lapsed,CUST93219353,,
POL93746729,Auto,233330,566.47,2019-09-26,2028-07-18,Quarterly,Terminated,CUST41499971,,
POL39986645,Life,438758,1831.24,2016-08-27,2022-08-16,Annually,Lapsed,CUST51161231,,
POL63446191,Life,231145,1785.54,2018-10-12,2023-10-23,Monthly,Lapsed,CUST31991535,,
POL90621293,Life,238288,1788.91,2018-06-17,2024-02-19,Quarterly,Lapsed,CUST53915256,,
POL06557000,Life,325423,324.38,2024-01-23,2026-05-15,Monthly,Terminated,CUST80574300,,
POL74630196,Property,416632,1651.89,2019-05-08,2021-11-04,Annually,Active,CUST08971725,,
POL80607251,Life,104660,1523.92,2024-09-15,2031-03-22,Annually,Active,CUST27802022,,
POL84317936,Life,90470,482.56,2018-08-16,2023-04-11,Monthly,Active,CUST90193495,,
POL61335300,Property,270272,1462.7,2024-07-27,2026-01-01,Annually,Terminated,CUST86884109,,
POL32975893,Property,127790,896.74,2016-12-22,2025-04-20,Monthly,Terminated,CUST65082489,,
POL37847781,Property,79464,1943.03,2017-11-17,2019-05-19,Quarterly,Active,CUST14814883,,
POL29305592,Health,244213,627.28,2016-04-20,2024-09-12,Monthly,Lapsed,CUST50493367,,
POL43533359,Life,82747,1548.49,2022-11-28,2028-04-18,Monthly,Active,CUST10203071,,
POL94321832,Health,268153,1883.84,2015-12-11,2019-09-01,Annually,Lapsed,CUST35524650,,
POL97197934,Life,36210,688.06,2023-01-28,2028-06-06,Annually,Lapsed,CUST34792290,,
POL87154495,Health,305523,163.99,2015-07-24,2022-03-31,Monthly,Active,CUST43515933,,
POL12471063,Property,97801,814.61,2021-12-01,2026-03-06,Annually,Active,CUST41476976,,
POL15278197,Life,193448,525.1,2021-08-29,2023-03-11,Monthly,Lapsed,CUST60126456,,
POL07509618,Auto,286271,400.12,2019-05-20,2027-03-21,Quarterly,Lapsed,CUST30426757,,
POL82016751,Health,213229,1454.12,2021-07-15,2025-11-17,Monthly,Active,CUST12934355,,
POL87297483,Life,342750,196.43,2023-02-14,2024-03-15,Annually,Active,CUST33463783,,
POL93996885,Health,96923,761.59,2019-11-05,2028-05-23,Quarterly,Terminated,CUST35227808,,
POL96567148,Auto,315117,856,2016-03-04,2017-10-24,Monthly,Lapsed,CUST23797730,,
POL71968618,Property,357546,958.26,2016-08-11,2019-01-22,Annually,Active,CUST49064657,,
POL23145476,Health,65899,854.47,2023-04-18,2031-11-29,Annually,Lapsed,CUST48384816,,
POL01386021,Property,376086,1736.8,2021-12-14,2030-02-05,Annually,Terminated,CUST28361361,,
POL23294354,Health,174699,1345.75,2023-10-24,2029-12-06,Quarterly,Active,CUST60275705,,
POL33326034,Property,382851,798.8,2021-10-31,2025-01-18,Monthly,Active,CUST68652559,,
POL94564854,Auto,305272,200.24,2019-02-18,2023-01-23,Annually,Lapsed,CUST87110325,,
POL60645383,Property,472836,1986.23,2021-10-14,2027-11-17,Annually,Active,CUST54440441,,
POL15598942,Life,425640,1339.2,2022-07-13,2032-06-14,Monthly,Active,CUST69367329,,
POL43061696,Property,356773,1529.24,2015-01-11,2021-08-06,Annually,Lapsed,CUST85929334,,
POL29030221,Health,206627,1434.07,2020-01-23,2025-12-08,Annually,Lapsed,CUST43290947,,
POL38108331,Life,37379,523.95,2019-02-28,2024-11-09,Annually,Lapsed,CUST38232094,,
POL39644432,Health,107184,968.76,2017-05-07,2027-04-24,Monthly,Active,CUST83956868,,
POL89576605,Auto,132676,1420.95,2021-05-12,2023-04-12,Quarterly,Active,CUST98331725,,
POL02588835,Property,443016,1891.02,2021-11-13,2026-03-21,Monthly,Active,CUST08272758,,
POL64841687,Life,86172,1730.32,2015-09-10,2017-07-20,Quarterly,Lapsed,CUST19435664,,
POL42043650,Health,205410,1675.08,2021-12-12,2028-02-17,Quarterly,Active,CUST21895219,,
POL62636182,Life,386422,284.09,2018-02-21,2024-01-16,Quarterly,Lapsed,CUST47696408,,
POL27279632,Property,186180,317.11,2020-12-04,2029-10-26,Monthly,Lapsed,CUST61552560,,
POL70823691,Life,484471,534.7,2020-01-21,2029-02-07,Annually,Lapsed,CUST85393599,,
POL96336690,Health,146583,1962.48,2020-12-19,2028-07-20,Quarterly,Lapsed,CUST56456814,,
POL61653642,Auto,409870,1807.75,2015-05-09,2019-02-19,Quarterly,Active,CUST94011019,,
POL80552860,Auto,114424,373.86,2022-11-12,2028-02-07,Monthly,Lapsed,CUST02840694,,
POL59968630,Life,223758,1337.53,2023-11-27,2030-03-09,Annually,Lapsed,CUST50916985,,
POL88583388,Health,242935,119.75,2019-12-11,2025-08-20,Quarterly,Terminated,CUST11095679,,
POL59915049,Health,314014,1921.71,2021-08-07,2023-09-12,Monthly,Terminated,CUST78768706,,
POL17484037,Property,44958,787.18,2022-07-19,2027-04-23,Monthly,Active,CUST55319324,,
POL84705908,Property,488711,1653.03,2024-11-21,2031-03-15,Quarterly,Terminated,CUST04526090,,
POL89513880,Property,362517,890.53,2017-09-11,2026-03-21,Annually,Terminated,CUST71549116,,
POL97001754,Property,190590,994.77,2015-04-30,2025-03-24,Monthly,Lapsed,CUST71945509,,
POL51514265,Health,188313,446.92,2022-09-14,2031-12-20,Annually,Active,CUST22618142,,
POL66621880,Life,109785,299.57,2021-06-21,2025-12-21,Annually,Lapsed,CUST42357086,,
POL21697182,Auto,439945,1225.49,2024-07-16,2030-09-07,Annually,Terminated,CUST97543920,,
POL21259654,Health,49237,876.68,2015-06-22,2023-12-02,Quarterly,Active,CUST78772673,,
POL08580196,Health,231407,1226.98,2015-12-02,2021-12-24,Quarterly,Lapsed,CUST85322984,,
POL63731012,Auto,151577,1779.07,2022-02-22,2030-09-11,Annually,Lapsed,CUST46665089,,
POL78271323,Life,29594,1794.44,2022-05-17,2030-05-06,Quarterly,Lapsed,CUST76347079,,
POL48926274,Auto,10158,592.63,2022-06-28,2026-09-19,Quarterly,Terminated,CUST66496256,,
POL99664598,Auto,225964,1309.06,2018-09-24,2028-03-20,Annually,Active,CUST30426757,,
POL20384996,Property,52242,1447.54,2024-11-14,2032-04-02,Annually,Terminated,CUST48852582,,
POL54693555,Auto,340956,227.33,2018-05-07,2027-06-21,Monthly,Lapsed,CUST55602929,,
POL70838123,Property,364001,754.97,2021-03-23,2027-01-07,Quarterly,Active,CUST36491171,,
POL68176363,Property,358290,1467.44,2015-09-09,2021-01-23,Annually,Active,CUST02632156,,
POL95217332,Auto,277988,952.3,2024-01-12,2033-01-01,Monthly,Active,CUST41151561,,
POL34252252,Auto,462879,931.02,2021-02-28,2024-09-27,Quarterly,Terminated,CUST95846994,,
POL37389130,Health,495408,1578.53,2017-06-04,2023-11-11,Annually,Lapsed,CUST50891319,,
POL07659221,Health,204966,1530.78,2022-10-28,2032-10-02,Monthly,Active,CUST21270152,,
POL09607318,Auto,389231,1470.8,2021-09-10,2023-07-20,Annually,Active,CUST74721036,,
POL70067654,Property,491016,540.19,2017-04-09,2024-03-17,Annually,Lapsed,CUST86319543,,
POL16952291,Life,341188,1908.97,2016-08-11,2018-07-24,Monthly,Active,CUST00961403,,
POL17608599,Life,484496,620.59,2020-08-06,2029-11-08,Monthly,Terminated,CUST13863991,,
POL32615380,Property,93417,1770.01,2015-04-01,2020-06-01,Quarterly,Terminated,CUST65986981,,
POL55902077,Property,368371,140.25,2018-11-26,2026-07-13,Annually,Lapsed,CUST62222602,,
POL43919084,Life,190835,358.15,2024-09-30,2031-07-24,Quarterly,Active,CUST58198958,,
POL13714686,Life,154228,1075.21,2015-06-03,2021-05-06,Monthly,Lapsed,CUST40414965,,
POL24379753,Property,215948,1547.87,2018-05-19,2023-10-06,Annually,Lapsed,CUST03277806,,
POL37273057,Life,120055,1572.87,2018-05-31,2026-06-30,Monthly,Terminated,CUST42524771,,
POL93648130,Health,182416,409.38,2021-12-24,2028-12-27,Quarterly,Terminated,CUST60955477,,
POL55835566,Health,148809,483.79,2022-12-28,2029-06-26,Quarterly,Terminated,CUST71493124,,
POL92681233,Life,58063,965.23,2021-01-25,2030-08-15,Quarterly,Active,CUST41171867,,
POL93664406,Property,328201,1595.83,2017-07-09,2023-01-17,Annually,Active,CUST18584565,,
POL41653230,Life,126041,1533.53,2020-06-08,2029-02-10,Annually,Active,CUST37520176,,
POL21555765,Life,180460,1524.1,2017-09-24,2026-09-26,Quarterly,Active,CUST33599055,,
POL95423471,Property,417348,1426.38,2018-09-29,2026-04-23,Annually,Active,CUST14150053,,
POL11213350,Life,160085,1191.83,2016-09-13,2023-04-22,Quarterly,Active,CUST31962963,,
POL96199552,Property,130428,1840.32,2018-10-02,2020-07-01,Quarterly,Active,CUST61341413,,
POL87403086,Health,285757,541.77,2015-02-17,2019-12-14,Monthly,Active,CUST15843494,,
POL89758388,Health,121172,1599.34,2015-09-13,2018-06-08,Monthly,Terminated,CUST13870195,,
POL85601999,Auto,29765,263.24,2015-04-18,2022-06-21,Annually,Lapsed,CUST07634471,,
POL50872071,Property,413152,301.19,2023-01-10,2027-04-23,Quarterly,Lapsed,CUST09318482,,
POL23271527,Auto,189415,1554.78,2016-12-20,2019-04-18,Quarterly,Active,CUST63892605,,
POL75284988,Property,224775,1629.02,2019-08-02,2025-06-21,Annually,Terminated,CUST67865574,,
POL51039104,Property,409039,959.04,2021-11-25,2031-11-10,Quarterly,Terminated,CUST79493853,,
POL15247636,Health,152843,1522.73,2022-11-09,2027-09-10,Monthly,Terminated,CUST57624902,,
POL12056494,Health,368939,1234.73,2023-12-01,2026-07-27,Annually,Terminated,CUST09520022,,
POL21096529,Health,301339,692.05,2019-08-23,2025-01-01,Annually,Lapsed,CUST80113302,,
POL29704529,Auto,88933,591.72,2022-09-26,2030-07-09,Quarterly,Terminated,CUST88078329,,
POL22522651,Life,454864,902.24,2016-06-11,2025-05-27,Monthly,Terminated,CUST74308770,,
POL40155736,Property,367753,1513.81,2018-06-09,2027-11-13,Annually,Lapsed,CUST97414795,,
POL29470118,Health,217595,1725.25,2021-12-24,2029-01-27,Quarterly,Terminated,CUST66865870,,
POL87445905,Health,436355,227.32,2022-05-21,2029-03-22,Annually,Lapsed,CUST34878216,,
POL02926047,Life,260144,601.39,2022-02-09,2027-03-02,Annually,Terminated,CUST06619029,,
POL65656910,Auto,46419,507.22,2022-01-07,2025-05-06,Quarterly,Active,CUST57393366,,
POL71504244,Life,454984,767.48,2023-02-05,2027-10-21,Quarterly,Lapsed,CUST37759234,,
POL27988636,Auto,357827,665.5,2021-04-16,2030-10-18,Monthly,Terminated,CUST42299913,,
POL40320596,Life,187611,1968.05,2017-03-14,2024-04-16,Annually,Lapsed,CUST40653183,,
POL07215641,Auto,428413,1791.64,2022-07-26,2029-04-19,Monthly,Active,CUST18666306,,
POL47838215,Health,291264,1022.45,2023-08-20,2025-01-03,Annually,Terminated,CUST94208610,,
POL10731593,Auto,78854,1021.5,2019-01-09,2020-11-21,Quarterly,Terminated,CUST48026120,,
POL92218615,Auto,417021,159.42,2017-09-10,2027-07-02,Annually,Active,CUST86117199,,
POL37666205,Auto,317182,1062.01,2016-10-14,2021-11-11,Quarterly,Terminated,CUST77768999,,
POL69427919,Life,461077,1717.02,2017-04-21,2027-03-19,Quarterly,Active,CUST58901594,,
POL29993228,Life,367540,1899.39,2016-06-02,2019-05-29,Monthly,Active,CUST65119083,,
POL65599191,Auto,36776,749.06,2019-05-05,2022-06-21,Annually,Lapsed,CUST67573322,,
POL77181254,Auto,303174,1743.38,2020-01-27,2024-12-16,Quarterly,Lapsed,CUST92152238,,
POL86063737,Property,336469,707.23,2014-12-23,2024-10-29,Quarterly,Active,CUST00283741,,
POL32797362,Property,187472,801.24,2017-10-31,2025-09-21,Quarterly,Active,CUST22414349,,
POL55669531,Health,297884,1439.75,2015-06-05,2025-03-26,Annually,Lapsed,CUST84918429,,
POL46471813,Auto,112302,1624.98,2015-01-04,2024-07-10,Annually,Active,CUST18058514,,
POL88939941,Health,474442,1470.83,2015-06-22,2019-07-11,Monthly,Terminated,CUST48911938,,
POL64074481,Auto,110798,278.17,2017-10-19,2025-05-09,Monthly,Lapsed,CUST81943675,,
POL21075384,Auto,210824,1350.19,2019-06-19,2027-09-15,Monthly,Terminated,CUST02132590,,
POL08139860,Health,18589,188.82,2015-08-23,2023-08-01,Monthly,Lapsed,CUST96078239,,
POL55647153,Auto,434600,1653.79,2016-05-17,2018-06-24,Annually,Lapsed,CUST84437642,,
POL28972573,Health,133526,166.04,2019-03-02,2024-11-19,Annually,Lapsed,CUST87110325,,
POL10536970,Health,408052,1931.47,2018-06-06,2023-08-28,Monthly,Active,CUST20843296,,
POL81591533,Property,304758,940.78,2023-08-15,2032-06-11,Monthly,Terminated,CUST65839668,,
POL02394133,Property,427818,1146.64,2020-05-06,2029-04-30,Monthly,Lapsed,CUST25522129,,
POL19065185,Property,209650,780.99,2018-07-17,2021-12-01,Monthly,Terminated,CUST00812258,,
POL00505647,Auto,171619,821.53,2022-12-03,2031-09-10,Quarterly,Active,CUST94208610,,
POL77615457,Health,187878,154.09,2023-05-28,2028-11-28,Quarterly,Active,CUST10537452,,
POL74071022,Life,422718,1732.46,2015-09-24,2024-06-25,Annually,Terminated,CUST65129370,,
POL41379408,Life,317899,793.35,2023-08-19,2031-02-22,Monthly,Active,CUST44038518,,
POL12475138,Health,259765,716.72,2016-04-19,2025-03-02,Monthly,Active,CUST99294379,,
POL74496346,Auto,121325,831.63,2019-06-29,2026-08-09,Monthly,Lapsed,CUST91567525,,
POL04837231,Life,186667,1457.55,2020-02-08,2021-07-26,Monthly,Terminated,CUST71340569,,
POL05660651,Life,179797,693.36,2016-11-10,2022-05-18,Quarterly,Terminated,CUST86775842,,
POL89719894,Property,153308,1230.15,2016-10-02,2025-11-07,Quarterly,Lapsed,CUST78565117,,
POL96170199,Auto,469571,713.2,2021-03-17,2026-06-26,Monthly,Terminated,CUST73332147,,
POL41060251,Life,425808,1502.7,2023-09-30,2031-04-28,Quarterly,Active,CUST94455292,,
POL18868459,Auto,339906,1697.45,2021-03-12,2023-06-24,Quarterly,Active,CUST93210567,,
POL32621380,Property,474120,1197.11,2016-07-23,2020-10-21,Monthly,Terminated,CUST83014142,,
POL40612562,Property,347278,1842.62,2020-06-21,2029-01-25,Annually,Terminated,CUST05954822,,
POL08724015,Property,292917,1135.41,2015-08-09,2021-01-10,Monthly,Terminated,CUST98943476,,
POL50628119,Auto,366883,1763.95,2016-05-22,2021-01-01,Quarterly,Lapsed,CUST90250475,,
POL14320642,Health,434475,849.85,2021-04-05,2023-09-13,Monthly,Terminated,CUST02670157,,
POL76419582,Health,86525,1978.07,2020-12-21,2026-11-03,Monthly,Terminated,CUST54167728,,
POL41060024,Auto,106633,386.73,2015-05-12,2022-12-13,Annually,Lapsed,CUST35801046,,
POL26018976,Property,483116,1004.33,2017-04-10,2026-11-16,Quarterly,Terminated,CUST48411549,,
POL64571358,Life,495638,751.36,2018-03-18,2025-03-07,Annually,Active,CUST69367329,,
POL48601537,Health,343946,868.26,2020-12-15,2030-05-07,Monthly,Terminated,CUST47407023,,
POL42310944,Life,23785,115.5,2018-04-21,2019-08-14,Annually,Lapsed,CUST02670157,,
POL69162371,Life,472506,403.53,2024-09-12,2029-07-27,Annually,Lapsed,CUST83673214,,
POL01286767,Health,397898,337.55,2018-06-23,2027-03-25,Annually,Active,CUST20926526,,
POL64810571,Property,278139,203.09,2024-09-10,2026-08-23,Quarterly,Terminated,CUST57866509,,
POL89122177,Auto,57523,328.63,2023-12-24,2029-06-05,Annually,Active,CUST55190857,,
POL79694527,Property,389760,674.1,2024-09-22,2029-01-16,Quarterly,Lapsed,CUST83175784,,
POL69697487,Property,117014,1025.56,2022-10-25,2025-09-05,Monthly,Active,CUST05146543,,
POL03258103,Property,488317,1436.88,2015-05-22,2017-03-28,Quarterly,Terminated,CUST15783123,,
POL60442059,Health,422330,1823.22,2015-07-16,2016-08-11,Annually,Terminated,CUST20186186,,
POL42381985,Life,357231,870.77,2024-10-01,2034-04-05,Monthly,Active,CUST70030309,,
POL18573494,Property,58085,677.24,2021-01-27,2027-04-26,Quarterly,Terminated,CUST86161063,,
POL26556756,Property,96616,1431.85,2019-02-01,2027-07-06,Monthly,Lapsed,CUST64486961,,
POL41122818,Health,27196,480.29,2024-05-02,2034-02-20,Annually,Terminated,CUST39372490,,
POL51196030,Life,329806,1619.83,2019-05-29,2021-09-14,Monthly,Terminated,CUST69731918,,
POL22971583,Property,493578,467.87,2016-06-10,2018-05-23,Annually,Terminated,CUST89587423,,
POL83860935,Health,441544,1444.84,2023-11-23,2028-04-24,Quarterly,Lapsed,CUST34161000,,
POL50249567,Auto,352001,1313.91,2023-11-21,2028-11-08,Annually,Lapsed,CUST55058209,,
POL14375440,Property,279839,601.2,2017-06-21,2025-02-17,Quarterly,Lapsed,CUST06586563,,
POL30790566,Life,418718,1800.06,2016-11-05,2025-07-04,Quarterly,Lapsed,CUST90085877,,
POL29207851,Property,405211,1541.28,2022-06-29,2024-03-07,Annually,Lapsed,CUST38219892,,
POL06264444,Health,479087,1692.09,2023-09-20,2030-04-15,Annually,Terminated,CUST59843637,,
POL40546562,Auto,307995,995.65,2022-03-24,2027-01-24,Annually,Active,CUST81763178,,
POL54888103,Health,199156,308.47,2019-12-05,2025-09-10,Quarterly,Lapsed,CUST43397937,,
POL10270922,Life,328451,303.76,2017-09-15,2025-04-30,Monthly,Active,CUST62622700,,
POL00988998,Property,463057,682.35,2023-12-05,2029-05-25,Annually,Terminated,CUST24728723,,
POL38068729,Health,60871,1688.58,2015-02-24,2020-05-20,Quarterly,Terminated,CUST87100488,,
POL59133003,Life,466110,1586.83,2020-09-06,2025-07-22,Monthly,Lapsed,CUST48516544,,
POL75460780,Life,193782,1677.06,2022-11-08,2028-01-19,Quarterly,Active,CUST12695089,,
POL27371029,Property,71833,1796.87,2021-07-31,2030-04-06,Annually,Lapsed,CUST58637584,,
POL23926738,Property,73797,671.87,2023-01-02,2028-01-31,Monthly,Terminated,CUST13190567,,
POL70529223,Health,279293,882.97,2021-02-25,2026-05-24,Monthly,Active,CUST87762807,,
POL37551406,Auto,275582,508.35,2024-09-11,2030-01-07,Annually,Active,CUST78842949,,
POL32023528,Health,109968,416.02,2020-10-17,2024-08-12,Monthly,Terminated,CUST74741673,,
POL72160621,Life,262316,821.02,2020-06-04,2030-04-30,Annually,Active,CUST57245490,,
POL06742969,Life,226933,1669.74,2023-06-24,2032-12-21,Monthly,Active,CUST47260887,,
POL96459344,Health,270616,978.86,2020-03-28,2029-09-27,Quarterly,Active,CUST16049233,,
POL39463277,Property,428767,683.64,2016-07-25,2024-02-22,Monthly,Active,CUST36740300,,
POL94843890,Auto,286047,729.58,2019-12-26,2022-05-27,Quarterly,Active,CUST29327405,,
POL68032532,Health,126607,742.89,2021-05-06,2028-09-12,Monthly,Lapsed,CUST81236768,,
POL32652128,Property,482455,1747.91,2015-08-11,2022-11-22,Monthly,Active,CUST27098051,,
POL96157939,Property,151665,836.7,2023-11-14,2033-08-03,Annually,Terminated,CUST52540976,,
POL44693402,Property,356170,1023.35,2018-01-02,2022-02-16,Monthly,Terminated,CUST02497809,,
POL00574978,Auto,84763,1790.62,2021-07-21,2023-11-14,Annually,Active,CUST94110151,,
POL81088577,Auto,45981,555.6,2022-06-17,2028-07-02,Monthly,Lapsed,CUST97879695,,
POL87905050,Auto,161062,1976.75,2022-04-07,2026-07-14,Monthly,Active,CUST64207063,,
POL31410779,Property,258847,1353.73,2022-05-06,2028-01-28,Annually,Terminated,CUST42052844,,
POL68966328,Life,180266,1124.48,2018-03-06,2027-02-16,Annually,Active,CUST57146043,,
POL94833136,Life,105354,1597.45,2020-06-06,2025-04-22,Quarterly,Active,CUST95998610,,
POL89072031,Health,112852,1618.55,2017-11-20,2023-02-22,Monthly,Active,CUST41669791,,
POL27953445,Property,349655,292.8,2023-10-16,2030-01-04,Monthly,Active,CUST70990233,,
POL55696704,Health,246794,1466.29,2024-02-20,2026-12-27,Annually,Active,CUST91330063,,
POL65580473,Auto,478848,435.5,2016-11-05,2022-05-25,Monthly,Active,CUST44659975,,
POL94995920,Property,490357,1138.06,2019-08-18,2026-11-12,Annually,Lapsed,CUST55110150,,
POL61860863,Health,362113,366.91,2022-11-14,2026-10-18,Quarterly,Terminated,CUST92066305,,
POL76497051,Auto,109269,1763.24,2020-02-23,2029-12-23,Annually,Active,CUST79902753,,
POL43899916,Health,299422,444.4,2015-10-21,2019-02-07,Monthly,Lapsed,CUST08332979,,
POL07269775,Auto,347668,1885.27,2018-06-02,2021-10-02,Quarterly,Lapsed,CUST58139807,,
POL28055319,Property,39509,179.37,2015-01-02,2021-01-19,Quarterly,Lapsed,CUST14230434,,
POL88351498,Property,51865,458.47,2024-04-14,2033-09-15,Quarterly,Active,CUST39534997,,
POL06589548,Life,189839,1954.69,2020-09-25,2022-12-12,Monthly,Active,CUST78792705,,
POL62975381,Auto,210441,516.93,2017-03-05,2023-07-16,Annually,Terminated,CUST31917843,,
POL50109489,Property,207900,208.59,2022-11-16,2025-10-05,Quarterly,Active,CUST21955381,,
POL25608418,Property,43591,232.19,2017-04-30,2025-10-25,Monthly,Lapsed,CUST88488520,,
POL99316807,Property,478293,1305.11,2024-04-04,2034-02-23,Annually,Terminated,CUST10537452,,
POL92010461,Auto,491554,1255.67,2023-08-12,2025-02-04,Quarterly,Active,CUST98761322,,
POL50049784,Property,227416,1093.28,2016-10-12,2021-09-14,Annually,Lapsed,CUST58292065,,
POL33870558,Property,207023,1120.95,2018-03-12,2020-09-21,Annually,Lapsed,CUST82795942,,
POL43491977,Auto,434303,676.36,2023-07-20,2025-12-14,Quarterly,Active,CUST24053384,,
POL04292509,Life,56232,302.65,2015-05-30,2021-08-26,Quarterly,Active,CUST73631605,,
POL46854122,Life,494118,401.99,2015-09-10,2021-09-15,Monthly,Active,CUST99518405,,
POL72720820,Auto,383236,504.28,2018-02-17,2019-02-19,Monthly,Lapsed,CUST64434702,,
POL35635488,Life,24349,339,2022-01-06,2027-12-20,Monthly,Active,CUST42670563,,
POL07837542,Life,379020,1347.69,2024-05-20,2033-03-28,Monthly,Terminated,CUST50811332,,
POL36469659,Health,171488,1121.73,2017-05-02,2026-09-28,Annually,Active,CUST75160821,,
POL34373487,Property,484387,931.51,2017-12-04,2021-01-27,Annually,Active,CUST78008020,,
POL68508137,Health,105232,1803,2020-05-29,2028-05-23,Annually,Active,CUST05295044,,
POL02435283,Auto,118756,1648.25,2024-11-17,2029-11-18,Monthly,Terminated,CUST90354954,,
POL90026069,Auto,366249,1110.56,2015-10-01,2021-12-12,Annually,Lapsed,CUST11609663,,
POL73247469,Life,160117,932.34,2015-10-21,2020-05-12,Monthly,Terminated,CUST13919839,,
POL12707693,Health,219336,1936.98,2015-01-09,2021-05-01,Quarterly,Lapsed,CUST56036788,,
POL31865352,Auto,365511,1291.82,2020-12-04,2026-03-09,Monthly,Lapsed,CUST13939283,,
POL43817285,Life,342626,872.55,2019-09-24,2028-11-01,Annually,Lapsed,CUST77904230,,
POL31617311,Life,499973,805.03,2021-08-10,2022-12-19,Monthly,Active,CUST90954779,,
POL58266398,Life,336903,522.82,2023-09-24,2030-02-17,Monthly,Active,CUST05460288,,
POL94555399,Auto,144919,995.09,2020-11-02,2027-10-02,Quarterly,Lapsed,CUST51541773,,
POL65809589,Property,172968,1253.84,2024-07-02,2033-12-14,Annually,Terminated,CUST82989625,,
POL09199923,Auto,326199,1612.82,2024-06-05,2026-04-06,Monthly,Terminated,CUST72375451,,
POL18831547,Life,105048,1303.55,2022-08-29,2024-01-24,Monthly,Active,CUST45083995,,
POL51866369,Health,32379,1151.1,2017-09-17,2025-09-14,Annually,Lapsed,CUST25324242,,
POL08325136,Auto,408367,1889.21,2015-02-17,2021-07-27,Quarterly,Active,CUST65451880,,
POL66239036,Health,487321,1728.99,2020-11-10,2030-07-23,Annually,Lapsed,CUST17491662,,
POL76924114,Property,200474,1242.15,2022-04-17,2023-05-18,Quarterly,Lapsed,CUST66675757,,
POL28023746,Auto,324163,614.31,2019-10-23,2023-05-28,Annually,Terminated,CUST04882821,,
POL97255988,Property,313080,642.11,2020-09-09,2024-07-06,Quarterly,Lapsed,CUST81587742,,
POL52716316,Health,91618,581.97,2019-03-12,2023-11-08,Annually,Lapsed,CUST88370333,,
POL35246702,Life,291195,983.9,2016-12-27,2019-06-09,Annually,Lapsed,CUST32248638,,
POL83014329,Health,229711,1902.8,2023-04-17,2033-02-05,Monthly,Terminated,CUST87226319,,
POL43969785,Auto,298624,1682.07,2021-05-23,2027-09-09,Quarterly,Terminated,CUST07733586,,
POL80109772,Life,314644,1076.59,2016-08-19,2020-01-16,Annually,Lapsed,CUST83519125,,
POL51034988,Life,305255,1931.85,2021-07-23,2027-07-11,Annually,Lapsed,CUST21999455,,
POL33977553,Health,191301,1477.37,2018-07-11,2022-09-22,Annually,Active,CUST68477005,,
POL32232315,Auto,268592,644.96,2020-05-19,2025-04-23,Annually,Lapsed,CUST96672240,,
POL88297465,Health,184982,820.86,2024-02-24,2026-06-03,Annually,Terminated,CUST94676233,,
POL65886871,Auto,36478,935.37,2018-12-10,2023-12-18,Monthly,Lapsed,CUST03158868,,
POL29130191,Property,44191,822.2,2018-01-19,2023-04-16,Monthly,Active,CUST78329712,,
POL32660341,Property,139705,488.06,2019-07-19,2027-01-20,Quarterly,Active,CUST46665089,,
POL62023748,Property,322460,1151.61,2020-07-04,2023-01-27,Monthly,Active,CUST12272309,,
POL78823556,Property,462074,787.86,2018-08-20,2020-11-13,Annually,Lapsed,CUST40097802,,
POL55433362,Auto,60051,459.27,2022-03-18,2028-08-06,Annually,Active,CUST32539174,,
POL55190286,Life,305377,346.24,2019-09-28,2022-02-14,Monthly,Lapsed,CUST25385376,,
POL44326317,Health,36092,260.6,2016-02-14,2021-12-31,Annually,Lapsed,CUST20485481,,
POL79056359,Property,375516,1554.66,2017-08-09,2025-07-05,Quarterly,Terminated,CUST53920813,,
POL92452713,Auto,129171,200.29,2022-11-21,2029-11-28,Monthly,Lapsed,CUST56689252,,
POL20995178,Property,268526,621.11,2016-03-15,2018-08-05,Annually,Terminated,CUST03661198,,
POL64918904,Auto,385150,318.12,2019-08-04,2021-09-14,Monthly,Active,CUST60380938,,
POL32870839,Life,340244,1827.65,2023-08-07,2031-09-19,Annually,Lapsed,CUST69898712,,
POL69068296,Auto,15584,300.86,2016-03-08,2022-12-13,Annually,Terminated,CUST33662644,,
POL02135701,Health,466223,1787.45,2016-12-17,2025-09-06,Quarterly,Terminated,CUST04695158,,
POL99383000,Health,317953,1407.42,2022-06-11,2025-04-09,Quarterly,Lapsed,CUST44462533,,
POL81927332,Property,125901,865.77,2017-10-14,2022-04-05,Monthly,Terminated,CUST86198760,,
POL81678751,Health,241424,520.91,2022-12-07,2028-07-04,Monthly,Lapsed,CUST52409774,,
POL54732626,Property,208838,243.16,2019-01-16,2026-07-23,Monthly,Terminated,CUST26814026,,
POL63222732,Property,336355,674.98,2020-01-13,2023-06-17,Monthly,Terminated,CUST77141677,,
POL87674982,Health,465244,1880.14,2022-07-22,2025-02-05,Annually,Terminated,CUST65199597,,
POL02376824,Life,121073,1017,2024-11-19,2032-01-07,Monthly,Terminated,CUST36302095,,
POL90422168,Health,357187,606.97,2022-03-12,2031-08-26,Monthly,Active,CUST93219353,,
POL90242414,Life,197302,742.68,2018-01-03,2024-05-11,Annually,Active,CUST23610376,,
POL16838069,Life,495594,331.04,2021-05-27,2029-02-26,Monthly,Active,CUST61223740,,
POL96011634,Health,296345,165.98,2016-09-24,2020-01-27,Monthly,Active,CUST48783124,,
POL68446271,Life,396177,654.47,2023-09-30,2031-05-16,Monthly,Terminated,CUST81991546,,
POL03389075,Health,35457,1138.84,2015-08-06,2024-01-10,Monthly,Terminated,CUST81230725,,
POL27980219,Health,109058,955.45,2021-08-07,2022-09-03,Monthly,Terminated,CUST48852582,,
POL32547162,Property,345945,1029.32,2018-05-09,2027-02-27,Annually,Terminated,CUST57266820,,
POL05625856,Life,447980,1372.29,2021-12-07,2023-12-03,Quarterly,Lapsed,CUST85012007,,
POL66769688,Auto,273576,1533.31,2024-07-18,2031-12-13,Quarterly,Lapsed,CUST36352379,,
POL04791479,Health,81524,1510.45,2022-05-21,2031-09-16,Annually,Terminated,CUST97172366,,
POL73394070,Life,302252,708.81,2023-09-10,2033-04-10,Monthly,Lapsed,CUST74736426,,
POL03688805,Health,337146,186.09,2022-06-09,2026-08-09,Quarterly,Lapsed,CUST77764913,,
POL45324469,Health,393047,1992.81,2016-01-21,2020-12-13,Monthly,Active,CUST09267662,,
POL61430954,Property,465139,364.63,2018-01-07,2025-10-14,Quarterly,Lapsed,CUST10455345,,
POL83051800,Health,334480,1678.91,2019-11-10,2024-03-10,Quarterly,Active,CUST23990611,,
POL55660947,Health,346974,317.72,2018-05-11,2024-01-06,Monthly,Active,CUST53758771,,
POL03500501,Auto,10710,1594.68,2022-01-23,2029-08-10,Annually,Lapsed,CUST43223037,,
POL96527583,Property,290069,1401.55,2018-10-03,2025-04-19,Annually,Active,CUST09191986,,
POL53072470,Life,445131,1005.28,2023-01-27,2029-03-23,Quarterly,Active,CUST13939283,,
POL83180602,Health,180287,919.37,2021-06-23,2030-03-21,Quarterly,Lapsed,CUST26727935,,
POL98697477,Property,284388,967.99,2016-04-19,2024-12-14,Monthly,Active,CUST45352096,,
POL08242305,Property,363914,961.13,2017-07-31,2019-12-19,Quarterly,Active,CUST11391934,,
POL04929943,Auto,52050,174.22,2018-04-01,2021-05-22,Monthly,Active,CUST14718040,,
POL20158897,Health,475351,1905.03,2020-03-14,2027-05-10,Annually,Active,CUST83022384,,
POL35206157,Life,180587,1598.91,2017-07-30,2024-03-14,Annually,Lapsed,CUST09845524,,
POL12389694,Property,390092,639.76,2017-05-19,2019-05-28,Quarterly,Active,CUST61996964,,
POL22879421,Life,406295,266.93,2020-07-16,2023-09-06,Quarterly,Lapsed,CUST42191707,,
POL13079535,Health,136292,594.53,2016-07-01,2023-09-02,Quarterly,Terminated,CUST02717752,,
POL88358873,Health,30604,308.03,2015-01-01,2017-10-17,Monthly,Active,CUST78329712,,
POL84960859,Health,300735,466.83,2019-08-07,2023-12-14,Monthly,Terminated,CUST12138999,,
POL20769779,Property,475434,735.91,2020-03-02,2021-11-30,Annually,Lapsed,CUST43165625,,
POL71198375,Auto,52459,536.97,2015-08-11,2023-07-27,Monthly,Terminated,CUST76892770,,
POL26355059,Auto,274046,758.04,2023-01-03,2026-10-09,Monthly,Lapsed,CUST65104226,,
POL51258624,Health,316511,345.34,2018-05-09,2027-01-05,Monthly,Lapsed,CUST87535650,,
POL67611471,Property,116851,1756.86,2023-02-06,2029-10-21,Quarterly,Terminated,CUST09198200,,
POL87122586,Auto,498988,1518.79,2017-10-22,2024-04-15,Monthly,Terminated,CUST08037065,,
POL88929117,Health,421978,1452.42,2016-02-18,2024-07-21,Monthly,Terminated,CUST42299913,,
POL86890782,Life,43783,1963.9,2022-02-23,2025-09-29,Annually,Lapsed,CUST17544947,,
POL25662324,Auto,466326,534.18,2021-04-21,2029-10-31,Monthly,Lapsed,CUST85325622,,
POL78735988,Auto,269970,1992.58,2015-11-08,2018-07-20,Monthly,Lapsed,CUST27217730,,
POL35313589,Auto,33906,1590.78,2019-08-23,2025-01-13,Monthly,Lapsed,CUST15511549,,
POL87523514,Property,184011,1879.21,2023-03-10,2028-10-26,Monthly,Terminated,CUST44469656,,
POL05159511,Life,233084,175.09,2024-06-28,2031-11-04,Monthly,Active,CUST47882411,,
POL94744561,Health,55643,948.07,2017-12-01,2021-10-05,Monthly,Lapsed,CUST97427667,,
POL62805195,Auto,30519,1456.47,2017-08-26,2021-11-16,Annually,Active,CUST01839434,,
POL92268094,Health,132329,1593.02,2017-09-09,2024-10-15,Monthly,Active,CUST87428356,,
POL32398329,Life,202563,1932.68,2016-07-01,2019-11-03,Monthly,Terminated,CUST60555781,,
POL38398875,Property,295631,1825.98,2019-07-18,2029-05-24,Annually,Active,CUST85012007,,
POL13591287,Health,401829,317.73,2022-03-07,2028-11-12,Annually,Lapsed,CUST40417111,,
POL38734487,Health,318466,782.6,2016-12-24,2020-04-05,Annually,Active,CUST42048042,,
POL12885536,Property,409249,861.1,2020-03-21,2026-01-27,Quarterly,Active,CUST73404920,,
POL05706478,Life,16246,853.43,2018-01-25,2022-11-27,Quarterly,Active,CUST41234558,,
POL74477795,Auto,44903,1455.51,2017-03-24,2027-03-17,Monthly,Terminated,CUST77434602,,
POL01538534,Auto,439921,947.36,2024-02-07,2027-07-14,Monthly,Active,CUST12153504,,
POL47766482,Auto,328243,687.57,2023-02-21,2028-03-05,Quarterly,Lapsed,CUST08450980,,
POL52508066,Health,178513,1882.6,2024-03-17,2034-01-09,Quarterly,Lapsed,CUST24107438,,
POL50064948,Auto,302797,1813.49,2022-04-01,2030-05-17,Quarterly,Lapsed,CUST61338684,,
POL64331306,Health,274808,1979.36,2020-05-10,2025-09-24,Quarterly,Lapsed,CUST82378527,,
POL87933513,Health,372821,1471.38,2019-11-21,2029-02-16,Quarterly,Lapsed,CUST17931302,,
POL26384700,Health,360386,1188.44,2022-06-24,2025-07-04,Annually,Active,CUST96653745,,
POL92024159,Property,344558,1432.35,2023-05-01,2029-04-28,Quarterly,Lapsed,CUST84535664,,
POL09869400,Auto,67392,850.09,2017-04-22,2025-03-06,Quarterly,Terminated,CUST65424416,,
POL79617161,Property,96493,501.06,2020-05-27,2027-02-26,Annually,Active,CUST80277031,,
POL57718786,Auto,444649,1037.75,2016-10-28,2025-03-24,Annually,Active,CUST95377392,,
POL87258705,Property,20518,1096.84,2017-01-23,2022-07-17,Monthly,Active,CUST07379731,,
POL88392723,Auto,59428,1245.74,2023-08-03,2030-12-02,Annually,Lapsed,CUST91405420,,
POL29239310,Property,140100,1906.72,2024-12-19,2034-10-17,Quarterly,Active,CUST74110140,,
POL93108727,Life,326180,738.14,2019-07-04,2023-03-14,Annually,Lapsed,CUST54167728,,
POL98453237,Life,24264,1921.8,2017-04-19,2018-08-30,Quarterly,Lapsed,CUST39739918,,
POL77268137,Property,474856,1656.85,2019-12-15,2026-07-07,Quarterly,Terminated,CUST89128570,,
POL10292870,Health,389220,414.59,2024-10-11,2027-01-18,Monthly,Lapsed,CUST08016042,,
POL12826359,Property,29202,120.84,2015-09-26,2024-01-23,Annually,Terminated,CUST87082152,,
POL20325916,Life,199227,1936.47,2022-11-22,2032-02-23,Monthly,Active,CUST94440281,,
POL73952203,Auto,208841,1314.63,2022-11-25,2027-12-25,Annually,Active,CUST90206702,,
POL48606584,Health,31093,412.35,2023-01-22,2028-09-03,Annually,Lapsed,CUST90193495,,
POL53051476,Life,317111,859.47,2017-07-06,2023-01-19,Annually,Active,CUST28975795,,
POL86921629,Health,478679,105.21,2017-09-12,2027-05-21,Quarterly,Active,CUST69884309,,
POL76080858,Health,398680,925.6,2024-04-02,2029-04-08,Annually,Terminated,CUST50775418,,
POL14019439,Auto,243567,1915.69,2019-09-14,2029-08-08,Annually,Terminated,CUST82696043,,
POL30688000,Life,409381,1270.77,2016-07-18,2025-11-15,Monthly,Lapsed,CUST06278301,,
POL63085771,Health,265901,1822.68,2017-05-29,2022-08-10,Monthly,Terminated,CUST28614516,,
POL91208117,Life,148525,1172.94,2021-08-02,2023-07-05,Quarterly,Terminated,CUST82861470,,
POL77974715,Life,74576,1942.02,2016-11-23,2020-12-15,Quarterly,Lapsed,CUST81759154,,
POL74225904,Property,73249,1862.97,2021-12-12,2027-11-09,Annually,Lapsed,CUST32539174,,
POL50294961,Auto,36208,636.2,2019-02-01,2025-09-19,Monthly,Active,CUST98530322,,
POL12558722,Auto,28871,633.58,2015-03-20,2024-10-25,Quarterly,Terminated,CUST24967115,,
POL24029691,Life,72841,1364.59,2018-10-22,2021-03-30,Annually,Terminated,CUST68062513,,
POL45060689,Life,141772,236.5,2024-03-02,2025-04-19,Annually,Lapsed,CUST67171307,,
POL44856684,Health,233768,1432.59,2020-03-18,2026-09-04,Monthly,Terminated,CUST45352096,,
POL43615324,Property,439024,1855.76,2022-11-08,2025-04-21,Annually,Terminated,CUST41793765,,
POL10208981,Life,428624,1717.5,2023-05-15,2025-12-22,Monthly,Lapsed,CUST56207034,,
POL00380860,Health,293989,836.28,2018-11-27,2027-09-16,Annually,Active,CUST23871670,,
POL37533829,Health,19827,488.25,2015-03-05,2021-02-05,Annually,Active,CUST18907875,,
POL09975061,Property,232310,444.55,2022-02-17,2030-09-12,Annually,Terminated,CUST88304640,,
POL75133618,Property,392042,1612.72,2016-09-16,2026-01-10,Quarterly,Active,CUST75336004,,
POL11470668,Property,369012,847.4,2022-08-13,2024-11-26,Annually,Active,CUST03270522,,
POL98975002,Health,91463,1248.93,2021-11-22,2029-02-09,Quarterly,Active,CUST81108268,,
POL08392852,Health,61640,414.47,2015-06-09,2016-12-10,Quarterly,Terminated,CUST75673661,,
POL09390236,Health,481688,1473.99,2019-06-16,2027-05-26,Annually,Terminated,CUST21123855,,
POL12087237,Health,149894,367.99,2016-11-14,2025-12-11,Quarterly,Active,CUST93944423,,
POL16045417,Life,416496,1864.2,2019-03-04,2027-04-18,Annually,Terminated,CUST97931897,,
POL43090957,Property,303688,690.57,2024-07-15,2027-11-02,Annually,Lapsed,CUST95846994,,
POL76509626,Life,397571,1385.25,2023-08-04,2028-12-19,Quarterly,Lapsed,CUST78277888,,
POL56816582,Health,81051,135.1,2022-09-17,2025-11-28,Monthly,Lapsed,CUST40917837,,
POL06918749,Life,93833,1458.14,2015-09-15,2018-03-22,Quarterly,Terminated,CUST28914554,,
POL40620647,Auto,256991,293.57,2017-05-27,2020-09-17,Quarterly,Terminated,CUST30959100,,
POL82003427,Health,277822,852.44,2017-11-10,2025-09-02,Annually,Active,CUST85164739,,
POL02103764,Life,215747,1381.08,2024-10-01,2032-05-16,Annually,Active,CUST30421939,,
POL73302460,Auto,451522,203.43,2015-01-17,2018-11-04,Annually,Active,CUST71058064,,
POL36259700,Property,191574,1340.82,2020-12-07,2028-07-21,Quarterly,Lapsed,CUST54376410,,
POL61913458,Life,467818,1839.99,2019-07-17,2020-11-23,Quarterly,Active,CUST80460923,,
POL80932118,Health,340591,101.34,2024-01-11,2031-08-08,Monthly,Active,CUST62402125,,
POL12700129,Auto,123756,679.96,2019-10-28,2026-08-05,Monthly,Terminated,CUST37303935,,
POL18021070,Health,107603,953.03,2017-09-18,2027-02-16,Annually,Terminated,CUST48070910,,
POL02405593,Auto,157842,646.4,2022-03-03,2023-09-21,Monthly,Active,CUST07355992,,
POL15567639,Auto,430611,1217.19,2022-06-03,2031-04-24,Monthly,Terminated,CUST06732104,,
POL67846790,Auto,368679,998.6,2018-02-27,2021-10-14,Annually,Lapsed,CUST24435883,,
POL37350059,Auto,363340,1520.17,2022-03-23,2024-10-07,Annually,Active,CUST27713376,,
POL82338857,Property,298220,387.61,2019-06-29,2022-04-04,Annually,Terminated,CUST18520299,,
POL13670918,Property,16919,760.79,2019-12-21,2026-01-17,Quarterly,Lapsed,CUST18243812,,
POL56063267,Auto,372525,1393.22,2021-05-27,2030-12-27,Quarterly,Terminated,CUST14518344,,
POL44368624,Life,294377,348.96,2016-05-29,2021-02-02,Quarterly,Lapsed,CUST38807396,,
POL02047114,Health,86941,551.16,2016-01-30,2019-01-19,Annually,Terminated,CUST44835273,,
POL75081520,Auto,76406,1983.8,2021-02-11,2029-01-02,Quarterly,Terminated,CUST14751083,,
POL45182158,Property,316671,1262.32,2020-12-27,2029-01-08,Monthly,Active,CUST29646268,,
POL50099594,Auto,400900,710.92,2022-01-21,2028-05-14,Monthly,Terminated,CUST01781896,,
POL96765669,Auto,133884,1933,2020-08-06,2022-02-21,Quarterly,Terminated,CUST05460288,,
POL64668667,Property,287243,526.04,2017-04-16,2023-06-24,Quarterly,Lapsed,CUST21599544,,
POL35373090,Property,393650,1965.46,2022-04-26,2030-08-07,Monthly,Lapsed,CUST34161000,,
POL53589425,Property,460796,1525.14,2024-03-16,2030-11-23,Quarterly,Lapsed,CUST24465661,,
POL86998122,Auto,281301,1409.65,2017-09-23,2020-07-10,Quarterly,Active,CUST65020808,,
POL90865512,Health,401017,1554.95,2024-08-08,2032-10-02,Annually,Lapsed,CUST64486961,,
POL72509442,Auto,305537,1555.62,2015-11-11,2023-01-18,Quarterly,Active,CUST89207596,,
POL02314695,Life,81603,930.93,2020-02-19,2022-03-28,Quarterly,Lapsed,CUST40009068,,
POL80250763,Property,374942,616.38,2015-03-13,2016-12-31,Annually,Active,CUST77843488,,
POL60992687,Auto,77732,1301.63,2023-04-25,2025-04-01,Quarterly,Terminated,CUST75725514,,
POL69557850,Auto,30491,1483.41,2018-08-12,2022-01-10,Quarterly,Lapsed,CUST43829622,,
POL19053430,Health,263983,830.92,2016-04-26,2021-12-14,Quarterly,Terminated,CUST90954779,,
POL54750482,Life,140869,357.07,2016-04-29,2022-01-08,Annually,Active,CUST57011741,,
POL21071314,Auto,326207,918.84,2020-09-21,2030-05-16,Quarterly,Terminated,CUST88780782,,
POL35328184,Health,442172,1132.34,2017-05-10,2025-09-20,Quarterly,Terminated,CUST47460421,,
POL54335250,Health,229391,532.46,2015-10-27,2022-08-25,Monthly,Terminated,CUST77255216,,
POL90564475,Property,443738,998.62,2020-05-16,2022-03-24,Annually,Lapsed,CUST55656837,,
POL92223951,Health,467658,688.92,2024-06-25,2031-06-17,Monthly,Lapsed,CUST32157622,,
POL38583909,Life,349847,104.57,2021-10-23,2023-11-11,Monthly,Active,CUST13779414,,
POL70199824,Health,493574,1108.25,2024-07-24,2032-06-10,Annually,Active,CUST83770928,,
POL54562646,Auto,166485,1142.35,2023-09-16,2025-08-06,Monthly,Terminated,CUST76931679,,
POL04500233,Property,369903,1389.38,2015-02-23,2024-04-01,Quarterly,Terminated,CUST32886124,,
POL39602828,Life,143831,1662.18,2022-01-17,2029-03-18,Monthly,Active,CUST23714881,,
POL41295564,Property,113800,1228.33,2015-07-12,2023-07-11,Monthly,Active,CUST07578780,,
POL26280970,Life,471008,1127.76,2016-04-26,2017-11-26,Annually,Lapsed,CUST01173822,,
POL29164247,Life,79837,657.92,2020-07-10,2023-12-02,Monthly,Terminated,CUST06202125,,
POL72582020,Life,208495,857.96,2022-06-24,2027-05-24,Quarterly,Active,CUST53758771,,
POL42881568,Property,257485,1755.83,2016-06-30,2021-06-23,Quarterly,Terminated,CUST67528346,,
POL91869303,Property,50875,644.27,2019-04-11,2023-07-17,Annually,Active,CUST60185623,,
POL28303741,Auto,330208,1188.21,2024-11-25,2029-08-08,Annually,Active,CUST19220123,,
POL77829667,Property,108375,249.05,2015-04-08,2016-04-25,Quarterly,Terminated,CUST57666689,,
POL48994632,Auto,340398,1575.66,2018-11-13,2022-12-09,Quarterly,Lapsed,CUST24275546,,
POL83788113,Auto,124505,1009.53,2016-08-06,2025-02-14,Annually,Active,CUST13480810,,
POL26187162,Auto,78333,465.84,2017-01-19,2026-11-03,Monthly,Lapsed,CUST61594133,,
POL85357404,Property,476993,1530.37,2015-08-23,2018-02-17,Quarterly,Active,CUST50213050,,
POL84091621,Property,260211,115.53,2024-01-04,2030-09-27,Monthly,Lapsed,CUST97389020,,
POL17820094,Health,416339,1465.06,2024-01-22,2025-08-21,Quarterly,Lapsed,CUST37149471,,
POL57053022,Auto,78107,788.64,2015-01-02,2022-10-03,Annually,Terminated,CUST29466976,,
POL43650068,Life,131828,451.46,2019-07-27,2024-04-15,Quarterly,Terminated,CUST41234558,,
POL58297595,Property,444552,414.03,2021-01-25,2025-02-22,Quarterly,Terminated,CUST01241075,,
POL77901468,Auto,216117,1285.18,2020-08-06,2023-12-21,Monthly,Active,CUST27368820,,
POL70096611,Life,136951,1048.12,2022-03-07,2030-02-25,Annually,Lapsed,CUST85015707,,
POL40777572,Auto,266278,1503.92,2024-06-27,2025-12-01,Monthly,Terminated,CUST12138999,,
POL25507617,Auto,470770,729.82,2018-07-28,2023-09-16,Quarterly,Terminated,CUST30592090,,
POL03990592,Health,386542,904.46,2023-05-02,2027-08-30,Quarterly,Lapsed,CUST04637002,,
POL94885800,Life,354560,1395.06,2018-01-14,2027-07-02,Annually,Terminated,CUST86090168,,
POL11319886,Auto,364567,1476.71,2015-06-21,2018-08-09,Annually,Terminated,CUST74253851,,
POL68905887,Property,188112,874.69,2019-12-16,2025-05-07,Monthly,Lapsed,CUST21549816,,
POL71885722,Health,19738,612.88,2019-01-06,2025-04-24,Monthly,Active,CUST39765506,,
POL88263060,Health,123180,981.63,2019-10-23,2021-01-23,Monthly,Active,CUST27326515,,
POL62759282,Property,466384,1169.5,2022-05-28,2027-02-23,Monthly,Active,CUST33315844,,
POL28137827,Health,452579,1386.81,2017-12-03,2026-06-25,Annually,Lapsed,CUST88009581,,
POL70490457,Life,23919,1790.63,2022-09-26,2025-10-15,Quarterly,Terminated,CUST95624970,,
POL43307974,Health,271323,1698.48,2015-04-03,2018-03-06,Monthly,Active,CUST73991092,,
POL07189960,Property,335819,606.36,2021-07-14,2031-06-28,Annually,Lapsed,CUST24156688,,
POL39146398,Property,183008,301.4,2017-04-11,2023-08-03,Quarterly,Terminated,CUST02967545,,
POL18638801,Auto,17829,1372.07,2020-01-02,2029-09-14,Quarterly,Terminated,CUST50213050,,
POL72689625,Auto,403184,1464.56,2020-10-17,2027-01-24,Monthly,Active,CUST61013700,,
POL84725350,Property,497844,1937.89,2020-02-20,2029-11-02,Annually,Terminated,CUST77194234,,
POL03499634,Property,487062,1312.34,2020-09-06,2023-04-28,Quarterly,Lapsed,CUST39874161,,
POL17851408,Auto,254402,985.04,2016-09-28,2018-12-16,Annually,Lapsed,CUST55443847,,
POL77005390,Auto,174038,262.62,2016-12-31,2024-08-05,Quarterly,Active,CUST32248638,,
POL61605343,Property,190377,1058.14,2023-06-14,2026-10-26,Annually,Terminated,CUST81363233,,
POL29802186,Life,472712,1691.1,2019-05-08,2021-08-08,Monthly,Lapsed,CUST88742271,,
POL45349896,Health,497721,1968.25,2022-05-28,2024-06-28,Annually,Terminated,CUST89945576,,
POL48346440,Life,111293,1232.29,2020-03-26,2025-03-06,Annually,Lapsed,CUST89879124,,
POL01090154,Health,202194,142.04,2017-08-17,2022-12-05,Annually,Active,CUST03282774,,
POL82137065,Health,296763,1372.4,2016-10-03,2024-05-20,Annually,Terminated,CUST25249967,,
POL05710643,Life,466076,1711.82,2023-04-02,2028-01-30,Monthly,Lapsed,CUST01163085,,
POL21394556,Health,354142,514.76,2016-12-14,2025-09-20,Monthly,Active,CUST88564180,,
POL45259795,Life,451887,1888.65,2022-12-19,2029-10-14,Quarterly,Active,CUST61133269,,
POL07078838,Property,160515,568.61,2015-12-11,2018-07-22,Annually,Active,CUST32321186,,
POL29504674,Property,454215,834.49,2022-10-31,2030-06-06,Monthly,Active,CUST88875854,,
POL27444083,Property,213278,1158.21,2023-06-05,2028-03-21,Monthly,Lapsed,CUST46149552,,
POL93415185,Property,34964,493.03,2018-05-30,2020-01-28,Monthly,Terminated,CUST69641136,,
POL05606987,Health,13838,608.65,2019-09-17,2027-05-26,Annually,Terminated,CUST42009069,,
POL17258219,Property,65102,1413.19,2019-01-09,2026-08-07,Quarterly,Terminated,CUST36430516,,
POL81559306,Health,480267,1427.51,2020-08-31,2027-11-04,Quarterly,Active,CUST55128751,,
POL84309166,Life,472689,1050.63,2022-11-29,2027-06-04,Quarterly,Lapsed,CUST26374212,,
POL76387090,Property,108105,1444.38,2020-06-29,2027-09-27,Monthly,Terminated,CUST61053077,,
POL59492840,Life,114042,1232.13,2021-12-02,2023-12-23,Quarterly,Terminated,CUST52983993,,
POL59507009,Property,492679,1270.35,2017-03-14,2020-12-28,Monthly,Terminated,CUST12138426,,
POL22606184,Health,67530,1991.24,2022-12-22,2030-09-17,Monthly,Lapsed,CUST09634289,,
POL36583919,Life,389504,341.63,2020-01-25,2028-07-18,Annually,Lapsed,CUST36432590,,
POL88765284,Life,319994,1354.19,2021-03-14,2027-03-06,Quarterly,Terminated,CUST82716734,,
POL55061898,Auto,14224,1278.36,2018-02-27,2021-03-08,Annually,Lapsed,CUST90739739,,
POL38220056,Health,166032,1358.87,2016-11-16,2024-09-07,Quarterly,Active,CUST68676616,,
POL97128772,Auto,93036,1733.39,2022-03-25,2026-05-23,Monthly,Active,CUST16857555,,
POL21105419,Life,21912,298.93,2021-10-03,2024-08-05,Annually,Terminated,CUST30763587,,
POL98344452,Property,423685,819.63,2023-08-23,2029-07-07,Monthly,Active,CUST35315234,,
POL81202373,Health,248838,1305.72,2022-12-31,2024-07-17,Monthly,Lapsed,CUST83535400,,
POL50033315,Auto,352995,1801.21,2018-11-03,2021-02-16,Annually,Terminated,CUST96159281,,
POL71852289,Health,76222,1573.45,2018-12-16,2022-04-14,Annually,Lapsed,CUST92066305,,
POL63230640,Property,136832,1946.77,2018-03-07,2023-04-22,Quarterly,Terminated,CUST59334083,,
POL22280600,Life,393061,1804.96,2015-07-29,2017-12-27,Annually,Active,CUST45083995,,
POL82615987,Auto,99424,1092.09,2020-06-11,2026-03-16,Monthly,Lapsed,CUST60402466,,
POL13831480,Life,167375,1497.12,2023-01-09,2029-03-19,Monthly,Lapsed,CUST41319076,,
POL42604699,Life,232974,431.2,2020-10-28,2027-03-19,Monthly,Lapsed,CUST91097788,,
POL42477290,Auto,145283,1974.61,2015-09-03,2018-07-20,Quarterly,Terminated,CUST35324709,,
POL56451530,Life,241823,422.3,2024-07-22,2032-11-29,Monthly,Terminated,CUST96220731,,
POL94687907,Life,451819,1713.11,2024-03-08,2030-04-21,Quarterly,Active,CUST98301856,,
POL13287986,Property,234845,1942.82,2017-11-28,2018-12-11,Annually,Active,CUST71115981,,
POL47707892,Auto,115343,1031.95,2020-06-26,2024-03-24,Quarterly,Lapsed,CUST26322745,,
POL23175808,Health,284631,783.56,2019-09-27,2026-12-10,Annually,Terminated,CUST35677309,,
POL69533983,Property,210647,845.51,2016-05-13,2020-03-01,Monthly,Terminated,CUST67171307,,
POL41871042,Auto,192908,722.39,2022-01-29,2023-09-02,Annually,Terminated,CUST60423185,,
POL58901437,Auto,348879,1480.24,2018-09-03,2026-01-02,Monthly,Terminated,CUST03546088,,
POL15832827,Auto,238373,497.33,2023-06-23,2026-12-11,Quarterly,Active,CUST82139236,,
POL98885285,Health,214499,763.82,2019-11-19,2027-07-01,Annually,Terminated,CUST27713376,,
POL75752645,Life,336094,398.34,2020-03-05,2024-03-27,Monthly,Active,CUST53923029,,
POL66984423,Life,82000,170.51,2024-08-13,2031-10-25,Annually,Lapsed,CUST24464034,,
POL95029087,Health,361456,142.04,2021-12-04,2031-06-08,Monthly,Lapsed,CUST38787696,,
POL33528645,Life,427731,565.85,2019-04-22,2023-09-04,Quarterly,Terminated,CUST09899735,,
POL68879274,Health,425296,724.29,2021-09-25,2028-05-10,Quarterly,Lapsed,CUST03595954,,
POL66757828,Auto,462716,1295.83,2020-06-26,2024-03-09,Monthly,Terminated,CUST85912308,,
POL14873670,Property,179431,110.53,2022-10-06,2025-01-25,Quarterly,Active,CUST81462168,,
POL91903305,Auto,376246,1042.69,2020-10-25,2029-07-13,Quarterly,Terminated,CUST89597330,,
POL81452413,Health,98479,1658.58,2019-06-11,2021-02-18,Quarterly,Active,CUST42376640,,
POL77471080,Health,42871,1208.11,2021-07-30,2027-03-22,Monthly,Lapsed,CUST39617169,,
POL55161167,Health,477800,862.94,2019-09-19,2023-06-17,Monthly,Lapsed,CUST10876445,,
POL32721241,Health,282767,1426.71,2016-05-02,2021-02-20,Monthly,Lapsed,CUST65201495,,
POL58798776,Life,482131,1673.26,2020-10-21,2030-09-13,Annually,Terminated,CUST86816648,,
POL82130427,Property,138112,1475.06,2024-03-13,2027-03-11,Monthly,Active,CUST05440655,,
POL18274117,Auto,311211,1890.25,2016-08-16,2020-11-23,Quarterly,Lapsed,CUST96078765,,
POL55586584,Property,353158,181.83,2016-06-13,2023-06-22,Annually,Terminated,CUST69983756,,
POL57527902,Life,450766,1092.26,2015-09-01,2023-09-21,Quarterly,Lapsed,CUST00432697,,
POL89135747,Health,62048,1225.61,2018-04-18,2024-04-03,Monthly,Terminated,CUST27368820,,
POL68469433,Auto,435627,587.58,2015-12-08,2019-06-27,Quarterly,Lapsed,CUST71284835,,
POL14708909,Life,115106,1590.8,2023-09-28,2025-02-04,Quarterly,Lapsed,CUST51835889,,
POL44473237,Health,95247,217.64,2019-06-12,2022-01-29,Quarterly,Lapsed,CUST64728299,,
POL36097059,Health,29601,1582.54,2020-03-16,2023-10-28,Quarterly,Terminated,CUST78378678,,
POL13811589,Health,458446,648.36,2021-03-04,2030-04-12,Monthly,Terminated,CUST15337504,,
POL03870309,Auto,36256,562.97,2022-09-26,2028-08-20,Quarterly,Lapsed,CUST58068006,,
POL03461173,Life,229888,1893.78,2019-01-08,2025-07-04,Quarterly,Lapsed,CUST24728723,,
POL30800309,Property,379578,419.42,2020-02-26,2025-10-08,Quarterly,Lapsed,CUST51372892,,
POL04460141,Life,497685,1955.23,2024-01-15,2027-11-17,Monthly,Terminated,CUST14167476,,
POL70638902,Auto,486468,123.75,2020-10-04,2028-02-12,Annually,Terminated,CUST66417629,,
POL81437012,Auto,325785,180.09,2019-08-29,2020-11-15,Monthly,Lapsed,CUST45148477,,
POL75780288,Property,83609,1616.42,2018-11-17,2024-10-21,Annually,Active,CUST31812391,,
POL04195988,Health,278548,538.78,2023-09-09,2025-05-04,Annually,Lapsed,CUST19220123,,
POL23232364,Life,342881,1231.65,2019-01-19,2020-08-17,Monthly,Active,CUST54396483,,
POL74637013,Life,436569,1101.14,2022-03-14,2023-04-26,Annually,Active,CUST96215040,,
POL52466157,Auto,67600,1124.27,2023-04-12,2024-06-06,Annually,Lapsed,CUST02220651,,
POL04525744,Auto,379370,400.02,2021-01-10,2030-04-13,Annually,Terminated,CUST81996742,,
POL66023892,Auto,375835,127.31,2021-03-09,2027-01-16,Annually,Active,CUST69247703,,
POL12886983,Property,347364,1777.52,2023-08-22,2030-10-02,Annually,Active,CUST61807621,,
POL18969442,Auto,13050,1417.39,2023-10-27,2033-08-31,Annually,Active,CUST43023655,,
POL83650350,Property,174534,1278.41,2020-07-10,2028-10-30,Monthly,Lapsed,CUST98992009,,
POL97163250,Auto,153687,164.3,2018-03-01,2022-03-08,Quarterly,Lapsed,CUST60824429,,
POL97850012,Property,212629,1194.41,2022-01-13,2028-01-18,Monthly,Lapsed,CUST15751800,,
POL21436071,Life,310954,1289.57,2018-05-14,2022-08-16,Quarterly,Active,CUST69448912,,
POL38790391,Life,159038,897.86,2019-03-10,2020-07-02,Quarterly,Active,CUST94848993,,
POL36578852,Health,262934,1914.99,2024-10-02,2031-02-09,Monthly,Active,CUST09630360,,
POL20281612,Life,442906,1404.27,2020-02-29,2021-10-13,Monthly,Terminated,CUST42524771,,
POL59899170,Property,285162,1301.11,2018-03-15,2020-12-30,Quarterly,Lapsed,CUST60380938,,
POL21557513,Health,371208,767.85,2018-12-21,2025-08-29,Quarterly,Active,CUST51541773,,
POL89939976,Health,367300,546.2,2024-09-14,2031-07-10,Monthly,Lapsed,CUST17544947,,
POL07785199,Life,107861,1506.93,2015-10-03,2017-10-30,Annually,Lapsed,CUST10072038,,
POL58783069,Health,131954,1406.01,2017-10-03,2023-07-11,Monthly,Terminated,CUST95846994,,
POL95768809,Auto,349006,928.04,2020-07-05,2023-07-09,Annually,Lapsed,CUST71493124,,
POL32079740,Health,492296,1546.05,2021-11-27,2027-01-30,Monthly,Active,CUST16700432,,
POL52344569,Property,435339,668.51,2019-02-08,2022-12-21,Monthly,Active,CUST13430900,,
POL63017229,Auto,389077,1356.51,2017-05-09,2024-04-17,Quarterly,Terminated,CUST58320097,,
POL88647419,Auto,127665,1404.19,2024-09-08,2026-06-28,Monthly,Lapsed,CUST76930376,,
POL19976069,Life,246187,617.01,2023-06-05,2030-06-04,Monthly,Active,CUST90718795,,
POL24210075,Health,136871,1385.74,2018-08-28,2022-12-20,Monthly,Terminated,CUST44340081,,
POL25694425,Auto,136612,331.23,2022-10-10,2032-07-08,Monthly,Lapsed,CUST94468387,,
POL97456279,Auto,57861,1609.26,2020-08-23,2023-09-27,Monthly,Terminated,CUST59752065,,
POL68532142,Life,92745,1245.89,2023-07-03,2027-10-18,Monthly,Active,CUST97947934,,
POL71765111,Auto,472800,1332.22,2018-06-19,2021-06-10,Monthly,Lapsed,CUST46612879,,
POL54561530,Auto,355621,1989.5,2018-06-20,2023-10-23,Annually,Active,CUST55542041,,
POL52707318,Health,410505,1294.16,2024-09-27,2027-07-29,Monthly,Active,CUST21707227,,
POL52383716,Health,50145,1964.79,2024-03-25,2030-11-17,Monthly,Lapsed,CUST48391372,,
POL93504222,Health,484787,1274.57,2018-09-26,2026-08-21,Monthly,Lapsed,CUST48905063,,
POL39639859,Property,467079,1636.42,2018-07-25,2022-02-02,Monthly,Lapsed,CUST12896128,,
POL93209384,Life,153169,1907.61,2017-11-05,2026-01-02,Quarterly,Active,CUST97800780,,
POL86946793,Auto,239270,982.95,2022-07-20,2032-03-16,Monthly,Lapsed,CUST97809981,,
POL40667253,Health,325293,887.96,2016-06-21,2018-03-05,Quarterly,Active,CUST62839618,,
POL45842876,Property,132082,1129.96,2019-11-07,2023-11-06,Monthly,Lapsed,CUST06406650,,
POL69578293,Life,419374,1613.82,2021-01-02,2028-06-20,Monthly,Terminated,CUST76468631,,
POL40483314,Life,359863,470.76,2021-11-13,2031-03-03,Monthly,Lapsed,CUST54360382,,
POL60335753,Property,417548,1824.24,2020-02-07,2028-11-25,Annually,Terminated,CUST07448310,,
POL90100383,Property,354724,1503.72,2016-01-23,2023-08-11,Quarterly,Lapsed,CUST61700092,,
POL99808089,Property,264588,1038.73,2018-06-18,2021-04-06,Annually,Lapsed,CUST09164374,,
POL46460942,Property,57808,1951.7,2017-02-11,2025-08-13,Annually,Active,CUST77434602,,
POL63439011,Auto,328245,370.64,2016-03-03,2025-05-07,Monthly,Lapsed,CUST47043566,,
POL29503998,Health,455698,708.3,2021-12-15,2023-11-28,Annually,Active,CUST05013566,,
POL53010731,Life,119831,603.19,2016-05-23,2025-02-11,Annually,Terminated,CUST01401561,,
POL59178536,Property,448205,1608.08,2019-08-03,2029-02-02,Quarterly,Lapsed,CUST60069995,,
POL38416700,Property,245731,204.26,2022-10-06,2030-08-22,Quarterly,Lapsed,CUST27910356,,
POL88672866,Health,107457,1183.98,2021-01-25,2024-03-20,Quarterly,Active,CUST35451357,,
POL21161337,Health,481264,1998.93,2017-08-27,2025-11-15,Quarterly,Active,CUST79452146,,
POL64245867,Life,40213,1592.33,2017-12-25,2026-01-27,Quarterly,Active,CUST92695966,,
POL22162508,Property,287286,1699.09,2020-06-07,2025-02-04,Quarterly,Active,CUST61153740,,
POL83964879,Property,35470,1094.24,2016-12-08,2023-02-23,Annually,Terminated,CUST40402385,,
POL31761126,Property,353584,602.02,2023-03-18,2031-03-23,Monthly,Terminated,CUST55190857,,
POL98213594,Life,348623,1521.74,2019-04-24,2025-06-21,Quarterly,Terminated,CUST88304640,,
POL77321123,Life,186141,899.29,2016-07-29,2023-04-07,Quarterly,Active,CUST80785298,,
POL79722953,Auto,45336,709.95,2024-02-27,2028-02-08,Quarterly,Lapsed,CUST76844198,,
POL58294071,Auto,337925,643.64,2015-01-20,2023-04-11,Annually,Lapsed,CUST85581495,,
POL82089087,Health,311060,1923.46,2022-02-12,2026-07-02,Quarterly,Active,CUST38610025,,
POL64383103,Life,199287,1437.65,2020-03-13,2029-03-08,Monthly,Terminated,CUST56179922,,
POL51544429,Health,165106,602.03,2021-04-27,2027-01-22,Annually,Terminated,CUST90005709,,
POL53203220,Auto,178761,1190.44,2022-08-01,2025-03-18,Quarterly,Active,CUST95445734,,
POL80929677,Health,191222,377.64,2015-01-19,2024-12-21,Annually,Lapsed,CUST95685023,,
POL95434233,Auto,81234,1627.51,2020-09-08,2027-02-04,Monthly,Active,CUST57355543,,
POL14385172,Health,350272,1525.84,2015-01-04,2022-12-13,Quarterly,Lapsed,CUST63088474,,
POL30868799,Auto,343437,841.56,2016-09-09,2024-10-19,Annually,Terminated,CUST25430988,,
POL09338514,Health,372293,1717.87,2023-01-14,2032-12-20,Monthly,Active,CUST71971429,,
POL40541993,Health,421536,158.02,2022-09-25,2023-12-16,Monthly,Active,CUST26778230,,
POL36885391,Health,81441,752.03,2024-11-14,2032-07-30,Annually,Terminated,CUST84358476,,
POL86478823,Health,91334,446.45,2019-10-11,2021-04-03,Monthly,Lapsed,CUST41264235,,
POL99023082,Auto,48035,1870.08,2022-05-11,2027-03-30,Monthly,Active,CUST97749945,,
POL18101915,Health,208385,624.08,2016-04-03,2018-12-13,Monthly,Lapsed,CUST04842811,,
POL48959866,Life,306914,521.68,2018-09-12,2022-08-30,Annually,Lapsed,CUST09474103,,
POL02489128,Health,286704,842.64,2024-06-10,2028-05-30,Monthly,Lapsed,CUST29828643,,
POL64086319,Auto,78104,174,2016-01-01,2019-12-22,Quarterly,Terminated,CUST82414180,,
POL47639612,Health,242801,418.95,2019-01-25,2024-01-17,Monthly,Lapsed,CUST58637821,,
POL97525814,Auto,216223,1931.25,2017-05-25,2026-02-05,Annually,Terminated,CUST23997683,,
POL86299537,Property,262298,973.76,2024-06-12,2027-03-19,Monthly,Terminated,CUST47441942,,
POL39660351,Property,251773,794.34,2019-01-30,2023-08-15,Quarterly,Lapsed,CUST85136844,,
POL88709617,Life,488092,1767.98,2022-06-16,2027-12-14,Quarterly,Lapsed,CUST26214584,,
POL61884063,Property,385170,1499.92,2021-09-21,2030-03-25,Annually,Terminated,CUST21211989,,
POL47175698,Auto,447732,811.45,2021-01-05,2029-02-01,Annually,Lapsed,CUST47971973,,
POL51999477,Health,383284,1885.92,2019-06-25,2020-06-27,Monthly,Terminated,CUST76823950,,
POL51831970,Health,68428,984.57,2021-03-23,2024-05-05,Monthly,Lapsed,CUST78768706,,
POL87238187,Property,209249,1704.4,2019-08-25,2026-12-05,Annually,Active,CUST31812391,,
POL30316596,Life,476264,1033.23,2023-06-11,2029-06-23,Quarterly,Lapsed,CUST91876217,,
POL18133239,Health,370716,765.58,2016-07-13,2020-06-27,Quarterly,Terminated,CUST94841919,,
POL68113018,Auto,318776,1141.78,2022-11-27,2024-03-08,Monthly,Terminated,CUST92361788,,
POL79185105,Property,291565,1754.21,2018-11-22,2021-12-08,Quarterly,Lapsed,CUST48783124,,
POL55617113,Property,55266,1289.14,2019-02-24,2022-08-27,Annually,Active,CUST11230865,,
POL91815517,Auto,161215,895.76,2023-08-30,2027-08-08,Monthly,Terminated,CUST61923494,,
POL08018739,Auto,278024,1218.9,2019-04-28,2027-07-06,Quarterly,Active,CUST86702805,,
POL89376913,Life,432815,1215.73,2022-09-20,2028-05-22,Quarterly,Terminated,CUST93655605,,
POL02819020,Auto,293021,1224.11,2020-05-17,2024-05-16,Monthly,Terminated,CUST51342866,,
POL09010208,Property,312543,282.65,2019-12-20,2022-06-17,Annually,Lapsed,CUST17600382,,
POL69636143,Life,311105,207.46,2020-08-19,2026-10-09,Monthly,Lapsed,CUST61552560,,
POL87207136,Life,316217,644.09,2019-11-28,2022-07-24,Quarterly,Lapsed,CUST79836458,,
POL53130917,Life,244677,1397.72,2015-12-30,2024-06-08,Quarterly,Terminated,CUST90085877,,
POL50111095,Property,271504,1127.48,2019-12-29,2024-03-31,Annually,Terminated,CUST25978160,,
POL24070236,Property,375514,1966.26,2020-12-05,2022-08-22,Monthly,Lapsed,CUST94101494,,
POL32625291,Life,375967,222.03,2020-04-20,2027-05-30,Monthly,Terminated,CUST14314844,,
POL99495408,Property,203469,354.45,2015-09-28,2020-09-25,Annually,Terminated,CUST76500092,,
POL87981316,Auto,199593,1394.44,2020-03-13,2022-04-30,Annually,Active,CUST91794539,,
POL67118908,Property,474906,1705.54,2016-08-09,2021-02-05,Annually,Terminated,CUST13413110,,
POL23603808,Health,140043,549.92,2018-10-28,2022-06-27,Monthly,Lapsed,CUST41891564,,
POL80888212,Property,42946,383.98,2015-06-07,2019-07-20,Annually,Terminated,CUST84976901,,
POL11227831,Property,242308,503.61,2015-04-07,2022-06-26,Annually,Lapsed,CUST50213050,,
POL55589679,Auto,191758,719.46,2019-11-17,2027-03-17,Monthly,Lapsed,CUST12341278,,
POL46015732,Health,14404,564.64,2019-03-11,2022-09-11,Annually,Lapsed,CUST12272309,,
POL62168693,Auto,326074,1533.96,2022-01-02,2031-12-21,Monthly,Active,CUST75164246,,
POL37538645,Auto,438672,324.03,2017-04-29,2026-08-08,Quarterly,Terminated,CUST34598462,,
POL53957372,Health,273527,990.18,2021-03-31,2025-04-08,Quarterly,Lapsed,CUST27590039,,
POL82812319,Property,188661,174.45,2023-07-25,2028-03-26,Annually,Active,CUST98301856,,
POL44850934,Health,292648,869.71,2016-07-30,2021-10-14,Annually,Active,CUST92104228,,
POL10454872,Auto,313523,1337.88,2020-10-05,2025-10-07,Quarterly,Lapsed,CUST84117022,,
POL59950728,Property,409127,1505.42,2023-07-26,2032-09-14,Monthly,Active,CUST75884494,,
POL01681251,Auto,63362,760.67,2020-05-18,2029-09-14,Annually,Lapsed,CUST58068006,,
POL39664673,Property,138066,1114.16,2020-06-24,2024-03-09,Quarterly,Active,CUST43028954,,
POL94203944,Auto,186994,298.7,2020-08-14,2028-01-14,Annually,Lapsed,CUST44615637,,
POL94561811,Property,140103,611.54,2022-10-25,2028-12-01,Quarterly,Lapsed,CUST24232471,,
POL87125515,Auto,479602,1459.41,2017-05-11,2023-06-27,Quarterly,Active,CUST35002588,,
POL21231800,Health,177059,1061.97,2019-03-15,2028-01-30,Monthly,Terminated,CUST79927545,,
POL18884095,Life,360149,140.87,2020-06-29,2029-08-30,Monthly,Terminated,CUST09036377,,
POL23499238,Health,449302,1437.01,2023-04-09,2032-09-03,Annually,Lapsed,CUST87110325,,
POL83680669,Life,35751,238.64,2024-01-08,2027-09-26,Quarterly,Terminated,CUST64076713,,
POL97474248,Life,232712,1688.27,2023-01-15,2032-04-16,Monthly,Lapsed,CUST66269166,,
POL11826796,Auto,223064,1648.03,2024-06-16,2029-05-26,Monthly,Terminated,CUST19821426,,
POL68612732,Auto,35527,1326.61,2022-11-15,2024-01-02,Monthly,Terminated,CUST52172807,,
POL13303189,Property,362674,1757.63,2022-05-23,2026-05-04,Monthly,Active,CUST14947689,,
POL72695322,Property,213792,591.01,2018-11-05,2025-07-07,Monthly,Lapsed,CUST15889374,,
POL82064166,Health,409476,1419.19,2016-10-01,2019-03-23,Annually,Terminated,CUST51598236,,
POL07078939,Life,288839,1533.27,2020-02-12,2024-04-16,Annually,Active,CUST92152238,,
POL67550492,Life,67405,359.16,2021-08-21,2028-12-07,Monthly,Terminated,CUST43326670,,
POL56896530,Auto,290428,794.21,2016-08-21,2024-08-21,Annually,Active,CUST51129594,,
POL54740546,Life,370931,1858.41,2015-10-26,2025-09-16,Quarterly,Active,CUST47252772,,
POL56481027,Health,189108,756.81,2024-12-22,2029-04-10,Annually,Lapsed,CUST57917005,,
POL61919833,Life,102077,310.72,2015-10-01,2020-12-12,Quarterly,Terminated,CUST83000820,,
POL43653022,Health,234940,1880.9,2023-12-22,2025-06-20,Quarterly,Lapsed,CUST75125146,,
POL23986344,Life,231069,1439.14,2019-11-10,2028-07-14,Annually,Terminated,CUST09832061,,
POL82077399,Life,205121,1608.91,2022-04-24,2028-06-21,Annually,Active,CUST66427411,,
POL56971563,Life,470176,190.12,2017-12-20,2026-05-11,Quarterly,Terminated,CUST49812848,,
POL56130497,Property,484857,189.08,2020-02-17,2023-08-01,Monthly,Terminated,CUST69123669,,
POL87412754,Auto,295689,187.11,2021-01-31,2023-01-27,Quarterly,Terminated,CUST29474373,,
POL09115909,Life,29686,1725.27,2024-08-17,2031-05-06,Quarterly,Terminated,CUST88047990,,
POL42545134,Property,99920,1905.25,2015-07-14,2023-12-07,Monthly,Terminated,CUST26217841,,
POL65612264,Life,495629,123.91,2016-05-14,2021-03-28,Annually,Active,CUST51816024,,
POL69394395,Property,54315,841.95,2024-05-01,2028-01-15,Monthly,Terminated,CUST75103337,,
POL79844892,Life,234424,838.28,2017-09-30,2021-09-30,Monthly,Active,CUST94058830,,
POL98891714,Property,461978,1733.33,2015-09-26,2020-06-18,Quarterly,Lapsed,CUST14150904,,
POL58597674,Property,99753,1668.38,2019-09-29,2026-07-19,Monthly,Lapsed,CUST49356497,,
POL06923773,Property,165126,903.18,2017-08-19,2023-12-31,Monthly,Lapsed,CUST76994713,,
POL95980834,Auto,209336,1315.06,2017-12-06,2027-10-04,Monthly,Lapsed,CUST74780040,,
POL37180601,Property,354138,143.38,2018-03-22,2024-07-17,Monthly,Active,CUST56686028,,
POL17832980,Health,221740,353.72,2019-03-03,2028-08-16,Annually,Active,CUST79236950,,
POL92982957,Auto,455792,517.14,2023-04-24,2025-06-07,Monthly,Lapsed,CUST61534512,,
POL50332022,Health,353336,418.64,2017-04-28,2025-12-10,Quarterly,Active,CUST16863839,,
POL09568484,Health,161816,1575.25,2014-12-25,2024-11-28,Quarterly,Lapsed,CUST18147732,,
POL69314251,Property,254066,1128.75,2020-10-24,2028-10-04,Monthly,Lapsed,CUST61282767,,
POL22897699,Health,150699,929.7,2019-04-16,2026-10-18,Annually,Terminated,CUST68160825,,
POL97235049,Property,256936,173.66,2016-05-24,2025-10-28,Quarterly,Lapsed,CUST08745607,,
POL72712836,Property,174750,1538.29,2024-12-01,2032-01-04,Quarterly,Active,CUST29123454,,
POL29793351,Property,278800,311.05,2016-11-22,2019-01-27,Annually,Active,CUST45155063,,
POL59534833,Life,73695,1664.98,2016-12-23,2019-08-02,Annually,Active,CUST85881033,,
POL26506395,Property,272171,1015.66,2023-07-16,2025-04-04,Annually,Terminated,CUST38893331,,
POL44670716,Life,386415,1227.73,2015-04-12,2020-12-05,Annually,Lapsed,CUST53923029,,
POL28535341,Health,207936,1509.64,2017-03-21,2021-12-30,Quarterly,Lapsed,CUST78179789,,
POL93243728,Auto,298126,643.85,2020-01-11,2021-03-10,Annually,Lapsed,CUST72660473,,
POL80450492,Health,198746,201.79,2024-10-13,2026-12-03,Monthly,Active,CUST23238777,,
POL61660074,Auto,341211,1286.62,2016-10-11,2023-08-01,Quarterly,Active,CUST09396272,,
POL78989397,Health,235230,1352.51,2020-01-28,2027-09-16,Monthly,Lapsed,CUST39886299,,
POL15877374,Life,53825,1956.3,2021-10-07,2024-01-05,Monthly,Active,CUST73244149,,
POL39030203,Property,383307,1787.18,2017-01-11,2021-12-03,Quarterly,Lapsed,CUST08037065,,
POL72182223,Life,206474,425.04,2023-10-25,2026-09-20,Annually,Lapsed,CUST02855939,,
POL58356690,Life,235111,1505.92,2024-04-05,2027-05-09,Monthly,Terminated,CUST38278660,,
POL39195359,Health,344478,827.57,2023-04-15,2029-12-04,Monthly,Active,CUST37063181,,
POL93924279,Property,286367,1950.35,2015-07-30,2019-06-09,Annually,Active,CUST98979035,,
POL47426160,Auto,37378,1732.25,2016-02-29,2018-05-29,Monthly,Active,CUST51436403,,
POL48558691,Auto,147762,864.92,2024-02-14,2032-01-04,Monthly,Active,CUST36762916,,
POL22221207,Life,309956,1130.91,2016-09-24,2024-01-01,Quarterly,Lapsed,CUST97733557,,
POL93708978,Auto,103647,255.8,2024-07-08,2033-01-06,Quarterly,Terminated,CUST55344519,,
POL66737729,Auto,238998,1866.74,2017-07-28,2024-01-30,Annually,Lapsed,CUST03443636,,
POL69605130,Property,360791,701.91,2019-03-20,2025-04-25,Quarterly,Lapsed,CUST03289232,,
POL47419656,Health,467807,467.75,2022-08-09,2026-02-07,Monthly,Lapsed,CUST29404230,,
POL84907131,Health,10505,1856.34,2024-02-09,2033-02-14,Monthly,Lapsed,CUST11931054,,
POL87848287,Health,496379,1043.85,2024-06-12,2033-12-26,Monthly,Terminated,CUST18337391,,
POL12552463,Property,106367,593.8,2019-04-25,2027-04-12,Quarterly,Terminated,CUST49174127,,
POL67293726,Property,202274,1404.28,2021-06-29,2029-06-15,Annually,Lapsed,CUST89603721,,
POL95451699,Property,375158,1282.21,2016-02-15,2018-07-19,Monthly,Terminated,CUST44038518,,
POL93135284,Life,351819,643.85,2022-12-15,2032-05-18,Monthly,Active,CUST46842449,,
POL43339997,Health,131281,1488.63,2023-12-13,2025-01-13,Monthly,Active,CUST48898637,,
POL09811937,Property,71122,1960.76,2019-12-02,2026-01-29,Monthly,Active,CUST46205183,,
POL64216260,Health,102693,1974.44,2019-02-07,2025-09-10,Annually,Terminated,CUST73072285,,
POL76155355,Health,55782,161.06,2024-09-16,2027-05-10,Annually,Terminated,CUST47935777,,
POL81895128,Auto,436046,1349.77,2020-06-07,2025-07-07,Monthly,Active,CUST46135838,,
POL12299324,Health,254808,205.89,2024-08-15,2032-08-19,Quarterly,Lapsed,CUST49220308,,
POL73788724,Auto,182671,1203.11,2021-09-15,2031-05-26,Annually,Active,CUST24576061,,
POL45017081,Auto,111134,282.8,2016-09-12,2018-07-03,Annually,Active,CUST81230725,,
POL27691978,Health,371998,228.21,2022-05-13,2028-09-03,Quarterly,Active,CUST93910058,,
POL09102792,Life,490716,1559.35,2015-06-13,2024-04-08,Monthly,Terminated,CUST74841376,,
POL74740983,Life,92923,463.17,2022-02-21,2026-03-31,Quarterly,Active,CUST33904631,,
POL69973206,Health,105564,1897.34,2024-11-15,2031-12-03,Monthly,Active,CUST13870195,,
POL18306800,Life,227134,438.85,2024-11-23,2033-07-14,Quarterly,Terminated,CUST45353942,,
POL00975705,Property,195509,443.61,2016-03-26,2018-12-10,Monthly,Lapsed,CUST20327009,,
POL32457867,Life,159800,1868.27,2019-07-29,2026-12-18,Monthly,Lapsed,CUST54413687,,
POL97881678,Life,306735,1340.24,2016-11-14,2023-08-28,Quarterly,Lapsed,CUST76984341,,
POL03749104,Health,194111,996.1,2024-06-29,2031-07-25,Monthly,Active,CUST40195700,,
POL28241655,Property,326442,1949.46,2024-02-20,2027-12-27,Annually,Terminated,CUST84381012,,
POL04677379,Property,116746,643.24,2016-10-13,2020-03-11,Annually,Terminated,CUST28330638,,
POL75734958,Life,159899,1072.91,2023-08-03,2024-11-05,Quarterly,Lapsed,CUST29849064,,
POL00342489,Auto,197788,1969.5,2018-02-06,2025-06-20,Monthly,Active,CUST99831160,,
POL83180478,Auto,296562,1860.62,2024-10-05,2034-06-06,Annually,Terminated,CUST06930299,,
POL57458461,Property,421790,1875.07,2021-10-26,2026-10-27,Annually,Terminated,CUST88770537,,
POL17909247,Auto,321202,488.56,2018-05-07,2024-06-02,Annually,Terminated,CUST48116987,,
POL88784690,Property,339642,292.36,2023-10-29,2032-11-19,Monthly,Terminated,CUST80741810,,
POL61092074,Property,200975,679.29,2019-12-09,2022-11-26,Monthly,Active,CUST18830067,,
POL98348493,Property,117911,1203.66,2018-08-02,2025-11-29,Annually,Terminated,CUST08037065,,
POL06694262,Health,376935,233.4,2021-01-17,2025-10-07,Annually,Active,CUST42299913,,
POL96349249,Property,21029,1323.59,2020-11-24,2029-04-26,Monthly,Terminated,CUST29707490,,
POL64861426,Auto,182412,805.66,2019-06-06,2021-01-05,Monthly,Lapsed,CUST14877396,,
POL66890932,Health,408738,1535.26,2019-06-16,2027-04-25,Annually,Active,CUST30106981,,
POL45464531,Auto,244499,1990.7,2020-10-25,2023-02-04,Annually,Lapsed,CUST30512637,,
POL83383036,Property,56851,844.96,2022-11-23,2026-09-10,Monthly,Lapsed,CUST92249874,,
POL87496744,Life,431095,1396.81,2016-05-01,2024-01-30,Monthly,Terminated,CUST22414349,,
POL29750466,Life,60362,1512.33,2024-08-24,2026-11-09,Annually,Active,CUST96733036,,
POL11880653,Auto,413721,653.58,2021-01-11,2023-06-15,Monthly,Lapsed,CUST70347071,,
POL45382864,Health,48201,678.54,2018-06-13,2020-02-04,Quarterly,Terminated,CUST63104430,,
POL93324177,Auto,326796,1398.16,2024-02-13,2028-09-11,Monthly,Terminated,CUST38727661,,
POL50843998,Life,227940,1861,2015-08-06,2021-12-27,Quarterly,Active,CUST93655605,,
POL28224422,Auto,286444,261.16,2018-09-10,2020-06-23,Quarterly,Terminated,CUST47950419,,
POL12841734,Property,124362,1355.05,2017-03-08,2022-06-16,Monthly,Active,CUST24626933,,
POL57704602,Property,104876,1169.81,2016-11-20,2020-11-21,Annually,Active,CUST42711609,,
POL52356256,Auto,174938,1478.69,2015-02-27,2021-11-24,Quarterly,Active,CUST44042438,,
POL90687071,Life,133613,1471.91,2019-01-19,2023-04-24,Monthly,Active,CUST96630079,,
POL09030327,Health,440583,651.26,2020-11-26,2023-09-28,Quarterly,Lapsed,CUST43023655,,
POL70352062,Health,192615,618.59,2023-12-12,2028-03-13,Monthly,Lapsed,CUST42041475,,
POL43572641,Life,246902,124.15,2018-02-12,2020-04-16,Annually,Active,CUST20299805,,
POL52576258,Health,381674,810.93,2024-02-16,2028-03-30,Monthly,Terminated,CUST61113978,,
POL59071876,Health,130137,1731.72,2015-10-23,2021-08-20,Monthly,Lapsed,CUST63170748,,
POL43904210,Property,73613,773.37,2020-11-18,2024-11-15,Quarterly,Lapsed,CUST74158487,,
POL94939056,Health,474187,1410.39,2020-03-03,2029-11-03,Monthly,Terminated,CUST97466999,,
POL71095594,Health,140796,1135.7,2016-06-24,2020-09-06,Quarterly,Terminated,CUST23965350,,
POL89441443,Auto,10292,1320.36,2022-10-13,2031-11-03,Quarterly,Active,CUST43641609,,
POL53518274,Life,239196,427.77,2017-10-06,2021-03-01,Quarterly,Lapsed,CUST64137898,,
POL05847993,Health,473205,198.28,2023-07-05,2030-08-04,Quarterly,Lapsed,CUST47030666,,
POL52535973,Property,488730,596.82,2015-08-05,2024-07-27,Quarterly,Lapsed,CUST90784414,,
POL36624430,Auto,407308,1510.11,2015-11-06,2017-12-12,Monthly,Terminated,CUST71233635,,
POL03623063,Auto,44566,1519.85,2023-04-06,2024-09-26,Annually,Active,CUST26740405,,
POL69712640,Property,354927,1578.19,2015-12-26,2021-07-14,Quarterly,Lapsed,CUST62622700,,
POL86586795,Life,32736,1299.4,2020-11-03,2026-02-02,Quarterly,Terminated,CUST32304513,,
POL23605802,Health,127219,1436.73,2024-10-03,2029-11-12,Monthly,Terminated,CUST45330849,,
POL72902683,Life,284085,1199.09,2016-12-12,2021-03-30,Monthly,Terminated,CUST67301841,,
POL53556659,Life,247949,1065,2018-08-19,2027-01-18,Monthly,Active,CUST71945509,,
POL56653003,Life,435069,1923.81,2016-02-07,2025-11-05,Monthly,Lapsed,CUST02132590,,
POL08764986,Life,46335,756.46,2017-04-05,2021-12-09,Quarterly,Lapsed,CUST67599187,,
POL25524623,Auto,42471,1113.62,2018-04-01,2021-07-10,Quarterly,Terminated,CUST94551901,,
POL55063562,Health,397446,1938.91,2016-09-20,2019-09-01,Annually,Terminated,CUST93669665,,
POL95639712,Property,177967,156.32,2020-04-27,2028-10-01,Quarterly,Terminated,CUST80730735,,
POL78604269,Health,186684,112.9,2023-02-23,2024-03-01,Annually,Active,CUST20442550,,
POL86315703,Auto,105427,298.49,2021-01-17,2028-08-06,Quarterly,Terminated,CUST74635566,,
POL14750217,Auto,41795,1558.82,2020-02-01,2029-09-19,Annually,Lapsed,CUST41856221,,
POL53367790,Health,489181,1382.04,2021-02-11,2024-12-12,Monthly,Lapsed,CUST86884109,,
POL25611191,Life,314611,945.47,2022-02-07,2031-03-21,Quarterly,Lapsed,CUST72660473,,
POL56612277,Auto,374149,1913.34,2018-05-02,2021-02-14,Monthly,Active,CUST91276470,,
POL99341236,Auto,97029,1139.83,2021-02-11,2024-03-15,Monthly,Terminated,CUST83956868,,
POL08364354,Life,418907,956.23,2022-05-18,2030-07-20,Quarterly,Active,CUST41476976,,
POL65713464,Life,446106,1643.1,2018-01-25,2023-10-21,Annually,Terminated,CUST06619029,,
POL40012208,Auto,382344,998.96,2017-10-19,2020-07-29,Monthly,Lapsed,CUST68580787,,
POL77562289,Life,346992,925.05,2018-09-15,2020-09-26,Quarterly,Lapsed,CUST85164739,,
POL53804570,Auto,354399,1091.68,2021-08-08,2027-03-16,Annually,Terminated,CUST81462168,,
POL17250525,Auto,33415,1615.07,2019-06-11,2029-03-22,Quarterly,Terminated,CUST18610143,,
POL68885255,Health,278536,1165.19,2023-02-17,2029-04-26,Annually,Active,CUST52540976,,
POL32979560,Auto,295686,457.81,2016-02-07,2025-03-06,Annually,Terminated,CUST42357086,,
POL03838878,Auto,455205,239.43,2024-09-18,2029-01-27,Monthly,Lapsed,CUST94676233,,
POL27741875,Life,198891,1675.19,2020-02-02,2025-10-24,Annually,Lapsed,CUST22567858,,
POL00776305,Life,83816,652.71,2020-09-30,2022-12-13,Quarterly,Lapsed,CUST87082152,,
POL35534292,Property,452542,1997.27,2023-12-05,2025-08-28,Annually,Active,CUST42919579,,
POL31127949,Life,334987,983.02,2015-11-16,2024-03-07,Monthly,Terminated,CUST29485027,,
POL33770803,Life,346812,393.05,2016-11-25,2023-11-25,Quarterly,Active,CUST60571276,,
POL08589309,Health,343787,123.34,2024-12-20,2026-09-08,Quarterly,Lapsed,CUST34481309,,
POL60009654,Life,131206,976.01,2022-09-08,2029-09-29,Annually,Lapsed,CUST81996742,,
POL28256709,Life,150121,589.34,2023-06-01,2030-04-19,Annually,Lapsed,CUST33599055,,
POL45378265,Property,46445,1484.78,2017-03-15,2026-06-07,Annually,Terminated,CUST42782916,,
POL70277568,Life,322976,973.29,2018-04-18,2025-06-04,Annually,Terminated,CUST57596772,,
POL24185779,Life,44146,559.05,2023-08-21,2029-07-18,Monthly,Terminated,CUST51776470,,
POL06543318,Property,488904,1670.05,2017-10-27,2027-10-14,Monthly,Terminated,CUST22858384,,
POL68885619,Life,29086,437.13,2022-08-24,2027-02-13,Annually,Lapsed,CUST61812818,,
POL23114064,Property,115486,1408.12,2015-02-13,2016-12-21,Quarterly,Active,CUST47003736,,
POL54051658,Auto,224049,392.81,2022-08-19,2026-11-05,Quarterly,Active,CUST37495079,,
POL59329261,Auto,216554,538.44,2015-01-02,2024-11-25,Annually,Terminated,CUST78428397,,
POL49945378,Auto,145567,974,2023-12-05,2028-07-17,Monthly,Terminated,CUST02233588,,
POL84542810,Life,219866,437.25,2022-02-20,2028-12-22,Monthly,Lapsed,CUST19900410,,
POL66631189,Life,237677,1996.66,2021-02-01,2029-12-01,Annually,Active,CUST79847743,,
POL19746644,Property,49560,379.91,2017-03-21,2022-06-26,Annually,Active,CUST14823398,,
POL69316836,Property,164571,1385.89,2017-02-16,2022-10-25,Monthly,Terminated,CUST89128570,,
POL95251783,Property,108101,739.15,2021-04-15,2026-09-16,Monthly,Active,CUST46734169,,
POL64932236,Life,398515,1919.47,2015-07-06,2022-03-20,Annually,Terminated,CUST69376442,,
POL57724014,Life,291514,1358.41,2024-11-11,2029-12-14,Monthly,Terminated,CUST07524246,,
POL37710630,Auto,442432,843.63,2017-12-10,2024-02-24,Annually,Terminated,CUST67050803,,
POL62169873,Life,286769,707.81,2023-01-14,2031-05-26,Quarterly,Terminated,CUST16749479,,
POL95326340,Health,294022,1659.11,2021-11-21,2024-04-22,Quarterly,Terminated,CUST25538398,,
POL96200610,Property,88840,1545.46,2022-12-25,2027-03-13,Monthly,Lapsed,CUST28777964,,
POL69091266,Health,298430,1555.58,2016-02-22,2019-05-08,Quarterly,Terminated,CUST92112375,,
POL39502034,Health,281637,783.64,2024-02-16,2029-10-13,Quarterly,Terminated,CUST62906519,,
POL80129143,Property,368631,1722.1,2021-12-22,2030-08-13,Annually,Active,CUST26621310,,
POL37652928,Auto,57674,1267.14,2019-05-14,2023-06-30,Monthly,Active,CUST01691078,,
POL74543161,Health,362032,686.93,2020-07-28,2022-03-19,Quarterly,Lapsed,CUST53798021,,
POL23203391,Auto,144837,507.57,2016-11-06,2018-02-13,Annually,Terminated,CUST52459393,,
POL85094282,Health,38601,645.23,2021-10-12,2022-12-09,Monthly,Active,CUST61057737,,
POL92087266,Life,342373,135.41,2016-04-27,2020-10-07,Annually,Lapsed,CUST06037966,,
POL83011095,Health,18211,1034.67,2019-01-24,2026-01-24,Monthly,Active,CUST08266988,,
POL20316917,Auto,189243,1972.81,2019-08-09,2020-09-24,Annually,Terminated,CUST87889630,,
POL13297022,Auto,324937,595.06,2020-04-05,2028-07-16,Annually,Terminated,CUST08537547,,
POL30201413,Auto,378620,250.75,2018-12-13,2021-04-01,Annually,Terminated,CUST06959252,,
POL42258270,Life,60418,1786.79,2021-03-26,2027-05-07,Quarterly,Active,CUST76221093,,
POL74649715,Health,230062,403.65,2015-10-02,2017-01-05,Quarterly,Active,CUST78957103,,
POL01511689,Property,185872,629.66,2022-08-07,2028-10-10,Monthly,Active,CUST88248320,,
POL41959725,Property,458229,1914.61,2019-03-26,2024-03-08,Quarterly,Active,CUST29433392,,
POL85739071,Life,14990,874.83,2020-03-30,2027-07-04,Annually,Terminated,CUST65422529,,
POL47004965,Health,327714,1834.59,2022-06-03,2024-11-20,Quarterly,Lapsed,CUST50834097,,
POL96268176,Auto,334344,1034.26,2017-09-20,2022-11-06,Annually,Active,CUST40436276,,
POL12757089,Health,436767,797.51,2018-11-15,2025-11-09,Monthly,Lapsed,CUST23642771,,
POL80116968,Auto,165712,946.23,2017-02-12,2018-04-16,Monthly,Active,CUST20327009,,
POL17568774,Life,251082,1955.1,2019-03-30,2022-02-16,Monthly,Active,CUST85322984,,
POL08723809,Health,40434,1605.05,2023-09-11,2027-11-03,Annually,Terminated,CUST14150904,,
POL51841812,Health,290515,973.79,2015-11-29,2025-09-05,Quarterly,Lapsed,CUST02924046,,
POL12590644,Life,57927,1098.85,2022-06-26,2030-05-16,Annually,Lapsed,CUST77262045,,
POL01887189,Property,135332,258.23,2024-12-06,2026-11-11,Monthly,Active,CUST04188498,,
POL54775068,Health,443919,170.35,2021-09-25,2030-08-31,Quarterly,Active,CUST06406650,,
POL60169232,Life,454377,371.57,2023-11-06,2031-03-02,Monthly,Terminated,CUST61923494,,
POL07151220,Auto,159679,961.5,2016-07-03,2021-12-13,Monthly,Lapsed,CUST21477650,,
POL62014398,Life,208079,1660.92,2023-02-17,2032-08-01,Monthly,Active,CUST00283741,,
POL57302291,Health,444593,1493.64,2024-01-10,2031-04-18,Annually,Lapsed,CUST32924092,,
POL37984352,Health,25430,780.41,2024-04-25,2029-10-24,Annually,Lapsed,CUST24431344,,
POL65018998,Auto,438873,1281.54,2015-08-22,2018-01-31,Quarterly,Active,CUST54132815,,
POL26967918,Property,406878,1543.76,2021-04-23,2030-08-10,Quarterly,Active,CUST00971282,,
POL66684348,Property,283261,1177.75,2020-11-07,2029-10-28,Annually,Terminated,CUST30107640,,
POL85531608,Health,445951,761.04,2016-07-09,2018-11-24,Quarterly,Active,CUST79849439,,
POL63456798,Health,472276,1425.94,2024-02-12,2025-12-22,Annually,Lapsed,CUST61585782,,
POL78322093,Life,215893,353.94,2019-06-17,2024-07-08,Quarterly,Active,CUST83723227,,
POL59742494,Property,200786,1551.99,2015-03-29,2020-03-19,Annually,Lapsed,CUST75428036,,
POL12263896,Auto,210024,1967.07,2019-11-06,2021-10-02,Annually,Terminated,CUST18798938,,
POL11968041,Health,302733,944.77,2023-12-30,2033-12-11,Annually,Lapsed,CUST52503140,,
POL72766518,Auto,184039,1208.51,2019-01-07,2024-03-21,Annually,Terminated,CUST26015722,,
POL41445459,Life,95976,1207.95,2017-11-05,2019-01-27,Annually,Lapsed,CUST47696408,,
POL78043056,Property,88702,1504.08,2017-11-05,2020-02-26,Monthly,Lapsed,CUST81139176,,
POL44986450,Health,495000,1508.39,2016-03-15,2025-03-15,Monthly,Terminated,CUST41518415,,
POL70827381,Life,196316,125,2023-03-21,2025-06-22,Monthly,Terminated,CUST22153945,,
POL70755338,Auto,467362,1310.35,2022-04-01,2024-05-04,Quarterly,Active,CUST82473025,,
POL47233053,Property,483374,1345.15,2018-06-15,2020-03-05,Annually,Active,CUST05701299,,
POL83630860,Auto,481017,1427.9,2021-12-07,2026-09-10,Quarterly,Lapsed,CUST62840759,,
POL81894968,Life,129153,798.94,2023-10-17,2032-01-25,Quarterly,Active,CUST57771662,,
POL68033681,Life,55004,1974.94,2020-10-04,2022-09-22,Annually,Lapsed,CUST77682848,,
POL30677627,Health,10653,1863.7,2020-10-28,2027-04-05,Annually,Active,CUST93959202,,
POL14781739,Life,331249,1952.76,2015-02-23,2020-02-03,Monthly,Terminated,CUST07899216,,
POL55461982,Property,495921,150.36,2019-02-15,2023-01-23,Monthly,Lapsed,CUST61341413,,
POL79741032,Property,480900,216.26,2017-12-12,2022-01-24,Annually,Terminated,CUST76221093,,
POL40767941,Health,456168,1138.49,2023-02-28,2026-06-24,Quarterly,Terminated,CUST99806690,,
POL82791377,Health,374321,1071.87,2022-02-19,2029-04-02,Monthly,Terminated,CUST85929514,,0
POL92554032,Health,388989,1462.58,2015-03-25,2022-10-30,Annually,Terminated,CUST49174055,,
POL83187553,Health,108097,678.42,2023-02-10,2032-03-22,Monthly,Lapsed,CUST31889067,,
POL78615644,Property,204165,904.44,2017-11-13,2026-12-10,Monthly,Terminated,CUST95138343,,
POL95788557,Auto,496279,1762.01,2019-04-06,2021-02-25,Monthly,Lapsed,CUST81759154,,
POL88593927,Life,219138,1687.92,2023-11-05,2029-09-01,Annually,Terminated,CUST00513846,,
POL71227580,Auto,293016,1599.56,2023-05-18,2029-06-05,Monthly,Terminated,CUST89250160,,
POL07094060,Health,317627,125.58,2024-03-30,2033-12-31,Quarterly,Active,CUST25522129,,
POL69691492,Health,139799,414.39,2018-01-09,2022-11-16,Quarterly,Lapsed,CUST92141641,,
POL63232424,Auto,135005,1503.82,2024-02-15,2031-08-09,Annually,Lapsed,CUST86994314,,
POL98789630,Life,473645,1974.73,2023-01-15,2025-06-18,Annually,Lapsed,CUST35180038,,
POL13858991,Property,489582,194.36,2024-11-22,2031-05-20,Monthly,Terminated,CUST29250902,,
POL44316628,Health,444005,1519.63,2014-12-26,2022-12-20,Annually,Terminated,CUST61187078,,
POL65738099,Life,171447,1154.98,2016-10-16,2023-03-16,Quarterly,Terminated,CUST72531075,,
POL76589663,Life,218891,128.05,2022-11-14,2025-08-18,Annually,Terminated,CUST71031652,,
POL82378502,Life,368799,1044.69,2019-08-19,2020-09-25,Monthly,Lapsed,CUST96263683,,
POL12387142,Property,364843,1348.62,2018-04-13,2023-10-18,Annually,Active,CUST94208610,,
POL06119117,Health,20800,336.49,2021-11-09,2024-06-20,Annually,Active,CUST51166467,,
POL36194892,Life,401532,1271.67,2018-01-21,2024-06-28,Quarterly,Lapsed,CUST40825204,,
POL06113859,Health,250129,147.38,2022-08-11,2029-01-04,Quarterly,Lapsed,CUST57619192,,
POL90115447,Health,289189,415.28,2020-09-27,2025-08-08,Annually,Active,CUST14092929,,
POL16711858,Property,343604,393.1,2021-12-04,2030-12-13,Monthly,Terminated,CUST90434699,,
